0.97	-2.97	-2.18	4.51	5.56	5.31	0.58	-3.81	-0.26	4.77	2.53	-2.89	-0.66
-2.33	-4.92	-2.16	3.37	7.81	6.72	1.11	-1.20	-2.10	-0.92	1.28	-1.95	-2.44
-4.77	-0.93	-9.79	0.77	4.86	8.43	2.04	-5.82	-0.03	1.88	0.14	-3.90	-5.46
-8.86	-0.53	-2.01	-1.50	5.25	9.74	4.69	-0.62	-1.73	5.58	5.22	-1.52	-1.57
-1.11	-0.15	-0.99	0.59	3.96	6.22	-0.09	1.94	0.51	1.74	3.73	0.19	1.23
3.24	1.10	1.75	7.00	4.60	4.57	0.91	-4.29	3.01	4.33	2.14	-0.27	-0.67
-5.16	-3.40	-2.83	5.44	1.13	5.00	1.95	5.54	5.07	5.99	2.93	3.60	0.16
-6.78	-1.40	2.88	2.85	8.58	5.88	3.68	2.23	6.09	6.37	3.66	0.39	-1.55
-7.57	-2.58	-1.20	0.42	-1.24	0.65	0.34	3.61	5.35	3.55	-1.93	-0.53	2.19
-5.48	-3.32	-0.90	5.21	-1.32	5.93	3.21	-0.86	1.28	6.06	5.10	0.82	0.31
-6.05	-2.98	0.13	9.26	6.06	3.90	3.43	3.36	9.30	5.29	2.34	1.94	-0.28
-2.51	0.57	0.88	7.58	3.84	6.20	0.94	1.33	3.54	2.85	-0.73	1.87	1.46
-5.16	6.01	5.97	11.17	6.12	6.71	0.25	-2.06	2.48	2.74	-2.28	1.23	1.35
-10.32	1.79	8.72	9.03	5.22	3.95	2.18	2.06	1.01	2.53	1.39	2.71	-2.09
-10.85	-0.97	6.52	8.40	2.65	1.99	3.51	1.24	-2.17	-0.19	0.82	-0.40	0.26
-13.90	-5.66	1.74	3.25	-2.67	0.07	8.64	0.19	-2.49	6.38	4.65	2.45	0.74
-12.23	0.11	4.73	5.25	-3.23	-0.45	4.83	-2.43	2.73	9.07	7.21	3.10	2.38
-9.48	-5.91	-1.83	5.52	-0.92	-0.84	4.67	-0.37	-0.17	7.14	6.48	0.80	2.86
-2.00	3.58	3.41	1.28	-2.80	-0.48	-0.40	0.24	-1.31	1.91	5.18	2.06	-5.76
-2.91	4.62	-1.66	-1.25	-2.00	2.16	3.23	0.90	-5.59	-1.21	0.84	4.36	-0.77
-8.80	-0.42	-7.00	3.68	-0.40	-1.17	1.57	-3.81	-0.20	4.65	1.86	-1.20	-2.11
-4.09	0.47	-2.44	1.19	-2.62	0.50	-3.48	-0.29	0.09	3.19	7.61	0.98	-0.49
-4.35	4.65	-1.87	3.17	-2.38	-4.84	-4.59	-3.42	-0.58	4.12	6.16	-0.05	-2.86
-2.10	1.20	-0.54	-2.13	-4.76	-6.36	-5.24	-3.21	1.26	3.11	2.36	1.40	-3.36
-4.58	0.76	-4.34	4.42	-0.42	-3.45	-3.48	-5.45	0.44	-0.70	3.46	2.03	-2.49
-3.27	1.05	-0.59	5.62	-0.65	1.28	2.61	1.84	3.59	1.52	7.87	2.32	-3.16
-5.39	2.29	1.03	-3.40	-4.02	-1.09	-1.77	0.24	0.32	1.37	0.18	2.27	1.46
-5.45	3.43	0.87	-3.20	-2.42	-1.34	-1.54	-3.67	-3.24	3.62	3.18	0.60	1.87
-7.55	0.31	3.88	4.23	-0.17	-3.35	-3.96	-1.73	6.55	3.98	3.77	3.50	0.24
-6.61	-1.20	1.32	0.98	3.02	2.61	-5.36	-5.48	-2.53	4.87	6.78	5.61	0.22
-12.47	-7.49	-2.06	2.48	4.30	4.08	-2.25	1.14	3.49	8.14	8.16	1.54	0.72
-12.68	-2.03	3.96	4.86	0.81	0.93	0.74	1.79	-0.59	3.68	5.98	-2.28	-2.84
-9.14	-2.30	9.21	8.07	3.30	3.65	1.83	2.49	0.25	3.57	3.47	-4.50	-3.98
-7.77	-6.87	3.48	4.49	0.85	1.75	-0.91	0.89	-0.14	2.26	3.90	1.02	0.60
1.60	1.28	6.40	4.75	-0.09	2.41	2.22	0.39	-3.67	2.91	3.37	2.29	2.09
-7.91	4.42	4.35	5.73	-3.86	3.47	-0.58	3.46	-1.87	-1.53	0.05	-0.35	1.98
-11.34	-0.19	4.17	8.86	-7.34	2.16	-0.09	8.64	-3.19	-3.84	0.91	-2.47	6.76
-12.44	-3.16	8.44	12.88	-8.72	-8.93	-1.75	17.26	-9.08	-2.68	2.98	-9.51	3.26
4.17	1.32	4.73	8.23	-9.41	-6.26	-4.61	9.78	0.50	-3.70	-2.85	-6.02	0.08
5.58	0.65	1.04	-0.16	-7.56	-4.31	4.09	5.58	3.00	1.59	-3.09	-3.47	-0.18
-1.33	3.28	-0.30	8.49	-9.37	2.89	-0.50	9.75	4.89	-2.91	2.63	-1.43	-1.67
8.98	0.42	2.21	4.32	-6.33	-3.19	-0.41	10.77	5.63	-1.59	5.94	4.86	-0.68
25.11	-21.78	6.40	6.42	-6.07	8.20	1.39	-1.27	9.95	-1.84	-1.15	1.11	3.12
11.22	-10.43	8.11	-1.27	-7.90	10.94	5.23	2.06	3.48	1.48	0.42	0.77	-2.63
15.07	-24.88	9.99	-3.27	-7.19	19.79	8.60	-7.40	2.96	-0.16	6.61	5.08	-2.53
8.09	-23.60	10.04	-2.71	-5.86	20.19	9.07	-7.85	5.84	2.88	5.16	1.42	-3.88
10.93	-25.29	12.55	-2.65	-8.35	19.42	9.40	-7.55	5.68	0.36	4.82	0.93	-3.10
7.77	-23.44	13.70	-3.50	-8.23	19.77	11.67	-6.34	3.84	0.04	5.80	1.52	-4.80
9.99	-22.65	13.56	-3.78	-10.40	19.20	14.31	-8.13	3.13	-1.81	9.78	0.36	-6.35
8.89	-22.52	12.02	0.27	-12.00	13.74	12.91	-6.69	5.68	-6.06	4.84	0.13	-2.36
1.66	-2.26	18.66	-2.15	-11.02	2.94	5.08	0.15	6.76	-4.53	-1.58	-4.39	-4.73
5.68	-8.25	14.66	-3.52	-7.86	6.69	1.15	-0.38	2.14	-3.58	2.26	-1.40	1.05
12.17	-1.99	33.20	-10.18	-19.75	8.45	4.63	4.35	7.02	-6.11	6.54	-7.21	-0.98
10.33	1.10	32.74	-9.73	-15.53	7.61	2.13	4.86	8.85	-5.42	8.38	-6.55	-2.68
11.63	4.16	30.59	-6.82	-14.43	6.11	2.02	5.56	10.00	-2.85	10.44	-6.41	-4.37
13.04	7.57	28.92	-7.86	-17.45	2.98	2.69	2.17	9.45	-2.60	12.80	-1.89	-2.21
13.42	10.09	27.38	-6.92	-13.43	0.22	-4.31	3.50	5.14	-1.42	10.87	3.22	-1.30
18.62	16.45	14.27	-1.51	-13.61	2.50	-2.35	-2.42	5.59	1.25	3.23	3.58	3.48
-6.63	2.18	-1.84	-1.08	-3.59	-0.55	-1.37	2.14	4.53	4.98	3.58	3.01	0.86
2.51	10.88	2.90	-0.31	-8.60	-2.17	-1.93	1.78	0.19	0.24	3.13	-0.49	-2.25
0.91	0.50	-2.47	-4.52	-6.57	-4.08	-7.01	0.47	3.81	3.86	6.57	3.17	1.26
-5.67	2.31	-0.51	-2.46	-2.42	3.59	-1.76	-0.55	-3.50	-0.47	6.15	5.23	4.09
-9.73	1.17	1.40	-0.55	-0.56	-0.19	-1.61	3.08	4.72	2.08	2.28	1.64	1.49
-11.39	1.08	3.41	4.12	3.58	-1.02	-0.97	2.68	0.30	2.92	3.37	5.56	5.52
-8.42	0.36	5.94	10.16	2.69	1.16	-1.76	4.36	2.87	4.34	0.32	-1.86	0.41
-6.55	4.88	4.31	4.34	4.11	3.20	-0.47	2.81	2.74	3.07	0.44	-0.24	-0.30
-5.49	3.83	6.86	7.54	2.93	3.11	-0.63	3.46	1.75	2.28	-1.00	-4.35	-1.92
-5.02	4.68	6.63	4.55	3.07	1.51	-1.51	-1.46	2.95	4.70	1.01	-0.23	0.74
-10.79	0.34	-1.29	-0.11	-0.53	0.56	0.15	0.55	0.41	0.32	0.12	0.07	-0.25
-10.63	0.16	-1.12	0.27	-0.69	-0.14	-0.41	-0.26	-0.31	-0.04	-0.17	-0.37	-0.45
-10.03	1.87	-0.36	1.51	0.65	0.61	0.67	0.13	1.46	1.25	2.04	1.66	1.43
-10.23	-0.02	0.59	1.59	-0.39	3.07	1.91	-0.07	2.02	2.84	1.04	0.89	1.40
-8.35	-0.60	-1.00	1.39	-1.05	0.08	-2.12	-3.55	-2.59	-1.21	0.25	1.46	-1.22
-7.47	0.37	0.69	1.30	-0.09	-1.84	-2.16	-1.50	-0.54	1.66	4.47	2.75	3.13
-8.53	0.59	-0.40	0.70	-0.23	0.85	-1.23	-2.48	-0.08	1.17	0.14	0.01	1.02
-9.48	0.42	-0.66	0.90	-0.11	1.19	0.44	0.56	1.92	2.51	1.33	1.20	0.15
-13.89	-2.05	-2.75	-0.62	0.15	0.44	-0.65	-1.85	2.00	0.38	-0.57	0.89	-0.36
-11.03	-0.48	-1.16	1.57	-1.69	0.59	0.48	0.23	0.62	-0.05	-1.09	-1.22	-0.21
-10.80	-1.26	-0.10	1.47	-0.90	-0.27	-0.53	-0.68	0.96	2.24	1.88	0.95	1.35
-10.36	-0.29	0.45	1.58	-1.45	-0.91	-0.37	-1.07	-0.24	0.47	0.47	0.33	1.34
-11.27	0.19	-1.43	3.46	-0.96	-1.45	0.73	-0.46	-0.93	-2.38	-0.10	-1.21	-1.14
-10.21	0.01	0.29	2.99	-0.01	0.32	1.67	-0.58	-0.85	-0.44	-0.20	-0.68	-1.31
-11.03	0.72	1.51	2.37	-0.52	0.28	1.91	0.82	-0.70	1.41	0.94	-0.49	0.10
-11.59	-1.46	-0.13	0.96	-0.86	-1.11	-0.96	-0.56	-0.12	0.05	0.19	0.67	0.17
-13.86	-1.45	-1.65	0.11	-1.81	-0.86	-0.08	-0.91	-1.40	-0.74	0.45	-0.29	-1.16
-10.41	0.43	0.54	1.14	0.92	1.56	0.19	0.96	0.26	-0.02	-0.74	-0.47	-0.11
-10.10	0.70	5.42	3.49	-1.24	1.35	2.90	1.75	-2.09	1.84	2.89	-1.14	-1.66
-10.81	-0.23	4.49	2.51	-3.63	1.73	3.14	0.04	-0.77	0.59	2.10	0.92	-0.45
-9.64	-1.77	2.74	1.35	-3.76	0.63	2.90	1.96	-0.87	1.16	2.47	0.35	1.53
-9.93	0.13	6.15	2.16	-1.55	0.09	-0.58	0.60	-1.38	-0.02	0.42	1.18	0.31
-14.02	-1.79	5.96	0.82	-4.08	0.64	-0.48	-1.20	-0.91	-2.32	-0.41	-0.07	-0.15
-9.71	-0.99	6.37	0.83	-3.40	1.88	1.46	0.99	-1.44	-1.75	-0.74	-2.94	-1.63
-14.93	0.30	2.20	3.15	-1.22	-1.37	-0.90	-3.18	1.24	1.70	-1.04	1.78	0.75
-12.47	-0.42	4.07	-0.23	-2.47	-2.16	5.07	3.91	-2.27	0.10	2.28	-1.77	-0.90
-15.96	-4.24	2.60	-0.89	-3.06	0.06	1.17	-0.60	-0.92	1.68	-3.16	-2.39	-1.99
-13.32	-0.89	7.39	3.82	-3.18	1.27	1.08	-0.40	0.69	-1.30	-2.65	0.23	-1.10
-16.05	-1.81	5.64	2.71	-0.86	1.69	3.68	1.85	-4.01	-0.01	-0.96	-1.55	-2.74
-17.74	-2.68	2.85	3.58	-1.98	-4.12	-2.23	0.18	0.64	1.21	-2.07	-1.22	1.53
-14.14	1.68	0.98	4.38	1.84	0.41	-0.17	0.78	1.39	0.80	-2.11	-0.24	3.95
-11.66	-4.86	0.93	6.12	-2.15	-2.26	-0.74	2.33	-0.33	3.60	2.62	3.22	4.30
-9.82	1.64	9.33	9.54	2.49	5.88	4.33	-1.30	-1.97	-1.57	0.50	2.71	-0.92
-13.16	-1.37	2.59	7.14	1.92	0.39	3.52	4.24	3.33	1.60	0.77	2.98	3.76
-12.91	1.03	6.13	6.95	-1.28	1.99	1.21	1.68	1.59	-0.09	-1.08	-5.18	0.67
-13.61	-1.06	4.57	6.92	4.93	5.18	1.37	2.94	3.95	1.58	3.52	1.71	-0.83
-18.61	-0.12	1.85	4.25	0.12	4.31	6.43	1.94	3.42	0.64	0.43	-2.00	-2.81
-11.82	-0.63	5.63	3.99	0.82	0.73	0.41	1.53	1.15	-1.08	-1.34	0.96	0.80
-8.70	0.34	1.25	0.50	-0.58	3.91	5.76	3.19	-0.79	2.58	2.71	-1.34	-2.87
-13.59	4.38	0.12	4.65	-0.89	0.34	3.77	3.92	1.16	-0.49	0.52	0.62	0.42
-14.92	4.79	2.82	7.32	-0.36	-0.51	4.71	1.61	-0.37	-0.47	0.50	-0.84	3.32
-15.95	-0.55	4.84	6.38	3.29	1.85	1.61	-1.40	-2.26	-0.47	3.21	0.10	-2.05
-10.52	0.40	-0.39	-0.17	-0.03	0.51	-3.85	0.46	-0.22	-0.81	-2.03	-1.04	-0.53
-11.08	2.86	0.79	-0.14	0.43	0.34	0.42	-0.04	1.05	-1.43	-0.92	-1.68	0.95
-27.32	-0.63	-2.91	-1.46	-2.24	-0.69	4.40	-2.29	0.10	3.96	3.50	6.57	6.83
-22.82	-4.23	1.22	-1.50	-0.08	-0.17	1.79	-0.15	1.85	1.84	5.12	3.75	2.52
-21.12	0.48	0.19	0.45	-1.24	4.48	3.89	1.11	2.42	0.28	1.48	-1.58	0.20
-18.96	-2.26	-1.91	2.40	0.11	0.06	1.37	-2.43	1.00	0.97	2.04	-0.60	-0.52
-17.87	1.96	4.76	2.26	2.39	-1.66	-0.96	-3.10	-3.66	0.09	-0.16	-0.59	0.16
-19.51	1.65	-2.13	-0.56	1.23	-0.70	1.79	1.30	0.75	-0.09	1.22	-2.54	-3.14
-18.74	-2.83	-1.28	1.07	0.83	4.23	-2.09	-0.26	4.46	4.58	5.37	0.01	-0.24
-10.63	1.66	-2.10	0.14	1.87	-0.55	-0.02	-0.44	0.04	-0.01	-0.28	1.15	0.51
-15.34	1.63	4.97	-1.48	1.19	2.58	4.35	1.59	0.30	-1.54	2.20	5.41	0.46
-13.44	2.03	-1.54	2.45	3.44	0.07	3.34	-1.48	-3.78	-1.69	3.12	0.03	2.58
-17.74	-5.89	-1.43	-1.78	-2.21	4.63	5.24	0.29	0.56	3.15	2.00	2.98	-0.32
-8.52	3.62	2.03	0.26	0.36	1.75	2.31	-3.02	-0.34	-0.65	-0.06	0.55	-0.47
-16.65	0.88	0.90	3.05	-0.29	1.18	4.05	4.16	5.48	0.73	-3.49	-2.23	-3.59
-6.00	-4.27	-0.29	2.00	0.17	1.08	-0.85	-6.43	-0.70	1.03	-0.66	0.55	-1.62
-4.75	-5.39	0.80	-0.38	0.48	6.36	-4.23	-3.49	-0.19	-4.11	-3.70	1.39	2.12
-13.87	-9.05	-2.41	-2.75	-3.88	0.77	-2.03	-3.53	-1.37	-1.70	-2.10	2.32	-0.12
-26.32	-3.26	-1.97	0.73	-2.76	-1.06	-2.03	1.44	0.64	-0.60	-2.20	-0.89	-2.47
-14.68	-5.78	4.85	3.84	0.08	4.70	3.04	-2.00	-2.80	-1.85	-0.24	4.09	0.86
-14.69	-5.46	0.95	3.05	-1.30	3.27	-5.22	-11.32	-4.81	-0.67	1.00	1.75	3.78
-10.54	-7.05	4.00	2.02	-6.17	0.87	-1.95	-4.83	-2.25	-1.89	0.31	1.29	-0.16
-8.14	-4.94	-2.32	-0.19	0.23	3.46	2.88	-4.32	-3.68	0.33	-1.22	3.46	1.25
-8.97	-2.28	1.87	1.45	-1.01	0.01	-3.25	-0.58	-0.50	-1.69	-0.65	1.25	0.36
-5.58	-3.40	1.11	-3.54	-2.79	3.60	3.19	-3.11	-0.49	2.09	-0.30	0.61	2.91
-9.10	-10.64	2.90	1.45	0.17	7.46	-6.08	-4.02	2.81	3.53	1.93	5.26	0.09
-8.52	-6.63	8.45	1.91	-5.83	4.06	-2.73	-3.03	5.95	1.95	1.04	4.88	1.29
-4.79	-8.60	3.26	4.57	-0.19	7.04	3.84	-0.25	6.56	1.79	0.85	-2.45	-3.11
-9.63	-9.02	1.54	1.57	0.84	12.74	4.23	-0.04	-0.48	-1.05	2.42	2.24	-0.52
-8.80	-9.44	-3.51	-3.01	-1.34	4.37	2.88	1.10	1.43	1.50	1.61	1.61	0.52
-14.65	-6.60	2.07	-1.81	-3.96	3.62	5.14	3.19	7.57	1.85	-2.17	1.07	-0.32
-12.86	-11.33	0.28	-3.70	-2.67	4.69	0.59	-2.15	1.23	2.44	3.46	2.55	0.58
-6.81	-6.88	-0.85	-2.15	-1.88	5.43	-3.54	-7.13	1.98	-1.69	-4.78	-1.51	-3.65
-1.96	-8.60	-5.22	-4.45	-1.35	2.69	-2.96	-3.26	1.30	-0.08	2.20	5.06	0.57
-2.97	-8.96	-9.26	-6.40	-1.75	3.79	-5.17	-3.68	-1.29	-5.28	-2.93	3.27	0.53
-13.47	-7.45	-2.81	-5.83	-4.98	3.83	2.02	-1.48	2.87	-0.20	2.42	5.36	1.85
-10.88	-6.48	-3.09	-5.44	-4.27	4.20	1.94	-3.37	-5.07	-5.41	-0.33	3.82	-0.85
-6.69	-2.32	-2.87	1.28	1.79	3.47	5.92	-4.01	-0.16	-1.03	-1.56	1.62	1.91
-7.37	-0.17	-0.72	-1.73	0.44	1.44	-3.12	-6.40	1.30	2.37	1.87	4.47	0.03
-9.69	-6.84	-5.30	-2.94	0.21	2.24	1.91	-4.94	-3.32	-1.58	0.51	6.50	-0.68
-8.98	-1.78	-3.76	1.42	0.21	5.79	2.92	0.93	0.03	0.76	1.26	3.21	1.43
-11.34	-2.64	0.89	0.58	-0.76	6.13	-1.36	-4.73	-3.95	-1.06	2.23	1.04	-2.21
-6.75	0.96	-4.18	-0.14	-4.00	1.52	2.27	-0.69	0.46	0.00	1.72	-0.47	-0.33
-11.50	-4.33	-6.50	-8.20	-4.42	2.45	0.31	-5.00	1.20	0.18	-0.68	-0.66	-0.46
-15.48	-0.86	-0.89	-2.00	-0.33	2.10	0.43	-0.65	-1.95	-3.90	0.58	-0.20	1.53
-11.11	5.60	2.75	-1.09	-3.63	2.04	3.22	-2.73	-1.52	1.97	4.05	1.59	0.11
-16.06	0.87	3.17	4.34	-1.71	-0.85	1.34	-0.37	2.38	1.24	3.50	3.81	1.42
-17.65	1.98	1.39	0.50	-2.21	-3.61	-4.61	-0.86	-2.31	0.78	1.89	-1.09	-0.34
-13.71	0.25	0.79	3.02	0.61	0.16	2.69	1.65	0.08	-1.54	1.96	-1.02	0.09
-16.01	3.85	4.50	5.19	0.69	1.48	2.28	2.30	-1.91	-3.79	-0.06	-3.60	-3.91
-16.37	-0.02	0.72	2.07	2.07	0.72	1.87	3.82	2.13	0.77	1.58	0.28	-2.13
-19.42	-4.75	-3.81	0.46	-0.60	0.27	3.95	1.29	1.22	5.02	6.00	-0.22	-0.22
-13.57	6.18	1.39	3.27	-0.30	0.93	1.37	-0.91	0.58	2.40	-0.91	-1.46	-1.39
-16.91	-4.29	-6.02	0.11	-3.42	-2.16	-2.29	-5.39	0.64	1.35	-0.06	-0.91	-1.51
-15.13	1.26	2.50	-0.39	0.40	-2.21	-0.72	3.10	5.08	2.55	-0.27	-0.53	1.65
-12.73	-3.68	-4.98	-1.27	-3.22	1.13	-4.28	0.24	2.20	-2.70	-3.78	-3.00	-0.41
-23.46	-4.99	-0.54	0.51	-2.77	7.01	4.90	-2.13	3.20	4.12	0.53	0.60	-0.46
-13.66	-2.71	1.08	0.25	-1.78	2.47	2.25	2.44	7.80	4.77	-1.67	-2.52	-0.33
-15.70	-1.16	3.35	-2.45	-4.73	4.43	4.97	2.56	3.92	1.92	-1.82	-6.94	-5.23
-17.83	-2.86	-1.60	4.56	-3.58	0.32	1.23	2.21	4.44	1.79	3.98	0.64	0.79
-10.98	1.88	4.25	2.95	-6.14	-3.01	1.85	-0.90	3.08	0.12	-0.86	-2.24	-2.29
-2.83	12.89	4.57	5.30	-4.05	-0.39	7.37	5.35	4.12	2.82	3.12	1.39	0.02
-3.31	8.87	2.91	-0.14	-0.67	0.55	3.21	2.12	6.32	6.00	1.65	-1.18	-3.52
-3.16	4.77	-1.80	-1.02	-0.28	0.62	1.60	4.14	3.79	1.06	0.44	-1.04	0.59
-3.11	4.63	2.40	2.94	-0.12	0.07	1.41	1.89	2.18	1.69	0.95	0.71	0.44
4.63	-0.40	0.69	3.97	-2.02	3.38	10.20	11.92	8.17	-0.98	-2.70	1.22	-0.74
3.39	1.21	-1.96	1.02	0.78	3.72	9.34	8.53	6.60	2.69	-2.49	1.15	2.56
18.08	-8.67	-2.39	2.01	2.27	3.46	4.34	1.86	4.91	4.52	-0.05	0.87	-2.99
20.68	-12.68	-9.13	5.18	12.07	6.92	-2.04	-2.10	5.27	5.78	3.15	0.45	5.50
21.34	-15.62	0.06	5.83	16.01	9.72	1.30	2.66	1.36	0.10	1.79	1.59	6.89
19.64	-16.85	7.32	2.85	11.59	8.28	1.32	5.19	-1.91	-5.38	5.80	4.39	0.26
15.46	-15.18	8.70	-0.49	8.16	10.44	-0.52	6.02	-3.18	-5.82	5.85	4.47	-0.04
12.48	-12.84	8.71	-1.18	6.04	12.39	-0.86	1.09	0.95	-6.57	5.16	5.83	-0.03
14.53	-13.48	16.80	4.93	-0.57	11.68	3.07	-6.54	-5.88	-0.06	2.71	0.58	-3.81
2.16	-5.56	8.14	6.69	3.06	6.96	1.80	-7.44	-4.41	0.43	2.98	0.62	-5.35
19.03	-18.27	22.15	0.81	4.49	11.67	2.15	-6.92	-5.46	3.37	0.63	2.40	-4.91
18.07	-18.89	21.78	1.32	5.30	10.84	1.47	-4.07	-4.29	2.39	2.49	1.93	-3.92
16.26	-17.07	20.10	5.00	2.01	12.68	1.63	-4.72	-1.78	2.60	3.14	2.55	-2.91
13.80	-17.35	20.74	6.16	2.84	11.12	4.69	-5.03	-0.83	3.46	1.48	5.32	-3.04
21.34	-21.30	22.49	8.03	3.89	15.35	3.59	-4.31	-1.97	3.59	2.03	6.69	-4.14
14.37	-21.51	26.34	2.49	6.46	13.45	4.86	-4.57	-0.60	4.10	1.18	7.20	-4.08
17.14	-22.88	21.42	6.14	1.39	17.55	1.43	-1.26	-0.24	1.00	2.64	6.19	-3.09
23.32	-19.23	17.30	5.37	0.93	14.90	3.52	-1.01	0.46	-0.70	1.32	6.42	-2.93
4.09	-2.61	7.22	5.11	-1.23	7.92	2.59	-5.28	-1.30	-0.50	0.93	5.53	-0.11
7.04	3.36	7.83	1.44	-0.95	10.14	4.16	-3.07	-1.44	-2.42	-0.88	3.62	0.45
20.30	-12.30	13.39	-0.53	-7.27	17.93	7.92	0.87	0.63	-7.72	-0.14	8.24	0.32
13.15	-5.23	12.10	-1.32	-5.95	14.91	9.67	0.79	0.74	-6.31	-1.69	5.56	1.44
13.19	-6.65	17.81	-4.00	-5.87	17.44	12.03	4.85	-0.41	-6.59	-2.35	8.36	2.06
17.49	-9.63	17.70	-5.62	-8.46	19.48	12.03	4.58	5.26	-6.90	1.35	5.42	0.19
20.90	-6.61	18.12	-6.35	-11.17	16.48	10.81	4.34	4.14	-5.69	-1.20	4.48	-1.42
14.06	0.80	15.71	-2.56	-10.87	12.81	6.50	3.83	6.81	-5.49	-3.69	3.21	0.29
-11.68	-0.88	-1.81	-0.12	-0.72	-0.00	-0.11	-0.03	0.51	0.61	-0.28	-0.38	-0.70
-11.15	0.67	0.87	1.95	1.26	1.83	1.25	1.32	1.73	1.70	1.28	1.88	1.14
0.40	5.61	1.16	0.22	2.37	8.04	7.22	5.39	3.74	1.78	0.63	0.47	-0.15
7.22	13.14	8.56	5.49	3.49	5.38	2.48	1.49	4.12	3.14	1.64	1.22	-0.41
10.80	13.94	10.97	7.71	5.07	5.65	-0.55	-2.93	-1.06	-2.93	-3.46	-2.83	-2.99
13.99	13.30	9.09	8.24	3.31	2.31	-1.20	-0.92	2.37	0.83	2.97	2.06	-0.83
4.68	7.17	3.89	4.77	3.28	3.41	0.41	-0.23	1.03	-0.07	-0.86	-1.55	-2.26
15.26	10.30	9.90	5.64	0.20	1.15	-3.16	-3.52	0.55	-2.07	-1.96	2.61	0.09
20.95	13.35	7.29	5.84	-0.52	-2.23	-0.80	4.72	2.15	0.80	1.16	-0.56	-3.22
-3.64	5.37	3.13	3.15	2.57	3.06	3.30	3.70	1.53	-1.16	-1.60	-3.11	-4.15
-9.13	1.82	0.67	1.70	-0.61	-0.10	-0.44	-0.80	0.42	1.06	0.48	0.66	-0.74
-12.93	-2.43	-4.53	-1.67	-3.10	-1.21	1.04	1.33	1.48	0.57	0.96	2.20	2.23
-11.68	0.54	-1.01	0.37	-0.65	0.25	0.28	1.52	1.05	0.06	0.08	0.22	0.38
-11.79	-0.12	-0.96	1.17	-0.52	-0.97	0.34	2.96	-0.01	-0.82	0.36	1.21	-0.68
-10.94	0.87	1.67	-0.17	0.95	1.53	0.69	3.68	0.59	1.97	1.20	-1.87	0.00
-26.76	0.18	-0.33	1.36	-0.08	-0.58	-1.81	0.13	0.27	-0.49	-1.14	-0.46	-0.26
-7.11	0.49	1.07	1.64	0.52	0.54	1.52	1.28	1.49	0.43	-0.20	-0.27	-0.13
-10.37	1.66	2.31	2.57	0.88	1.86	1.41	2.23	1.14	1.89	1.48	1.18	1.62
-8.40	2.26	2.42	4.12	2.38	1.86	1.66	3.82	1.39	0.92	0.27	0.58	0.50
-7.39	2.90	2.56	3.50	3.27	1.37	1.20	2.40	0.54	0.31	0.44	0.89	0.78
-11.33	-0.43	-1.35	0.22	-1.19	-1.33	0.75	1.67	0.93	3.03	1.96	0.90	1.19
-11.23	-1.08	-2.39	0.47	-0.48	0.68	0.83	2.51	1.67	0.75	0.60	2.11	1.30
-8.02	3.21	2.65	3.00	-0.03	-1.04	-0.60	0.67	-0.92	-0.39	0.21	-0.56	1.61
-7.69	3.78	3.34	2.73	-0.31	-1.24	-1.49	1.06	-1.12	-1.40	0.32	-0.23	1.93
-8.27	-0.01	0.72	3.95	0.38	-3.16	-2.39	1.54	-0.03	-0.60	-0.18	1.45	2.96
-4.90	2.84	2.42	1.16	-0.45	-3.34	-2.02	0.37	-0.68	-0.69	0.75	1.93	3.00
-9.27	1.30	1.93	1.33	-0.54	-0.74	-2.29	1.11	1.67	-1.06	-0.59	0.85	1.60
-5.78	1.05	4.55	1.27	0.40	-1.60	0.13	5.42	1.62	-2.59	-4.18	-0.15	3.53
-10.26	6.11	5.90	-0.69	-1.99	-2.06	-0.93	-0.01	-1.14	1.82	-0.62	1.11	2.84
-4.31	2.15	3.84	2.79	-1.27	-3.07	-0.21	2.56	1.50	0.56	-1.86	-0.52	0.24
-8.22	4.15	7.52	4.67	3.85	-0.62	-3.78	-1.51	0.96	1.09	-0.74	1.50	0.93
-9.32	1.89	11.05	3.62	1.51	-0.89	-5.86	4.31	1.28	-2.59	-1.57	-2.82	-1.07
-12.38	4.43	9.20	9.67	5.07	-1.21	-0.47	6.44	3.74	-0.28	2.07	3.57	3.93
-8.63	3.25	11.27	5.58	2.70	1.97	1.97	6.15	0.87	0.81	-4.46	-1.16	-0.40
-9.29	5.55	8.58	4.81	3.53	-0.66	0.45	3.35	4.96	-0.43	-4.09	1.30	1.87
-7.44	2.97	10.86	4.20	3.67	1.33	-0.68	3.74	0.67	-0.20	-2.00	0.53	2.90
-8.72	-1.44	7.88	5.11	3.82	1.70	4.18	9.59	2.49	0.99	-4.23	-1.09	3.42
-11.23	5.44	7.79	7.04	7.99	1.90	5.70	7.68	4.59	-0.67	0.55	-2.10	0.55
-9.68	3.73	0.31	4.21	8.42	7.34	2.68	3.34	2.20	-3.87	-1.35	0.94	-0.32
-9.41	2.98	3.28	6.44	-0.78	-0.80	3.24	3.36	-2.11	-0.39	-0.77	-2.25	-0.60
-2.78	1.54	9.33	11.66	0.32	3.29	-0.54	0.71	2.26	-0.09	1.21	1.21	4.24
-4.67	4.01	6.02	4.84	1.15	1.60	3.14	2.08	1.25	0.71	0.60	1.21	1.79
-4.59	-3.31	4.50	3.58	-5.74	-0.18	0.07	2.25	6.18	5.52	1.82	3.12	2.33
-9.01	0.36	4.29	4.84	-2.51	0.22	1.84	0.02	-0.85	0.71	-0.38	1.23	-0.96
-9.16	2.55	4.06	0.58	-4.42	-0.11	0.04	-0.07	-0.44	0.02	1.09	2.38	-0.73
-5.01	3.69	9.55	4.82	-0.78	3.06	4.36	2.05	3.45	4.85	1.62	0.65	1.48
-2.64	6.39	8.88	6.26	-2.01	5.21	6.83	8.01	6.15	4.07	2.04	3.16	-0.03
-0.57	6.84	9.69	10.37	-0.26	1.89	5.00	5.61	4.11	2.28	1.72	1.90	-0.00
-5.28	3.71	2.13	7.15	2.03	1.06	2.02	3.66	3.31	2.33	0.94	-1.39	0.38
-11.49	-2.48	1.07	0.25	-0.30	0.99	-1.11	-0.19	0.58	-0.99	-1.35	-1.21	-0.91
-11.57	-2.08	1.23	-0.43	1.33	2.77	-0.10	-0.42	0.20	-0.93	-1.33	1.23	-0.10
-11.46	-4.03	-0.32	-1.85	1.60	3.93	-2.99	-1.62	0.95	-0.62	1.11	1.77	-0.67
-12.34	-4.74	-0.95	-2.03	0.32	3.85	-1.37	-2.42	-0.06	-0.47	0.61	1.84	-1.00
-12.80	-4.49	-0.13	-1.35	1.09	3.11	-1.48	-1.73	0.12	-1.31	1.08	1.58	-1.83
-11.76	-6.08	-0.96	-1.18	1.65	4.77	-2.87	-3.80	0.75	-0.24	0.87	1.01	-1.14
-10.88	-2.91	1.39	-1.01	0.89	3.67	0.97	-0.57	0.24	1.25	-0.09	-0.20	-0.73
-10.90	-4.13	1.20	-0.48	1.70	4.43	-0.33	-0.80	1.67	-1.61	0.19	0.91	-2.09
-9.65	-1.17	-1.89	0.15	0.40	1.19	0.85	1.00	0.66	0.46	0.71	0.79	0.57
-9.59	-1.04	-2.61	-0.60	0.04	4.13	1.65	-1.41	0.38	0.81	0.23	0.60	-0.60
-12.83	-4.70	0.07	-0.79	0.22	2.94	1.10	-0.80	0.36	-0.68	-1.02	2.70	-0.42
-10.35	-5.16	-0.93	-2.43	0.48	3.34	-2.58	-1.78	0.83	-1.23	-0.38	-0.30	-4.08
-11.80	-7.27	-0.07	1.09	-0.84	0.71	-2.22	-2.39	0.39	-0.98	-0.98	0.41	0.18
-12.13	-7.10	1.33	-1.37	1.64	6.14	0.93	0.74	3.59	-0.98	-1.61	-0.10	0.46
-14.19	-9.17	-0.59	-2.98	2.29	6.96	-0.17	3.94	1.86	-2.58	3.20	3.27	1.12
-14.04	-8.45	-2.55	-3.47	4.93	9.68	1.78	-0.41	-0.64	1.25	7.57	3.63	-0.59
-13.48	-0.63	-0.79	-0.02	-0.93	-0.14	0.86	1.78	0.14	0.71	0.38	0.56	0.90
-12.72	-0.95	2.80	4.20	0.23	1.28	-0.10	1.76	0.17	-2.06	-2.56	0.12	-0.63
-4.39	-4.15	6.59	2.29	-6.06	0.55	-4.20	-8.78	-7.94	-0.67	1.52	-2.81	-2.52
-3.33	-0.44	13.74	1.94	-2.50	0.51	-2.70	-3.09	-1.68	-0.62	1.07	-1.79	0.60
-3.19	-3.24	7.76	-0.23	-5.74	-0.23	-3.74	-0.98	0.39	4.56	3.96	0.35	1.98
-1.82	1.07	4.81	1.03	-1.77	0.55	-2.65	-1.86	-2.01	0.92	5.25	3.93	2.42
-4.04	0.15	4.30	0.77	-2.85	-1.65	-1.35	-3.97	-2.28	1.44	0.89	0.82	0.69
-6.30	-1.83	8.09	4.40	-4.23	-3.17	-1.09	-2.66	-3.88	2.85	3.92	1.67	2.29
-4.87	-2.08	3.92	1.79	-0.55	5.75	4.50	3.68	1.34	1.28	0.15	1.91	-1.81
-3.26	0.19	5.93	3.59	-1.32	3.49	3.64	0.55	-2.42	-1.81	0.32	0.66	0.23
-7.31	-5.26	0.54	0.03	-4.43	1.72	5.17	1.15	-1.47	1.22	2.39	0.50	-2.47
-2.98	-14.03	-5.03	4.23	-1.00	-0.92	3.24	5.71	4.67	2.75	-0.04	-0.59	1.20
-0.11	-7.55	-2.43	-0.95	-1.66	3.49	3.38	1.25	4.88	2.39	0.09	0.40	2.82
2.26	-4.37	-0.05	1.33	1.26	4.06	2.86	1.79	3.22	2.37	0.62	-0.57	-0.01
-3.40	-0.65	-3.76	1.70	2.20	3.32	0.49	-2.93	-2.47	-0.49	-1.13	1.86	2.32
-12.27	-5.70	-6.33	1.21	0.91	2.11	-1.25	-2.00	-0.88	0.61	-2.34	0.63	1.94
-12.07	0.59	1.54	2.80	5.92	0.09	4.64	2.44	0.69	1.57	0.23	-4.21	0.50
-11.36	-1.37	0.12	-1.00	0.39	-0.03	6.15	4.25	3.34	1.10	0.82	-0.11	0.49
-8.58	-2.50	9.46	1.29	-2.74	1.35	2.76	7.35	5.46	-1.78	2.24	-3.37	-4.34
-3.47	-1.57	7.48	1.91	3.37	0.18	4.12	9.06	4.14	2.30	0.06	1.06	0.94
3.28	-6.03	5.54	4.83	-2.20	0.16	5.17	12.75	6.40	-1.82	2.90	-0.39	-3.29
-4.59	-3.14	2.58	6.24	-1.51	1.11	4.94	8.85	4.68	-1.91	3.15	1.10	-1.15
-0.73	-8.73	6.23	0.39	-4.12	3.07	5.93	8.47	1.38	-0.70	2.71	1.40	0.13
1.86	-8.69	2.16	2.38	-2.24	3.50	6.87	6.47	2.27	-0.35	0.30	2.81	-5.06
5.50	-9.24	-0.67	1.90	6.27	11.19	-1.42	-0.73	3.73	-0.59	-1.79	2.07	1.81
-7.33	-8.91	-0.40	1.10	0.51	6.32	4.16	2.76	3.21	-2.94	-2.15	0.99	-0.42
15.29	-23.19	1.84	2.90	4.22	17.33	-1.60	3.23	12.16	-5.20	0.42	7.54	-0.59
12.81	-24.58	6.63	3.49	5.77	16.25	-3.58	0.64	4.63	-7.97	3.78	8.84	0.86
15.26	-25.78	7.03	0.70	3.49	16.39	-4.17	2.96	9.38	-9.61	3.89	6.60	-2.26
6.20	-21.14	7.18	1.37	3.68	14.60	-4.08	0.00	6.71	-6.82	0.70	7.52	-0.47
6.30	-22.76	7.86	1.77	4.67	16.74	-1.12	-2.34	8.04	-8.17	1.18	8.69	-3.25
11.69	-27.42	13.77	6.97	-4.08	16.79	0.19	-1.99	3.66	-8.74	4.65	3.58	-3.61
-4.57	-0.69	8.60	3.25	-2.47	8.00	6.50	-4.28	-4.89	1.89	4.56	1.36	-2.13
2.84	-12.77	15.91	2.65	-2.65	7.95	2.89	0.73	0.48	-2.33	2.41	4.04	0.40
22.74	-23.19	21.94	4.22	-5.11	20.18	0.99	-2.89	0.85	-8.62	10.48	0.96	-1.48
21.82	-22.19	26.94	2.90	-3.09	19.82	2.59	-3.45	0.94	-10.96	10.92	1.78	-1.48
16.54	-18.10	25.15	2.37	-2.26	20.44	2.41	-0.44	-1.65	-10.20	8.55	3.90	-3.47
22.42	-21.79	25.58	0.77	-3.95	20.04	3.50	0.68	-1.13	-9.23	7.17	4.73	-2.81
23.06	-19.88	26.08	0.70	-8.67	21.77	4.16	2.12	-0.94	-11.44	8.45	3.95	-1.47
23.93	-16.76	24.81	-0.66	-5.99	17.89	4.18	2.43	2.65	-12.66	7.08	3.85	-1.94
9.81	-4.42	16.71	-1.56	-3.87	15.77	6.07	2.28	-0.01	-7.80	-0.29	1.80	-0.99
16.80	-6.70	17.97	-2.64	-1.02	11.22	2.75	1.79	1.59	-7.41	0.38	3.63	1.15
21.12	-9.65	19.65	-4.69	-7.74	20.16	7.82	1.97	3.84	-8.86	-0.06	2.76	-1.63
20.74	-11.25	19.21	-5.31	-4.34	19.77	2.81	1.78	5.48	-9.20	1.79	-0.05	-4.03
18.53	-6.19	21.61	-6.26	-5.65	18.02	4.01	4.45	4.75	-7.63	2.63	0.54	-3.52
13.90	-5.30	21.01	-6.47	-5.39	22.00	4.73	7.59	7.83	-6.28	2.66	-2.27	-1.50
13.46	-3.18	21.33	-7.61	-9.05	18.71	8.15	8.16	5.89	-7.05	0.55	0.29	-2.32
16.62	-2.51	20.25	-7.81	-7.59	14.29	1.03	10.13	7.45	-7.68	-0.71	-1.42	-0.26
16.52	-0.09	15.16	-7.38	-7.33	11.74	-1.95	6.30	9.38	-10.63	-5.82	-1.05	-0.63
-1.33	6.62	8.54	-2.94	-3.39	4.40	2.18	3.62	3.89	-2.25	-4.36	-2.21	-3.25
23.04	-9.42	17.20	-5.38	-4.94	5.32	-4.29	8.02	8.21	-7.31	-0.33	0.48	-3.04
19.01	-4.16	15.25	-2.72	-6.30	2.61	-3.80	7.69	7.02	-5.71	-0.40	0.53	-3.60
13.19	-3.79	13.48	-1.62	-5.19	2.87	-3.16	5.96	6.87	-3.89	0.64	-1.48	-1.99
14.49	-8.02	15.26	-1.60	-8.77	2.09	-4.33	6.11	6.94	-4.56	0.34	-0.26	-3.92
18.96	-10.94	10.11	2.63	-6.56	-0.85	-5.42	3.01	6.04	-3.23	0.75	0.69	-3.27
4.08	-6.79	11.60	8.68	-7.76	-1.66	-4.91	1.38	6.80	-0.16	3.76	3.48	-0.30
-5.04	2.06	0.76	6.28	2.82	0.06	-5.48	-2.46	-0.48	0.06	0.92	0.54	3.57
-16.78	-4.34	-0.28	1.10	4.31	4.68	5.50	1.21	0.67	-2.70	-2.96	3.50	6.48
-13.98	-0.90	3.27	4.01	-0.58	-1.63	-4.76	-5.74	4.69	2.84	-0.02	1.73	6.04
-15.94	-3.17	0.32	4.12	-0.42	-1.90	-3.20	-2.95	2.40	3.04	0.40	-3.01	2.50
-13.48	-4.83	0.23	1.66	3.53	-2.63	-0.14	2.90	-0.94	-1.02	3.45	-0.52	-1.05
-19.42	-6.33	-2.13	-0.86	0.59	-1.88	-1.29	3.23	2.67	2.85	1.47	0.11	-0.39
-18.95	-4.22	-4.66	3.45	-0.64	0.62	-1.16	-2.70	1.15	-1.23	4.54	0.28	2.54
-15.16	-2.17	-1.58	4.05	-0.77	-3.92	-1.57	6.07	5.33	1.04	-1.01	1.38	-0.47
-12.59	0.46	-2.24	-0.73	-2.39	0.52	0.88	-0.31	-0.17	0.92	1.85	0.63	-0.92
-20.60	-3.57	-1.39	-0.38	-1.15	-2.82	1.52	4.00	5.52	4.23	1.34	3.53	3.36
-16.85	-0.09	1.57	2.80	3.94	-2.58	-4.07	0.16	3.85	5.81	3.05	0.56	3.10
-17.68	0.02	1.28	-1.73	-6.54	-3.86	-2.17	4.01	8.63	1.58	4.05	1.46	1.95
-16.50	-6.23	-4.24	-0.21	-2.40	-3.74	-3.59	3.92	5.38	1.01	1.13	-1.10	-4.30
-14.08	-9.89	0.34	-1.81	0.84	-0.41	-2.42	6.96	5.40	4.44	4.36	-3.55	-0.86
-13.46	-10.10	0.24	-1.11	-1.95	0.20	0.76	4.27	5.48	3.17	2.87	-0.03	-1.60
-14.60	-9.42	2.98	-1.11	-2.15	1.32	-2.40	6.55	9.99	4.38	3.24	-2.33	-2.15
-14.65	-11.60	0.78	-3.38	-3.23	0.13	-2.46	4.70	8.32	4.67	5.94	-3.01	-1.34
-13.26	-6.96	8.47	-0.79	-0.32	4.66	0.35	3.41	3.49	1.97	1.90	-4.34	-3.41
-13.01	-0.25	3.52	2.87	-1.07	-2.41	-1.54	1.67	-1.77	0.52	0.13	-3.67	-2.59
-14.90	-4.31	5.42	1.92	-1.26	0.12	-0.12	3.25	2.39	2.50	2.64	1.83	0.61
-12.47	-7.16	5.11	3.73	-2.53	-0.70	-1.86	0.91	0.67	0.60	3.78	-3.92	-6.15
-11.37	-7.43	9.65	4.58	-1.29	-1.70	-3.82	1.45	0.60	-0.95	1.75	-1.55	-0.02
-12.22	-3.75	8.42	1.72	-3.58	-0.48	-5.53	-4.40	-1.60	-1.92	0.03	-7.65	-5.90
-8.66	-6.85	6.77	6.11	-2.72	0.28	1.31	2.65	4.90	-0.23	-0.57	-4.98	-5.36
-6.65	-1.57	10.02	3.04	-1.06	2.35	-5.54	1.60	1.43	-1.22	2.35	-8.28	-6.30
-7.99	-5.43	9.64	0.66	-0.51	-0.07	-5.67	-0.40	0.34	1.96	1.28	-5.83	-1.94
-12.10	0.42	7.98	4.33	-3.94	0.41	1.16	2.81	5.00	0.94	-1.19	-2.80	-1.73
-5.70	-8.80	10.77	6.64	0.97	2.81	0.09	0.70	-1.44	-1.95	-1.25	-4.16	-3.64
-2.88	-5.63	13.72	4.90	-2.80	-5.50	-5.40	-0.48	-1.20	3.51	-1.19	-2.49	-2.69
-1.91	-4.80	12.68	3.03	-4.30	-2.91	-3.43	0.66	-1.99	6.84	1.61	-3.73	-1.99
-7.26	-10.54	14.47	4.79	-6.00	-4.45	-6.47	-1.42	0.89	3.52	1.64	-5.56	-7.39
-5.94	-11.12	11.66	3.01	-3.53	-4.28	-6.99	-1.45	1.19	4.76	4.14	-6.25	-4.55
-1.83	-9.89	15.51	6.07	-1.57	-0.63	-4.82	1.88	0.59	5.98	5.09	-1.97	-3.54
-10.21	-12.91	12.48	7.17	-0.77	2.39	2.31	3.86	-4.04	1.92	-2.59	-5.27	-6.86
-4.86	-4.25	17.64	7.11	2.83	5.47	-1.14	0.90	-3.85	5.05	3.83	0.10	1.01
-13.40	-1.65	14.55	6.83	2.99	5.38	1.26	1.66	2.38	3.93	5.37	2.41	-1.21
-11.97	-9.40	19.40	2.24	-2.17	3.90	-2.36	1.42	-5.94	3.51	5.27	3.82	-1.03
-16.06	-11.19	15.09	5.16	2.66	4.93	2.63	1.11	-0.86	0.62	-1.39	-4.13	0.88
-14.08	-8.78	15.36	5.63	1.23	1.50	1.78	0.05	0.47	3.19	0.81	-2.60	0.23
-13.76	-10.86	13.51	7.14	-0.73	0.77	1.28	0.29	-1.26	1.59	-1.91	-3.46	-2.49
-14.61	-7.16	13.81	2.69	-2.63	2.43	3.98	-1.67	-4.38	2.68	3.69	-1.27	-3.98
-21.68	-10.52	15.99	10.15	-0.97	-1.30	2.21	2.09	-2.48	2.83	2.83	-2.87	-0.56
-16.18	-1.69	2.85	1.91	0.37	4.59	4.33	1.50	1.42	-0.26	0.96	-2.11	-2.80
-9.88	-0.72	3.04	2.21	-2.28	-2.58	-3.22	0.16	-0.46	-0.71	1.26	-5.27	-0.79
-19.38	-0.38	10.86	3.48	2.71	-5.71	-5.07	-2.15	-2.11	1.11	-1.42	-6.18	-4.76
-18.80	-4.52	9.01	8.50	-0.47	-7.99	-3.54	-3.71	-4.76	-1.53	2.76	-3.72	-2.34
-20.09	-4.57	5.08	7.22	-3.74	-3.65	2.85	-0.19	1.67	1.50	1.02	0.75	-0.39
-11.18	-1.75	3.94	9.88	-1.09	-2.92	-0.26	-3.69	3.29	2.53	0.71	-0.03	-1.65
-8.55	-3.37	5.62	3.98	0.74	2.10	2.13	0.27	1.22	1.10	-1.45	-5.76	0.36
-8.97	-6.19	4.34	8.90	3.71	-0.71	0.01	1.50	-1.08	1.85	-4.86	-6.30	-3.39
-7.48	3.09	4.87	2.74	-2.44	-0.83	4.26	-4.53	-1.08	5.56	-2.95	-0.58	0.80
-9.89	-2.27	3.92	3.26	-3.37	-0.16	2.92	-0.08	3.96	4.10	1.74	-0.70	1.48
-5.60	-1.22	5.95	4.48	2.92	0.72	1.78	0.96	1.69	4.68	3.98	4.31	4.15
5.39	-1.24	-5.13	-2.07	-4.64	0.86	1.08	-2.56	-1.00	6.68	6.84	0.13	-3.97
2.79	2.43	-8.59	2.97	-0.36	1.46	-5.14	-4.93	0.36	3.29	1.00	-1.99	-3.65
1.65	-1.68	-1.49	5.47	0.56	2.16	0.66	0.41	1.41	2.23	-0.11	-3.09	-3.30
9.64	-3.57	-3.39	1.07	-4.31	-1.10	3.85	-0.27	-0.70	0.74	3.02	0.02	0.80
4.97	-6.73	-7.54	-6.17	-9.59	-2.25	2.04	4.29	-0.33	4.51	3.26	-1.00	-2.05
8.02	-4.13	-8.20	-5.86	-5.77	-4.97	-0.62	1.26	-0.13	4.02	2.81	-0.46	-0.45
8.66	-3.29	-2.07	3.16	-5.28	2.19	1.98	3.97	-0.36	-1.47	0.61	-2.85	-0.40
7.79	-2.66	-0.86	2.94	-0.61	1.96	1.09	-0.75	-0.68	-3.33	-1.32	-3.97	-3.38
-6.27	-2.60	-0.76	-0.32	-4.48	3.68	6.12	2.79	2.24	-1.20	1.75	0.53	-4.32
3.47	-1.91	-1.55	-0.02	-12.01	-4.92	2.77	4.32	0.37	0.11	3.24	4.32	1.15
-3.61	-3.74	-2.56	6.55	-10.21	-10.23	-1.36	3.18	-1.67	-1.35	0.53	-0.81	-3.37
-2.59	-8.31	-2.32	3.81	-2.06	-4.39	-0.67	1.04	-1.78	-2.08	1.15	1.27	-0.62
-4.99	-4.15	2.61	4.73	-4.13	-7.06	-0.60	1.29	-3.36	-4.80	-1.71	0.57	1.08
-9.92	-7.09	-0.93	4.63	-5.13	-5.70	-1.95	-4.18	-3.38	2.85	6.38	3.44	1.98
-7.07	-2.43	-0.74	0.78	-3.11	-0.28	-3.07	1.46	-1.54	2.16	5.51	1.99	-2.97
-0.88	-0.29	4.17	12.75	-3.91	-5.09	-3.00	-1.57	-3.43	0.65	5.08	-4.04	-2.27
-6.41	-0.47	6.51	9.61	-2.64	-4.03	-1.15	-0.14	-0.24	-3.79	-2.24	0.00	2.45
-11.21	-4.91	-2.04	4.16	-2.85	-3.26	2.88	1.03	-2.52	-3.24	-0.67	-0.95	-3.18
-2.08	-1.08	2.10	9.73	-2.43	-6.08	-4.93	-0.43	-5.51	-6.63	-1.93	3.62	1.24
-2.72	-11.15	2.34	6.03	-7.97	-11.64	-3.05	-0.58	-0.40	-3.20	-1.13	-1.37	1.84
-7.06	-11.36	-5.54	7.32	-5.71	-5.79	-0.52	2.23	5.37	3.78	2.47	2.88	-1.74
-2.31	-5.79	-2.67	4.34	-11.39	-9.64	-5.19	-0.08	1.52	-3.17	0.09	0.43	-0.59
-8.13	-8.88	-0.07	10.34	-5.67	-6.22	-3.10	-2.60	-3.06	-0.43	-0.23	-2.36	-3.27
-5.72	-6.66	1.05	8.66	-4.46	-2.33	-2.37	-3.36	-5.36	-2.61	-1.65	-4.91	-3.14
-6.01	0.10	1.97	3.75	-0.22	1.96	-8.18	-8.19	-0.30	3.89	2.86	-1.39	-0.02
-3.58	-6.95	-1.18	7.52	-0.95	-4.20	-0.22	-3.91	2.54	4.11	0.36	-2.64	-1.34
-0.42	-6.27	-6.59	-0.05	-1.72	-0.73	-4.89	-2.36	1.97	5.61	6.51	-2.26	1.00
1.51	-4.70	-4.91	6.58	0.65	-1.42	-7.39	-5.62	-0.55	-1.12	-2.29	-2.00	-0.18
-7.42	-11.21	-4.71	3.29	-1.59	-7.14	-7.99	-8.12	-0.59	-2.97	-6.60	-7.79	-6.27
-0.83	-4.13	-0.59	3.78	0.44	-1.88	-9.90	-8.53	-6.92	-2.54	-1.05	-4.34	-3.80
-9.79	3.38	2.33	3.38	-1.15	-0.49	3.41	3.36	-0.02	-3.26	-1.70	-1.22	-0.47
-6.02	-1.99	-3.32	0.00	-1.19	-4.67	-5.44	-2.24	0.14	1.20	0.39	0.33	1.63
-6.09	-3.15	1.54	7.68	0.73	-2.28	-5.13	-4.78	0.47	1.05	-3.23	-1.73	1.12
-1.22	0.18	3.10	8.18	-0.24	-0.34	-5.92	-7.17	-2.22	-0.43	-7.49	-9.09	-5.02
-0.39	0.63	0.73	6.91	-4.28	-3.06	-11.58	-11.99	-5.23	-2.92	-7.00	-7.52	-5.61
-8.54	-2.19	0.74	4.97	2.37	0.76	-2.45	-0.53	0.52	-1.91	-3.77	-3.20	-2.01
-7.77	-2.98	-0.04	3.27	1.36	0.37	-1.28	-4.52	-2.03	0.12	-3.04	-5.19	-2.45
-7.75	-1.91	-2.83	2.37	-0.49	-0.47	-1.78	-1.03	0.80	1.92	1.38	0.84	2.22
-11.48	-1.43	-2.16	-1.19	-1.56	0.02	0.80	0.74	-0.41	0.86	1.64	-0.39	-1.43
-7.76	-0.20	-1.01	2.85	0.83	0.73	1.03	1.22	0.03	2.44	0.90	0.45	-1.43
-10.29	-1.24	-2.24	2.20	0.72	-0.28	-0.44	0.23	0.33	0.06	-0.94	-1.61	-1.44
-2.89	5.31	1.37	2.73	0.54	1.23	3.26	4.69	5.10	2.55	0.13	0.19	-0.23
-1.11	4.27	1.07	2.13	-0.52	1.36	5.38	7.82	6.73	3.34	3.91	0.91	-0.29
1.10	2.99	-1.14	-0.29	-0.54	0.59	5.08	11.09	8.21	2.93	3.15	-0.81	-1.73
1.30	1.33	2.19	5.59	0.56	0.63	8.51	12.09	6.58	2.29	2.77	-0.71	-3.40
5.66	1.40	1.75	1.90	-4.57	1.92	3.09	8.65	8.43	4.11	6.20	2.89	-1.95
-5.79	3.84	-0.21	3.73	-3.99	3.25	-1.42	4.22	5.94	2.03	1.54	-1.28	1.94
-1.82	2.51	3.00	2.17	1.11	4.32	2.33	3.76	4.61	2.41	0.11	-1.00	-0.23
-9.93	-1.09	-1.63	0.43	-1.65	-1.85	-0.90	-0.21	-1.13	-1.66	-1.32	-1.05	-1.93
5.71	-4.89	-2.96	4.01	0.97	-1.76	-0.07	2.18	1.58	0.24	-2.28	-0.42	-0.48
27.47	-10.67	0.76	1.00	-1.42	-1.48	-0.04	6.66	2.18	2.52	-2.59	1.25	-0.19
33.74	-0.97	4.39	0.40	1.05	9.41	-3.96	-5.47	4.94	-2.12	-3.34	3.40	-1.47
33.68	-20.47	10.57	-3.09	2.47	19.87	-4.91	-8.09	6.25	2.22	-3.36	2.30	0.93
22.14	-21.61	6.07	-2.41	1.47	23.65	3.75	-7.83	5.27	2.89	-1.64	0.77	3.05
22.02	-20.56	5.69	-1.35	0.02	23.69	4.72	-8.00	2.68	2.47	-0.23	-0.93	3.76
18.82	-18.45	4.44	-2.79	-0.67	23.25	7.36	-9.80	3.20	6.49	-0.18	-0.85	4.34
-11.71	-5.75	-2.98	-0.55	0.40	7.01	5.63	-0.24	-2.61	-2.58	-2.34	0.38	5.08
-3.70	-4.13	1.06	-1.90	-4.49	8.62	11.88	-0.55	-3.99	3.30	4.60	0.29	1.34
18.14	-5.06	10.50	7.47	-18.14	7.87	23.67	-4.43	6.47	-8.76	3.22	-5.58	-1.65
13.08	-2.94	15.65	2.24	-16.89	9.34	22.76	3.58	9.68	-4.01	-0.22	-2.35	-1.19
11.81	-0.31	20.69	-2.19	-16.79	6.86	18.26	3.46	10.92	-2.37	-0.28	-1.41	-5.77
19.81	-1.29	27.59	-6.07	-19.46	8.98	13.25	3.91	7.49	-3.38	2.83	-2.18	-8.24
18.53	0.31	25.53	-4.91	-17.01	10.45	6.81	3.82	4.73	-1.35	3.46	-4.04	-4.79
25.69	-0.71	32.96	-9.64	-15.70	11.54	4.68	5.34	7.29	-2.65	6.70	-6.57	-4.22
4.69	11.25	10.40	-3.07	-3.47	2.78	-0.15	2.49	4.48	2.78	-0.29	-2.98	-2.54
1.54	10.49	17.20	-4.88	-7.57	5.67	-0.37	0.51	4.58	1.02	-0.43	-0.97	-2.05
22.61	8.96	25.10	-4.40	-9.79	4.82	-6.86	6.58	12.22	-0.71	3.86	-3.21	-0.13
18.93	8.34	21.32	-7.33	-8.20	5.65	-7.33	3.10	8.84	-0.68	0.89	1.54	0.73
26.32	11.51	14.30	-1.16	-5.39	-3.34	-4.52	1.83	3.47	2.02	2.89	-0.40	0.09
19.53	10.41	6.48	4.88	0.78	0.27	-0.24	-0.70	0.79	3.55	4.89	2.22	1.37
46.81	-4.06	-1.29	3.81	-2.62	-2.26	-2.65	-3.14	1.23	3.02	3.92	-1.44	-4.50
36.05	-10.29	-0.00	1.93	3.90	-0.11	1.92	0.67	-3.84	-2.25	-2.50	-1.22	3.45
-1.79	-4.24	-9.90	-3.79	3.79	6.30	2.40	1.98	5.10	5.68	0.88	-1.30	1.75
1.07	0.38	-5.46	-4.30	-0.69	2.91	0.22	-1.58	-0.14	0.18	-1.34	-0.52	0.54
22.50	11.75	8.25	-1.34	0.65	2.61	2.00	6.65	2.72	1.18	2.33	0.50	-1.38
6.62	12.58	7.17	4.15	1.32	-2.50	-3.12	-0.08	-0.24	-2.40	-2.24	-0.96	0.09
-8.99	1.31	1.08	2.20	1.46	-0.56	-1.37	2.44	0.86	-0.99	-0.41	0.59	1.05
-11.41	-0.76	-0.18	1.78	-0.12	-0.83	-0.03	1.76	1.85	0.28	1.11	1.77	1.33
-10.73	0.15	0.54	0.53	-0.44	-1.32	-1.60	0.54	0.14	-0.91	-0.47	0.51	0.78
-10.64	-0.60	-0.70	0.37	-0.91	-1.32	-1.71	0.81	0.67	-0.91	-0.75	0.20	0.86
-11.01	1.11	-0.57	0.07	-1.34	-0.38	0.30	-0.17	-0.67	0.08	0.70	0.63	-0.35
-11.69	0.59	0.15	0.72	-0.35	0.97	1.22	0.19	-1.61	-1.16	-0.03	0.18	-1.14
-10.61	-0.99	-1.78	-1.31	-1.93	-2.04	-1.76	1.00	1.38	1.10	1.80	0.93	-0.10
-9.19	-1.13	-1.64	0.40	-0.90	-2.66	-1.15	1.36	0.84	0.06	0.54	0.80	0.36
-8.01	-0.14	-1.51	-0.89	-1.47	0.45	1.31	2.47	0.83	-1.28	0.36	1.13	0.10
-11.11	-2.12	-2.86	-3.10	1.71	2.50	0.65	2.59	-2.10	-2.10	0.62	0.87	-0.03
-10.00	-2.35	-3.71	-2.29	-0.26	-3.39	-4.00	-1.12	-2.04	1.32	2.83	1.70	2.05
-8.78	-3.69	-3.89	0.33	1.61	-1.01	-3.44	-0.73	-4.89	-6.24	-4.40	0.03	1.67
-10.64	2.30	-1.16	-3.39	-3.73	-1.47	0.02	0.22	-3.35	-1.57	1.35	0.61	0.43
-6.37	-1.45	-0.93	-0.26	-2.48	-0.39	3.15	-0.23	1.96	-0.43	2.94	4.12	0.37
-16.07	-2.62	3.20	-1.76	0.43	1.12	-0.85	6.28	7.95	3.02	-4.26	-1.70	1.14
-17.14	-6.01	-0.58	4.18	4.63	8.67	-0.84	5.69	6.27	2.88	-2.30	2.50	1.64
-17.35	-4.56	-1.64	2.11	0.96	4.88	2.25	3.59	3.53	1.90	-5.91	-4.06	-3.74
-17.49	-5.10	1.44	6.79	-2.06	7.24	3.90	7.63	4.57	-2.17	-0.76	-2.45	-2.59
-15.01	-2.45	3.88	0.81	2.58	3.80	-0.93	2.65	-2.25	-1.81	0.63	0.92	1.91
-15.55	-1.73	4.23	-0.17	-0.43	1.91	-0.26	2.93	1.79	1.88	2.60	1.40	2.57
-13.86	-2.57	1.15	1.21	5.19	2.74	-0.11	8.78	5.42	-1.34	-1.14	-0.46	-1.22
-9.96	2.89	0.50	4.25	2.13	-0.03	-0.81	0.67	-0.96	-1.38	-0.77	-3.00	-0.37
-13.22	-8.07	-0.65	-2.35	0.38	-1.73	-5.52	6.08	6.63	7.13	2.67	1.07	0.78
-11.18	-4.21	3.70	0.59	-4.34	-7.70	-5.83	4.24	3.99	-1.53	-1.56	-0.63	-0.87
-4.91	-2.07	-1.00	-1.64	-2.05	-2.70	-5.93	1.25	3.40	-0.83	-0.55	0.06	2.63
-13.26	-1.80	3.99	-2.15	1.37	-1.24	-1.36	4.64	1.64	-3.63	-2.02	-1.55	1.81
-10.94	-4.70	-2.48	2.97	-1.56	-7.91	-5.66	-5.20	-0.28	-2.45	-1.35	-1.80	-0.27
-6.78	-1.61	1.25	0.02	-3.59	-4.00	-4.11	-3.15	0.19	-3.59	0.87	0.01	-1.12
-13.34	-6.26	-4.03	0.03	-4.56	-0.94	-5.20	-2.91	2.19	-0.65	-1.62	-1.57	2.24
-6.09	-0.73	5.38	1.60	-2.78	-5.07	-6.91	1.24	3.24	2.21	0.66	2.31	4.26
-4.32	-2.01	3.35	3.99	-1.16	-2.26	-3.98	-2.07	-0.63	2.60	-0.28	0.52	-0.48
-4.48	-2.08	2.11	6.42	0.66	3.74	-0.76	2.44	4.17	0.08	-0.60	-2.03	1.13
-1.79	1.73	3.71	3.04	-1.52	2.57	-1.30	3.58	0.83	-3.94	-1.67	-1.14	-0.11
-2.99	3.32	0.58	4.13	-2.95	-2.63	-2.72	1.76	-0.34	-4.55	-4.03	-1.35	1.15
1.78	5.15	0.81	3.15	-2.27	-4.66	0.41	-1.97	-0.34	-3.66	-3.74	-3.57	-0.81
2.49	5.61	4.36	4.23	-1.62	0.17	0.79	2.20	-0.78	-1.01	-5.28	-5.69	0.64
-8.42	-0.96	-1.45	0.84	0.23	-0.72	-1.22	-1.57	-0.96	-1.64	-2.11	-0.22	0.64
-5.28	3.95	1.30	-0.09	-2.46	-1.90	-2.75	-4.45	0.58	0.83	-2.31	-0.14	-1.50
-1.66	3.41	3.82	3.00	-2.78	-1.15	-0.38	3.11	-0.53	-4.84	-2.09	1.78	2.35
1.05	3.76	5.20	5.49	-0.15	-0.80	0.29	1.40	-1.96	-5.14	-2.58	1.66	1.75
-0.82	2.56	3.07	3.00	-1.93	-1.38	1.05	2.04	-1.71	-5.19	-3.74	-0.61	0.55
1.97	5.40	2.65	3.11	-2.09	-1.30	1.96	3.58	0.21	-3.12	-2.25	-0.38	-0.09
-0.99	3.87	2.15	1.89	-1.99	-1.10	1.65	1.58	1.14	-1.12	-2.47	-2.59	-1.22
-2.85	3.36	2.40	1.85	-1.59	-0.15	1.17	3.04	1.84	-0.05	0.11	-0.62	-0.42
-10.48	0.22	0.37	1.17	-1.81	1.18	2.22	0.89	-1.12	0.06	2.45	1.24	1.22
-6.68	-0.51	-4.54	-1.64	-2.91	-0.65	1.01	2.30	0.21	0.26	-0.16	1.70	1.40
-3.72	2.12	-0.88	-0.52	-2.76	-1.95	-0.25	0.12	-0.45	-1.01	-1.14	-0.90	-1.03
-7.45	0.12	-0.93	1.14	-0.81	-0.68	1.33	3.10	3.25	2.37	1.68	1.75	1.20
-8.20	-2.07	-1.33	-0.94	-4.66	-3.12	-0.86	1.42	0.53	-0.69	-0.55	-0.11	-0.33
-4.52	-4.28	3.87	1.16	-0.09	7.00	0.04	-0.48	3.13	-0.99	-2.42	-0.35	-0.70
-5.19	-13.71	-7.97	0.45	1.74	10.36	5.47	-1.07	6.82	0.42	-2.60	2.10	0.83
-4.97	-5.92	-3.25	0.11	2.96	3.94	-2.96	-4.29	1.08	1.82	-2.42	6.31	-2.13
-5.56	-5.90	-3.04	4.59	5.83	5.72	-1.52	-1.55	-1.50	-1.49	-5.06	-0.02	-3.97
-8.61	-6.95	1.82	4.98	3.60	4.90	0.00	-0.66	1.85	-1.45	0.22	3.92	1.08
-9.04	-9.85	2.17	4.84	9.34	8.42	1.85	-1.20	3.71	1.51	1.53	7.37	-0.64
2.44	-0.11	-2.42	4.13	3.95	3.65	5.53	0.76	3.14	1.90	2.61	6.65	2.31
-3.95	-3.23	5.24	7.66	6.85	3.96	0.97	3.27	7.73	3.41	-1.23	1.83	-0.29
1.39	-3.02	2.19	4.67	0.31	3.86	2.17	-2.99	1.90	-1.19	0.12	2.19	-1.34
-4.75	-11.39	0.29	7.30	8.35	11.39	2.08	0.35	0.14	-2.27	1.69	4.55	0.13
-8.51	-12.59	-2.00	1.62	4.95	4.77	0.69	0.81	-1.11	-0.98	4.31	8.23	1.22
-8.75	-12.23	-1.23	5.49	11.17	11.23	4.96	-0.25	-0.40	-0.99	3.59	1.59	-2.61
-9.22	-11.55	0.62	5.41	3.37	7.62	0.24	-1.08	0.27	-0.59	4.23	4.13	2.15
-6.33	-11.99	-2.74	5.10	3.01	10.39	1.67	1.12	1.19	-2.08	2.93	5.37	4.57
-6.12	-10.16	-5.89	4.77	4.31	6.26	3.83	1.25	1.02	-1.20	6.29	1.69	0.36
-13.74	-11.15	-1.82	-0.25	-1.28	-2.13	-1.61	-1.36	-3.70	0.95	1.08	-1.13	-1.36
-20.08	-3.14	2.50	-1.05	-1.15	3.53	2.48	-3.16	-1.25	-2.87	-0.80	-2.06	3.20
-19.51	-7.91	-2.03	0.57	-0.17	4.93	5.19	-2.88	1.21	-4.33	-5.20	-0.44	2.82
-21.38	-8.14	0.44	-1.42	2.77	-2.34	0.81	-0.29	-0.93	-3.05	-2.46	-3.95	-3.38
-23.90	-11.48	-0.12	-1.45	0.74	-3.39	1.94	0.11	-0.63	-2.68	0.44	0.93	6.69
-19.54	-11.25	-3.29	-1.60	2.61	-7.47	4.21	-1.75	-4.62	-4.14	-2.11	-0.02	0.03
-17.96	-10.58	3.61	3.23	-1.58	-8.88	1.17	-0.51	-3.12	-4.66	-2.17	1.72	0.12
-17.44	-4.26	0.32	-1.04	-2.69	-3.96	1.88	-2.05	0.04	1.05	-5.21	-1.96	-0.64
-14.99	-4.36	3.24	1.94	-0.51	-3.06	3.75	0.15	2.65	-1.92	-4.82	-0.79	1.82
-22.41	-8.36	0.71	0.49	-2.10	-4.36	3.37	-1.81	-7.91	-0.56	2.89	0.56	-0.94
-21.39	-4.99	4.29	3.59	2.87	-5.28	4.63	0.67	-1.81	3.75	4.52	-0.21	-3.67
-23.52	-7.47	6.67	0.52	-2.07	-2.99	4.88	-0.84	-0.19	0.66	-2.50	-4.24	-1.78
-19.99	-6.71	7.48	8.06	-0.66	-4.40	2.10	-1.59	-0.97	2.00	-0.43	-3.74	-0.60
-24.19	-10.53	3.03	1.19	-4.03	-4.99	5.18	1.36	0.54	3.98	1.55	-1.88	-0.88
-19.53	-9.05	1.53	4.06	-2.52	-6.24	4.33	0.87	-0.12	0.47	0.97	-0.86	-2.78
-15.35	-6.82	6.04	6.73	-2.58	-4.32	3.18	3.59	1.07	-0.96	-1.56	-1.03	-2.50
-14.62	-12.45	-1.73	6.22	-2.28	-1.59	0.50	1.71	3.50	4.14	2.54	2.02	-1.54
-16.06	-8.18	7.72	12.18	-5.40	-5.99	4.52	-0.11	1.37	-0.84	0.07	0.09	1.45
-16.27	-11.46	8.86	13.11	-0.68	-0.26	5.83	0.82	-0.31	-2.03	-2.12	-0.01	0.91
-17.44	-9.17	5.01	9.59	-3.73	-3.17	4.92	4.99	0.53	0.86	-0.20	1.27	-0.88
-14.70	-6.56	6.22	8.73	0.46	-0.05	1.24	-1.25	-3.08	-2.49	-1.75	-2.33	-1.49
-11.53	-0.70	7.61	11.00	-2.25	2.21	9.42	0.84	-3.39	0.22	1.04	-0.80	-2.29
-13.07	-2.15	3.03	7.49	3.22	-2.36	1.35	1.02	-0.21	-0.29	-1.45	3.14	2.52
-15.34	-4.17	2.25	5.87	-0.99	-3.41	1.00	4.07	0.75	3.02	-1.12	-1.85	-1.18
-10.05	1.92	2.93	9.22	-3.45	-3.30	2.08	0.74	-1.17	1.49	0.41	2.26	1.63
-18.36	-1.69	-0.01	5.49	-2.60	-2.40	3.31	4.47	-1.42	-0.57	-1.08	1.85	1.10
-11.49	1.97	9.46	6.26	1.47	-1.48	2.75	4.97	3.72	2.39	1.36	2.44	2.43
-12.20	5.32	6.31	-0.10	-1.78	-4.53	-3.20	0.08	5.37	3.32	1.08	-2.44	-3.10
-7.62	8.74	1.16	1.63	0.49	-1.07	1.51	1.84	6.21	5.86	0.46	-1.31	0.20
-0.61	7.52	0.79	-2.92	-4.66	-1.36	-0.01	-0.17	1.78	2.84	4.26	0.35	3.48
-0.98	5.59	-0.51	0.23	-6.69	0.30	-2.16	0.71	4.04	-0.80	2.65	1.82	-0.75
-2.20	-0.34	-3.20	0.43	-3.22	-2.31	1.60	1.63	-0.21	1.82	1.39	-0.24	-1.13
-6.19	-2.50	-3.62	-1.11	-2.38	-1.99	-1.16	1.00	-0.57	1.80	4.26	2.14	0.20
9.62	0.78	0.03	-2.07	-1.53	-1.18	-3.03	1.85	-0.59	-3.14	-0.27	0.51	-2.98
10.04	-5.21	-1.89	-4.48	-2.67	-3.26	0.18	3.99	0.66	4.68	3.10	0.03	-4.22
13.92	-6.25	-4.56	-6.22	-6.38	-2.37	1.51	-0.49	1.28	4.47	0.51	0.38	-2.02
15.85	-8.67	-2.86	-1.15	-6.05	-3.79	5.92	2.52	1.24	1.82	3.43	2.09	-2.10
13.74	-5.51	-1.75	-0.98	-3.77	2.15	0.30	3.20	-0.30	-0.19	6.17	0.33	-5.25
10.98	-3.24	-8.18	0.71	1.03	1.47	-1.64	-0.80	-0.62	0.71	2.93	-3.61	-6.26
-5.90	1.90	0.59	2.67	1.28	-0.29	-0.80	0.51	1.60	2.25	0.34	-1.25	-0.92
-7.00	2.23	0.10	2.45	2.77	1.38	-0.32	-0.09	1.48	1.56	-1.42	-2.06	0.14
-3.47	0.30	-2.57	1.97	0.29	5.43	2.27	7.28	5.11	6.31	8.28	1.83	-1.68
14.01	-0.72	-0.43	5.79	1.98	2.08	5.70	7.01	0.01	0.57	6.55	0.07	-4.99
5.23	0.62	-1.80	2.54	3.27	4.00	3.18	6.19	3.60	4.00	5.00	1.33	-3.29
7.93	-1.46	2.30	8.54	6.87	6.34	3.12	2.00	0.83	1.65	3.53	-2.34	-3.67
3.39	-2.46	-3.69	2.73	4.08	8.38	4.91	1.34	0.68	3.17	4.95	-4.46	-3.43
3.32	-0.05	0.23	4.80	1.68	3.25	1.56	-2.33	0.12	3.65	3.62	-0.65	-4.04
7.28	4.45	7.07	5.29	-4.74	2.76	11.09	-2.51	-2.21	2.35	2.92	3.11	-2.32
27.45	-6.53	13.41	8.01	-6.67	13.56	15.13	-0.61	-2.37	-4.36	2.27	5.00	-2.16
7.75	-1.51	0.96	8.25	-0.09	0.46	4.01	3.80	0.41	0.37	1.86	1.45	-0.90
7.93	4.99	-3.18	2.18	3.15	3.07	4.21	2.23	-0.47	-0.55	0.38	2.45	2.07
25.46	-29.75	8.20	9.03	1.84	18.26	-0.69	0.36	8.68	0.75	1.39	6.54	-2.13
15.33	-25.08	7.69	6.60	3.94	15.46	0.18	-2.25	8.62	2.32	0.04	7.94	1.34
18.19	-29.74	11.64	3.10	4.89	17.31	2.12	-3.23	7.59	2.85	-0.72	9.84	1.06
11.07	-27.32	9.29	4.29	2.14	20.57	3.55	-3.69	9.13	2.14	2.46	9.53	2.31
16.21	-31.11	8.97	4.87	2.17	19.55	2.55	-3.84	11.76	1.91	-0.70	6.15	1.39
12.64	-20.68	4.57	14.42	-4.59	22.00	2.58	2.71	3.76	1.29	0.47	7.09	-2.20
20.21	-29.31	17.51	8.87	-4.89	15.24	4.33	-5.58	0.30	-3.60	2.94	4.46	-5.22
22.53	-25.86	19.71	6.89	-6.99	19.23	3.19	-4.07	-0.17	-3.96	4.40	3.10	-4.21
-3.01	-2.01	9.56	2.50	0.19	11.21	5.36	-2.95	-2.21	-1.99	0.58	3.12	-0.69
15.41	-7.87	17.45	-5.46	-4.22	13.96	6.63	2.46	-3.63	-3.38	3.14	3.30	0.40
25.07	-17.86	25.73	-6.54	-0.62	15.94	6.63	4.96	-4.63	-3.58	0.35	3.48	-1.99
19.32	-9.02	19.27	-4.39	-2.94	16.38	6.50	5.06	-2.42	-6.39	0.53	2.58	0.45
22.01	-9.77	21.39	-8.48	0.01	13.79	7.77	6.98	-2.26	-4.60	-1.30	2.80	-0.39
15.38	-5.91	22.22	-7.31	-1.76	13.31	11.29	10.45	0.03	-5.29	-0.54	3.27	-0.59
25.57	-13.43	28.88	-12.58	-1.81	13.78	10.60	13.98	0.85	-8.01	-0.83	0.58	-1.53
21.65	-4.99	21.10	-7.05	-6.65	14.23	6.99	13.44	2.85	-9.42	-0.74	-0.36	-1.85
-5.41	1.61	3.26	0.69	1.01	6.97	3.36	1.46	0.39	-4.17	-3.48	-0.91	-1.68
10.44	4.81	5.47	1.16	1.26	6.56	5.57	5.58	0.58	-3.84	-3.00	-3.24	-2.18
20.12	-0.94	20.37	-6.02	-10.53	8.63	5.64	15.16	6.31	-3.33	3.65	-4.42	-6.46
27.09	-4.66	24.70	-9.51	-11.15	7.66	2.17	14.92	4.11	-1.90	2.75	-3.55	-5.60
18.13	5.08	18.01	-5.68	-9.73	5.97	3.25	8.54	4.59	-1.69	2.03	-1.85	-3.40
19.05	7.90	17.13	-4.82	-7.37	5.11	2.16	9.68	5.31	0.17	3.74	-2.62	-5.53
12.45	10.67	12.55	-3.08	-4.53	4.13	4.13	11.55	8.50	2.16	2.95	-2.59	-4.42
19.52	9.84	13.52	-3.17	-8.05	2.42	2.94	10.57	8.36	2.84	3.79	-2.44	-4.74
17.56	10.14	11.24	-9.26	-6.54	0.64	-1.41	6.84	4.04	0.62	3.34	-0.49	-2.51
-1.22	6.22	2.11	-1.12	-2.65	-1.28	0.70	4.11	3.00	2.39	1.86	-1.21	-2.34
14.98	11.38	16.71	-8.34	-8.25	3.45	-4.27	9.28	12.60	3.17	3.80	-1.37	-2.63
26.68	5.04	20.10	-7.15	-9.94	4.68	-6.65	11.89	11.46	-0.43	5.22	-0.66	-1.56
22.18	-0.22	13.00	1.20	-8.29	2.30	-2.94	12.36	8.43	-0.94	5.68	-0.44	-4.87
18.81	3.59	11.95	1.04	-4.70	-1.97	-3.30	10.22	6.44	-0.14	7.14	-1.09	-5.57
8.37	8.93	7.00	2.21	-3.13	-3.26	-2.39	3.83	3.84	1.24	3.66	1.72	-1.75
19.37	5.37	8.01	7.26	-4.77	-7.47	-1.51	3.71	2.50	3.75	9.62	2.40	-0.91
-9.79	0.47	-1.30	0.03	-0.14	0.75	0.53	0.36	0.21	0.59	-0.06	-0.16	-0.50
-11.08	0.19	-0.51	1.01	0.68	0.97	0.14	-0.57	-0.82	-0.39	-0.77	-1.01	-0.84
-6.10	-1.29	-1.04	1.44	0.29	0.52	0.19	-0.42	-2.20	-0.33	0.98	-0.12	-0.31
-1.28	4.29	6.40	7.07	3.23	-1.75	-0.98	2.42	-1.57	-2.88	0.85	1.89	-2.23
-1.48	5.58	9.17	9.07	4.63	0.93	0.57	2.64	-3.85	-0.73	3.43	1.64	1.08
-15.03	2.22	4.31	0.78	0.32	0.45	-2.65	4.52	-2.60	1.46	5.04	0.41	0.80
-23.11	-4.49	-0.28	1.13	-0.39	1.91	-1.89	3.82	-1.19	-1.42	4.25	1.19	1.46
-19.76	-4.43	0.97	2.00	-0.38	0.35	-1.71	2.92	-2.02	0.08	0.83	-0.65	2.05
-20.01	-4.38	0.34	2.53	2.18	-1.71	-0.09	5.04	1.71	-0.18	0.52	1.15	1.97
-15.11	-2.18	0.29	2.41	-0.33	-1.38	-2.58	1.09	0.20	0.29	-3.53	-3.67	0.96
-17.34	-3.09	-0.92	1.89	-1.97	-1.72	1.59	3.54	2.54	-0.80	-0.53	2.03	1.68
-18.11	-0.66	0.67	1.61	-1.23	-0.31	-0.67	3.34	-3.03	-2.16	2.55	-1.00	-1.14
-18.34	-2.23	-0.64	0.42	-2.38	0.35	1.92	4.14	-1.02	-0.30	1.42	-0.99	0.79
-16.41	-3.74	1.93	0.00	-1.29	-0.33	-3.22	4.43	1.63	0.43	0.39	2.30	1.88
-17.22	-2.32	-0.12	-0.88	-0.33	-1.07	0.79	6.48	0.39	-0.03	2.70	-0.44	-0.78
-16.52	-0.07	1.04	-0.90	-2.79	0.04	-1.92	1.66	4.66	1.90	4.18	2.01	2.99
-10.22	0.01	-1.90	-0.66	0.29	0.50	-0.01	1.63	0.51	0.86	-1.10	0.69	0.62
-11.89	0.58	-2.22	-3.00	-0.96	1.59	-0.28	-0.37	-0.05	0.45	1.54	-0.51	-0.20
-22.79	-2.37	0.68	-0.65	-0.03	0.04	-2.56	7.28	-0.28	-1.84	5.77	1.91	-1.95
-23.73	-4.48	6.53	4.48	1.49	3.74	-2.12	6.40	1.84	2.06	1.19	0.14	3.90
-17.11	1.94	5.89	1.36	-1.00	-1.63	-0.47	2.06	-0.52	1.88	2.72	1.32	-1.21
-21.46	-0.01	6.03	2.47	2.70	-1.11	-3.10	4.86	2.16	2.32	2.87	0.46	1.80
-13.71	1.61	3.67	1.44	1.98	3.71	1.71	4.07	4.64	0.77	4.58	2.38	1.81
-13.87	-0.50	4.31	2.66	-1.40	0.13	1.13	5.26	2.62	-0.26	0.42	-3.01	-0.56
-13.13	0.05	2.66	-1.80	0.05	1.34	-3.55	-2.02	2.28	-2.14	-1.24	2.39	1.47
-19.19	-4.18	-1.72	-1.09	3.85	3.31	-2.08	6.74	5.09	-1.70	-5.56	-0.71	2.21
-19.19	-8.57	2.48	0.94	0.54	1.36	-0.19	8.31	2.91	2.74	2.50	0.64	2.62
-2.78	8.04	6.02	1.11	-5.12	-1.21	0.13	-1.76	-0.27	-3.71	-3.30	-3.70	0.11
-2.61	0.57	1.14	0.58	-4.31	-1.31	-0.62	-2.30	-3.18	-1.20	-4.44	-7.22	4.65
2.11	0.80	5.33	1.43	-1.47	3.62	4.87	1.98	-3.52	-2.25	-5.47	-2.82	-2.39
1.02	10.40	9.33	-2.62	-3.94	2.53	5.90	1.99	0.43	-3.84	-3.08	-4.77	-3.92
3.92	10.06	3.36	-0.63	-0.60	1.62	-0.44	-3.76	0.56	-3.35	-5.46	-2.57	-2.80
1.58	5.46	5.30	0.43	3.01	2.85	2.90	0.67	-1.72	-5.25	-2.04	-1.64	-1.68
-0.04	2.49	5.22	-1.36	-4.50	4.22	0.20	-1.70	-1.02	-0.21	-3.61	1.55	-2.43
-12.66	-2.76	5.56	-1.80	-7.77	8.14	3.19	3.72	-0.23	1.17	-4.59	1.92	-3.56
-0.94	-3.83	-1.55	-4.43	-4.58	3.24	7.09	-0.66	-1.75	-0.58	-1.12	3.02	1.01
-6.48	-3.90	-2.87	-4.06	-4.57	0.06	3.37	0.30	2.25	-1.13	-1.52	1.84	-2.11
-10.41	-1.68	0.50	-6.02	-3.33	0.69	-6.45	-5.46	-3.56	-1.20	1.33	2.03	2.11
-14.52	-3.52	2.09	1.19	-0.79	2.53	-2.02	-1.10	-6.01	-4.34	0.39	1.44	1.21
-16.92	0.58	0.13	1.44	-5.65	-4.39	-6.73	0.70	-2.43	-5.08	0.27	0.98	-1.27
-16.63	-0.02	4.53	7.12	1.77	-0.37	-1.66	2.73	-4.38	-6.17	-1.19	-1.54	-3.67
-19.11	4.70	4.42	3.38	-1.37	-1.36	-4.47	2.70	-2.88	1.49	-0.05	-1.94	-6.04
-21.33	5.37	5.33	13.12	1.06	-2.14	-4.49	-0.47	-6.54	-1.53	1.64	-0.79	-1.00
-23.89	2.02	-4.19	2.51	0.67	-1.83	-6.33	1.24	0.17	0.49	0.77	2.81	1.02
-20.38	4.70	-0.30	7.49	4.36	-0.40	-5.52	-2.36	-5.65	-2.27	0.10	-0.22	-1.44
-25.92	2.39	-2.02	0.16	1.24	1.79	-0.59	5.29	-0.80	3.42	2.08	0.30	-3.39
-24.97	6.44	0.39	0.30	3.41	-2.74	-4.15	0.58	-1.42	1.57	-1.47	0.14	-0.43
-28.44	5.00	-1.44	2.43	8.18	2.30	0.98	4.41	-1.47	2.24	4.94	3.49	-4.82
-18.78	10.21	2.25	4.70	4.92	0.37	2.66	6.06	-2.32	-2.29	-1.63	-0.07	-2.38
-22.55	10.17	-1.07	4.02	5.67	3.39	5.68	5.24	-5.50	-0.66	-0.05	-1.23	-3.93
-27.52	11.98	4.00	4.00	6.98	-1.32	3.79	3.79	-5.54	2.43	5.98	5.11	-0.70
-18.82	6.81	0.35	5.50	8.69	3.65	-0.38	-0.19	-0.75	4.04	-1.91	-4.58	0.05
-18.07	5.59	-5.87	5.14	9.49	4.25	6.38	3.43	-1.56	2.10	1.29	-2.19	-2.16
-19.21	12.26	0.49	8.30	9.91	-2.15	-0.02	3.11	-2.63	1.77	-0.78	-3.85	-1.46
-11.78	15.02	-2.27	4.90	9.68	3.55	0.56	1.32	3.12	4.69	-2.49	-1.41	-1.33
-18.62	9.71	3.61	9.59	10.25	4.82	2.50	2.12	-0.30	6.58	-1.65	-3.23	-0.70
-17.90	12.55	2.38	1.32	6.88	4.51	-0.25	-0.53	-2.84	2.84	1.07	-0.52	-0.02
-19.26	10.45	0.47	2.31	4.69	-0.91	-3.40	6.24	4.27	3.36	0.51	4.15	5.15
-21.97	8.36	-0.63	7.08	8.61	-1.25	-1.95	3.58	3.72	7.32	-1.25	5.74	2.44
-11.72	0.55	-1.19	1.06	1.17	1.49	0.51	0.63	1.00	0.36	-1.95	-1.04	-2.62
-12.05	1.37	-0.80	-1.65	0.45	-1.22	1.44	-1.55	-0.42	0.68	-0.01	-2.17	-2.80
-23.44	9.95	1.06	3.55	6.87	-0.41	-1.06	2.26	3.69	10.45	1.14	4.98	0.74
-14.43	8.84	4.11	10.34	10.66	-1.28	-1.59	-1.54	4.19	12.17	7.49	4.07	2.89
-5.93	6.98	3.15	11.94	5.68	-1.49	0.51	-2.76	-0.83	3.91	0.65	-2.29	1.41
-8.27	7.91	6.22	5.92	5.12	-2.12	-3.85	-3.80	3.34	6.46	1.65	-1.98	-0.82
-5.95	4.40	9.13	11.04	2.93	-4.16	-1.26	-0.30	-3.61	4.03	-0.58	-8.91	-3.85
-1.67	-2.92	5.95	7.60	4.19	-8.29	-3.68	2.38	2.71	8.26	-2.70	-8.84	-0.25
-9.85	-3.16	0.44	7.02	0.19	-6.09	-5.55	-2.94	1.14	2.57	-1.60	-0.53	4.51
-5.12	-1.53	0.49	0.08	-0.06	-2.65	-7.62	-7.11	-0.37	1.50	-4.67	-4.04	5.40
4.01	-5.75	8.87	7.76	2.84	-10.13	-9.40	-5.87	-5.70	3.21	-3.20	-4.82	8.93
5.94	-8.32	5.57	7.88	0.61	-8.73	-8.44	-7.30	-4.04	-0.80	-2.45	-2.96	4.86
10.82	-4.23	5.50	7.38	-2.36	-2.76	-4.26	-1.29	-3.07	3.61	-1.92	-3.21	2.19
7.70	-9.94	6.42	5.18	-6.07	-6.77	-4.37	-0.24	0.38	6.11	3.21	-4.55	4.04
6.45	-16.84	5.14	4.74	-2.31	-4.98	-3.25	7.68	3.65	7.12	3.42	0.17	5.67
10.14	-17.75	1.46	3.49	-4.31	-3.00	-5.88	1.22	-2.58	4.29	-3.12	0.89	8.38
-0.31	-5.83	-0.95	0.42	-5.21	-7.36	-5.68	-1.86	-0.98	-0.24	0.34	-0.26	2.47
-3.40	-7.10	-5.83	-0.92	-4.12	-4.42	-4.68	-0.18	1.34	0.71	-4.69	-1.43	5.38
8.32	-4.22	6.55	1.77	-6.97	-6.66	-9.18	-3.03	-1.08	-0.95	-2.12	-2.99	5.19
12.46	-8.87	5.12	2.44	-1.64	1.28	-2.68	12.38	4.57	0.79	1.85	-4.53	3.45
13.72	-7.81	10.06	9.53	-3.77	-0.76	-1.54	11.02	1.80	-1.22	-0.64	-4.10	4.70
17.17	-13.43	8.18	8.32	-2.17	-0.20	0.09	10.07	0.72	-6.16	0.97	0.85	-1.49
17.87	-8.52	4.25	5.04	-4.22	-1.40	-0.70	9.41	-4.35	-6.75	3.35	1.56	2.03
16.58	-8.55	5.13	3.95	-3.48	-2.01	0.68	6.51	1.51	-4.57	3.50	0.10	0.29
4.13	-11.68	8.72	3.83	-0.60	18.92	11.33	1.93	0.33	-8.02	-5.38	1.93	-3.18
-0.02	-9.03	10.44	3.77	-6.70	9.60	6.70	-3.36	-1.10	-2.05	-2.55	0.97	-0.95
25.42	-29.06	20.28	8.44	-9.13	20.75	5.36	-4.01	-2.75	-4.85	0.22	2.72	0.80
22.85	-30.84	15.21	11.61	-3.34	13.75	8.13	-2.43	-3.63	-2.71	1.70	5.52	-0.69
14.51	-31.56	9.28	3.08	-0.61	14.35	-0.33	-1.76	7.25	0.61	-2.27	5.65	4.07
12.18	-30.31	13.30	6.17	-1.41	16.46	0.34	-3.16	7.45	0.41	-1.91	4.98	3.17
10.87	-27.90	14.88	4.76	-3.44	15.57	2.81	-3.47	4.42	-0.52	-1.16	4.28	2.22
11.06	-31.67	13.86	-0.52	-4.08	17.38	3.40	-1.92	5.29	3.68	3.26	6.53	3.97
2.22	-17.68	10.25	6.38	-1.38	2.65	-1.14	-0.98	1.53	0.37	-0.18	0.57	0.10
-6.35	0.24	7.67	-2.29	-0.80	12.13	5.81	-4.25	-1.20	2.50	0.52	1.46	2.34
18.72	-27.80	19.63	6.06	-6.79	17.73	5.75	-3.15	1.03	-3.95	1.57	2.43	-0.35
21.85	-25.37	22.92	2.92	-7.60	21.76	3.14	0.82	0.53	-5.04	2.37	3.93	0.44
19.45	-22.06	22.73	1.37	-7.39	25.12	3.94	5.19	-0.06	-4.99	2.34	6.36	1.44
20.10	-20.94	27.28	-1.99	-5.91	22.77	4.80	8.10	-1.37	-7.07	0.87	4.42	0.79
17.64	-15.55	24.35	-6.12	-7.66	20.81	5.60	8.13	2.06	-8.13	0.75	0.44	0.82
25.28	-16.73	27.26	-8.70	-6.97	18.67	1.79	10.54	1.94	-4.42	-0.64	-1.09	0.60
14.35	-5.30	20.59	-6.77	-7.25	15.22	5.10	8.44	3.82	-5.26	0.16	-1.92	-0.57
22.55	-10.05	25.37	-10.30	-7.82	17.08	4.61	13.76	6.76	-3.93	-0.59	-3.78	0.01
5.76	5.82	3.23	-6.50	-4.76	3.80	2.45	4.56	3.80	-1.83	-5.48	-3.45	-0.46
9.78	-3.74	14.00	-5.62	-6.94	9.42	-2.14	2.86	4.67	-4.82	-2.69	-3.34	-1.47
14.64	-2.23	13.95	-6.31	-9.26	6.21	-1.43	9.16	9.03	-5.55	-0.51	0.44	-1.81
14.01	-1.83	5.19	-0.75	-6.67	1.45	-1.62	6.79	4.95	-3.46	-0.04	2.33	-0.40
8.25	-3.65	9.11	2.17	-10.44	2.13	-2.90	1.94	3.11	-2.24	0.60	2.75	1.53
16.33	8.17	9.35	4.55	-3.81	3.17	-4.30	2.13	-1.02	-0.11	4.87	0.08	2.41
34.13	10.17	1.14	0.78	4.63	0.79	-2.52	2.04	-0.50	0.45	1.78	1.27	-0.30
21.09	11.17	-0.81	0.14	3.03	2.61	-0.97	1.48	1.18	2.10	1.38	-1.57	-1.69
-8.19	3.07	2.10	3.52	2.68	1.93	0.45	-0.88	-2.35	-3.25	-2.47	-0.62	-0.17
-0.95	8.44	5.30	4.18	1.42	-1.13	-1.55	-0.74	-1.77	-0.51	0.09	1.05	0.71
-10.01	3.92	1.38	2.63	2.25	1.85	0.72	3.15	2.69	-0.75	-1.44	-1.20	2.21
-9.27	3.46	4.59	-0.89	-0.25	-2.98	-3.54	2.67	-5.90	-2.17	-1.78	-2.05	3.75
-7.25	0.45	0.82	-0.79	1.98	-4.26	-9.01	4.16	-6.06	-6.45	-0.47	-1.48	0.74
-10.23	0.98	5.15	1.57	-2.56	-0.60	-1.49	1.48	-2.75	-0.72	-1.52	-1.76	1.02
-6.34	2.54	1.77	3.07	1.44	-2.37	-3.29	-1.06	-1.07	-2.43	0.32	-0.02	-2.40
-6.84	2.03	3.26	0.77	-0.52	-1.26	-2.86	0.25	0.04	-0.08	-0.38	-1.15	-3.49
-11.45	-4.52	0.17	3.00	-0.08	-0.07	0.28	1.62	-0.45	-1.02	-1.46	-1.07	-0.74
-10.50	-1.24	-1.72	-1.28	0.30	-1.48	-2.10	-0.74	-0.48	0.33	0.18	-2.25	-1.61
-8.05	-2.31	0.97	3.92	2.11	0.32	0.40	0.81	0.97	1.34	-0.16	0.95	1.97
-7.62	-1.21	-0.21	0.62	0.94	0.67	0.05	1.47	1.21	2.25	1.79	-0.06	-0.43
-9.70	-2.83	-0.79	-0.21	0.29	0.52	0.43	2.47	0.04	1.15	3.86	1.79	0.74
-8.12	-3.15	0.50	2.24	1.03	1.45	0.10	0.74	-0.00	0.47	2.54	-0.40	0.96
-4.49	0.35	4.85	1.72	-1.35	-0.14	-0.74	-1.21	-2.30	-0.43	-1.73	-2.34	1.04
-0.27	-0.91	3.67	5.54	2.00	1.51	1.30	7.45	7.41	2.42	1.17	-0.88	-0.21
0.75	-3.96	7.72	10.60	6.62	2.21	1.73	6.85	3.35	3.21	1.62	-1.11	0.45
-1.37	-8.34	7.93	9.67	5.82	4.31	4.49	7.73	4.39	5.48	6.29	-1.71	-2.21
-10.60	-1.09	1.16	-0.50	-2.08	0.66	0.30	2.15	1.67	1.46	0.05	-0.79	1.52
-4.88	-10.28	9.40	9.72	0.62	4.36	3.36	6.71	5.27	1.75	2.29	-1.47	0.39
-3.77	-9.06	13.13	9.44	-2.23	3.75	2.58	10.78	8.29	3.29	3.19	4.65	-0.87
-1.15	-5.35	14.94	14.33	2.53	5.18	1.39	4.75	2.05	-2.65	-0.76	0.53	-0.09
-5.45	-5.26	14.08	11.21	0.55	5.03	4.28	7.68	3.61	0.41	2.36	0.56	-2.10
-4.48	-6.45	10.43	7.87	-2.80	1.36	0.65	3.09	1.74	1.36	3.52	2.48	2.11
-3.15	-2.09	10.52	5.74	-0.79	5.83	3.55	5.18	2.48	-0.42	0.34	-0.50	-0.30
-4.80	-1.17	10.68	6.37	3.94	6.90	5.10	5.85	1.38	-0.54	1.88	0.39	-1.67
-5.05	-3.55	2.93	4.61	-1.11	0.77	3.86	5.48	6.04	2.88	1.83	0.65	-0.42
-8.38	-4.08	4.31	4.18	-1.19	3.14	4.63	4.54	2.37	2.33	2.14	1.14	2.42
-9.56	-0.13	-0.80	1.31	-0.16	0.01	0.78	1.32	0.97	0.50	-0.34	0.19	0.07
-9.89	0.55	-2.49	0.45	-0.40	-0.12	0.94	-0.35	-2.02	-1.40	0.61	-0.15	-1.19
-13.57	-5.22	5.19	6.02	-0.86	-0.50	1.65	1.08	-0.34	0.97	1.86	4.59	5.17
-14.27	-5.17	1.56	0.84	-2.41	4.86	9.38	0.51	1.93	3.89	1.54	-2.30	-2.49
-6.45	-2.46	4.49	2.24	1.64	5.36	2.89	1.78	3.52	1.25	-3.81	-3.50	-1.20
-11.68	-10.30	-2.66	3.72	2.21	5.15	-0.92	-3.23	2.50	5.78	3.80	1.90	2.58
-9.98	-4.70	2.51	5.93	7.64	1.73	-0.57	4.79	5.37	-0.07	-0.69	0.20	-2.10
-10.20	-0.40	4.62	5.52	5.07	3.56	1.88	4.99	3.01	0.52	0.78	-0.46	3.00
-6.52	-3.73	5.84	7.40	6.10	8.93	3.26	4.18	4.21	-2.77	0.99	-0.55	-2.31
1.85	-1.34	7.09	8.11	0.50	1.60	-4.19	1.41	2.87	0.68	1.45	-0.97	-1.49
3.77	-3.38	1.75	-1.47	-6.22	-5.12	0.11	3.55	6.71	5.37	-1.09	-2.41	-6.73
-5.88	-2.18	-3.35	-6.34	-6.80	-3.15	-1.14	2.53	5.77	2.43	-1.62	-1.03	-1.95
-4.44	-9.06	-1.41	-4.94	-8.41	-6.22	-5.21	1.80	8.65	6.93	2.98	-3.26	0.06
-3.17	-6.15	3.30	-5.86	-11.50	-10.27	0.59	-2.32	7.03	8.24	1.97	-0.99	0.03
-9.25	-4.60	1.98	-5.30	-10.65	-6.18	0.62	0.63	5.55	4.94	8.46	1.61	0.95
-21.15	3.32	12.36	5.14	8.52	8.66	-2.11	0.53	4.10	-0.95	3.39	1.15	-6.31
-18.61	1.37	9.46	6.04	9.02	6.70	-1.67	-1.48	4.30	2.25	0.16	-1.58	-5.87
-24.51	4.37	10.63	1.05	9.02	11.49	-5.11	5.11	4.11	0.36	2.87	1.76	-4.36
-31.05	0.66	6.34	-4.94	3.69	8.83	-6.57	-0.42	7.35	2.51	2.86	0.29	-1.61
-29.14	8.88	7.03	4.28	3.42	7.68	-4.17	5.85	8.28	-1.72	5.86	-2.20	-3.03
-30.35	7.34	6.81	-0.38	3.41	6.61	-2.74	2.13	6.72	0.40	4.98	-2.40	-8.26
-31.27	2.67	6.55	1.32	4.52	3.05	-4.75	-1.01	7.21	-0.08	-0.77	-2.60	-6.15
-33.04	-3.58	8.38	2.65	-0.28	2.60	-0.93	5.91	6.09	1.71	0.87	-2.97	1.17
-29.75	8.57	2.32	-1.60	-6.63	0.50	-8.26	2.01	1.47	-5.40	3.40	-3.16	-3.82
-32.91	4.96	-2.81	-7.93	-2.65	2.05	-4.03	-0.02	1.95	-0.57	1.05	-5.36	-6.02
-39.52	7.23	-4.27	-9.46	0.96	5.23	-5.36	2.93	1.61	-0.40	6.72	4.79	2.14
-39.87	9.39	-0.94	-3.80	2.57	6.15	-4.44	4.01	6.06	1.16	2.42	-3.73	-0.60
-38.15	13.44	-0.38	-4.55	1.48	7.82	-3.46	4.22	0.69	-4.68	-0.43	-3.72	-1.64
-35.70	15.19	-0.33	-5.18	2.44	1.84	-5.37	3.08	0.03	-2.78	3.66	0.87	-2.08
-40.25	9.24	-0.21	-6.67	7.55	6.78	1.34	7.68	1.42	-1.99	3.11	-0.85	-0.49
-31.02	11.22	-3.03	-9.15	6.76	2.55	-5.11	4.43	3.77	-1.92	3.90	0.37	-1.32
-27.44	6.70	10.35	0.62	0.70	0.03	-5.38	4.39	2.88	1.56	5.19	-1.42	0.99
-35.55	4.96	0.03	-9.71	1.77	-2.49	-11.13	0.20	-7.31	-5.64	-0.04	-6.07	-5.17
-26.79	6.36	6.15	-6.66	4.47	1.74	-3.75	1.55	-2.04	0.78	3.80	-2.81	0.13
-24.53	2.07	7.28	1.52	7.20	3.47	-4.43	7.76	4.83	6.32	7.63	-2.69	0.97
-13.34	-2.72	9.28	7.41	8.50	1.39	-2.94	5.06	1.47	0.31	0.05	-4.80	-0.49
-3.31	-3.04	7.73	10.08	6.89	-1.09	-8.15	-3.54	-4.52	2.02	-0.72	-8.55	-3.73
0.01	-7.27	9.78	10.33	3.14	1.22	-13.66	-2.59	-2.01	-3.50	3.02	-9.04	-4.01
-1.91	-7.96	9.59	4.76	2.27	-2.96	-11.24	-2.72	-4.35	-2.04	3.57	-3.18	-4.54
2.22	-19.60	5.17	5.63	3.21	-0.51	-12.55	-1.05	0.14	-3.45	-0.26	-5.90	-4.21
1.52	-26.29	5.53	6.55	4.79	3.11	-10.22	4.30	3.52	-0.51	0.03	-3.27	-4.36
-2.01	-26.96	13.00	6.02	3.96	9.59	-9.70	-0.39	6.42	2.77	-0.33	-6.62	-4.45
-3.91	-27.17	17.15	10.82	3.60	1.23	-14.33	-1.98	1.30	-2.99	-1.50	-3.28	-0.52
0.55	-19.87	16.81	5.95	4.88	-2.34	-17.74	-1.60	-3.35	-2.20	0.42	-1.99	-4.69
-3.37	-14.52	19.52	3.67	-1.55	-2.18	-15.43	-2.65	-2.72	-2.69	5.20	1.81	1.14
-5.99	-22.34	13.05	4.76	0.15	-7.48	-15.49	-4.52	5.66	3.61	0.95	3.22	3.94
-9.85	-13.90	9.28	0.48	-4.47	-6.21	-9.99	-1.13	3.72	1.86	2.01	4.16	8.53
-6.59	-0.67	4.54	3.43	1.51	-0.88	-2.66	3.49	7.59	2.91	-1.57	0.99	2.24
-9.84	-2.89	4.47	0.45	-1.27	2.77	-0.52	-1.19	0.31	2.40	2.83	0.56	-0.94
2.46	-3.04	12.38	6.39	4.13	3.66	-2.48	-1.74	-0.30	-0.60	1.67	-0.57	6.06
1.96	-3.48	4.42	8.14	7.40	1.52	-4.26	-3.16	-0.07	-0.30	3.91	0.20	3.02
2.89	2.15	11.30	11.16	3.71	3.66	-4.04	-2.40	-0.39	-1.95	3.20	-2.32	1.40
-0.16	-1.92	10.00	8.82	5.93	1.40	-4.52	-1.63	-2.53	-0.10	-0.82	-3.13	1.97
1.27	0.56	9.68	7.91	-0.45	-0.84	-2.10	2.91	1.57	2.83	0.59	-4.99	0.44
-0.56	0.43	12.08	6.80	-1.69	-1.69	-3.98	1.03	2.50	-1.37	-1.56	-5.97	-1.46
-8.39	0.85	2.03	2.43	0.03	1.39	2.43	2.28	1.50	2.37	1.38	0.40	0.07
-6.98	2.61	1.47	3.10	0.84	0.58	1.65	0.73	0.19	-0.66	0.70	1.39	-0.11
-7.99	-2.27	4.03	6.00	3.58	4.31	1.34	-0.85	3.82	2.27	4.02	-0.61	0.64
-2.96	0.63	4.14	3.83	5.89	6.13	1.90	-4.63	-0.33	-2.64	1.02	2.10	3.95
-6.28	-12.21	-0.78	6.61	3.94	1.72	2.17	3.63	-1.83	0.54	4.40	4.87	0.92
3.05	-20.52	2.31	16.71	7.36	3.74	5.61	3.94	-0.54	3.83	5.73	3.88	-3.88
-1.25	-25.39	8.65	15.70	4.28	4.23	13.48	3.43	-5.36	13.37	5.51	1.48	-4.76
3.81	-30.63	14.13	12.58	7.43	4.52	7.54	-1.49	-5.91	11.74	3.04	1.40	-5.85
4.53	-27.16	14.21	13.44	9.32	3.35	6.36	-3.51	-5.77	10.36	2.17	2.52	-5.55
3.76	-25.12	12.81	11.63	7.14	8.42	0.73	1.57	-7.07	8.54	2.94	2.99	-6.05
-5.04	-0.89	0.04	3.79	3.17	3.60	2.74	0.68	-1.75	1.97	5.45	1.20	-2.66
-7.63	0.61	-0.88	0.30	-0.49	0.87	1.66	1.37	-0.28	-1.16	0.99	2.80	-0.19
7.44	-23.59	14.61	13.99	7.89	14.03	-1.19	-1.61	0.55	2.68	3.33	2.62	-2.39
10.95	-21.33	9.56	17.90	3.40	18.41	-5.00	1.52	-0.31	-0.71	2.81	2.29	-5.07
11.02	-15.37	7.53	14.91	0.51	16.12	-2.92	2.30	-1.29	-3.08	-0.04	5.92	-4.19
12.04	-13.18	9.06	11.34	1.20	14.76	1.61	-2.84	3.90	-4.92	-2.18	10.14	-6.17
14.10	-9.81	5.15	10.85	0.93	14.64	3.48	-2.02	3.22	-6.38	-0.94	12.24	-3.70
16.46	-7.49	1.02	10.44	0.21	12.78	5.01	0.69	3.13	-7.67	2.57	8.94	0.99
15.68	-5.83	3.44	7.14	-0.13	12.64	8.11	5.88	5.64	-8.74	3.14	8.64	3.96
14.31	-2.88	9.46	8.18	0.26	14.09	9.89	9.94	6.45	-9.20	1.80	10.21	4.24
-3.98	6.97	2.68	0.25	1.07	3.06	1.29	0.93	0.30	-0.03	-0.53	-1.18	-0.58
-3.75	1.34	3.00	2.23	4.91	11.77	8.56	6.26	2.27	0.88	0.33	4.56	2.54
-4.04	-1.66	13.48	9.79	4.29	4.08	10.54	7.53	1.54	-2.96	1.17	-6.91	2.13
-3.37	-5.29	14.32	10.73	3.86	0.90	0.52	5.07	-0.51	-0.14	2.24	-4.53	2.52
15.21	9.80	22.06	5.20	-3.27	0.04	-6.59	2.64	-4.48	-2.67	1.48	-5.63	0.26
-10.35	6.24	8.40	4.98	3.38	-1.96	1.87	0.37	0.18	-3.62	3.43	-2.09	1.87
-0.30	-4.76	17.26	12.47	2.81	0.19	-1.64	5.85	1.53	-3.85	1.51	0.92	-1.24
-4.14	-6.61	11.33	11.36	5.14	-0.53	-3.41	6.77	3.09	-3.41	-1.15	-0.36	0.17
-2.48	-2.47	10.99	14.04	5.10	0.62	0.26	5.61	3.01	-1.83	-0.72	0.99	3.24
-5.41	-3.14	12.35	8.23	-0.82	-0.75	-1.91	2.18	-1.85	-3.97	0.81	-1.06	-2.28
-11.86	-0.58	-1.01	-0.37	-0.87	-0.09	-0.49	0.09	-0.20	-0.16	0.34	0.01	-0.31
-10.72	0.41	-0.47	0.10	-1.52	-0.09	0.09	-0.45	0.48	0.70	-0.72	0.18	0.56
-11.21	-8.96	9.89	7.79	-0.33	1.31	-1.18	3.46	2.92	-2.26	-1.56	-1.03	-0.65
-12.17	-7.67	7.60	5.38	-0.43	-1.13	-0.37	5.20	-1.25	-2.77	2.44	-2.28	-1.21
-11.78	-6.00	6.34	2.73	-1.01	-0.19	-1.23	2.57	-1.48	-2.01	2.45	-1.89	-1.74
-12.16	-7.74	3.78	3.61	-1.40	-0.21	-2.11	0.50	0.72	-2.03	-1.86	-2.97	-2.74
-12.29	-6.17	5.51	2.51	-1.96	1.42	-0.99	-0.03	0.19	-0.19	1.09	-2.62	-2.13
-9.03	-5.24	2.77	6.13	0.17	-2.12	-0.93	2.01	0.15	-2.06	-0.65	-0.99	-1.38
-10.51	0.17	2.41	2.09	-0.30	1.25	0.36	-0.74	-1.83	-1.87	-1.07	-2.09	-2.55
-10.61	-1.93	1.49	2.14	-0.77	0.02	-0.12	-0.19	1.07	1.25	-0.95	-0.61	1.01
-9.97	-2.03	3.13	2.85	0.56	-0.33	-1.85	1.75	-0.32	-3.33	-0.99	-1.40	-2.11
-10.44	-2.06	1.43	2.67	-0.37	-1.22	-0.83	0.98	-0.38	-1.58	-1.05	-0.90	-0.85
-10.93	-1.91	1.57	1.74	-0.32	0.40	-0.41	1.36	0.92	-0.86	-0.08	0.76	0.33
-10.17	-1.97	0.08	2.27	0.07	-0.15	-0.29	1.25	1.20	0.03	-0.19	-0.23	0.49
-10.53	-1.98	1.23	2.52	0.14	0.52	0.86	1.61	1.24	0.26	0.41	0.43	-0.07
-12.17	-2.62	0.76	1.80	-0.70	-0.05	0.71	1.57	1.10	1.20	0.58	0.27	1.73
-11.07	0.47	-1.03	-0.71	-0.43	-0.48	0.42	1.68	0.06	0.32	0.40	0.75	-0.59
-11.90	-0.11	-1.17	0.20	-0.01	-0.14	0.74	0.98	0.47	0.31	-0.01	0.15	0.27
-12.72	-2.88	0.20	-0.33	-1.95	-0.74	-0.14	1.39	0.00	0.43	0.07	-2.01	-0.11
-12.09	-3.03	0.09	-0.20	-0.07	0.50	0.46	0.33	-0.42	0.37	0.85	-0.53	1.82
-12.30	-2.55	5.33	2.08	-0.51	0.67	-0.49	1.19	-0.58	0.09	-0.85	-1.96	2.03
-12.97	-5.08	1.88	3.13	-1.31	3.33	3.45	0.28	1.17	1.02	0.03	-2.77	1.58
-10.97	-3.02	1.89	4.52	-1.57	0.76	1.33	0.40	1.88	0.88	-0.61	-1.16	2.63
-10.66	-6.76	0.50	1.88	-0.06	1.93	0.40	1.44	5.13	2.49	-0.43	-0.49	2.02
-13.54	-6.27	-1.30	4.04	-1.05	-0.66	-4.08	-0.10	5.97	-1.39	-1.85	-2.85	2.13
-16.63	-6.06	0.34	6.78	-0.06	2.22	4.46	3.02	2.77	-0.68	-0.66	-4.15	-1.45
-11.92	-0.29	-2.31	-1.02	-1.77	2.13	2.57	0.18	-0.03	0.38	0.42	0.46	0.07
-10.41	-4.32	-0.16	4.84	4.96	7.84	6.45	5.94	4.49	0.01	2.02	1.65	-1.61
-3.50	-0.68	4.28	8.87	5.12	2.50	3.37	3.75	-0.85	-0.91	-1.11	-3.74	-5.62
0.74	5.26	1.79	4.40	6.37	3.98	3.22	1.51	2.40	-2.11	-3.63	0.38	1.90
3.45	7.19	3.99	2.51	-2.15	0.81	0.24	0.23	-3.17	-3.40	-1.72	-1.25	-1.77
4.38	6.06	2.43	-0.47	-4.12	-3.21	-3.00	-2.06	-2.79	-3.83	-4.50	-2.30	-1.78
-0.62	4.66	-0.82	-2.85	-4.18	-3.40	-1.64	0.65	-0.12	-1.22	0.84	1.49	1.51
-7.95	-0.47	-1.63	-1.30	-3.81	-2.90	0.02	1.45	1.39	0.96	0.71	3.18	4.24
-5.00	3.06	0.71	1.57	-0.46	-1.35	-0.92	1.56	3.06	-0.09	-1.10	-0.64	-0.84
-3.95	1.34	-1.15	-2.29	-4.29	-2.62	-1.31	0.99	2.84	3.70	1.36	1.55	1.45
-5.46	2.57	-0.14	-1.60	-4.89	-3.70	-0.91	-0.53	3.67	3.23	0.96	0.51	0.37
-8.45	1.10	-1.09	-1.11	-4.44	-2.58	-0.13	-0.89	-0.19	-0.07	-1.85	-1.78	0.92
-9.60	0.29	-1.77	-3.32	-3.95	-2.51	0.63	1.30	2.52	2.51	0.89	0.59	-0.90
-8.37	0.72	0.20	-2.04	-6.40	-4.86	-1.36	-2.03	2.10	3.64	0.49	0.41	-0.05
-5.84	1.08	0.33	-0.10	-4.09	-4.25	-3.29	-1.82	2.19	3.04	1.97	2.36	1.98
-6.77	1.71	1.78	1.64	-2.69	-3.05	-1.88	-2.61	-1.08	-1.28	-0.38	1.30	2.19
-5.91	0.58	-0.90	0.54	-3.57	-3.06	-3.37	-1.99	1.30	2.96	-1.71	-1.91	3.46
-10.81	-2.71	-5.43	-4.88	-1.79	-0.55	-1.25	1.12	3.50	3.99	3.03	1.77	2.99
-8.18	-1.81	0.08	0.86	-2.32	-2.32	-2.40	-1.47	1.83	2.16	0.95	1.63	3.01
-7.44	-0.01	0.07	0.10	-2.50	-0.75	-0.09	-0.27	0.49	1.11	0.35	-1.34	-0.71
-8.36	-1.44	0.16	0.87	-3.25	-2.29	-0.63	-0.25	-0.60	0.71	0.26	0.26	0.48
-8.64	-4.02	-0.76	1.60	-2.50	-2.96	-2.23	-0.55	-0.05	2.50	-0.47	-0.34	2.00
-9.17	-3.01	-2.07	0.59	-1.53	0.64	1.71	1.23	0.85	2.69	0.86	0.82	2.64
-8.89	-0.86	0.17	1.29	-1.20	0.07	-1.76	-2.72	-0.34	-0.17	-1.53	-0.60	1.97
-3.32	0.59	-1.83	-0.41	-4.50	-1.99	0.84	0.94	1.20	1.96	-0.33	-0.36	-0.30
-4.61	3.53	2.58	-0.94	-1.15	0.32	-0.68	-0.55	-1.72	-0.54	0.98	1.42	-0.07
-7.32	-0.48	1.35	3.00	-1.72	1.75	0.96	1.14	2.11	2.74	-1.96	-0.99	3.09
-5.82	1.63	-0.27	1.03	-1.08	-0.96	-0.95	0.72	1.79	0.81	-0.13	0.09	1.63
-6.34	1.20	0.59	0.15	-3.63	-0.48	0.45	0.70	1.15	0.40	-2.57	-2.02	-1.13
1.67	2.53	-3.80	2.33	5.82	4.37	0.52	2.44	4.48	2.91	4.53	5.23	0.43
-0.76	1.60	-0.81	-1.12	-2.54	3.88	0.76	3.22	7.27	5.93	3.16	1.40	-0.00
-3.66	4.58	-2.16	0.34	-1.19	-0.78	0.50	1.31	4.07	4.91	2.97	4.10	3.85
-3.83	4.58	-2.05	-2.26	3.48	-1.42	0.19	6.35	5.86	6.63	6.48	3.73	3.01
-4.39	3.59	2.96	0.44	-0.91	-0.81	-5.40	2.60	-0.37	2.74	4.22	1.94	2.47
-3.51	6.87	1.03	4.03	-0.41	-0.21	-1.16	2.94	4.35	3.04	4.82	-0.50	-4.50
-4.30	-2.16	1.08	2.15	0.67	1.45	1.61	4.82	6.98	8.91	3.25	0.25	3.21
-6.00	6.16	1.52	0.88	1.68	4.82	2.81	1.71	2.12	6.53	5.60	-1.26	-1.51
-1.58	5.22	2.10	3.11	5.23	7.13	2.55	0.94	-1.14	-0.81	-1.20	-3.76	-1.61
-5.40	3.56	-1.22	2.04	5.14	4.46	4.31	1.04	5.05	1.19	-1.67	-5.01	-2.39
-3.50	1.22	-3.62	-2.97	-2.07	4.91	7.06	-0.58	-7.96	-4.47	-7.13	-4.99	-3.12
-5.16	1.97	-1.16	-3.72	-0.91	0.68	-0.55	2.28	-1.16	-2.84	-1.56	-1.59	0.84
-9.70	7.71	-0.91	-11.15	10.64	2.66	5.14	7.31	-4.95	0.78	-3.00	-2.52	0.96
-2.30	0.35	-9.70	-2.89	4.81	6.94	3.06	0.03	-0.81	-0.65	-0.36	1.41	4.12
-1.79	1.94	-5.74	1.38	6.30	4.03	2.45	-4.46	-0.00	-1.73	-3.87	1.97	2.19
-6.50	-4.58	-8.44	-1.51	-2.89	6.13	0.02	-4.69	-1.34	0.36	-0.61	-0.87	2.17
1.27	-1.61	-4.92	0.26	3.46	3.09	0.45	-4.38	-3.12	-1.26	-2.29	-2.38	-0.83
1.31	-2.77	-1.03	0.85	-0.77	6.12	-0.02	-1.81	-2.49	0.65	1.53	0.31	-0.77
-2.04	-0.32	-3.49	3.68	-0.03	-7.43	-2.33	-1.47	-1.20	-0.16	0.26	-1.15	-1.15
-4.82	2.33	-1.77	-0.19	-1.48	2.28	4.50	6.70	0.89	1.08	1.86	-0.64	-2.07
6.61	-0.42	0.21	4.38	-0.74	-6.20	-4.45	-1.73	-2.70	1.34	-0.74	-4.99	-2.17
4.09	5.01	-0.77	-2.01	-5.42	-8.18	-7.85	-3.43	0.29	2.27	2.01	-4.49	-5.76
5.11	0.61	1.36	-2.56	2.68	1.74	-0.80	-2.35	0.96	3.63	2.11	-5.26	-5.43
0.30	-3.52	0.64	2.03	1.76	-0.08	3.49	1.25	1.30	0.74	-1.31	-5.67	-1.89
-1.21	-1.47	3.65	4.06	3.90	-2.70	-2.69	-7.34	-5.15	1.64	-1.76	-2.53	-1.84
5.82	4.40	-0.47	-3.54	-0.93	-4.05	-2.05	-0.55	-5.75	-2.83	1.45	-0.55	2.20
-3.97	2.68	0.62	3.32	4.14	-0.62	-4.00	-2.23	0.83	-2.41	-3.57	1.04	3.01
-12.05	2.31	0.80	-2.98	-1.27	0.44	0.24	-1.72	-0.06	-0.40	2.27	-1.41	-2.96
-5.43	-3.66	-6.38	-2.31	-3.28	-1.55	0.60	3.29	1.64	-1.72	0.28	-2.39	-1.21
-7.56	-2.38	-4.90	3.12	-1.79	-2.29	-2.93	3.72	4.10	1.53	2.18	4.34	4.78
-9.71	1.81	0.88	3.65	-3.58	-2.00	3.33	1.11	-0.52	-0.66	-1.75	-1.46	2.86
-7.38	1.31	-1.95	2.28	2.97	-3.15	-0.98	0.18	-1.20	3.64	2.11	-1.67	2.24
-6.32	2.17	-1.27	4.07	5.34	5.33	2.90	1.43	3.42	0.35	0.65	2.82	3.59
-7.57	3.40	2.94	5.73	0.28	0.08	2.66	6.11	5.40	2.59	-1.68	1.35	0.75
-3.94	1.77	-3.09	7.36	0.41	-2.39	4.85	6.94	4.26	3.06	1.67	-0.92	-0.41
-6.19	1.43	8.48	7.57	-2.04	-1.65	1.89	3.13	0.28	1.00	3.49	-0.23	-2.62
-6.16	2.88	1.46	5.70	-0.31	0.04	2.34	0.04	-2.11	0.35	6.77	-0.69	0.56
-11.74	-0.73	1.92	4.24	-0.44	-0.27	-1.61	-1.03	-1.24	1.16	2.07	1.30	0.15
-6.22	2.69	4.29	13.08	7.84	2.47	3.16	5.01	-2.01	1.33	3.36	-2.54	1.52
1.25	2.81	3.09	12.96	8.48	2.94	6.91	8.53	1.05	-0.94	3.13	-0.15	3.20
1.57	0.70	0.33	15.30	6.74	5.41	8.79	7.38	0.46	-2.95	2.49	1.98	1.46
9.71	0.59	1.90	9.24	5.21	3.02	6.47	13.04	2.05	-6.40	1.10	-1.54	1.98
10.17	-4.38	-0.66	2.49	-1.15	2.05	6.34	8.59	3.37	-1.52	2.07	-1.31	2.74
5.43	5.47	6.59	5.64	3.96	7.79	5.34	5.46	-1.21	-5.25	0.22	1.46	0.21
4.35	0.59	-0.16	8.14	10.17	6.60	6.88	4.90	-1.18	-2.30	0.38	2.16	1.25
4.10	-1.66	3.89	6.92	7.23	8.25	5.76	3.75	-0.84	-3.67	-1.70	4.82	3.46
-3.39	-2.04	3.90	4.62	4.94	9.38	8.75	5.55	3.15	-1.66	1.24	6.02	1.12
1.06	-9.70	3.53	7.35	5.75	7.54	4.29	-0.20	-2.99	-3.13	3.88	7.42	-3.05
-7.23	-8.57	-2.14	9.64	5.47	0.79	2.50	4.61	2.79	3.40	6.32	4.74	-1.83
-7.02	-14.03	-3.85	11.81	10.25	3.29	2.56	6.34	0.14	-2.20	5.35	5.89	-0.43
14.04	-25.51	0.30	12.59	13.00	5.66	-6.27	10.37	2.12	-3.81	10.88	6.65	-6.14
11.90	-24.05	2.00	15.15	11.98	7.14	-9.45	9.43	3.40	-6.41	12.09	6.29	-4.83
13.23	-26.25	2.32	17.86	9.07	9.47	-3.61	9.90	-1.64	-4.64	11.33	3.33	-2.68
15.51	-26.03	9.92	16.22	2.39	12.87	3.37	2.79	-2.59	-2.14	11.97	3.07	-0.03
9.84	-20.75	12.83	10.14	1.36	17.00	4.90	2.68	-0.80	-2.03	8.29	6.82	1.67
13.65	-16.68	12.90	8.53	-2.88	17.26	5.80	4.98	3.87	-6.88	7.48	6.12	4.01
12.97	-12.11	8.92	4.96	-3.70	18.88	8.58	8.70	6.26	-8.54	7.77	5.93	6.17
9.73	-1.76	7.90	4.42	-4.90	13.15	8.35	9.48	11.14	-7.59	5.78	5.17	4.01
2.57	11.06	5.12	-1.78	0.78	3.85	3.22	10.05	9.76	2.81	0.49	2.02	0.10
3.58	14.37	12.81	-0.52	-2.75	0.90	1.49	7.23	8.37	2.90	2.30	1.38	-3.65
13.08	9.08	19.63	-0.60	-7.30	5.99	2.54	7.81	10.49	2.32	6.23	5.95	-5.87
10.81	8.55	16.90	5.18	-4.99	5.38	-0.00	5.45	8.63	3.47	3.03	3.47	-3.35
10.83	13.26	10.88	-3.68	-5.29	1.97	-1.84	6.08	9.10	-0.65	4.79	-1.82	-4.98
2.06	7.60	4.14	5.13	-0.68	-1.87	-2.17	2.35	1.09	1.65	5.29	-0.30	-1.38
-1.30	4.27	2.74	1.03	1.50	0.74	-2.24	1.76	2.45	2.48	1.45	-2.97	-2.41
0.39	4.69	3.97	7.63	5.42	1.61	0.78	4.99	6.63	3.85	3.35	1.65	-0.40
21.28	13.30	2.98	-0.57	-1.24	0.33	-0.23	2.23	3.15	2.67	1.87	3.25	3.58
39.22	-0.05	-9.55	3.26	6.30	3.24	-0.33	-1.98	-2.06	-4.25	-2.09	1.06	-0.40
-11.03	-0.38	-1.79	0.04	-0.48	0.13	-0.16	0.18	-0.08	0.16	0.30	0.53	0.42
-1.58	7.57	4.41	4.68	4.07	3.52	0.39	-2.55	-3.86	-2.04	0.01	1.37	1.00
-2.76	2.78	0.78	4.15	2.25	2.52	2.85	4.58	3.68	3.34	1.60	0.99	1.41
15.98	15.00	8.29	10.57	4.71	0.88	-1.15	3.99	1.43	3.02	2.04	-1.77	-0.02
-2.67	5.43	4.30	6.18	1.51	0.73	1.14	0.98	-0.11	0.33	0.33	-0.16	1.59
-10.40	0.42	-0.85	0.46	-0.18	0.53	0.35	0.55	0.42	0.21	0.01	-0.09	-0.14
-10.32	0.30	-0.99	0.36	-0.18	0.38	0.26	0.04	-0.18	-0.12	-0.63	-0.97	-1.59
-11.05	-0.23	-1.28	0.15	-0.62	-0.15	-0.22	0.07	-0.07	0.00	-0.13	-0.31	-0.82
-11.43	-0.30	-1.46	-0.16	-0.62	-0.19	-0.14	-0.08	-0.28	-0.59	-0.92	-1.01	-1.20
-10.79	-0.13	-1.22	0.08	-0.58	-0.18	-0.10	0.20	0.10	0.01	-0.26	-0.35	-0.65
-10.24	0.24	-1.27	0.35	0.11	0.67	0.79	1.27	0.76	1.49	1.45	1.16	1.37
-10.66	-0.03	-2.34	-0.85	-0.25	0.08	-0.04	-0.43	-0.32	0.27	0.20	0.34	-0.48
-10.18	1.00	-0.18	1.17	1.02	1.89	1.52	1.95	1.52	1.57	1.47	1.36	1.27
-9.41	1.44	-0.01	1.51	1.12	1.47	1.55	1.70	1.67	1.93	1.66	1.44	1.24
-9.07	1.59	0.23	1.45	0.71	1.18	1.14	1.54	1.84	1.99	1.86	1.59	1.06
-8.52	1.85	0.44	2.04	1.49	1.96	1.97	2.41	2.45	2.24	1.78	1.70	1.37
-8.46	1.85	0.84	2.16	1.47	2.22	2.31	2.43	1.92	1.70	1.53	1.23	1.35
-7.03	3.87	1.95	3.00	1.92	2.53	2.53	2.76	2.28	2.34	1.78	1.44	0.70
-6.26	3.32	1.80	3.60	3.17	4.25	3.55	3.63	2.52	2.66	2.99	2.60	1.10
-7.60	1.92	1.36	2.94	2.63	3.42	2.24	2.40	2.82	2.27	2.22	2.58	1.34
-8.28	0.85	0.64	2.03	1.11	1.29	1.19	1.96	2.58	2.21	2.43	2.52	1.53
-8.25	1.63	0.93	1.50	0.36	1.44	0.60	1.89	2.77	2.80	4.43	4.58	3.05
-13.71	-1.50	-0.38	1.20	-0.57	0.69	2.02	2.42	2.55	3.21	2.02	2.00	1.38
-11.15	0.90	1.45	4.00	0.28	0.61	3.41	3.32	1.47	1.75	0.51	1.59	1.16
-8.21	2.06	2.65	3.36	1.54	2.48	2.80	1.77	1.73	1.82	3.42	3.07	2.30
-8.17	0.79	2.63	3.87	3.02	3.35	2.23	2.15	3.16	0.24	1.54	2.47	0.08
-8.49	0.91	1.25	3.06	3.20	5.92	2.33	3.38	2.82	2.78	3.67	3.82	1.08
-10.01	-0.37	2.36	3.87	1.62	0.40	0.97	4.24	1.23	2.00	2.00	1.43	1.50
-15.81	-0.03	-0.81	-0.59	-1.68	1.05	-1.39	1.09	-1.82	3.33	1.05	-1.50	2.47
-10.82	0.87	1.06	0.20	1.41	7.20	0.68	2.58	4.37	3.54	3.05	0.36	-0.17
-16.51	-1.43	4.71	2.84	3.99	4.28	-0.83	1.41	4.08	3.98	1.98	1.35	-0.40
-12.56	2.45	4.25	1.42	4.45	2.26	0.00	4.60	2.01	6.10	1.17	0.12	2.63
-12.34	-1.34	-0.58	1.81	0.34	2.06	0.30	-0.02	1.31	0.00	-0.55	1.24	1.54
-9.48	1.38	3.13	1.36	-0.98	0.96	0.43	0.35	0.95	-0.54	-0.33	-0.27	-1.75
-8.81	0.56	3.25	-0.07	3.19	4.50	0.71	2.99	0.57	2.02	-1.64	-3.40	-3.83
-15.11	-1.30	1.98	2.34	2.89	1.70	1.75	1.89	5.45	0.64	0.83	-0.28	0.82
-14.29	-0.89	5.91	5.08	1.51	1.86	-0.19	1.74	2.19	1.60	-0.93	-2.96	-2.25
-12.61	1.80	0.76	1.54	2.32	0.39	0.58	3.66	-0.34	3.32	3.40	-0.71	-3.84
-11.14	-0.20	2.24	1.72	1.82	0.13	-0.51	3.23	-0.52	-1.71	1.65	-1.04	0.39
-9.68	1.46	2.45	0.42	-0.47	-1.41	-1.77	2.29	1.28	-1.28	-0.05	-1.54	-1.31
-8.25	0.49	1.67	1.65	2.73	3.09	1.72	3.02	0.85	0.45	-1.46	-3.21	-3.00
-7.72	1.65	0.81	0.68	1.31	3.21	4.56	6.10	3.68	-0.44	0.19	-2.34	-0.90
-9.90	-2.90	-2.42	1.25	0.23	0.14	1.64	2.26	1.28	3.50	2.36	-0.18	1.21
-7.31	1.48	-0.38	0.46	-1.67	1.58	-0.60	1.30	1.73	3.21	2.04	0.36	0.38
-1.30	0.58	-1.15	2.28	0.74	-0.11	-1.38	-2.41	-1.63	0.55	2.20	1.23	1.43
-1.91	3.22	-1.75	-1.20	-2.32	-2.07	-3.42	-3.24	-3.25	-0.91	2.82	5.06	4.74
1.81	8.74	3.77	1.94	1.62	0.07	-0.02	1.05	0.35	0.64	1.15	1.55	2.54
-1.37	2.66	0.32	2.71	2.98	3.13	2.12	0.29	-1.31	-0.02	1.14	0.27	1.22
-4.07	0.70	-1.32	1.56	2.74	1.83	1.86	1.34	0.23	1.76	0.80	1.25	1.41
-4.29	0.22	-0.67	3.54	3.82	3.90	2.84	0.74	-1.15	1.13	2.14	2.16	2.11
-2.38	2.25	1.33	3.83	3.36	3.49	3.29	3.71	2.97	2.49	1.97	1.81	2.19
-4.18	1.81	2.10	3.78	1.98	2.21	3.11	2.78	0.15	1.21	1.83	1.47	0.77
1.30	4.20	-0.89	-0.98	-3.67	-1.73	0.56	2.52	1.66	2.61	2.50	2.73	0.88
7.67	6.14	0.38	1.17	0.48	-1.01	-2.35	-0.75	-2.05	-1.45	2.23	3.66	3.56
4.72	2.76	-2.19	-2.92	-1.90	-0.82	-2.38	-3.01	-3.78	-2.27	1.41	1.52	-0.26
3.96	2.70	-2.94	-2.51	-1.62	0.34	-1.44	-3.09	-3.84	-1.58	0.82	-1.45	-4.36
-0.04	0.03	-4.91	-3.01	-2.18	-1.30	-1.61	-1.41	-0.33	1.07	2.53	1.98	0.83
-12.18	-14.86	-3.52	-1.79	-7.33	-5.97	-5.45	-2.35	3.64	4.61	2.19	0.32	3.78
-2.73	-10.23	1.93	3.28	1.21	-1.97	-5.75	-2.11	3.27	-0.08	1.21	-0.94	2.25
-4.51	-11.49	-2.25	3.78	-5.65	-3.35	-5.82	-4.31	-0.09	2.19	-3.24	-2.30	4.47
-4.04	-6.15	1.58	2.61	-1.90	-2.85	-8.91	-1.23	1.16	-1.94	0.41	1.50	0.34
-15.95	-1.49	6.60	1.41	1.89	-0.22	-4.06	1.66	-2.17	-0.25	-6.43	2.06	-0.53
-3.98	-6.47	-1.95	5.50	3.81	2.20	-2.70	-2.65	2.99	1.94	-1.78	-4.35	-1.15
-6.63	-10.91	-3.05	4.41	2.86	2.28	-4.89	0.04	2.11	6.33	5.43	5.13	2.32
-12.35	-10.03	-3.54	3.58	1.43	-1.33	-5.19	0.67	2.34	2.81	2.20	-0.64	-0.35
-14.57	3.10	1.54	2.99	3.52	2.74	0.60	3.01	-4.05	0.86	-5.16	-3.07	-2.56
-14.71	4.70	4.99	4.74	4.82	-7.03	-1.49	2.71	-1.40	3.33	-1.48	1.64	-2.28
-8.73	1.92	4.08	4.57	0.96	-2.32	-0.22	-1.19	0.55	0.62	-1.76	0.84	-0.91
-5.79	2.85	4.32	9.34	4.23	4.27	1.89	1.95	-0.27	-0.93	0.23	-3.69	-2.45
-9.60	-10.16	2.74	8.58	2.92	2.90	-1.55	3.05	2.86	3.96	3.74	-1.93	-4.72
-8.79	-2.31	9.68	15.23	6.44	4.43	5.57	-0.95	-0.37	0.24	1.25	-3.14	-4.50
-8.71	-1.07	6.59	8.99	8.71	6.03	0.87	2.79	3.51	-0.37	1.51	-5.35	-6.25
-2.65	-0.80	4.75	14.85	5.25	0.14	-5.12	0.50	1.14	1.38	-0.58	-5.41	-2.16
-7.87	-0.83	-0.23	1.49	-3.25	-1.32	-0.38	-0.02	-1.07	-3.92	-1.97	0.58	0.89
-9.23	-5.38	3.55	7.46	-0.71	-0.93	-1.54	5.86	-1.16	-1.67	3.60	5.28	5.86
-5.49	-1.89	9.73	14.24	7.44	2.75	3.82	1.60	-0.83	0.35	3.96	1.00	-2.48
-6.00	-4.20	2.11	11.36	8.15	2.55	1.63	1.26	-3.35	-6.48	1.96	-1.44	-4.29
-0.80	-0.64	8.09	15.16	5.88	2.59	1.08	3.69	-0.07	-4.17	3.25	-0.68	-2.99
-2.02	-1.62	4.38	11.69	6.00	3.69	2.46	3.03	-1.27	1.44	3.19	2.06	-1.75
-8.58	-7.07	0.22	5.07	3.70	1.93	-1.83	3.89	-2.11	-1.57	4.05	0.41	-2.69
-6.02	-4.27	-0.88	8.67	1.47	-0.20	1.28	8.51	2.99	1.40	4.40	5.23	1.38
-7.44	0.11	2.31	2.10	3.77	3.71	1.93	2.91	1.29	-1.54	-2.22	-1.98	-1.18
-8.90	-0.27	-0.37	-1.49	-3.10	-4.63	-1.59	-0.92	1.95	1.41	-0.31	0.36	-1.19
-7.83	-6.22	-2.28	6.52	3.00	-0.58	2.92	8.64	3.28	2.61	1.58	-0.18	-1.41
-2.96	-14.31	-3.31	5.73	4.15	-0.09	3.48	9.12	5.78	1.63	2.25	-0.66	-0.06
-5.96	-12.74	-1.67	5.97	0.84	1.26	4.76	2.32	0.71	-2.41	-2.19	-2.20	2.38
-4.80	-3.94	-2.97	1.66	1.36	0.39	2.65	1.18	-2.00	1.28	4.32	-0.63	0.82
-5.99	-9.61	-2.19	2.11	-1.14	0.51	1.94	-3.16	-0.01	5.75	5.34	2.45	-0.89
2.29	-4.49	-2.19	3.39	-3.69	-2.23	0.93	0.80	0.64	4.77	0.61	-2.24	-3.39
-7.49	1.83	-0.43	-0.06	-0.29	-0.19	-1.02	0.73	0.82	1.46	1.43	-0.13	-1.57
-8.83	0.89	-1.33	0.34	-0.03	0.95	0.21	0.07	1.28	0.46	-0.12	-0.63	-0.97
-0.97	4.49	-0.42	3.28	4.70	5.21	0.39	0.11	1.05	1.75	2.79	-0.03	-1.28
1.41	1.91	2.23	2.95	0.51	7.67	3.83	0.36	3.66	3.72	4.06	-3.43	-2.64
5.03	5.92	0.73	4.95	2.00	0.75	1.63	0.57	-2.42	1.23	2.73	1.16	-1.10
4.45	0.79	3.46	11.00	4.11	3.09	0.77	-4.10	1.57	8.30	5.23	-2.23	-0.92
6.01	5.99	0.56	9.48	3.13	1.42	1.43	-0.75	3.38	5.67	7.29	1.80	-3.59
8.90	6.68	0.71	7.09	1.82	4.45	0.57	-2.95	-3.62	2.17	1.16	2.50	1.39
5.95	5.12	2.34	2.43	1.08	0.64	-2.93	-1.89	1.69	3.35	-0.93	-4.84	-0.49
2.71	6.82	1.44	1.70	0.70	0.92	-0.67	0.56	3.35	6.47	4.43	-0.17	-0.86
-10.03	1.46	-1.38	-2.04	5.21	1.74	2.28	0.25	3.69	5.14	4.67	0.18	1.39
-5.74	-1.43	3.90	4.60	7.28	-1.28	4.80	-3.40	5.50	2.70	4.66	-6.31	-3.50
-10.35	-2.86	10.65	10.23	6.76	5.29	9.18	-9.88	11.52	6.50	4.11	-8.62	0.49
-8.09	-3.69	15.10	13.39	3.38	5.14	5.03	-9.53	9.22	6.31	5.17	-7.22	2.69
-12.25	-0.76	14.97	10.06	6.79	5.43	8.90	-10.28	8.82	6.52	2.50	-6.17	3.67
-8.70	1.05	13.05	15.23	3.72	6.08	8.18	-11.30	8.83	7.96	1.16	-3.60	4.01
-9.53	-0.97	14.11	10.22	4.38	5.45	11.67	-11.76	10.76	9.30	3.59	-7.27	4.11
-8.21	-1.42	11.96	12.99	3.86	3.64	10.92	-11.87	9.56	11.32	3.68	-5.67	4.14
-7.91	-1.79	12.70	11.80	4.24	7.91	8.75	-7.94	8.58	10.69	4.69	-8.62	4.39
-10.28	1.76	8.70	9.30	3.60	2.86	9.91	-6.35	7.93	10.06	6.25	-5.14	4.14
-5.36	4.42	7.83	8.29	-1.24	1.35	2.58	-9.34	5.47	7.54	0.17	-5.23	-0.10
-6.93	-0.89	1.06	2.42	0.62	-0.51	1.76	-0.13	-0.40	1.73	0.11	-1.47	-2.02
-8.51	-21.18	18.77	6.41	5.15	1.27	9.22	-2.91	3.91	11.44	12.42	-5.81	-1.60
-8.89	-19.86	19.29	8.47	10.33	-4.13	1.94	5.46	7.28	2.44	-1.75	-3.60	5.63
-0.64	-24.73	23.33	13.48	4.66	-2.25	3.34	8.87	8.39	-0.19	5.44	0.61	8.26
-2.16	-23.67	25.95	12.75	2.84	-1.02	5.77	7.72	7.12	0.54	6.24	2.46	4.45
-1.44	-26.45	26.63	14.19	2.66	0.72	4.70	9.03	6.43	0.42	4.04	3.91	2.68
-1.65	-25.20	26.58	12.80	2.76	-2.64	2.79	6.85	6.49	0.17	6.81	4.94	3.90
-6.48	-26.08	23.53	13.47	4.69	0.91	5.31	10.74	6.13	2.41	7.11	2.44	2.55
-5.36	-23.22	21.88	13.60	2.53	0.88	0.76	9.35	4.49	4.28	8.58	6.66	3.23
-10.17	-9.24	7.90	10.13	1.19	2.11	3.97	5.86	2.99	1.75	3.42	3.12	-0.90
-5.98	-0.34	3.73	5.54	-1.09	0.04	3.21	2.24	1.74	1.73	0.62	-0.57	-0.18
3.36	-15.81	12.29	15.98	4.11	4.89	2.79	4.40	8.83	7.85	11.59	2.43	-2.39
4.30	-9.76	12.46	13.43	5.53	5.45	-1.99	1.49	7.98	3.51	10.92	2.98	-5.24
3.78	-5.20	6.81	18.03	7.88	6.79	0.18	0.43	7.35	3.97	11.08	0.76	-5.90
5.47	-3.78	4.17	19.39	5.07	9.57	1.84	0.74	3.94	1.95	8.74	1.07	-4.72
-0.01	-3.35	3.02	14.15	3.19	10.48	-2.72	-1.88	3.82	1.89	11.51	3.97	-2.92
-3.04	-4.95	1.50	10.00	3.49	10.23	1.43	1.74	0.57	1.97	9.06	2.51	-5.80
-1.51	-4.23	1.62	11.90	1.93	10.58	1.10	3.21	0.53	3.49	10.23	4.46	-5.42
-1.12	-7.67	5.26	10.89	-0.50	14.11	0.67	2.70	4.19	-0.02	10.93	5.52	-5.94
-9.00	0.33	-0.05	2.88	0.49	0.99	1.43	0.98	0.36	1.64	1.27	1.21	-0.24
-11.49	-1.08	-0.66	-0.18	-0.28	0.33	0.33	0.36	0.17	-0.52	0.46	-0.46	-1.04
-4.42	-4.40	8.08	6.86	-2.25	21.41	0.71	6.33	-4.16	-0.73	11.51	8.94	-4.65
-5.11	1.63	1.77	5.40	2.11	11.95	3.38	2.49	-0.78	1.45	5.98	8.05	-1.16
-1.61	4.43	2.51	7.73	4.63	15.02	3.75	4.39	-2.83	0.73	4.47	7.50	-2.11
3.68	6.69	2.72	5.18	1.82	5.80	0.67	-0.28	-4.85	-1.14	3.36	4.71	-0.93
-4.53	4.72	0.17	3.16	1.00	8.56	1.58	4.89	-2.18	1.52	3.27	4.18	-0.29
5.93	3.45	6.88	3.85	-3.59	18.24	-0.82	4.25	-3.78	-2.13	4.80	4.30	-3.46
-5.22	13.17	-4.75	7.07	5.36	5.71	-2.05	3.01	1.23	0.91	1.28	1.11	1.68
-1.44	4.48	2.27	4.32	5.70	11.62	6.00	2.79	-0.93	-0.71	3.12	2.62	-2.13
-4.50	3.40	0.38	0.08	-0.74	1.50	0.85	1.36	-0.38	-1.85	-0.59	1.05	0.62
6.82	8.38	-1.58	-1.49	-4.19	2.65	-5.87	-1.47	-4.09	-6.45	-5.39	-0.89	-0.46
0.76	7.91	0.61	3.25	0.53	6.50	0.38	1.98	-2.18	-1.78	-0.90	2.75	0.78
-9.29	1.24	-2.41	1.94	0.19	3.18	0.49	2.38	-1.24	-0.20	0.12	1.51	-0.47
-9.60	1.70	-3.57	1.37	0.43	5.08	1.58	3.14	-1.04	-0.24	0.28	1.16	-1.01
-3.18	-5.02	-9.64	-1.90	-0.94	2.13	1.66	7.31	-2.51	-3.14	1.22	3.08	1.58
-8.99	1.00	-3.10	-2.52	0.03	2.52	0.20	0.93	-2.44	-2.57	1.01	0.69	1.47
-10.02	-0.55	-3.36	-1.33	0.79	2.30	0.76	1.13	-0.96	0.25	2.88	2.85	1.62
-11.27	0.35	-1.08	0.08	0.12	-0.58	-1.42	-0.24	-0.75	-0.37	0.14	-0.87	-1.23
-7.85	0.56	-2.92	-0.04	0.94	1.39	-0.43	-1.13	-0.81	0.24	0.74	0.44	-0.27
-9.17	-1.09	-2.26	0.34	0.76	1.36	1.15	0.09	-0.53	1.12	2.50	1.82	-0.02
-6.33	-0.64	-2.75	-0.06	0.46	0.15	-0.76	0.23	0.79	1.89	3.27	3.08	1.25
-6.53	3.13	-0.07	0.92	1.43	0.97	0.68	0.09	0.28	1.79	2.46	1.06	-0.55
-16.80	4.43	-2.91	-2.87	7.21	-1.74	4.18	-1.92	0.85	1.70	1.92	2.30	-0.75
-8.20	0.35	-0.82	1.52	2.09	1.80	1.69	0.56	1.12	1.00	0.86	1.65	-0.15
-6.80	0.65	-0.74	1.82	2.38	2.17	0.54	-0.34	0.02	1.29	1.36	0.85	-0.41
-6.39	2.54	1.36	3.71	2.63	1.93	1.25	0.90	0.85	0.81	0.64	1.11	0.44
-3.91	4.56	2.72	1.42	6.37	4.16	1.58	1.00	0.32	0.70	2.75	2.26	0.48
-11.58	-0.54	-2.04	-0.92	-1.03	0.16	0.08	0.03	-0.44	-0.41	-0.78	-1.17	-1.47
-9.04	2.07	0.92	1.54	1.63	2.06	1.82	1.83	1.51	1.24	0.80	0.52	0.22
-4.20	3.19	3.06	5.72	5.35	4.79	4.01	0.79	1.96	3.65	3.22	2.93	3.22
-0.97	-0.72	0.12	4.61	7.08	3.88	3.92	-2.88	-1.89	0.74	0.99	7.57	5.96
-0.18	-2.45	0.14	6.03	2.41	1.18	-0.99	1.47	1.29	3.24	3.22	4.01	4.73
-5.69	1.23	1.28	-0.17	6.57	2.75	1.04	2.68	1.90	2.83	4.27	4.67	6.31
-4.33	-1.43	-3.91	2.17	5.76	1.63	1.09	-0.11	2.42	3.71	1.63	3.91	-0.25
-8.79	-1.98	-3.07	-0.60	1.87	2.60	1.41	-0.80	-1.62	2.39	3.19	4.28	-0.55
-12.38	-4.40	-3.44	0.01	1.43	2.23	-1.11	-1.93	-0.57	1.05	1.31	0.86	-1.30
-10.86	-1.89	-2.75	-0.01	-0.19	-0.65	1.54	1.47	0.84	1.08	-0.36	-0.03	0.29
-12.49	-6.31	0.30	4.20	-0.23	-2.27	-0.34	1.36	1.83	1.78	2.14	1.60	2.47
-12.86	-3.35	-3.88	-1.69	0.01	-0.88	-1.21	1.18	0.47	-0.38	-1.28	0.90	-0.20
-9.58	-4.39	0.08	5.79	2.04	2.49	0.02	-2.48	-0.81	0.74	-1.11	-3.44	-2.19
-8.08	-4.19	-0.23	4.45	3.19	0.63	-3.23	-2.72	0.57	0.18	1.90	-0.79	-0.86
-4.95	-5.63	-0.92	3.45	1.67	-4.04	-5.90	-2.91	1.67	3.11	2.46	1.64	1.90
-10.74	-3.81	-0.56	-1.58	-2.87	-2.30	-1.90	-3.40	1.76	5.88	5.16	7.05	6.63
-7.77	0.87	3.25	-0.26	-2.59	-3.93	-2.43	-0.56	-1.71	2.33	1.16	1.43	2.33
-10.95	-4.66	-1.79	4.58	0.68	-1.05	1.15	-4.70	-0.16	3.28	0.35	-1.44	0.36
-12.56	-0.98	-3.61	-1.74	-1.34	1.34	1.71	-0.76	-0.79	0.48	0.97	1.72	-0.20
-12.78	-0.69	-0.15	1.81	-0.32	1.69	1.14	1.63	1.28	-0.35	-0.59	-0.93	-0.71
-10.14	-5.87	-0.36	3.27	4.83	1.81	2.42	1.24	2.84	4.25	1.84	-1.01	0.95
-11.50	-2.66	-0.62	2.50	3.62	1.59	1.17	1.74	0.99	4.97	0.15	-0.03	4.31
-12.07	-0.07	1.70	1.79	-2.64	2.15	1.56	1.44	2.61	1.82	0.18	0.80	2.90
-10.02	-4.93	-1.91	2.26	0.88	0.07	-0.67	-0.21	0.37	2.01	0.96	-0.76	-0.23
-11.46	-1.39	-1.53	0.34	2.41	1.95	1.21	0.47	-1.33	1.01	1.15	0.66	1.39
-1.09	-12.71	-1.69	9.10	3.86	0.44	-3.24	6.69	3.65	-1.29	-1.55	-1.95	2.23
-1.82	-8.98	2.82	13.46	8.52	-2.53	-2.29	7.45	2.62	0.37	5.01	-0.37	-1.53
-3.66	-5.56	4.92	12.27	10.74	0.42	-6.80	0.91	2.20	0.95	2.18	-1.64	-2.28
-3.83	-6.29	1.74	13.31	7.90	-6.06	-7.92	-2.83	-3.03	-3.16	2.77	1.12	-1.60
-2.11	1.05	3.80	9.02	3.97	3.20	-2.28	1.29	2.72	3.08	5.75	-1.27	-1.66
-5.12	-3.83	-3.22	10.18	7.26	1.41	-5.21	1.58	-0.38	2.78	4.72	-3.90	-0.07
-6.23	-7.41	-2.71	12.47	8.88	4.07	-1.39	2.25	1.32	3.30	3.60	0.27	0.01
-3.73	-1.64	-0.95	11.12	11.82	8.86	-0.68	3.54	0.32	0.06	2.40	-1.02	-1.51
-6.28	0.60	3.65	4.78	1.69	-2.98	-5.89	-2.34	5.29	3.49	-0.24	-1.56	-1.27
-5.55	1.05	0.79	5.42	4.34	2.30	-2.67	-0.65	-1.75	1.13	-0.93	-3.97	0.08
-3.07	7.14	-0.56	4.45	5.20	4.48	0.70	-0.17	-3.78	-2.04	-0.70	-1.40	1.12
0.01	4.64	-0.90	4.43	6.37	7.49	1.52	5.47	0.17	-4.92	-5.85	-5.81	-2.95
-6.85	8.47	-2.17	7.23	9.03	7.57	3.82	2.09	-0.46	-0.90	-0.07	-3.32	1.63
-5.97	4.79	0.03	6.66	9.67	3.98	-0.46	-0.23	-2.69	-4.30	-3.53	-1.75	-1.15
-6.44	11.51	3.91	7.79	6.45	2.43	-0.30	-0.38	-1.33	0.41	0.50	-1.90	-1.24
-9.63	2.09	4.41	7.64	6.78	2.19	0.92	0.82	-0.47	-5.95	-4.68	-5.05	-3.64
0.72	-1.73	2.50	7.32	5.73	3.81	2.12	1.80	-0.49	2.68	1.83	-3.92	0.28
0.65	4.46	-0.20	3.36	1.70	-0.21	-1.68	4.54	-1.24	-0.72	2.01	-6.13	-1.76
-1.34	1.66	2.85	5.15	1.80	3.50	2.01	8.07	0.68	-0.39	-1.58	-4.50	-2.11
1.65	3.78	3.16	3.30	2.15	2.92	0.62	2.02	0.44	-0.54	0.51	-4.35	-0.82
1.18	3.12	5.03	0.14	2.70	1.35	2.83	8.34	4.75	1.25	-0.52	-2.52	0.17
-0.67	-1.47	2.14	5.44	5.49	2.41	-1.84	3.20	-0.04	-1.12	-0.08	-1.10	-1.52
0.54	-4.12	3.34	1.82	1.57	4.29	-3.54	3.33	3.02	1.63	0.33	2.21	-1.56
0.52	-3.74	-1.55	5.78	6.10	4.66	-0.59	3.39	-0.64	-5.46	1.11	-0.36	-3.74
4.17	-1.67	0.71	4.83	0.05	-0.99	-0.87	8.02	3.57	0.02	1.88	-1.54	-6.45
4.67	2.83	1.85	3.11	3.78	-0.19	-0.56	7.75	3.82	-1.99	2.00	3.52	-1.32
-2.67	4.75	2.00	2.45	0.98	2.23	2.52	4.90	3.11	-1.08	-1.68	-1.49	-1.40
9.76	3.98	2.88	1.19	-0.80	5.08	3.98	1.75	-3.09	0.51	-0.52	-3.57	-2.31
4.94	5.75	3.79	3.11	0.91	0.17	1.95	7.58	0.86	0.51	1.23	-1.71	0.67
-4.41	0.38	2.11	2.87	0.48	1.20	8.97	4.38	-2.71	-4.90	-2.81	-2.25	-2.22
-4.72	1.58	4.24	1.86	2.33	7.51	8.08	-0.19	-2.40	0.59	2.25	-2.66	-2.01
-4.90	2.88	3.81	6.09	1.10	0.65	4.50	4.62	-0.53	3.07	0.60	-2.12	-1.34
-6.02	2.50	0.77	4.75	3.84	4.35	5.09	3.13	0.68	1.07	-1.63	-3.33	-2.00
-1.48	7.10	-0.82	10.73	7.08	3.11	2.37	1.42	-1.00	-2.02	-0.17	-4.38	2.40
-4.55	3.19	0.83	5.43	4.33	2.77	3.56	3.81	0.70	-0.49	-0.40	-0.26	-1.68
-1.70	4.76	6.20	11.31	4.46	1.55	6.36	6.28	3.03	0.96	0.93	0.52	1.20
-9.40	0.82	-0.45	0.76	-0.11	0.71	0.72	0.80	1.05	0.93	0.54	0.29	-0.04
-7.96	2.04	0.45	3.11	1.27	-0.28	-1.25	0.21	0.06	-0.09	-1.34	-0.42	-1.40
-4.54	4.23	1.24	4.77	2.98	4.54	4.09	2.96	0.87	-0.14	0.55	2.07	2.27
-4.60	4.12	1.46	3.50	4.65	5.37	4.21	4.32	2.53	1.24	2.52	2.20	0.05
-3.10	-4.33	1.14	2.18	2.28	4.49	4.59	-0.39	2.29	1.70	2.90	3.65	-0.56
7.64	-7.79	0.22	5.50	5.17	7.81	1.58	-1.13	-1.18	-3.53	3.84	6.44	-0.36
6.15	-11.44	6.71	5.42	7.09	14.02	3.51	-1.77	0.51	-1.28	7.01	9.91	-4.57
-0.15	-16.57	7.43	7.32	7.91	12.40	4.38	0.30	1.44	2.77	10.04	6.79	-5.53
-2.14	-11.62	10.82	7.17	8.66	11.65	1.15	0.66	-0.33	0.84	10.77	7.01	-3.70
-0.36	-15.94	9.93	8.71	5.35	9.86	4.60	2.08	-0.99	-1.50	9.05	5.37	-4.16
-8.43	-1.58	1.08	4.30	2.18	1.33	0.19	0.35	0.56	0.05	1.34	1.98	-0.20
-4.45	-4.07	3.59	5.83	2.56	4.67	2.00	-1.67	-2.52	1.21	5.32	5.01	-0.41
10.76	-19.79	12.64	7.90	3.07	12.94	2.18	-3.37	5.39	-5.70	5.81	3.72	-5.33
11.27	-13.71	8.10	12.54	2.92	16.40	-4.65	2.50	5.53	-1.12	7.04	6.40	-5.05
13.66	-11.15	7.67	13.71	1.19	16.76	-1.36	0.36	6.96	-4.74	4.79	13.34	-8.69
11.25	-5.33	4.46	12.89	-0.35	17.76	0.55	0.97	5.02	-5.72	2.99	13.83	-4.58
10.87	-4.42	9.56	4.97	4.20	13.75	2.42	2.31	7.90	-9.09	4.28	10.71	-2.31
10.98	1.77	4.32	6.59	0.45	12.80	7.56	4.23	8.30	-9.17	0.02	11.22	0.00
11.36	7.09	9.66	-1.94	-0.12	16.43	3.68	7.42	9.25	-7.29	-0.76	8.73	-1.38
13.67	5.50	13.33	-2.89	-2.65	15.14	4.90	7.06	11.08	-9.02	0.17	9.04	-3.77
15.25	2.88	5.16	5.46	-1.62	10.13	4.93	3.59	3.62	-2.37	-3.59	0.33	-1.32
10.40	7.87	0.98	-3.72	-3.11	2.23	2.39	5.00	7.58	0.77	1.90	0.51	-0.27
7.82	4.06	-5.06	-4.80	-9.54	2.04	1.54	10.64	7.32	-6.45	-4.85	-3.39	-3.18
5.92	0.28	-5.57	-2.94	-7.73	3.65	-0.98	10.27	6.33	-6.50	-0.84	1.72	-1.47
17.65	6.65	-2.56	-2.00	-3.05	-1.88	-2.87	4.66	-0.84	-4.86	-0.09	-1.61	-3.13
17.16	30.24	5.15	-7.29	-1.15	-1.25	3.52	1.92	1.75	-4.67	0.65	0.29	-0.34
21.79	19.91	4.25	-2.36	-3.22	-0.31	3.32	5.41	4.06	1.78	-0.74	-2.77	-1.35
25.88	20.80	10.06	1.80	-1.28	1.88	2.90	3.34	-0.20	-0.42	0.47	-0.08	0.85
-11.19	-0.07	-1.04	0.44	0.07	0.68	0.50	0.63	0.49	0.55	0.41	0.36	0.06
-8.25	2.27	0.38	0.98	0.07	0.60	0.01	-0.03	-0.21	-0.09	-0.20	-0.39	-0.50
1.48	6.95	1.94	0.93	1.61	-0.75	-0.25	0.27	-0.42	0.79	-0.62	-1.28	-1.31
13.65	12.46	5.14	5.33	4.42	-4.13	-2.87	-1.76	-1.94	1.56	0.13	0.59	-1.30
-9.28	-3.85	2.60	0.71	3.87	3.56	2.11	1.25	-0.61	0.28	-0.36	-1.83	-6.13
-10.28	-0.09	-1.17	-0.28	-0.91	-0.47	-0.19	-0.16	-0.94	-0.41	-0.46	-0.33	-0.56
-8.22	-0.94	-2.72	-0.46	0.38	0.14	0.89	0.34	-0.72	-0.03	0.22	0.44	0.32
-9.64	-0.58	-1.79	1.10	0.84	0.42	0.13	0.60	1.17	1.63	1.03	0.49	0.32
-11.54	0.11	-0.78	0.59	1.23	2.22	1.21	1.82	0.66	-0.53	-0.15	-0.44	-0.68
-10.49	-0.96	-1.59	-0.42	0.34	1.08	0.13	-0.29	-1.00	0.28	0.44	-1.29	-1.08
-10.16	-0.06	-1.46	0.06	-0.84	-0.34	-0.08	0.33	0.37	0.93	0.92	0.25	0.09
-9.65	-0.15	-0.99	1.50	0.91	0.38	-0.04	0.77	0.97	0.72	0.04	-0.71	-0.49
-9.60	0.60	-0.33	1.02	0.55	0.54	0.26	1.08	1.25	0.97	0.44	0.20	-0.13
-10.81	-0.24	-0.90	0.74	0.25	0.87	1.03	1.20	1.22	1.29	1.01	0.55	-0.03
-9.87	0.05	-0.86	1.15	-0.08	0.21	0.32	0.59	0.05	0.68	1.00	0.49	0.05
-10.45	-0.72	-2.42	-0.51	-1.11	-0.45	-0.17	0.46	0.60	1.37	1.29	0.75	-0.21
-9.38	-0.45	-1.41	1.40	1.18	0.66	-0.25	0.09	1.00	1.94	1.48	0.27	-0.11
-9.44	-0.77	-1.21	1.50	0.36	0.27	-0.02	0.14	0.53	2.12	1.61	0.25	-0.15
-10.14	0.36	-0.96	0.29	-0.74	-0.14	0.37	0.76	0.30	0.38	0.42	0.83	0.48
-9.34	1.49	-0.45	0.18	-1.02	-0.80	-0.91	-0.11	-0.05	0.32	0.70	0.43	0.10
-6.49	1.00	0.71	2.74	-1.12	-1.05	-1.85	-0.75	-0.35	1.68	1.85	1.81	0.71
-6.27	-1.86	0.33	3.47	-0.26	-3.05	-3.88	-0.86	-0.14	-0.94	-0.52	0.14	1.54
-5.04	-2.25	1.99	2.53	-1.81	-1.76	-4.37	-2.14	-2.13	-1.74	0.16	0.05	0.91
-4.44	-3.38	1.66	2.62	0.47	-2.41	-6.30	-2.91	-3.84	-3.71	-2.30	-2.86	0.42
-0.08	0.55	5.06	3.77	-4.62	-6.56	-4.11	-2.79	-4.23	-4.54	-2.13	-1.03	1.10
1.57	-1.53	3.58	4.82	-3.71	-4.40	-1.43	0.02	-3.56	-4.33	-0.50	0.36	-0.32
-8.85	1.11	0.74	-1.80	-3.34	0.80	1.49	2.80	0.79	-1.84	1.73	2.82	1.43
-5.47	0.28	0.92	1.71	-1.80	1.10	1.00	1.63	3.93	-0.52	-0.76	-1.39	0.36
4.70	-2.87	6.88	7.38	0.04	-1.37	-1.67	-2.54	-2.46	-1.07	-0.74	2.48	3.96
4.15	1.39	7.28	6.55	-7.18	-5.54	-5.64	-2.90	2.42	1.25	0.81	-1.49	0.43
0.65	-7.75	-0.35	8.38	-2.17	-5.98	-8.13	-2.74	-1.30	-1.40	1.64	2.93	3.62
-1.44	-3.74	4.86	9.48	-0.98	-3.53	-5.71	-6.86	0.31	2.66	-0.98	-2.11	-1.03
-0.28	-3.30	2.12	3.34	-4.49	-4.31	-7.16	-5.00	-0.47	3.02	-2.88	-0.46	2.15
1.35	3.23	1.55	4.37	-2.58	-0.76	-5.22	-3.01	4.20	1.36	0.90	0.53	3.64
-1.97	-3.76	1.23	1.56	-2.70	-2.34	-0.92	3.47	4.19	8.30	2.74	0.25	3.06
-1.02	0.84	1.77	7.26	-3.13	-4.36	-4.00	-4.60	-1.18	1.33	-0.35	0.53	2.66
0.21	4.28	5.99	4.52	-2.83	-5.28	-6.11	-4.58	-0.88	0.75	-0.78	-0.42	0.02
1.93	3.08	3.15	1.73	-5.66	-3.41	-4.15	-3.47	0.33	-0.25	-1.67	1.39	3.27
1.32	4.37	1.14	2.68	-0.35	-5.69	-4.50	0.02	2.46	-1.61	-2.05	-1.05	-2.81
-0.10	3.99	1.74	-1.47	-3.05	-3.83	-3.71	2.85	3.78	0.14	-0.06	3.62	5.11
4.13	5.99	4.41	2.13	-0.85	1.15	1.76	0.73	1.23	0.85	0.99	2.63	0.74
-2.62	2.13	2.04	3.05	0.78	0.85	1.27	1.86	1.85	1.73	0.97	-0.42	0.33
1.09	7.91	2.28	-0.51	0.46	6.39	5.31	4.76	3.51	0.48	0.23	1.24	-0.67
1.92	9.15	5.46	3.78	0.18	-1.45	0.35	2.10	-0.11	-0.20	0.57	-0.92	-0.24
0.51	0.11	-3.01	-2.50	-3.23	1.04	4.30	1.18	2.03	-0.85	-0.90	-0.69	1.76
-3.92	3.16	-3.27	-6.21	-2.93	1.82	3.91	2.43	4.57	1.15	2.72	3.24	4.02
-1.50	4.24	-2.33	-0.12	1.05	3.91	4.92	3.86	1.96	0.63	2.54	2.04	2.05
-3.91	3.74	2.23	0.33	1.47	8.35	4.40	3.78	1.76	-3.72	-1.73	-1.60	-3.13
-10.09	0.26	-0.62	-0.92	-1.85	-0.30	1.49	1.03	1.99	0.69	-0.25	-0.19	-0.36
-11.66	-1.12	-3.27	-2.91	-1.15	0.99	0.63	0.55	-0.71	-1.50	0.19	1.42	-0.48
-6.50	1.81	0.45	1.38	1.04	4.62	5.60	4.24	0.54	1.21	0.66	0.67	0.38
-3.92	1.79	3.77	5.75	-0.02	1.99	4.48	3.51	2.30	1.85	0.91	-1.31	-0.18
-3.98	-0.46	-3.11	-1.97	-5.04	-0.64	1.53	-0.96	-1.34	0.86	-1.11	-4.41	-2.55
0.46	4.79	3.04	2.61	-4.43	1.40	5.47	2.30	0.94	0.36	0.88	-1.89	-0.01
-5.57	1.47	0.98	-1.27	-1.37	1.52	2.75	2.15	0.32	-0.30	-1.01	-2.21	-1.67
-5.40	-1.06	0.61	0.34	-0.76	2.59	1.82	-0.92	0.54	1.86	0.85	-0.49	1.21
-11.44	-1.38	1.35	0.43	-3.70	-1.93	-0.67	-3.50	-1.27	2.63	1.57	0.67	-1.09
-12.04	-1.82	-3.26	-2.67	-0.35	1.66	0.48	3.56	4.06	1.72	2.99	1.56	-0.92
-4.90	0.75	5.52	-1.44	0.46	-0.08	-6.26	1.78	-0.10	-0.10	-0.81	-1.39	-0.51
1.36	2.22	2.77	0.81	-1.80	-2.32	-3.57	0.23	0.32	-1.24	-2.58	-0.72	0.67
-0.39	-1.09	0.56	3.18	-0.70	-5.40	-6.31	-2.19	-1.99	-1.22	3.63	1.68	0.31
-10.53	-6.99	7.43	9.03	7.21	-0.61	1.70	8.75	1.47	3.27	6.10	2.94	0.89
-9.48	-4.03	8.73	9.73	4.93	2.92	-0.41	2.35	1.21	3.81	0.63	0.18	-2.42
-2.89	-2.60	5.21	6.95	6.38	0.00	5.62	10.42	3.23	3.84	0.24	0.61	0.67
1.83	0.82	3.27	-2.59	-4.96	-1.70	2.69	12.28	3.38	1.76	2.03	-2.24	1.37
-0.89	-1.34	2.08	0.15	-2.94	-5.06	3.31	5.91	0.97	1.43	1.44	-3.00	-0.98
-0.47	2.25	6.61	1.47	-4.92	-6.17	-1.04	4.90	3.23	4.50	-0.49	-1.55	2.93
-7.35	6.78	3.70	4.59	2.51	-3.31	5.34	3.57	6.96	6.15	1.65	0.29	0.25
-5.76	8.24	4.94	-2.20	1.66	-4.65	3.75	3.44	4.93	1.00	2.56	-1.52	2.86
-1.83	1.44	4.02	0.71	-1.50	-1.01	1.66	3.27	5.27	5.73	3.37	1.35	6.70
4.18	2.00	0.52	1.97	-1.09	2.97	5.56	8.22	10.46	3.65	-0.73	-3.54	-0.01
-8.00	1.25	-1.13	0.04	-1.78	-2.39	-1.94	0.10	-1.66	0.24	0.17	-0.58	-1.59
-9.91	-6.27	-3.21	1.25	-1.97	-5.25	-4.55	-1.80	0.65	-1.98	3.79	-1.74	1.18
-14.02	-14.10	-14.21	5.77	11.31	1.11	2.58	-4.70	1.04	2.26	8.50	0.50	-2.04
0.79	1.03	-0.16	2.37	2.04	1.42	-1.35	0.32	5.19	9.17	3.66	1.28	0.27
0.92	1.58	1.63	3.53	2.08	0.48	-1.44	0.32	2.65	1.79	-0.28	5.56	2.62
-0.48	1.83	3.16	3.77	1.73	2.76	0.89	3.74	1.83	0.76	-0.88	-0.60	-1.57
-3.61	1.39	-2.03	0.80	-2.06	-2.53	-2.99	-0.92	1.30	-0.46	-2.08	-2.01	-2.85
-6.58	3.83	4.89	4.31	2.94	2.96	0.56	0.06	-2.16	0.79	0.29	-1.79	0.88
-4.64	3.11	3.82	4.31	-0.07	-2.83	0.66	4.75	3.13	-1.25	0.86	0.05	-2.05
-1.98	2.56	-1.47	1.98	3.66	1.63	-2.22	1.34	-0.56	3.15	4.96	-0.29	-1.41
-25.03	-8.15	-1.08	-0.69	-1.88	-2.88	4.90	-0.21	-4.01	-1.27	-1.55	-0.37	-2.33
-31.01	-12.51	9.74	7.86	-2.41	5.88	8.46	5.74	-2.28	1.38	-3.96	-0.11	-1.46
-29.58	-5.60	8.19	5.95	-0.46	4.09	6.96	5.96	1.05	0.56	-1.22	3.74	2.38
-29.90	-2.88	8.76	4.64	2.45	5.55	6.72	1.83	1.74	3.11	-3.77	1.81	1.94
-29.81	-3.61	7.88	3.06	0.90	7.23	5.50	5.07	3.10	4.68	-2.76	1.27	4.48
-30.96	-9.34	-1.57	-0.09	-1.53	5.30	6.03	2.92	6.35	0.33	3.81	6.37	1.52
-19.54	-6.46	7.00	7.26	-1.95	7.92	7.43	0.96	-0.38	-1.38	-2.12	2.13	3.70
-17.06	-2.58	9.12	5.06	-5.10	2.20	1.34	-1.09	0.77	-2.75	-0.31	2.67	2.00
-14.52	2.61	12.84	3.72	-2.88	3.07	2.77	0.47	-2.15	-3.86	-6.23	-2.67	-1.60
-11.72	2.36	4.03	0.58	-0.93	2.10	8.00	3.74	3.30	-0.64	1.69	1.45	2.11
-11.64	-1.27	1.65	-4.83	-2.77	0.62	3.60	3.76	0.10	-0.06	4.22	3.98	2.82
-10.87	1.93	7.22	2.01	-3.84	-0.31	1.06	2.67	2.12	1.75	4.12	1.96	2.01
-10.68	1.79	4.17	3.31	-4.18	1.00	4.25	3.03	3.10	6.16	3.68	4.74	1.13
-8.65	-1.92	5.48	4.24	-2.79	0.18	1.60	-1.43	0.17	1.79	3.70	0.50	-1.78
-6.27	-0.55	8.86	5.49	-1.23	-4.32	0.95	4.47	-1.59	-1.33	1.13	2.95	-4.04
-7.17	-4.06	6.50	8.58	3.28	-3.06	1.01	3.58	-2.50	-3.19	-0.16	0.68	1.65
-5.13	-5.97	2.45	1.68	10.21	4.04	-1.06	4.02	-6.29	-7.49	-1.61	-2.46	0.80
-3.71	-4.82	6.61	10.49	7.79	-1.65	-2.74	1.92	0.44	0.44	0.00	3.04	2.24
-6.02	0.47	1.15	5.86	2.79	-3.95	-2.16	1.15	-0.30	-1.68	-3.28	1.39	5.01
-5.36	-4.51	1.48	7.18	-1.79	-7.62	-4.53	3.42	5.64	1.12	1.50	2.53	3.37
3.56	-9.84	1.60	7.23	-4.89	-7.65	-6.37	4.18	1.61	1.31	2.67	0.52	1.30
-0.35	-6.00	1.68	2.89	-4.61	-8.39	-11.13	-7.19	0.67	-0.18	-3.82	-1.87	0.26
-8.59	-7.92	2.35	8.76	-0.58	-3.98	-4.38	-0.81	-0.58	1.61	2.92	-2.00	-0.20
-12.00	-5.69	0.04	3.89	-4.94	-10.44	-5.03	2.41	3.24	-2.24	-0.08	-0.91	3.45
-2.69	0.07	3.10	5.42	-5.00	-2.05	2.34	-1.17	-1.98	0.61	0.85	-3.60	0.13
3.12	1.10	2.06	7.73	2.83	1.18	9.06	5.02	-0.47	-2.02	-3.14	-0.76	1.83
3.16	7.47	5.83	4.81	-1.83	-1.58	2.76	1.99	-1.00	0.69	0.62	0.05	-1.12
-4.92	4.81	2.73	1.66	-0.60	1.40	2.18	1.70	-0.37	-1.00	-0.77	-1.18	-1.76
5.01	7.07	5.20	8.04	1.98	2.35	5.87	7.38	1.42	-1.37	-1.92	-0.08	0.09
7.10	5.08	3.07	6.24	-2.74	8.01	8.19	2.98	-1.10	-1.71	-4.49	-3.10	-0.15
-0.38	3.95	6.55	1.72	-3.18	4.59	6.43	4.33	2.08	-3.61	-2.94	-0.64	2.31
2.93	-7.29	20.32	-0.32	-8.17	8.27	10.09	1.01	0.49	-1.55	3.81	3.87	4.18
18.22	-18.46	15.91	3.38	-0.36	16.42	3.80	0.61	-5.06	-2.63	8.56	3.00	-0.24
18.27	-30.28	13.08	10.55	-1.59	12.87	6.30	-0.17	-3.22	-1.79	9.43	4.71	-4.37
22.23	-33.40	9.81	15.92	-2.74	11.11	7.09	-1.56	-2.22	-0.35	9.89	4.85	-4.29
18.03	-31.42	7.68	17.64	-2.04	8.08	8.55	-0.03	-4.21	2.24	10.64	5.46	-4.98
13.95	-25.13	0.28	17.36	6.40	2.70	2.01	2.89	-1.28	-2.86	6.75	4.85	-2.39
5.27	-10.69	-1.48	10.34	2.59	-0.72	4.04	5.25	-4.05	-2.70	7.16	4.72	-5.69
9.88	-23.83	-2.61	13.34	9.97	3.47	-0.57	8.51	1.88	-2.58	11.94	9.62	-0.30
10.98	-21.13	-4.26	14.11	9.27	9.95	-2.66	9.20	2.66	-4.87	9.84	8.12	-1.52
13.30	-20.08	-3.33	16.77	9.34	11.28	0.67	6.88	0.61	-1.26	7.70	8.11	0.54
19.10	-20.56	7.15	16.93	-0.90	11.08	11.10	2.14	-4.49	0.51	5.84	5.23	2.00
16.73	-18.07	11.59	6.83	-3.98	18.47	6.73	6.47	-2.39	-4.16	1.39	8.28	3.29
15.19	-10.73	12.95	2.77	-2.51	14.60	4.07	8.13	-1.30	-3.00	1.44	7.47	1.58
-5.52	7.59	3.11	1.87	1.04	0.64	0.54	2.98	3.28	2.32	1.01	-1.18	-1.69
-9.82	0.38	0.15	-1.98	2.00	7.26	4.14	1.67	2.22	0.70	0.14	-1.26	-1.36
16.01	10.25	11.36	0.20	-11.01	5.89	0.39	11.07	7.79	3.04	0.45	5.91	-3.94
16.01	10.43	10.92	-0.09	-6.49	4.02	-3.51	10.85	10.36	2.79	2.75	2.06	-4.29
14.87	9.32	6.75	6.59	-9.04	3.80	2.19	8.56	5.60	-0.82	0.91	0.48	-0.73
15.52	6.98	8.64	5.42	-9.15	3.48	-1.55	9.81	5.11	0.71	2.98	2.70	-3.51
12.86	9.09	9.07	2.22	-7.47	-1.77	-2.36	8.85	8.04	0.83	2.70	1.61	0.38
8.98	3.84	5.30	1.07	-5.73	0.03	-2.34	7.02	6.40	0.15	0.49	-0.50	-1.01
0.22	5.82	7.38	2.11	-4.01	-3.68	-0.62	7.49	6.30	7.04	4.46	-1.50	0.09
-9.02	1.11	6.83	3.78	-2.46	3.61	5.19	3.08	5.67	3.24	2.16	3.85	3.47
-12.11	-0.68	-2.01	-0.79	-1.04	-0.57	-0.35	-0.00	0.03	0.15	-0.20	-0.40	-0.49
-11.12	0.02	-1.01	0.29	-0.38	0.85	1.06	0.91	0.65	0.95	-0.22	-0.06	-0.09
-12.09	-0.02	4.73	4.46	0.82	3.77	3.32	0.79	2.43	5.29	1.93	0.37	1.84
-11.38	0.17	0.41	0.58	-0.15	0.89	0.82	0.64	0.20	0.72	-0.16	-0.08	-0.37
-11.03	0.71	0.27	1.10	1.15	1.03	0.02	0.73	0.21	0.56	0.32	-0.63	-0.03
-7.81	-0.69	3.57	3.80	0.96	1.79	2.06	1.64	-0.87	-1.97	-0.32	0.79	-0.19
-9.65	-0.42	3.41	3.19	2.23	4.09	1.73	1.54	2.99	1.02	-1.53	0.84	1.07
-13.92	0.89	6.35	5.66	3.31	2.53	2.64	3.52	2.32	2.38	0.03	-0.56	-0.43
-10.65	0.50	-0.78	0.12	-0.06	0.59	0.35	0.54	0.27	0.22	-0.20	0.13	-0.22
-10.83	0.47	-0.79	-0.35	-1.35	-0.09	-0.37	-0.55	-0.15	-0.27	-0.59	-0.05	-0.52
-9.46	1.46	0.27	1.76	1.33	1.90	1.81	1.88	2.12	2.25	1.51	1.95	1.92
-7.98	2.56	1.86	2.96	2.62	2.61	1.86	2.37	1.98	1.47	1.55	0.86	0.66
-6.73	4.29	3.96	4.62	4.28	4.45	3.03	3.36	3.50	2.52	1.66	1.98	0.91
-7.89	3.02	2.46	3.98	3.16	3.18	3.18	3.96	3.20	2.90	2.71	2.82	2.04
-8.66	2.23	1.51	2.93	2.23	2.81	2.62	3.28	3.24	2.96	2.86	2.90	2.24
-7.62	2.65	1.77	3.58	3.06	3.22	3.14	3.44	3.41	2.87	2.44	2.82	2.06
-7.67	2.38	3.06	4.50	3.06	3.02	3.32	4.03	3.22	1.59	1.89	2.57	1.20
-7.51	3.17	1.65	2.98	2.86	3.06	3.27	3.02	2.77	2.64	2.00	1.70	1.16
-9.39	1.39	0.29	1.16	0.40	0.87	1.36	1.23	1.45	1.12	0.99	0.57	-0.38
-10.92	1.20	1.24	1.75	1.14	2.99	2.65	2.16	2.06	1.96	0.90	2.31	1.23
-8.95	2.04	0.83	2.59	2.03	3.12	2.18	2.31	4.09	3.83	3.28	2.72	2.46
-9.63	1.67	0.68	1.64	1.12	2.68	2.06	2.47	2.59	1.73	2.36	1.46	1.01
-10.10	1.52	0.53	1.79	2.72	2.01	1.31	2.34	2.60	1.42	-0.37	-0.06	0.58
-9.01	0.70	0.50	3.73	1.84	-0.12	-0.32	1.96	2.31	2.35	-1.54	-0.79	-0.06
-9.84	-0.55	-0.02	2.30	2.10	2.77	1.33	1.90	2.30	2.99	1.04	-1.15	-0.53
-7.60	0.22	3.76	7.57	2.02	0.70	0.98	3.99	3.80	2.80	0.24	0.24	0.65
-5.67	0.99	4.07	9.13	6.27	5.62	3.60	3.20	5.03	4.28	3.02	1.68	3.15
-2.68	-0.79	2.69	8.88	4.40	2.96	2.19	0.15	0.16	1.77	0.71	0.95	1.65
-11.37	-1.21	-1.71	0.95	-0.82	-0.17	-0.77	1.47	2.01	0.28	-0.19	-1.07	-1.04
-7.92	2.28	-0.90	-0.13	-0.02	2.92	3.55	0.80	-0.30	3.15	2.02	-0.82	-2.08
-10.99	-2.89	2.01	6.62	2.44	-0.39	0.72	-2.95	-4.09	0.77	-2.47	-1.86	0.27
-6.46	-1.98	-1.15	4.43	2.33	0.33	1.91	3.15	-0.86	-0.24	-0.82	0.22	-1.51
-10.34	-4.57	3.50	10.14	3.25	-0.62	4.33	2.50	2.89	0.03	-0.01	-3.11	-4.61
-12.71	-2.65	1.68	3.87	-2.45	-1.27	2.41	-0.92	-0.09	0.84	-1.69	0.58	2.63
-11.11	-1.53	2.36	3.73	-5.54	-2.73	2.04	0.40	3.68	2.41	0.49	-2.01	-0.83
-13.65	-2.78	4.26	8.05	-0.95	-0.56	5.67	3.20	1.03	1.63	4.08	0.42	1.84
-9.46	0.38	-0.76	2.90	0.50	0.67	1.61	4.00	1.17	1.62	1.26	-0.80	-0.72
-11.98	0.64	3.24	6.35	-0.84	-0.35	3.40	0.41	-0.68	3.14	1.11	-2.78	0.18
-11.83	0.45	2.17	4.43	-1.39	2.02	3.50	0.91	1.99	3.58	2.28	1.25	-0.33
-12.54	-1.49	-0.80	2.52	-0.29	-1.10	0.62	1.33	0.40	-0.23	-1.39	-1.00	-0.65
-14.04	-3.04	-1.49	2.89	-1.64	-1.77	0.51	1.93	2.08	0.32	-0.70	-0.07	-0.48
-13.40	-2.84	1.68	2.47	-0.07	1.24	1.93	0.27	1.14	1.87	-0.04	0.90	1.39
-12.26	-1.93	1.36	3.07	-0.26	0.32	1.67	1.56	1.33	0.74	-0.89	-0.65	0.22
-10.01	-0.17	1.05	3.57	2.70	1.87	0.75	2.15	1.76	0.39	-0.31	0.32	1.03
-11.85	-3.16	-0.41	0.96	-0.28	-0.72	0.51	-0.63	-0.07	1.00	0.71	0.66	0.76
-8.59	0.06	1.42	1.73	-0.37	0.23	-0.75	-1.40	-0.48	0.55	-0.03	-0.96	-1.58
-7.48	-2.17	2.91	5.41	2.23	1.66	0.98	1.53	1.62	1.99	-1.64	-1.60	0.21
-12.90	-4.33	-1.97	-0.54	-1.89	1.43	1.66	1.82	-1.02	1.53	3.21	2.58	4.54
-9.68	-2.04	-1.53	1.17	-2.49	-0.20	4.11	2.16	-0.80	1.39	0.37	-1.84	0.02
-7.32	-2.98	-0.87	0.97	1.22	0.39	1.27	3.60	-0.50	-0.60	0.26	0.34	0.90
-8.92	-2.49	1.75	1.05	-3.73	-1.19	-0.53	-1.49	-1.02	-0.66	-0.63	0.99	3.27
-1.76	6.30	-0.75	0.46	-4.22	3.21	4.89	-0.69	0.74	2.50	0.65	7.26	3.40
-1.81	4.95	3.30	-0.03	-2.38	2.88	0.54	-2.45	0.28	2.64	2.62	2.30	-1.31
3.70	5.90	0.99	-1.87	-5.51	3.01	1.17	0.70	0.44	-1.51	-1.30	0.42	3.28
1.13	4.86	-1.39	-5.90	-8.71	-4.79	1.78	1.65	-3.02	-0.39	-0.08	1.04	1.70
-6.32	-0.68	11.98	-9.88	-3.24	0.41	-2.53	3.88	1.33	0.62	1.32	-1.43	0.53
3.31	-0.69	2.81	-12.70	-2.33	0.90	0.70	7.09	-1.36	-2.49	10.21	4.91	3.37
6.09	-0.40	-4.64	-8.02	-2.64	-1.17	1.97	2.01	0.35	0.07	7.94	8.21	4.92
9.45	3.99	-1.07	-3.09	-2.59	-1.99	1.15	2.65	-6.13	-2.15	7.36	6.73	2.62
11.65	0.20	-2.75	-4.26	-6.12	4.59	-0.03	-2.61	-1.28	1.20	1.03	2.47	0.78
-0.04	6.79	-0.48	-0.28	-2.03	-2.13	0.32	-5.29	-2.83	6.39	2.21	0.25	2.92
13.34	-6.94	-0.42	2.01	-0.40	-1.59	-8.23	-8.50	-2.91	0.15	2.13	4.10	-1.00
13.01	1.02	-0.55	2.45	0.41	5.27	-2.05	-0.25	1.19	1.36	0.58	3.03	-0.27
14.52	1.34	-1.02	1.65	4.80	4.36	-0.71	-5.25	2.33	2.72	4.11	4.70	5.43
13.08	2.21	0.72	3.61	4.33	2.59	-3.16	-4.55	2.62	3.44	8.83	4.44	4.68
5.69	-0.92	-1.97	3.00	2.30	6.23	-1.89	-0.94	5.46	5.21	9.49	8.54	5.49
5.07	-0.39	-0.78	4.71	5.12	7.19	3.19	-0.97	0.68	6.62	5.39	5.54	2.94
7.54	-1.49	-5.61	1.90	0.07	6.36	-6.51	-11.24	-4.33	7.68	8.02	8.90	6.53
10.57	-0.16	-6.70	2.16	1.82	6.14	-3.37	-7.01	4.61	7.10	1.91	5.45	2.99
2.63	2.22	-1.30	5.52	8.30	10.62	2.18	-3.69	0.39	0.31	0.41	0.97	-1.03
-3.60	-0.37	-0.99	2.37	3.34	1.02	2.40	-0.12	1.75	1.53	4.41	5.73	6.37
5.35	1.67	-4.01	-1.45	4.59	10.43	8.93	1.74	-0.64	0.25	4.82	3.23	-0.04
6.54	4.04	-0.69	3.13	-1.15	6.84	7.38	4.32	3.40	2.69	1.27	3.49	1.13
6.74	5.93	-1.70	1.89	-0.53	8.87	6.70	2.66	1.26	4.16	0.86	3.73	0.14
5.70	4.45	-5.34	-0.21	4.51	4.78	5.56	4.43	0.56	2.55	3.22	0.93	-1.64
10.11	8.56	3.70	0.41	1.47	4.86	5.31	0.97	3.67	2.35	1.26	-0.59	-1.58
13.64	9.68	4.91	-6.35	0.53	5.75	1.17	-0.24	2.90	6.62	0.70	0.66	0.38
9.89	4.07	-1.06	4.99	2.40	7.35	8.10	2.69	3.57	3.30	-0.51	6.15	3.89
14.97	9.15	2.59	2.36	-1.95	8.57	4.00	0.76	1.13	-1.59	-1.66	-1.01	-0.82
8.61	11.89	1.60	1.60	0.91	5.31	5.11	4.10	4.19	0.38	-1.26	-3.07	-0.61
7.04	9.59	6.12	3.11	-1.21	7.31	5.34	1.66	-2.92	-6.78	-4.20	-1.57	-2.35
7.76	9.48	9.12	5.11	2.85	8.66	5.38	0.98	-2.75	-2.66	-4.67	1.02	-1.04
4.65	6.46	6.60	-1.33	0.35	4.91	6.41	6.21	-1.86	-3.01	-4.97	-2.31	-0.72
2.92	4.65	3.50	-1.53	2.06	2.96	2.54	3.15	-2.06	-3.60	-1.66	-1.04	-1.14
2.88	1.81	3.76	0.82	2.46	8.64	6.73	2.58	0.21	-2.30	-1.06	0.57	1.69
-18.05	-0.81	12.40	0.03	2.72	2.69	6.30	2.35	2.09	1.91	-1.08	-1.16	-1.06
-12.28	-12.98	11.05	1.21	2.98	4.89	7.63	-2.69	-1.95	0.75	0.23	2.43	-1.44
18.65	-14.79	9.47	14.95	2.47	10.86	6.18	-3.19	-6.26	1.32	12.75	-5.45	-0.37
10.37	-12.84	10.04	17.25	3.62	8.53	6.05	-2.05	-4.75	2.31	10.87	-4.96	-4.18
5.02	-9.76	11.03	11.67	-0.34	4.23	-2.65	0.74	-3.35	-2.29	10.72	-0.10	-0.87
-10.42	-2.81	1.98	3.87	-0.99	0.02	2.02	0.16	-2.27	1.32	3.62	-1.15	-3.58
4.63	-15.88	7.98	8.83	4.55	9.84	-3.69	2.52	0.20	-2.47	18.29	9.17	-7.60
6.19	-14.96	1.20	12.26	6.60	13.03	-5.76	2.19	4.24	0.27	14.16	9.38	-6.99
4.21	-13.54	-0.47	12.83	7.04	12.54	-2.17	4.12	8.35	-1.94	8.08	8.92	-4.47
8.79	-14.13	-2.88	9.42	9.22	12.39	-0.89	3.18	8.20	-5.43	9.30	8.29	1.01
16.48	-12.16	2.95	15.01	-1.28	18.64	5.19	2.14	-0.74	-5.16	9.88	5.64	-1.89
20.72	-9.18	7.99	12.06	-6.78	15.79	8.94	1.97	-0.91	-2.10	4.61	8.86	-2.35
4.26	2.74	4.37	-0.31	0.68	8.16	8.40	5.97	7.28	0.14	0.37	8.45	2.16
14.46	0.24	11.34	1.65	-4.33	10.90	6.82	7.90	8.41	-1.79	-0.09	7.10	-2.36
13.76	9.95	19.61	3.15	-13.00	7.77	4.26	6.39	10.08	-0.95	2.31	8.82	-8.86
11.48	9.41	17.56	3.48	-7.59	2.19	4.31	4.40	6.54	-0.16	2.10	5.33	-3.27
10.79	12.54	17.87	1.26	-7.43	-1.03	5.10	4.17	8.07	0.14	-2.86	5.60	-6.50
9.73	14.46	12.83	3.15	-8.00	2.73	1.63	1.70	10.43	0.10	-2.37	1.67	-4.61
5.36	10.76	8.72	1.18	-7.31	1.15	0.15	5.83	7.02	-2.00	-1.23	2.61	-0.82
3.18	-1.61	4.16	-0.45	-14.29	-4.72	-2.26	4.56	4.69	-0.88	0.22	2.69	-0.52
2.23	8.66	5.00	-3.12	-7.21	-0.43	1.08	5.62	9.56	6.05	3.71	3.50	0.21
0.85	8.59	4.37	3.47	-0.01	1.01	1.86	3.93	3.51	2.78	3.15	1.95	-0.13
-8.17	3.67	2.87	4.08	2.91	2.97	2.25	1.80	0.52	-0.03	-0.53	-0.85	-0.89
-10.59	0.26	-1.13	0.14	-0.38	0.20	0.11	0.42	0.43	0.60	0.52	0.58	0.46
10.47	16.40	10.16	6.30	1.56	-1.13	-1.31	-0.36	-0.60	0.22	0.93	2.08	2.16
2.38	9.76	5.98	7.00	3.06	1.30	0.32	-0.94	-0.34	1.75	0.81	1.16	2.44
-6.09	3.81	2.12	4.22	2.55	2.91	2.81	2.72	2.05	2.63	2.74	1.92	0.79
2.82	8.16	5.54	9.09	7.51	6.08	5.23	3.78	1.92	-0.24	1.37	1.82	-1.71
-9.33	1.70	0.52	1.96	1.34	1.82	1.76	1.84	1.09	0.80	0.79	0.78	0.14
-8.93	1.87	0.39	1.71	1.13	1.77	1.48	1.57	1.32	1.49	0.51	0.74	0.96
-9.46	1.73	0.31	1.65	1.22	1.60	1.35	1.49	1.01	1.31	0.93	0.79	0.18
-10.30	0.79	-0.67	0.84	0.11	0.85	0.78	1.03	0.88	0.59	0.24	0.06	-0.01
-11.06	0.49	-0.84	0.28	-0.31	0.51	0.22	0.05	-0.19	-0.34	-0.65	-1.01	-0.68
-11.49	-0.72	-1.79	-0.45	-1.07	-0.17	-0.56	-0.01	0.28	0.33	0.45	0.57	1.08
-10.68	0.16	-1.46	0.02	-0.33	0.55	0.42	0.47	0.25	0.12	-0.09	0.21	0.38
-9.63	0.77	-0.54	0.84	0.24	0.93	1.03	1.14	0.89	0.74	0.61	0.37	-0.11
-10.35	-0.72	-1.69	-0.55	-1.52	0.10	0.49	-0.13	-0.45	-0.97	-1.42	-1.10	-0.81
-8.95	0.00	-0.74	0.97	-0.38	0.55	1.32	1.08	0.01	-0.66	-0.80	-0.25	0.14
-8.54	-0.87	-1.98	0.26	0.59	2.23	2.05	1.32	0.37	0.52	1.06	1.45	1.18
-8.82	-1.91	-2.26	2.17	1.53	1.58	1.73	0.83	-1.28	-1.30	0.92	1.41	-1.42
-9.27	0.32	-3.14	-0.62	0.27	1.38	1.13	0.58	1.35	1.35	0.35	0.54	1.47
-10.01	-2.50	-3.49	1.43	2.45	2.04	0.40	0.75	1.75	0.92	-0.01	0.34	0.49
-7.37	-2.82	1.05	6.75	1.63	-0.56	1.99	3.02	1.34	0.62	0.31	-0.63	-0.75
-9.97	-6.56	-1.70	5.98	1.30	-2.00	-0.05	2.92	2.14	0.42	-0.55	-1.12	-0.51
-7.48	-6.43	-0.34	7.58	0.14	-3.69	-0.91	2.63	0.95	0.35	1.85	1.30	0.56
-5.02	-5.59	1.36	8.76	-0.19	-3.61	0.65	4.42	1.57	-0.86	-0.06	1.76	3.58
-2.70	-6.22	-0.65	9.68	0.37	-5.47	-2.47	3.00	3.16	-0.14	-1.30	-0.69	0.44
2.32	-5.05	-1.74	9.13	0.78	-4.24	-1.21	0.84	2.14	0.34	0.15	0.50	-1.92
8.62	6.14	1.52	-2.42	-6.15	-8.46	-5.60	-3.01	-0.24	1.49	-1.17	0.11	1.65
10.46	3.23	-2.47	-5.74	-8.96	-5.53	0.28	3.18	2.55	-1.81	-1.63	3.60	-1.23
16.22	3.51	-1.63	-4.82	-9.86	-3.89	2.87	1.65	5.03	0.04	-2.68	0.11	1.45
16.53	3.26	0.83	-4.82	-13.41	-4.60	0.25	0.80	0.35	-0.91	-2.18	2.94	3.22
15.33	-0.04	-0.28	-4.11	-12.78	-7.77	-0.92	-0.83	1.62	1.66	3.64	4.58	2.56
19.55	-0.46	-3.75	-9.98	-14.61	-10.23	-0.90	-0.07	0.55	-0.84	-4.22	2.57	3.23
14.48	-4.88	-7.99	-11.27	-19.59	-10.84	1.90	4.95	5.28	5.89	2.85	-0.67	4.61
15.87	4.56	-1.41	-8.16	-13.66	-6.93	-1.43	0.22	0.24	6.75	0.95	0.58	5.85
-5.77	1.71	-3.76	-5.69	-6.62	-5.36	-2.84	1.57	0.90	0.71	0.98	0.32	-0.72
1.21	9.21	4.03	-0.12	-6.01	-3.65	2.66	5.05	0.24	-1.84	-0.17	-0.92	-1.38
9.71	5.42	-1.96	-3.09	-9.03	-3.14	3.51	3.03	2.02	-0.05	-0.85	0.61	2.76
5.01	7.54	-1.00	-3.76	-5.19	-1.00	2.68	2.75	1.86	-0.16	0.06	2.13	2.71
3.66	4.77	-1.17	-3.48	-5.26	-3.06	-1.84	0.68	0.85	-1.38	-0.48	2.92	4.08
3.63	2.77	-3.98	-6.27	-7.50	-3.73	-0.35	1.30	1.09	-0.48	-1.73	-0.78	0.84
0.94	1.60	-5.23	-6.40	-6.53	-1.02	0.73	0.89	0.73	0.80	1.19	0.60	-0.61
1.78	2.77	-3.03	-4.06	-4.84	-0.64	1.07	1.52	0.06	-1.48	1.37	3.04	1.19
-4.40	1.04	-4.79	-4.19	-3.27	-3.94	-4.13	-0.62	1.51	2.19	2.59	0.15	-2.51
-3.07	2.80	-3.21	-2.85	-4.84	-3.80	-3.28	-2.99	-0.99	0.73	1.32	1.73	-0.92
-2.62	-0.23	-6.40	-5.24	-3.16	0.83	2.08	1.14	0.32	0.77	1.22	0.60	0.96
-5.81	1.05	-2.65	-1.50	-1.73	0.46	1.93	1.96	1.21	0.42	0.14	-0.79	-1.67
-6.44	0.15	-3.26	-1.80	-2.52	-1.72	-0.18	0.44	-0.50	-1.47	-2.95	-3.26	-1.95
-1.23	2.44	-3.68	-4.96	-4.38	-3.44	-3.17	-2.09	-1.71	-0.18	0.36	-0.05	0.21
-3.69	-0.12	-1.49	-2.31	-4.18	-3.29	-2.77	-1.43	0.45	1.87	1.44	0.38	-0.40
-1.28	0.47	-0.69	-1.73	-4.13	-1.69	-2.43	-3.08	0.22	3.30	1.67	1.11	1.16
-7.41	-1.41	-3.29	-2.35	-0.99	-3.52	-2.56	-1.84	0.62	1.82	-0.10	-0.71	-0.66
-8.45	-2.19	-4.60	-2.08	-2.19	-0.78	-2.82	-2.02	1.43	3.85	2.43	0.78	0.71
-12.41	-1.36	-3.09	-2.42	0.81	-3.51	-0.64	-2.39	-2.86	1.52	-0.58	0.62	-1.93
-11.54	-0.94	0.91	0.71	2.35	-0.62	0.84	-0.53	0.55	3.19	-0.13	-1.59	-1.42
-10.18	1.26	0.11	0.22	1.27	-1.61	-0.82	-1.23	-0.86	0.44	-0.77	-0.39	-0.86
-8.75	0.93	-1.35	-0.31	-1.08	-2.46	-0.71	-0.78	-0.22	0.28	-0.45	0.34	-0.10
-3.61	4.44	2.83	3.17	1.74	1.38	-0.47	-0.27	1.17	1.42	0.47	0.19	-1.04
-8.16	0.64	0.40	0.55	-1.31	-1.81	-1.17	0.08	0.02	-0.31	-0.18	0.44	-0.97
-8.00	1.39	0.07	0.62	-0.36	0.24	1.07	0.75	0.87	1.90	0.78	0.32	-1.02
-9.44	0.13	-2.01	0.09	-0.70	-1.46	-1.50	-0.86	-0.18	0.35	-1.28	-0.45	0.21
-10.23	1.41	-1.01	0.71	-0.52	0.44	-0.18	1.26	0.44	-0.56	-1.43	-1.83	-1.41
-11.74	0.91	-3.59	-0.71	-1.09	0.34	0.87	1.17	1.74	1.95	2.19	1.65	2.21
-10.72	0.85	-1.74	1.39	-1.14	0.48	2.54	1.08	0.43	0.07	0.05	-0.80	-1.06
-7.33	4.42	0.74	1.99	-0.07	1.31	1.22	1.35	0.24	0.80	-0.82	0.58	0.74
-10.93	-0.79	-2.20	0.54	-2.29	0.90	1.05	0.34	-0.13	-0.70	-0.74	-0.09	1.44
-9.05	-0.89	-2.34	1.57	-0.67	-1.95	0.68	1.17	0.77	0.55	0.13	2.02	1.12
-5.05	4.30	-0.24	2.40	0.25	0.46	2.17	3.06	1.52	0.07	-0.77	0.21	0.33
-5.42	2.02	-3.08	0.35	-0.72	-1.09	-3.38	-2.13	-0.81	-0.02	-1.43	-1.55	1.21
1.68	4.84	-1.73	0.95	-0.95	-1.14	-1.32	-0.22	1.48	1.61	1.38	-1.04	-1.99
-9.44	4.93	8.66	8.66	3.19	8.05	3.86	-0.40	0.88	0.50	6.41	2.35	-0.35
-10.89	-1.95	3.33	6.69	4.14	7.83	4.27	1.13	3.27	1.65	4.52	3.62	0.57
-10.94	-3.43	5.08	7.08	5.35	5.65	4.44	8.61	2.28	1.38	-0.26	0.11	1.58
-12.57	-1.54	8.60	6.66	-0.90	7.39	6.38	6.09	-1.03	2.09	0.04	-0.66	4.43
-9.71	0.86	11.53	11.42	6.68	6.61	5.88	3.66	2.65	3.77	1.05	-0.14	2.27
-9.13	2.53	7.67	10.44	3.70	4.88	9.04	7.97	1.00	0.84	1.11	2.84	1.95
-9.79	3.10	8.50	5.37	2.70	7.90	8.62	8.86	2.75	0.08	-1.83	-1.14	6.01
-11.24	-0.19	7.52	13.94	5.97	0.84	5.76	6.69	1.37	5.83	1.76	1.05	1.28
-5.66	2.98	4.10	11.12	-1.21	5.95	8.09	4.59	0.24	0.14	1.42	1.53	1.40
1.24	4.06	5.75	12.96	3.97	4.83	9.89	5.35	0.29	-1.46	3.20	2.63	3.91
6.99	4.93	1.62	9.13	2.22	5.28	8.64	7.59	4.20	-2.10	-1.47	0.27	1.76
-8.72	2.08	1.60	2.49	1.87	2.51	3.92	2.96	2.62	1.62	2.11	2.25	1.09
-1.05	-3.69	3.16	6.78	2.37	5.41	3.20	0.84	-0.46	1.15	2.34	1.10	5.03
0.49	-6.32	2.59	2.84	0.43	7.07	2.81	1.05	0.58	0.57	-0.61	0.51	4.44
-4.18	-13.11	-3.64	-2.93	-1.47	2.50	2.37	-1.72	-1.23	1.24	3.06	5.18	1.45
0.65	-7.00	-3.83	-1.19	3.65	7.21	3.65	-1.84	2.04	5.78	3.32	4.68	-0.62
-3.32	-5.32	0.11	-0.15	6.28	4.33	0.21	-2.93	-1.67	3.61	0.15	3.96	1.63
-18.10	-7.43	5.18	5.58	5.85	-0.88	-1.77	-0.20	-1.99	6.16	1.32	1.54	0.91
-0.33	-12.51	3.65	13.07	9.74	2.74	4.01	-1.25	-6.11	1.73	3.77	4.73	-1.20
12.65	-22.52	3.81	15.17	9.73	6.29	0.93	4.92	-2.47	-0.04	13.12	3.69	-2.51
10.31	-24.87	0.23	0.56	3.75	8.64	-6.97	2.23	7.31	-4.58	4.39	7.69	-1.55
2.93	-18.19	0.83	13.46	11.45	8.01	-4.30	3.74	2.97	-3.99	3.92	5.25	-6.41
3.62	-20.30	5.24	7.79	8.36	14.39	-8.34	0.86	9.62	-1.86	4.78	7.31	-0.35
5.59	-17.23	2.14	8.09	11.43	15.87	-7.59	0.40	7.92	-4.12	3.00	5.58	0.45
13.01	-22.69	6.48	17.41	4.01	9.92	-1.03	-0.28	-0.40	-0.46	5.54	3.17	0.12
12.56	-17.63	10.06	12.28	-1.66	16.82	2.02	3.36	-0.13	-1.94	4.67	4.16	0.69
13.61	-13.10	9.63	6.56	-3.27	20.96	2.73	3.68	-2.08	-5.30	3.02	5.53	2.10
9.93	-9.41	10.42	6.69	-3.11	18.00	6.16	2.89	2.64	-8.21	-0.35	4.97	0.33
13.14	-5.04	10.22	4.72	-6.20	15.01	6.62	5.63	6.00	-9.43	-1.19	7.15	0.85
10.57	-0.58	10.64	3.14	-4.25	10.45	8.01	3.86	10.73	-9.91	-1.41	3.14	-0.73
6.90	7.94	5.77	0.81	-6.34	3.26	6.78	6.12	5.62	2.75	-2.65	0.52	-2.72
5.02	6.54	3.72	-1.87	-1.25	5.51	2.00	4.21	4.40	-0.56	-2.11	2.72	-0.98
19.95	6.77	4.17	2.24	-10.89	9.54	0.13	4.79	12.43	1.39	-0.93	0.70	-5.70
18.05	4.71	0.82	8.65	-10.84	6.89	-0.36	4.30	10.55	-0.50	0.99	1.68	-5.40
15.96	7.83	-0.46	5.39	-4.33	3.18	1.57	3.17	9.81	-6.98	4.23	2.67	-2.48
14.69	8.33	1.51	2.81	-6.17	3.09	-1.60	6.75	4.63	2.71	10.85	1.77	-1.42
0.25	4.00	-1.50	-3.55	-2.84	0.55	1.51	5.63	4.81	4.21	2.77	-1.41	-2.94
0.86	0.34	-2.91	1.16	1.23	2.82	1.63	2.86	4.82	5.53	0.36	-2.37	-1.79
9.22	-1.73	0.05	0.98	2.14	2.82	1.81	6.09	4.78	6.08	3.10	-0.70	-2.45
-7.10	9.27	1.88	-1.17	8.50	-3.71	3.22	-2.90	0.93	1.61	0.01	4.15	0.57
-10.56	0.22	-0.78	0.90	0.19	0.65	0.39	0.65	0.56	0.76	0.45	-0.04	-0.36
-10.15	0.97	-0.56	0.78	0.22	0.69	0.81	1.09	0.80	0.83	0.50	0.56	0.36
6.61	9.02	4.03	1.76	0.84	2.82	4.61	2.55	1.91	1.76	-0.30	0.45	0.23
13.72	12.62	11.63	6.67	0.33	1.10	1.64	-1.80	-1.63	-0.26	-2.17	-2.05	-0.85
5.30	4.57	3.79	5.53	1.01	1.00	0.42	-0.79	3.15	3.69	1.02	0.32	-0.46
1.23	1.16	2.03	0.52	-3.30	2.00	3.36	2.51	5.38	5.89	-0.47	-0.76	1.05
-0.20	4.12	3.03	0.14	1.32	4.35	4.56	3.47	4.85	4.31	1.02	0.29	-0.01
-4.61	-0.15	-0.02	1.68	0.44	3.95	5.44	4.42	2.30	0.53	-0.43	0.59	-0.98
-6.40	2.31	0.06	-1.06	-0.76	1.84	2.02	1.47	0.44	-0.67	-0.97	-0.97	0.04
-8.18	0.75	-1.35	-0.59	-1.22	0.59	1.21	1.24	0.76	0.35	-0.59	-1.03	-0.73
-7.06	0.65	-1.43	0.20	-0.31	-0.49	-0.62	-0.44	-0.05	0.34	1.27	2.44	2.29
-7.07	1.72	-2.10	-0.29	1.08	1.46	0.97	1.10	-1.13	-0.10	0.52	1.21	-0.69
-3.56	-0.22	-3.40	1.36	4.43	6.63	2.79	-1.23	-1.26	1.21	3.22	2.09	-0.16
-2.36	1.50	-0.31	1.41	1.14	2.97	1.61	0.51	-0.49	-1.09	1.09	3.38	1.79
0.00	-0.65	-4.21	-2.33	-2.65	0.84	-1.25	-3.51	-2.09	0.57	-0.52	-0.52	-1.58
-1.40	0.81	-2.37	0.59	2.78	5.32	2.06	-1.25	-3.43	-1.76	1.32	2.60	2.04
-6.30	-1.53	-2.40	2.70	1.97	2.54	-0.95	-0.46	1.83	1.03	0.23	-0.29	1.58
-3.88	1.72	-1.44	1.43	2.66	4.80	0.99	0.76	0.55	-0.27	1.02	0.71	1.48
-11.73	-0.51	1.28	3.32	0.98	1.16	0.23	-0.31	1.75	0.72	0.34	0.02	2.46
-8.10	0.12	0.66	3.68	1.02	4.35	2.50	0.72	0.76	-0.57	-3.51	-2.91	-0.20
-8.61	-0.83	-2.32	0.25	-1.52	-0.42	-0.53	-0.81	-1.05	-0.39	0.97	-0.21	-0.14
-4.40	2.58	-2.04	1.16	1.16	3.71	0.64	-1.66	-1.15	-0.80	-0.41	-0.28	1.19
-6.90	0.46	-4.60	-1.61	-0.65	2.32	0.67	0.17	-0.75	-2.20	-3.49	-3.42	-2.39
-6.76	0.69	-5.10	-1.71	0.13	0.96	-1.31	-1.92	-1.30	-1.21	-0.22	-0.69	-2.14
-8.51	-1.47	-3.72	-1.12	-1.45	0.66	-0.35	-3.32	-2.14	4.72	2.88	1.05	0.15
-7.25	3.37	-3.08	6.24	1.86	0.63	-2.58	2.65	-1.97	-3.33	1.11	3.38	-0.12
-10.28	2.87	-1.86	-0.66	-0.14	1.41	0.24	-0.48	1.70	2.10	-0.15	0.28	-0.59
-11.47	-3.16	-1.10	3.74	0.83	1.28	1.86	2.17	-0.69	0.33	1.52	-0.30	-0.72
-6.15	-0.21	7.89	6.03	-3.68	1.95	5.21	4.44	-5.32	-2.30	3.54	-1.91	-3.67
-8.75	2.30	9.44	9.30	-0.28	1.58	6.06	5.61	-0.78	-1.71	-0.22	-1.92	-1.92
-10.51	-2.59	4.37	3.87	-4.79	0.15	3.12	0.24	-5.81	-1.12	3.00	-3.44	-0.46
-7.60	1.10	8.84	6.70	-2.47	1.02	4.97	3.75	-2.71	-0.59	0.70	-3.83	-3.22
-9.99	-2.51	5.24	5.78	-0.56	-0.28	3.68	1.93	-3.79	2.69	1.76	-3.24	-0.74
-7.61	-2.21	6.64	5.61	-1.48	1.58	1.32	0.42	-2.71	1.42	1.88	-0.63	1.93
-4.41	-1.85	-4.65	2.62	-2.92	-3.04	0.95	2.33	1.32	0.46	4.20	0.25	2.93
-1.87	-1.16	-3.35	0.70	-7.95	-8.46	-2.24	-2.46	-0.03	0.99	0.90	-3.53	-3.51
-2.24	0.97	-2.13	-0.86	-7.73	-8.90	2.85	-3.59	-1.40	0.04	2.60	-3.32	-1.73
-9.89	-6.34	0.30	-3.62	-3.80	-2.89	5.06	-1.92	0.96	0.30	1.30	1.52	-1.72
-1.40	-0.25	-3.74	-2.11	-5.53	-2.86	1.75	0.15	2.30	0.29	2.31	-1.71	-0.83
-5.73	-1.01	-3.00	0.56	-2.66	-5.70	-1.41	1.57	2.64	-0.14	1.47	-0.28	-1.18
-3.47	0.04	-0.45	10.40	0.77	-3.95	-5.06	-2.02	0.75	0.83	-0.92	-3.99	-4.16
-2.27	2.42	3.54	5.14	0.46	-1.65	0.08	1.45	2.96	4.26	-0.09	-4.75	-5.15
0.47	5.89	3.46	9.20	1.49	0.43	-4.87	-1.43	1.12	0.02	-0.55	-4.15	0.65
-3.41	5.22	3.57	9.09	-1.19	2.96	0.31	-2.18	1.38	-0.31	0.27	-0.96	0.36
-4.21	0.62	2.29	7.27	0.83	-0.27	0.94	0.58	-2.46	-1.51	0.85	0.44	0.46
-2.66	1.53	4.04	6.55	1.61	0.89	1.46	2.84	-1.43	-0.60	-1.18	-1.65	1.15
-2.62	6.05	4.35	7.01	1.19	-2.26	-2.92	-0.09	-1.30	-0.26	4.04	1.78	1.21
-9.27	-4.35	-1.67	3.03	2.27	0.58	-1.56	0.12	2.33	1.83	1.50	-0.31	3.02
-10.43	1.27	0.87	1.20	-0.75	-0.04	0.42	-0.19	-0.12	0.86	0.46	0.26	0.37
-9.28	0.80	-2.06	-0.71	-0.50	-1.11	-0.86	0.59	-0.54	-0.98	-0.23	-2.04	-1.57
-9.95	-0.17	1.18	2.03	-2.11	0.96	0.51	-0.49	-0.71	1.04	0.04	-0.99	0.41
-9.86	0.30	0.98	3.88	1.82	0.88	2.46	1.38	0.68	0.28	-0.76	-1.41	-0.32
-9.80	-2.38	-1.54	2.02	0.53	0.60	1.92	2.05	-0.21	-1.21	0.92	0.71	-0.25
-8.94	-0.02	0.58	3.24	1.60	0.76	0.64	0.74	-0.71	0.49	0.33	0.83	0.77
-11.09	-2.23	-0.08	0.90	-0.36	1.10	0.31	0.23	1.34	0.49	-0.04	0.79	0.73
-10.72	-0.91	-0.45	0.71	-0.74	-0.25	-0.53	-0.27	-0.64	-0.07	-0.40	0.51	0.41
-11.25	-1.04	0.75	2.29	0.22	2.23	1.04	-0.55	-1.11	-0.91	-0.44	-2.20	-1.83
-11.95	-1.01	0.61	1.57	0.03	-0.40	-0.90	1.63	1.03	0.61	0.36	-0.17	0.87
-8.52	1.59	0.30	1.02	1.56	1.63	0.24	0.34	-0.14	-1.02	-1.21	-1.62	-1.54
-9.44	0.01	-0.80	1.12	0.75	2.28	1.16	0.52	-0.05	-0.36	-0.71	-1.28	-1.61
-10.18	0.17	-1.22	0.75	1.56	1.57	0.36	1.50	1.10	1.42	1.09	1.06	0.35
-10.34	-0.27	-2.44	-1.24	-0.34	0.92	0.43	1.29	-0.21	1.07	-0.22	-0.56	-0.41
-9.23	3.15	-0.80	-0.48	-0.70	0.34	0.91	2.18	1.03	0.61	-0.17	-0.85	-0.36
-7.78	1.89	-3.68	-1.66	-2.51	-0.65	-0.71	-0.17	0.32	-0.50	-1.72	-1.68	-0.71
-8.13	5.02	-1.51	-2.02	-1.77	-0.06	0.09	3.65	0.92	-0.75	-0.97	-1.18	-2.66
-9.58	0.11	-3.99	-4.93	-3.48	-1.78	2.17	2.93	0.14	-1.57	-2.53	-1.29	0.24
-11.88	1.58	-4.67	-4.54	-2.48	1.65	0.98	2.26	-2.20	-2.94	-2.38	-1.07	-0.60
-8.48	4.76	-0.89	-0.89	-1.69	-1.36	-2.98	0.55	-0.24	0.41	-0.01	0.11	-1.94
-5.84	6.19	0.56	3.27	-2.63	-1.83	-1.82	1.63	2.00	-0.87	3.62	1.10	1.61
-8.58	-1.77	-0.87	2.91	2.05	2.19	0.30	5.54	0.55	-1.83	0.36	-1.10	-0.39
-3.27	-1.10	1.73	2.06	-1.02	1.72	-2.25	4.44	1.20	-2.79	-0.31	0.43	-0.77
-0.07	-0.70	1.14	2.02	-2.20	3.38	3.19	4.04	0.38	-0.09	1.21	0.23	-1.14
-4.00	-0.45	1.17	3.25	-2.01	-0.12	0.80	4.88	1.30	-2.99	-3.64	-1.53	1.94
-4.01	-4.97	2.84	-0.48	-4.32	-0.25	-0.99	3.22	-1.12	-1.99	-3.13	-4.18	-3.58
-6.31	-2.87	2.84	-0.38	-5.04	-0.51	-3.35	0.01	0.98	1.04	-0.60	-0.35	1.40
-9.10	-2.19	0.51	1.21	1.77	1.23	-0.02	1.38	0.98	0.04	0.06	-0.41	-0.87
-9.35	-1.40	0.48	3.89	1.64	3.11	4.44	-0.56	0.05	-1.02	-3.62	-1.16	0.96
-16.42	1.46	-4.25	1.39	0.81	-0.52	3.27	2.36	1.50	0.79	-3.99	1.43	1.23
-17.50	3.21	-3.34	0.21	3.28	-0.42	4.96	2.83	1.47	-1.28	-6.46	-5.96	-3.22
-20.75	5.83	-3.93	0.10	0.85	-0.13	-2.74	1.33	1.23	-0.02	-1.99	-1.40	-3.85
-16.03	2.77	-1.74	-0.95	0.69	-3.85	0.63	-2.51	-2.61	-1.96	-1.14	-2.22	-4.35
-18.96	3.25	-2.78	-0.15	-0.57	-4.89	0.77	2.08	-2.35	0.65	-1.79	-1.29	-1.68
-15.13	1.29	-3.00	0.82	1.92	-0.53	-0.40	-2.13	-0.21	0.62	-1.77	-1.22	0.10
-9.35	2.64	-1.85	0.20	0.61	-0.70	-2.99	2.23	-0.82	1.84	0.20	-1.94	1.26
-15.33	1.19	-0.52	-1.39	1.39	-7.54	-1.86	2.83	2.35	3.14	4.29	-3.27	-1.52
2... 1... GO!
0.60	-1.58	4.88	6.09	-1.10	1.89	-0.02	-1.40	-1.53	-1.71	-2.84	-1.52	-4.01
4.36	-0.42	5.35	3.95	-1.56	1.51	-1.80	-1.02	0.28	-3.66	-6.41	-1.51	-2.74
3.47	3.38	4.73	4.32	4.87	0.88	-0.74	-2.86	-4.94	-4.97	-5.98	-1.72	-0.56
2.69	2.93	3.24	7.54	0.19	0.77	-0.95	-2.24	-1.20	-4.18	-4.02	-2.22	-2.08
1.89	-0.64	6.24	8.53	4.03	2.74	2.56	0.16	-1.41	-7.10	-6.33	1.79	1.71
-4.51	-5.47	-3.31	1.36	-1.17	2.31	0.54	0.84	2.16	-0.15	-4.82	3.49	3.75
-0.40	0.14	2.40	3.76	-0.90	3.15	-0.06	-2.58	6.11	0.79	-2.58	-0.32	5.69
2.26	-0.90	-0.86	4.33	-0.25	2.14	-0.46	-4.28	-2.80	-2.23	-4.82	-1.33	-0.56
3.62	2.78	4.00	5.46	1.42	-0.94	-0.49	-8.34	-1.60	-1.73	-5.41	-1.30	-0.47
-0.34	-0.69	4.32	3.61	6.20	5.45	2.52	0.02	2.17	-0.51	-1.35	-1.11	1.64
1.85	1.24	1.10	-1.11	-1.49	0.87	1.73	0.31	0.87	1.59	-2.26	4.35	4.57
-1.02	1.66	2.62	0.98	-3.29	-1.53	-0.17	0.18	-1.29	0.45	-1.86	-4.38	-3.23
1.25	4.00	4.48	0.34	-3.61	4.96	4.70	-1.74	-4.37	-1.52	-4.41	-1.30	0.63
-5.39	-2.03	-4.36	-4.32	-2.49	2.33	5.10	3.69	5.85	2.06	-0.91	2.88	2.09
1.92	2.79	-2.78	-4.08	-2.30	4.45	1.03	2.97	1.84	0.46	-2.17	-2.64	-3.79
-2.68	-1.47	-2.78	-1.92	-3.57	-0.25	0.69	-1.41	4.68	2.32	-1.49	-0.61	-1.00
-2.32	2.23	0.60	0.51	-3.64	2.54	4.33	1.37	0.36	-3.75	-7.61	0.36	1.51
-4.01	1.14	4.45	1.34	-1.12	4.84	0.48	-2.53	3.05	0.59	-3.33	-0.27	-0.80
-9.43	-0.19	0.67	-5.18	-5.23	0.56	0.66	-0.88	-0.28	-3.64	1.61	0.49	6.81
-6.98	-4.18	-1.39	-1.13	-0.39	1.85	2.88	-1.97	1.96	0.47	-1.23	0.71	1.15
-11.74	-4.25	0.74	-2.53	-0.13	8.71	3.95	-0.22	0.92	3.77	5.35	-0.42	0.25
-4.68	3.04	4.00	1.90	-2.43	1.52	-0.35	-4.60	-1.14	4.00	0.47	-0.83	-0.53
-3.42	3.99	7.83	0.51	-2.07	2.52	-4.31	-6.67	-0.42	-0.33	-2.95	2.13	2.27
0.54	2.43	-2.20	5.27	-1.90	-1.46	-2.68	-3.17	-2.02	0.33	5.99	4.24	5.32
2.31	0.41	3.35	1.35	-7.80	-1.62	-2.93	-4.80	-2.39	-2.81	4.94	3.63	0.94
4.13	5.46	0.10	-1.67	-1.10	-3.04	-1.32	-3.84	-6.27	-4.21	3.74	3.94	2.70
7.42	7.76	4.02	2.00	-0.95	2.17	-2.38	-10.12	-6.77	-0.21	3.54	2.27	4.05
3.41	8.89	8.46	4.95	-1.15	1.86	-5.51	-11.38	-6.79	-0.28	1.77	0.99	6.64
-1.98	0.10	0.12	-1.45	-9.25	-2.33	-3.83	-0.57	-2.35	-3.75	-1.69	-0.69	1.53
-7.19	2.42	3.95	1.02	-2.24	-4.71	-3.35	-1.57	-0.73	2.60	-0.54	0.76	1.67
0.04	2.34	6.17	-0.58	-6.10	-2.29	1.16	-0.57	-2.72	-1.25	4.20	1.89	2.12
4.23	4.13	6.67	-0.31	-6.93	0.22	3.89	-0.70	-0.28	-2.08	-3.35	-0.08	3.63
-2.47	3.33	3.18	2.17	-5.71	-0.26	1.23	-0.07	-3.26	-1.62	-2.64	-1.08	4.45
-2.79	4.53	4.69	4.05	-5.21	-1.96	2.69	3.19	-3.78	-4.54	-0.62	-0.70	0.88
-3.97	0.97	1.33	4.18	-6.23	2.71	-2.04	1.50	-4.27	-2.55	-1.55	-0.40	1.75
-10.11	0.60	2.97	7.20	-10.59	3.39	-2.81	3.26	-2.22	-4.55	-0.12	-4.71	5.85
-6.59	4.12	2.12	1.46	-0.45	1.35	3.53	2.53	1.10	1.13	0.89	0.41	0.23
1.35	6.67	1.16	4.16	4.80	4.76	-0.03	4.50	5.83	2.53	1.60	1.66	-0.28
7.85	2.04	6.11	3.93	-1.20	4.89	4.03	4.48	5.38	2.62	-3.06	-0.14	4.15
12.34	0.72	8.17	3.41	-2.34	5.24	5.06	6.70	9.57	-0.63	-5.46	0.79	3.72
11.84	2.22	3.03	4.86	0.16	5.69	3.48	10.68	9.10	-1.11	-5.98	-0.15	3.38
5.49	4.25	1.43	5.82	0.50	7.82	7.84	8.82	6.27	-1.49	-4.31	-1.48	3.55
3.18	-1.86	0.16	3.43	-0.35	3.90	7.63	9.42	8.20	5.17	1.31	0.36	2.88
10.69	5.22	5.64	5.39	0.30	3.31	3.33	4.31	7.03	4.68	-0.37	-2.63	-1.67
10.14	4.08	5.82	5.12	-2.72	-0.21	3.99	1.93	2.75	5.77	1.58	2.22	0.76
13.64	6.07	7.84	8.78	1.17	3.04	2.01	-0.82	7.61	8.29	1.20	-2.88	-1.80
12.05	4.38	8.01	10.88	2.58	4.12	3.74	0.04	3.87	7.13	-0.91	-2.75	1.27
6.58	4.08	3.41	7.19	2.43	5.65	4.58	4.97	1.86	7.24	1.72	1.21	3.21
11.32	-23.43	2.64	9.79	4.92	11.09	2.86	1.04	0.13	-4.17	-0.52	0.86	-1.01
13.68	-10.85	0.29	5.14	2.87	9.49	-1.16	-3.34	-0.09	-3.83	4.47	2.09	-4.63
18.30	-25.87	14.02	17.14	1.24	18.84	0.22	-0.22	2.94	-4.77	3.54	4.00	-8.37
23.52	-25.74	20.23	13.79	1.73	18.19	-0.57	-1.72	4.18	-2.76	3.72	0.96	-6.39
19.07	-23.64	20.32	13.46	2.69	18.71	-3.89	-2.21	4.78	-1.68	4.99	1.73	-7.02
14.98	-23.54	21.09	14.04	2.76	18.72	-5.72	-1.66	4.69	-2.08	5.29	2.48	-5.36
11.11	-22.76	20.28	14.36	5.24	16.20	-4.27	-1.64	4.21	-0.89	3.81	3.57	-5.61
12.45	-23.55	21.06	14.76	5.20	15.57	-3.36	-2.59	5.26	-1.33	3.78	2.47	-2.66
12.84	-24.05	21.36	14.60	4.50	17.65	-5.32	-3.52	8.27	-2.45	3.20	2.56	-3.44
7.24	-23.44	19.50	14.91	5.85	17.48	-6.16	-0.54	6.47	1.03	4.03	-0.35	-1.07
-5.20	-1.36	5.93	4.22	3.13	4.43	-1.52	-2.11	0.70	0.49	-0.72	-1.15	-1.47
-3.43	-4.81	6.27	4.10	2.74	5.86	-2.42	-3.56	2.19	0.95	1.64	1.54	-2.86
6.93	-24.14	18.13	10.05	2.78	13.35	-6.29	-3.35	6.46	0.38	2.29	2.08	2.85
7.12	-24.13	15.93	11.70	2.24	14.20	-4.87	-4.80	6.91	0.04	3.29	1.64	1.55
7.90	-23.51	17.04	12.54	2.58	13.97	-2.96	-4.69	7.13	-2.15	2.34	-0.70	1.82
11.24	-22.18	13.36	15.69	1.14	16.12	-7.39	-4.56	5.88	-4.91	3.67	-3.96	0.92
10.57	-21.65	10.81	11.41	3.69	12.45	-3.87	-1.65	4.39	-2.69	2.29	-3.23	0.73
11.71	-20.23	10.87	11.58	6.66	14.21	-2.70	-1.95	4.65	-1.59	0.04	-5.02	0.92
10.28	-19.85	7.07	12.70	5.64	14.20	-2.02	0.37	3.17	0.17	2.66	-2.73	2.02
10.74	-18.61	8.87	12.45	7.44	12.18	-2.10	-1.53	3.78	-1.71	2.23	-1.96	-0.86
3.77	3.06	0.18	1.91	3.57	5.10	0.42	-0.64	1.04	-1.37	-1.39	4.27	0.49
4.81	-8.62	-0.32	6.26	2.59	0.95	-1.95	2.69	7.49	1.26	1.68	1.99	1.38
12.96	-11.48	6.39	10.15	4.31	14.11	1.23	1.60	3.14	-1.88	1.81	1.37	-1.26
12.32	-7.25	5.13	8.25	4.61	15.17	-1.87	1.11	2.86	-1.35	0.33	0.76	1.47
12.12	-9.19	8.62	2.85	6.06	18.18	0.02	4.00	0.69	0.08	2.72	1.86	1.62
7.24	-9.98	6.09	6.28	5.23	13.47	2.54	1.47	-0.42	-0.12	3.48	4.62	2.10
9.76	-9.86	3.74	7.81	7.35	15.64	4.13	3.41	0.73	-2.19	3.46	1.32	-1.54
8.13	-3.87	4.14	5.98	3.11	15.57	3.71	0.09	-1.14	-0.27	2.49	3.59	0.23
4.51	-7.70	0.39	5.14	0.58	15.42	6.39	0.41	-0.59	1.10	6.33	9.79	1.46
6.27	-7.15	1.43	8.45	0.28	16.64	4.69	0.16	-2.23	4.78	-2.59	6.04	-0.94
-0.97	-15.07	-0.68	0.74	-4.01	17.47	8.98	4.95	-1.98	0.37	4.92	8.70	3.52
-1.88	-6.29	4.91	6.10	0.29	15.46	8.38	5.03	2.77	0.28	0.82	2.67	-2.52
-11.83	-0.77	-1.53	-0.00	-0.14	1.29	-0.12	-1.38	-1.38	-0.04	0.27	-0.69	-0.71
-9.52	0.64	-0.32	1.62	0.79	1.25	-0.00	0.24	0.33	0.64	0.19	0.52	-0.26
4.00	0.81	1.09	4.72	0.20	3.21	3.78	3.72	1.03	-5.16	1.18	4.01	0.78
12.71	2.52	2.64	8.63	1.72	4.26	4.35	4.16	2.62	-4.06	-1.24	1.45	-4.22
-1.93	2.12	2.68	4.42	1.64	0.51	1.37	2.55	5.78	-0.10	1.79	1.36	-4.21
-7.86	5.16	3.14	5.57	1.88	0.56	2.28	6.17	2.03	-1.87	1.39	-0.21	-5.04
-18.98	1.25	-0.98	4.20	6.42	2.25	-1.03	4.74	-0.26	-0.45	3.75	-0.28	-6.15
-24.11	1.22	2.90	2.11	-0.27	0.15	1.36	6.70	2.00	-1.00	2.54	1.12	-1.23
-25.80	-2.55	-1.68	3.26	2.83	3.79	-0.05	-1.77	-0.40	-1.42	7.06	0.88	-0.95
-27.28	2.14	1.27	5.22	1.29	-0.78	-3.11	5.34	-0.22	-1.52	2.32	-1.20	-1.75
-15.79	-0.86	-0.70	-0.85	0.55	0.57	-0.50	-0.41	-2.97	-0.65	0.25	-3.11	1.78
-24.64	-2.97	1.09	2.67	-0.07	-0.89	-0.31	0.77	-3.99	-2.95	0.83	-0.16	0.06
-24.87	-0.25	4.16	3.84	1.51	1.22	-2.45	0.56	-4.98	0.97	-0.41	-1.23	2.33
-29.45	-3.44	1.56	1.28	-1.19	0.68	0.08	3.03	-4.63	-0.71	4.73	-0.77	-1.13
-26.97	-0.05	-1.20	-0.66	1.92	-2.45	-0.10	3.64	-2.20	-7.80	-0.67	-2.42	-0.10
-28.69	-4.78	-2.13	2.45	2.81	-2.36	-2.96	4.05	-2.59	-5.06	3.33	-1.66	-0.03
-28.08	1.53	0.11	4.37	-0.58	-2.43	-1.26	6.20	0.87	1.39	2.02	-3.45	-2.18
-30.91	-2.02	2.04	3.43	3.60	1.76	-1.47	3.63	-0.38	0.08	1.79	1.97	0.59
-23.74	-0.69	-1.82	1.77	3.68	-5.24	0.36	4.15	-0.57	-2.98	-0.48	0.64	0.98
-21.71	-1.92	-5.62	2.12	0.38	0.09	-2.49	1.53	-2.50	-0.94	3.65	2.55	1.32
-31.22	-4.66	-0.60	3.64	2.67	0.35	-1.18	3.42	1.63	-1.66	2.08	3.50	1.48
-33.87	-3.22	-2.51	1.71	0.84	4.52	3.42	4.81	-0.29	-3.23	1.67	0.59	-0.71
-33.45	-8.68	-4.62	4.08	2.96	4.65	-2.78	4.08	1.34	-1.70	1.30	-0.80	2.85
-35.89	-6.56	-2.83	6.59	0.01	0.27	-0.84	3.36	1.92	-4.27	0.44	0.63	-0.45
-30.62	-5.89	-3.65	4.92	1.34	-4.47	-2.24	4.28	1.89	-2.41	2.13	-1.78	-1.38
-33.26	-8.24	-5.12	3.36	1.91	0.25	-0.56	4.21	-0.16	-2.20	-3.82	-1.15	2.44
-30.18	-6.21	-3.57	-3.06	-1.00	-0.50	-2.94	1.23	-4.15	0.14	2.15	1.46	1.65
-35.25	-5.29	0.70	5.42	0.13	-0.20	-1.37	2.69	1.36	-1.74	1.46	3.41	2.61
-31.18	-0.24	4.79	4.81	3.44	1.06	-7.48	-0.25	-5.13	-3.38	1.04	-0.43	-0.49
-30.27	-7.67	0.22	5.79	4.05	0.90	-1.20	6.52	4.23	-1.34	3.05	0.35	-0.71
-28.79	-2.55	2.90	7.75	2.91	-1.07	0.92	4.57	-1.55	-2.40	-0.29	2.55	3.56
-26.30	1.11	-2.56	0.84	-0.64	-2.79	-3.39	2.64	-1.31	-2.88	-2.30	0.25	2.67
-25.71	-3.40	-4.03	4.92	-1.48	-4.92	-5.42	4.79	-0.07	-5.92	-1.77	2.86	-0.22
-22.36	2.11	3.97	9.69	3.92	-3.95	-2.91	2.43	-0.14	-3.07	-0.06	-1.08	-3.79
-16.28	10.62	4.09	0.35	-4.29	-8.58	-6.13	-1.37	-6.61	-4.38	1.50	-0.67	-1.62
-18.59	2.73	3.36	2.49	-2.41	-5.75	-5.68	2.93	0.59	-5.44	-3.02	-1.86	0.28
-17.93	3.83	3.39	0.69	-2.22	-6.98	-11.57	1.03	-4.05	-2.13	-0.33	-1.91	-1.59
-10.76	7.22	1.77	0.09	-3.23	-9.28	-8.77	0.01	-2.86	-2.31	2.57	-3.13	-2.88
-9.18	5.76	6.59	6.08	-0.29	-5.72	-11.60	-1.53	-3.69	-0.62	1.81	-0.89	-2.53
-14.85	8.09	3.13	1.89	-5.28	-5.97	-6.70	0.57	-3.69	-3.86	-1.07	-2.60	-2.50
-16.48	17.55	12.30	6.12	-3.29	-6.26	-5.60	-3.01	-5.75	-3.86	-1.44	-4.49	-4.63
-12.13	10.98	6.68	1.64	-5.69	-5.08	-8.38	-2.40	-2.01	-2.01	-2.05	1.65	-2.15
-10.11	7.69	3.17	-2.46	-3.42	-2.50	-3.87	-1.39	-2.56	1.21	4.38	-1.28	0.37
-12.40	6.70	7.22	3.63	0.05	-8.46	-9.52	-6.25	0.02	-0.37	-1.25	0.02	2.39
-11.31	11.45	9.63	1.28	-7.19	-10.20	-12.16	-1.41	-2.43	-3.98	-1.19	-0.72	-3.58
=== END OF SAMPLE ===
Next sample in: 3... 2... 1... GO!
9.70	9.31	4.90	-0.70	-6.31	-0.32	1.41	-0.07	5.18	3.13	-2.28	3.15	1.14
6.10	5.88	2.09	-5.24	-10.05	2.80	1.20	3.14	3.54	-2.03	-5.20	-1.10	-1.04
9.08	5.87	-0.12	-8.46	-7.21	2.10	-0.90	5.88	5.08	0.17	-2.34	-2.26	1.92
8.49	6.15	1.40	-5.71	-9.20	-0.67	1.05	3.15	7.23	2.38	1.51	1.14	-2.69
15.87	7.61	-1.50	-7.37	-8.33	-0.22	6.16	3.32	-0.37	-0.68	-2.44	-3.32	-3.30
7.55	2.29	-9.13	-7.51	-10.75	-3.57	2.53	3.00	2.61	-1.53	1.97	-1.98	-2.56
6.49	-4.40	-6.55	-8.85	-11.89	-0.09	5.42	5.29	3.55	0.71	5.02	0.49	3.83
8.37	-0.80	-2.50	-9.21	-12.42	-0.48	6.24	2.94	-1.17	-4.55	-1.48	-0.82	2.95
-7.11	-10.05	-7.69	-6.65	-5.64	-1.97	3.24	1.55	-4.04	-3.66	-4.39	-0.64	3.65
1.76	8.52	-0.02	-5.44	-7.26	1.70	5.57	5.69	2.84	-1.97	-2.22	1.07	0.10
7.13	-4.30	-3.10	-5.88	-11.57	2.47	0.72	7.64	5.38	-3.90	-5.44	1.42	7.36
0.06	-8.54	-3.86	-5.25	-9.18	0.91	3.08	7.87	1.44	-7.56	-9.24	-1.34	2.75
5.11	-2.49	-0.51	-3.53	-8.63	-1.82	-0.30	3.64	4.05	-2.85	-3.99	-0.86	4.71
3.32	-0.45	-0.40	-3.10	-7.87	-3.24	2.80	2.88	4.54	-4.73	-6.03	-1.26	4.80
2.47	-8.09	-0.08	-0.13	-8.24	-2.77	-3.27	2.45	4.48	-2.42	-4.88	0.72	4.11
4.35	-0.92	-2.08	-2.63	-10.99	-3.20	-2.02	2.96	9.44	0.28	-4.16	2.34	5.93
3.32	-3.63	-3.68	-4.74	-6.21	-3.28	-6.31	3.14	2.52	-2.12	-6.02	0.85	4.62
-5.56	-8.06	-6.44	-6.88	-5.13	-3.11	-1.89	3.57	6.01	-1.18	2.32	3.41	4.71
1.45	-2.28	-5.24	-5.65	-4.26	-0.62	-3.02	5.32	6.91	-0.92	1.45	3.40	3.02
3.24	2.06	0.09	-2.97	-3.56	-0.80	-0.78	3.44	3.72	-0.69	-0.68	-0.09	0.75
-2.90	5.42	-0.32	-6.75	-4.69	1.05	1.76	-0.14	3.11	0.10	-0.10	2.16	3.65
-2.98	1.88	4.32	0.29	-3.32	1.80	-2.55	-0.03	5.43	-0.63	-0.60	1.45	3.35
-1.16	0.76	-0.10	-4.31	-3.62	7.46	6.06	2.24	5.78	0.16	-2.91	3.35	0.54
1.38	2.70	-4.20	-2.21	-1.38	-0.38	3.00	0.40	3.83	3.52	1.88	3.96	3.73
0.79	2.16	4.40	1.11	0.41	2.66	1.10	-2.84	1.44	0.61	1.40	4.77	3.39
-2.48	1.69	0.20	-0.78	-3.55	2.24	-3.12	-3.41	0.34	0.82	-2.29	0.15	1.65
2.15	-1.29	-5.27	-7.15	-2.00	-0.53	0.20	-2.30	3.15	1.42	0.15	1.33	1.00
2.05	7.17	0.81	-3.72	-0.56	7.20	5.00	-1.51	-0.82	1.83	3.42	0.26	-1.77
0.61	6.06	1.98	-4.85	0.39	6.88	3.17	-0.94	5.80	0.25	1.15	3.17	1.33
-0.65	5.28	0.73	-6.46	-3.79	6.94	-0.82	-4.27	-3.13	1.53	-0.57	-0.97	3.68
0.50	3.20	1.59	-3.24	0.04	9.08	1.76	-2.83	-1.72	3.65	1.25	0.54	-3.82
-1.57	0.61	-3.32	-1.70	-1.65	0.00	-1.30	-2.97	0.21	0.82	-1.00	-0.38	-2.70
-6.67	2.22	0.08	1.90	1.70	0.67	0.57	2.30	1.65	2.34	1.23	0.20	-0.45
-8.94	2.67	1.02	0.34	1.55	2.35	3.49	3.25	2.50	3.14	2.02	1.23	0.32
7.06	3.86	1.96	8.23	4.90	3.80	1.60	4.20	1.75	0.67	2.65	1.12	-2.40
6.24	0.40	6.26	11.18	4.64	1.44	-0.12	2.94	-0.55	0.23	4.01	-0.39	-2.02
4.95	0.71	8.31	11.82	8.62	8.60	6.16	4.13	-4.64	-1.08	1.28	-3.56	-3.82
2.05	-0.09	4.90	6.83	2.14	2.02	2.61	4.82	0.65	4.45	3.87	-4.46	-0.89
-2.53	1.37	2.09	8.93	4.89	-3.41	-1.01	7.39	5.44	3.80	4.17	0.26	4.58
-2.12	0.85	3.29	9.04	3.70	1.64	0.79	5.43	3.78	3.16	5.46	-1.03	0.21
-4.22	-0.05	2.77	5.89	6.69	2.88	1.47	-0.09	0.63	3.56	6.59	0.11	3.29
-4.61	-2.00	6.43	5.35	2.07	0.88	0.51	4.25	2.38	3.62	2.05	-1.15	4.30
-6.92	-0.26	3.65	5.83	3.93	3.25	1.45	4.37	0.82	0.29	0.08	1.71	0.84
-3.84	-1.72	3.72	7.37	3.97	1.17	2.62	3.67	-1.48	-1.93	2.57	-0.71	4.56
18.23	-22.13	-6.82	8.86	14.43	11.72	3.47	2.29	-0.72	-1.60	3.18	-0.83	-1.76
20.92	-19.93	-4.03	17.99	15.11	8.37	2.80	1.90	-2.54	-2.60	6.59	0.64	-2.70
18.40	-24.22	-1.34	18.41	13.50	9.31	2.04	2.41	-1.03	-1.76	5.20	3.34	-6.11
17.91	-31.24	1.45	17.46	10.95	10.28	0.21	3.97	0.12	-1.66	9.79	4.86	-6.88
17.48	-24.06	-2.33	14.64	7.95	7.07	0.44	1.80	0.88	-1.51	5.75	3.52	-5.58
15.94	-22.53	6.24	15.29	3.27	10.94	-0.27	1.18	-3.22	-1.63	2.75	0.08	-5.11
22.83	-21.81	12.75	16.10	2.45	12.67	1.35	0.99	-2.74	0.79	2.72	-1.59	-6.29
14.65	-14.92	11.17	16.19	0.86	8.83	3.67	-0.48	-2.72	-0.14	1.16	-4.23	-4.49
-1.94	2.71	3.95	3.23	-0.24	1.59	0.84	2.40	1.69	-0.35	-1.43	-0.12	1.37
-1.75	-1.96	4.77	6.41	1.97	3.81	1.43	0.59	1.34	1.25	0.66	0.89	0.65
14.32	-15.55	17.63	11.32	3.24	16.65	4.37	-0.32	1.82	-2.72	2.67	3.22	-1.58
14.96	-19.84	21.05	10.06	3.07	18.81	4.49	-0.01	3.25	-5.10	4.90	3.53	-0.97
16.64	-21.99	19.35	6.94	2.43	20.67	4.10	0.76	3.65	-4.39	4.31	6.60	-2.01
15.05	-21.70	18.28	3.49	3.10	21.86	3.39	1.10	2.25	-4.17	5.65	6.55	0.02
16.85	-22.46	16.58	3.38	2.18	22.86	4.33	0.21	2.14	-4.99	7.34	6.10	0.10
15.59	-22.63	15.02	3.10	0.74	21.26	4.53	-1.21	1.89	-5.29	7.89	8.24	0.80
13.63	-19.04	13.70	4.83	-0.71	20.57	4.24	-1.33	2.95	-5.73	7.96	8.61	2.05
14.01	-16.10	14.54	3.48	-1.43	18.20	2.86	0.29	2.00	-6.21	5.97	7.20	3.13
5.76	-8.95	9.57	3.63	-0.40	12.10	1.08	-2.59	2.65	-2.92	-0.78	3.10	0.89
-6.83	1.58	4.97	-0.85	-3.71	-1.43	-1.25	3.20	1.42	-1.28	1.68	3.42	0.91
16.44	-18.46	17.51	-0.13	0.13	18.69	2.06	1.28	2.92	-7.09	2.23	3.34	1.40
13.41	-14.05	15.39	-0.83	-0.54	20.26	3.08	2.64	1.14	-7.13	2.32	3.15	4.27
12.42	-10.91	11.51	-0.35	-0.51	18.09	5.14	2.70	2.52	-6.93	-0.78	6.63	4.37
9.71	-6.23	12.57	0.23	0.43	15.87	4.29	3.45	2.76	-5.34	0.11	4.17	5.31
9.68	-5.96	9.53	0.10	-0.16	15.34	6.19	4.12	3.89	-4.67	-1.47	8.19	5.15
11.36	-4.79	11.54	-4.11	-1.37	17.96	6.39	3.74	4.61	-5.33	0.17	6.92	5.33
13.69	-1.85	8.70	-2.12	-1.69	17.56	7.81	5.85	3.51	-6.02	-0.35	8.99	4.30
12.92	0.52	12.56	-9.46	-0.20	20.21	4.29	8.12	5.05	-4.26	-2.81	7.17	6.19
6.25	-0.14	3.25	3.49	2.65	10.51	4.79	5.14	4.49	-3.97	-2.70	4.99	4.30
-5.03	5.01	2.40	2.63	-1.29	-2.58	-0.11	1.70	2.56	1.64	0.83	1.07	1.56
21.85	5.03	17.50	1.84	-5.43	5.42	-2.18	6.35	2.13	-9.70	-4.88	2.94	-1.32
22.69	6.78	12.54	2.92	-2.36	2.60	3.60	9.56	4.64	-5.81	-2.00	1.96	-5.18
20.68	3.12	11.43	-2.43	-4.66	5.16	-0.10	12.10	5.68	-4.96	-0.06	3.51	-6.58
24.17	4.32	12.63	-0.44	-3.22	2.70	-0.13	9.81	7.67	-3.21	1.15	3.95	-7.85
11.79	5.04	8.99	4.28	-1.28	0.33	0.54	7.67	5.57	-1.87	1.32	1.22	-4.87
9.18	1.51	7.31	2.58	1.10	0.89	-0.51	8.42	4.45	-4.46	3.20	3.60	-4.04
9.53	-6.18	19.76	-1.27	-9.84	0.59	-0.10	9.96	4.18	-2.44	5.78	3.26	-5.01
9.51	-7.09	16.23	4.08	-4.80	-1.01	-0.13	10.38	5.73	-5.98	3.18	-0.77	-5.07
-12.40	-2.12	-0.83	2.69	0.70	1.89	0.77	0.40	1.09	-1.36	-1.52	-0.15	-1.44
-12.50	-1.88	-2.08	0.34	-1.13	-0.58	1.13	0.96	-0.02	1.05	0.87	-0.07	0.06
-7.89	-7.06	1.01	6.41	-1.06	-2.38	0.12	2.49	0.72	-0.48	-0.01	0.38	-0.94
-8.96	0.02	-0.11	2.09	0.47	-0.24	-0.65	0.73	0.44	-0.96	-0.22	0.55	-1.56
-12.64	-1.23	-0.08	1.08	0.28	0.63	0.32	1.78	0.92	-0.93	0.35	0.03	-1.23
-13.05	-0.99	-0.71	0.38	-0.78	-0.44	0.28	1.71	0.41	-0.91	0.58	0.66	0.01
-14.44	-1.77	-1.34	1.37	-0.62	-1.95	-0.46	1.08	-0.59	-1.31	-0.45	0.14	-0.08
-13.21	-1.52	-1.33	0.30	0.14	-0.32	-0.39	0.41	0.59	-0.94	-0.40	-0.58	-1.31
-11.95	-1.86	-1.24	-0.06	-1.46	-1.35	0.88	0.22	0.15	1.26	1.13	1.39	0.12
-10.56	0.14	1.11	0.88	-1.33	1.01	1.74	1.79	-0.46	0.25	-0.01	0.07	-1.31
-13.59	-0.89	1.67	-0.43	0.88	0.74	-1.78	2.57	0.73	-1.46	0.93	0.52	-0.73
-13.31	-0.22	0.25	0.56	-0.24	0.58	-0.24	1.93	0.54	-0.84	2.01	1.36	0.98
-11.81	-0.10	0.52	0.73	0.18	0.50	-0.77	1.70	0.15	-1.30	0.24	-0.53	-0.82
-13.71	-0.23	-0.30	0.90	0.32	-0.84	-0.18	1.64	0.10	-1.09	-0.14	1.12	0.33
-14.73	-0.89	-0.35	1.98	-0.18	-0.70	-0.99	2.44	0.12	-1.58	0.29	0.56	-0.23
-13.63	-0.53	-0.40	0.98	1.29	0.45	-1.14	1.20	1.84	0.80	1.71	1.18	0.68
-11.22	-1.09	-1.67	-1.04	-1.63	-0.30	-0.70	-0.01	0.27	1.15	0.47	-0.12	0.20
-12.09	-1.05	-1.37	0.85	-2.00	-0.81	-1.22	0.90	-0.13	-1.51	-0.67	-0.32	-1.33
-11.26	0.44	0.12	-0.24	2.66	0.39	-2.72	-1.01	1.68	1.33	0.50	-0.82	-2.04
-8.94	2.12	1.18	1.76	0.78	0.83	-2.42	0.63	0.74	-0.74	-0.37	-2.28	-2.61
-10.02	1.86	2.17	2.67	0.33	-0.79	-1.96	-0.33	-0.42	-1.98	-1.42	-1.85	-1.89
-9.42	-1.78	2.60	5.69	2.81	1.46	-2.13	-2.74	-0.48	-0.42	-2.76	-1.62	-3.75
-3.73	3.40	4.27	8.70	5.64	4.21	-0.75	-1.77	0.27	2.99	2.23	-1.23	-1.18
-3.85	4.25	6.58	3.24	-0.89	-1.44	-2.22	-3.49	1.87	2.45	-0.72	-0.16	-1.94
-8.55	1.91	-0.36	2.08	2.35	-1.25	-1.22	1.16	1.94	1.36	0.26	0.27	-0.97
-10.28	0.83	-0.98	0.39	-2.87	-4.25	-2.57	0.02	0.88	1.60	0.74	-2.72	-1.93
-3.56	2.03	-0.10	3.25	0.63	-4.10	-4.75	-2.59	1.70	-1.37	0.52	-3.46	-7.35
-6.99	-0.35	1.08	5.05	1.80	1.63	-0.06	-4.16	1.74	5.88	4.31	-1.22	-3.75
-6.50	-0.05	-0.70	3.85	4.70	-1.04	-3.51	-8.81	1.29	1.66	2.95	0.14	-4.00
-4.89	1.08	2.31	4.16	0.39	-2.33	-7.24	-5.72	0.55	4.18	6.01	3.31	0.07
-8.57	2.78	4.56	6.45	2.33	-3.24	-6.86	-7.87	-0.24	3.92	4.74	2.26	-1.68
0.16	6.61	8.76	10.00	2.42	-3.32	-6.09	-1.88	0.34	-0.60	2.21	0.24	1.17
-1.59	-4.12	3.18	5.86	0.53	-2.17	-7.06	2.18	1.59	-3.74	-0.27	0.10	-3.14
-1.98	-0.21	3.36	7.89	1.55	-2.83	-5.30	0.31	-1.56	-1.88	-1.11	-1.75	-5.90
-3.67	-4.44	9.78	16.67	1.67	-1.46	-6.25	0.11	0.79	-2.67	-0.01	-1.12	-5.57
-6.51	-6.09	8.54	10.38	2.27	3.25	-2.07	-2.66	0.70	-5.45	0.99	4.12	-2.11
-11.75	-4.26	6.10	9.66	3.08	-0.77	-0.83	3.93	5.72	1.74	5.59	3.10	1.79
-5.20	0.96	6.15	7.53	0.94	2.63	-3.08	1.90	3.68	-1.01	3.34	-1.13	0.38
-5.70	-3.27	7.41	4.26	2.01	2.72	-3.29	3.40	3.88	-1.45	5.55	0.59	-3.05
-4.57	-1.40	8.07	10.35	3.56	2.41	-4.66	-0.48	-0.80	-1.00	2.80	-0.98	-4.37
-6.58	-4.65	1.53	7.26	-0.19	0.19	-2.46	-0.30	2.90	3.07	1.77	-1.16	-3.04
-3.29	-3.11	-0.86	3.70	3.45	5.77	-2.36	-3.20	-1.73	0.49	0.79	-4.07	-2.79
-10.94	-6.11	3.53	7.27	0.86	0.44	-1.98	6.24	2.69	0.52	1.05	-0.17	-1.37
=== END OF SAMPLE ===
Next sample in: 3... 2... 1... GO!
-10.44	11.97	-5.07	2.64	-4.65	-3.07	-5.74	-4.37	-5.52	0.85	-2.81	2.66	-2.28
-9.55	12.16	-2.65	3.50	-0.75	2.90	-3.86	1.04	-1.80	3.42	-3.55	4.11	-4.73
-6.83	10.48	-7.49	1.89	0.81	2.14	-3.68	-0.24	-0.44	2.68	-0.20	3.18	-2.07
-7.37	8.49	-8.67	-4.04	-3.40	1.59	-4.05	5.25	-2.24	1.86	0.92	1.49	-2.46
-7.90	11.43	-7.12	-5.69	-1.25	0.42	-4.64	3.05	-0.08	5.15	1.30	0.86	-1.82
-8.51	7.54	-6.62	-6.15	-7.73	2.11	-5.18	0.83	-0.11	-0.85	-2.97	-2.34	-4.43
-6.71	4.18	-1.81	-2.26	-5.90	9.41	6.56	3.95	3.82	2.01	-0.45	3.41	-0.08
-10.86	3.22	-3.23	0.29	-1.35	6.47	3.85	4.93	-1.26	-0.74	1.39	-1.12	-4.96
-9.53	-0.35	-0.17	-2.45	-5.68	4.43	0.25	1.60	-2.29	-7.24	-3.72	1.56	0.73
-2.98	2.43	-3.04	-3.24	-5.77	7.70	3.17	5.15	3.05	0.68	0.89	0.69	-1.94
-0.06	6.68	-1.50	-2.74	-2.54	0.92	-1.20	3.96	-4.72	-5.15	2.82	8.29	1.96
3.26	-0.12	-3.93	-6.08	-5.96	-3.95	-1.30	6.64	-0.32	-2.23	2.81	5.79	2.34
-2.01	1.37	-8.03	-7.15	-5.85	-1.33	-1.68	7.70	1.65	-1.76	6.43	8.51	-2.09
-0.24	0.38	-6.37	-5.46	-11.09	-0.19	2.65	0.52	-2.01	-2.47	2.23	1.45	-1.08
3.75	-0.26	-5.27	-3.46	-3.75	0.29	1.56	3.68	1.46	-3.17	0.65	0.77	0.65
2.80	4.39	-5.08	-4.39	-3.22	2.92	2.00	4.41	3.08	-3.89	-0.17	-0.96	-4.94
2.61	3.30	-3.03	0.82	-3.17	-0.52	-1.45	3.35	1.10	-1.18	2.38	3.80	-2.13
1.98	5.14	0.68	-0.68	-3.84	3.56	-1.93	2.15	2.70	-2.18	0.89	4.39	2.65
9.63	7.60	0.48	0.37	-2.28	3.34	-0.67	0.61	-1.58	-1.67	0.57	2.65	2.85
8.26	6.80	3.42	1.72	-0.68	-0.25	5.57	6.31	2.86	-5.71	-3.23	-0.55	-1.04
2.54	0.54	-3.98	-3.36	-4.02	-2.64	2.01	-0.60	-2.40	-3.97	-0.43	4.10	-0.91
2.44	2.60	-0.25	-4.43	-6.43	0.80	4.75	4.14	-1.78	1.25	1.80	1.72	-1.00
3.50	3.57	1.80	2.11	-4.96	1.18	1.78	6.24	-0.80	-6.38	-0.18	-1.29	-0.99
3.52	4.33	-2.16	0.21	-1.44	3.73	4.23	1.93	2.86	1.39	1.15	2.15	-0.76
0.47	4.12	-0.76	-0.97	-2.59	0.99	3.57	1.55	-1.51	-4.54	-0.99	-0.15	-0.87
2.09	5.50	2.23	3.67	-0.97	4.77	5.37	-0.06	-1.67	-2.40	-6.28	-2.18	-1.28
1.04	6.49	-2.46	-4.75	-4.30	2.06	1.95	-1.00	-3.01	-3.27	-0.52	-2.73	2.61
-2.53	3.91	-1.69	-1.55	-2.56	5.63	10.00	3.14	3.95	2.36	1.18	0.05	1.84
1.75	6.21	0.53	0.41	-0.12	2.96	5.26	2.59	-0.84	-4.31	1.20	0.97	-0.09
-0.45	4.98	-2.81	0.06	-1.42	-1.76	3.69	1.48	-4.84	-3.90	-0.94	-0.06	-1.06
1.26	5.11	-1.63	7.35	-0.38	-1.32	1.11	-1.14	-1.89	-3.67	4.66	5.44	-2.02
4.40	5.80	-2.29	3.93	-2.21	-1.39	-0.38	-2.18	-1.98	1.25	0.39	-2.70	-0.68
-7.78	4.62	-5.15	-4.71	-5.65	-0.26	-0.98	-0.80	-0.85	-3.65	-0.47	2.69	1.31
2.07	7.89	-1.02	0.75	-1.43	-0.57	0.11	-1.91	-0.76	-2.84	-4.85	-2.99	-1.56
0.63	10.59	1.30	1.61	-3.55	0.15	-1.82	-2.23	-3.85	-6.57	-1.95	-0.76	-1.79
0.62	8.90	0.85	2.26	-3.28	-2.36	2.58	-0.81	-0.92	-4.57	1.95	0.56	3.58
-2.49	8.95	4.87	5.78	-2.01	-2.50	-3.66	1.34	1.18	-5.44	2.02	1.55	-0.18
-2.07	4.90	1.30	7.39	1.91	-0.02	3.38	2.48	-1.54	-3.28	2.09	3.54	5.53
2.25	3.42	5.10	5.38	0.55	0.35	3.70	3.69	-0.34	-4.26	2.20	3.03	0.43
-3.94	7.18	2.25	11.15	5.76	1.88	4.48	7.72	0.51	-7.37	0.60	3.12	0.14
-6.84	0.76	-0.67	2.87	0.33	-5.08	2.98	2.43	0.27	-2.22	-1.72	0.68	0.51
-7.98	1.29	-1.42	1.36	1.29	-0.18	-1.11	0.75	2.22	1.10	-0.10	0.19	0.88
-4.95	5.25	-1.33	3.46	-2.60	1.41	3.78	8.48	3.99	2.78	2.33	4.33	2.99
1.46	0.89	0.64	9.16	-0.27	-2.79	5.23	12.34	5.74	-2.75	-0.39	2.88	0.03
3.09	8.99	0.30	3.06	1.64	-0.77	2.65	4.26	4.03	4.01	0.61	-1.16	-1.00
3.00	5.20	0.78	2.35	-2.51	-0.29	1.14	2.12	2.04	-1.35	1.87	4.31	3.67
-0.31	2.28	-4.46	-1.27	-0.13	9.18	4.01	-2.81	1.81	2.08	2.57	3.43	2.83
14.01	-2.03	-2.92	7.92	7.56	12.68	3.60	-3.42	2.28	2.88	-0.35	0.63	-1.65
14.82	-18.17	-0.65	10.39	11.89	15.73	-3.44	-1.02	8.34	1.97	0.72	3.00	-3.92
16.66	-18.18	2.06	7.45	16.71	12.67	-6.42	2.45	6.06	-2.07	4.53	1.14	-6.54
-4.62	-10.02	2.88	0.21	4.85	12.61	-3.10	1.02	7.90	0.79	9.27	9.05	-4.10
-6.97	-5.14	1.24	1.28	-0.52	3.45	-0.30	-0.91	1.82	1.89	3.70	1.67	-2.22
10.83	-37.12	30.67	13.65	6.16	16.32	-0.61	-0.39	0.25	1.00	6.13	-2.94	-9.48
9.09	-31.59	31.43	5.51	6.79	11.72	-3.77	-0.45	-0.45	-2.41	1.52	-2.80	-8.53
8.75	-29.55	33.48	2.73	8.87	10.77	-5.66	1.99	-0.95	-2.01	-0.79	-0.71	-9.67
4.95	-26.58	30.57	4.09	7.02	10.82	-6.78	2.50	-1.48	-2.51	-0.96	-1.89	-8.12
9.22	-30.50	33.12	1.11	8.96	8.62	-5.24	3.64	-2.64	-1.45	-2.90	-1.22	-10.27
9.04	-30.09	34.25	1.84	9.46	7.72	-3.56	4.68	-1.94	-1.29	-3.63	0.30	-10.92
-10.76	-8.31	15.69	4.85	0.32	5.30	-4.04	-0.75	1.24	-4.29	-1.40	-1.39	-5.73
-10.40	-7.32	19.50	7.31	3.71	6.31	-4.09	0.21	0.30	-2.67	0.84	-1.53	-6.07
2.27	-24.11	28.98	6.35	7.29	12.86	-3.84	3.06	0.72	-4.18	-0.08	-0.53	-2.94
9.85	-30.39	30.29	4.15	7.98	13.19	-4.81	3.87	-0.94	-3.84	-0.11	-0.55	-3.37
11.13	-28.61	29.15	3.70	7.76	11.53	-4.14	2.07	-2.17	-4.93	0.27	0.37	-3.36
11.06	-26.29	25.94	2.66	6.29	11.38	-2.34	1.69	0.08	-4.19	-1.05	1.97	-4.80
10.36	-23.58	25.63	3.96	5.14	14.12	-0.13	3.35	-1.59	-3.51	2.42	2.51	-3.52
7.66	-18.76	21.55	7.22	5.42	17.10	4.32	1.63	-1.52	-3.63	4.12	5.55	-4.30
4.35	1.18	11.37	2.01	-0.79	9.69	4.10	-1.38	-2.84	-2.82	2.16	1.03	-2.57
-3.58	-3.22	5.74	3.12	2.67	6.83	0.30	-1.33	-2.03	-4.29	0.46	1.66	-2.77
11.81	-13.33	18.52	-2.28	2.05	17.17	10.81	2.73	-2.54	-5.86	2.84	5.96	-1.57
10.40	-14.80	19.36	-4.87	2.07	21.64	10.97	5.45	-2.34	-6.31	1.72	4.99	1.25
15.03	-12.72	19.21	-6.66	-2.05	21.48	7.74	6.29	-1.83	-7.22	2.39	2.02	0.07
12.58	-7.65	18.90	-6.78	-3.33	17.34	6.45	6.74	0.10	-5.45	2.31	-0.99	-1.86
12.96	-5.95	19.58	-7.87	-2.91	16.36	4.71	8.56	2.94	-4.76	1.47	-0.53	-2.09
6.43	-0.74	16.04	-8.31	-3.37	17.27	9.10	11.75	4.87	-5.23	0.99	-1.06	-1.15
13.11	2.91	8.41	-5.05	-5.20	9.39	0.81	7.61	7.36	-2.16	0.73	0.10	-0.47
-11.34	1.24	0.76	1.01	0.09	0.17	0.33	0.94	0.46	0.96	0.11	-1.07	-0.91
13.28	9.99	7.64	1.14	-5.05	2.83	1.35	8.59	8.64	-3.09	3.99	-2.98	-6.18
7.72	14.13	11.81	6.02	-1.48	7.32	-1.16	3.91	2.72	-3.13	1.67	-2.08	-3.82
13.67	7.20	9.40	12.08	-1.32	0.60	0.51	4.05	-0.94	-5.25	4.30	1.88	-2.38
5.09	3.82	2.44	7.26	-0.07	0.18	4.50	5.83	3.56	2.38	2.62	-1.83	-3.70
-4.64	-0.68	-2.49	-0.72	-3.41	-3.63	-2.81	-2.98	-2.62	-1.26	1.23	-0.47	-2.22
-1.89	3.40	1.51	3.40	1.21	0.11	-0.51	-0.41	-0.18	0.71	2.70	1.61	-0.14
-8.57	-2.44	-2.01	0.82	-0.52	-1.52	-1.93	0.60	-0.11	-2.36	-1.17	-0.28	-2.17
-6.71	2.87	2.66	5.94	5.35	4.18	4.14	3.34	2.54	0.10	2.95	1.97	-0.98
-11.12	0.60	-1.18	0.15	0.06	0.77	0.37	0.47	0.93	0.68	0.09	-0.21	-0.15
-8.56	-0.16	-2.02	3.06	-1.08	-1.85	-0.92	4.41	1.30	1.18	-0.89	-0.19	-0.92
-6.51	1.89	2.84	0.95	4.61	2.04	1.81	5.54	-0.61	-3.39	-2.73	0.03	0.67
-9.51	1.96	1.24	3.81	3.49	1.40	-2.84	0.40	-0.21	-5.04	-5.11	-4.10	-3.37
-9.42	0.65	3.65	1.76	1.42	0.96	0.26	-1.03	-1.97	-4.08	-4.50	-0.90	-1.07
-8.76	2.00	2.62	1.46	1.68	1.84	-0.93	0.86	-1.19	0.92	-1.14	-3.50	-4.68
-7.63	2.22	1.05	-1.63	1.78	2.54	0.26	0.44	-0.24	-3.08	-1.14	-6.53	-5.19
-6.83	0.30	0.19	1.20	0.86	2.95	-0.26	1.57	-0.43	-3.13	-4.00	-2.96	-5.02
-5.94	2.98	1.85	0.03	0.04	1.76	-0.60	-1.04	-0.23	-2.51	0.55	-0.55	-2.65
-9.28	-2.34	-3.49	-1.94	-2.64	2.24	4.40	2.46	0.67	-0.91	-2.42	-3.71	-1.54
-10.33	-3.29	-3.43	-1.23	-1.02	0.93	1.88	3.59	2.55	-1.39	-0.68	-1.05	0.13
-9.32	-1.55	-2.63	-2.29	-0.52	1.26	2.73	2.71	0.20	-1.95	-2.20	-3.21	-0.54
-5.74	-0.20	-2.22	1.26	1.98	1.85	2.90	4.21	0.79	-1.54	-0.88	-1.83	-0.48
-10.42	1.59	0.95	0.02	-0.43	1.19	3.18	3.19	2.12	1.55	1.78	0.62	2.46
-14.21	-4.20	-1.22	0.80	-2.22	-0.61	2.21	4.18	2.70	-0.57	2.29	0.83	1.29
-4.10	3.75	2.75	3.66	-0.43	0.07	1.09	2.60	0.78	-1.74	-3.00	-2.69	-4.22
-4.88	5.65	-0.48	2.68	-0.42	-2.53	-0.27	1.55	-1.64	-1.73	2.95	1.71	-1.12
-2.41	3.35	0.64	-0.79	-4.53	-1.88	5.36	1.46	-2.56	-3.54	-4.93	-2.12	-4.20
-5.57	2.48	5.73	-2.01	-5.70	3.47	1.41	3.35	-2.03	-1.92	-2.63	-1.87	-0.57
-4.73	0.68	5.83	1.30	-4.18	3.65	1.29	3.99	3.99	0.18	-0.25	-2.08	-1.89
-14.90	3.11	12.85	3.68	-3.27	0.75	3.26	6.14	-0.40	-4.42	-0.27	2.47	-0.82
-5.73	5.65	5.89	0.58	-2.62	4.34	1.75	9.19	1.06	-6.61	-2.41	-2.23	-0.58
-3.44	6.68	4.88	1.11	-1.42	3.67	-1.67	4.49	-0.04	-5.10	-5.83	-0.06	0.23
-6.22	8.70	8.65	2.09	-3.29	-2.15	-1.80	2.10	-4.77	-6.52	-6.97	-2.85	-3.05
-10.78	4.16	4.28	2.49	-1.85	1.34	-2.53	1.47	-1.88	-3.43	-1.36	-2.78	-0.04
-10.47	2.59	2.81	0.66	3.97	4.54	0.64	4.77	-1.45	-1.28	1.01	-1.39	0.28
-19.55	5.66	4.36	1.50	0.97	-7.12	-1.78	11.16	-0.74	-4.28	-0.83	2.19	-0.85
-18.63	8.67	6.24	4.24	4.34	1.88	-2.93	4.96	0.62	-5.15	-4.95	1.22	1.86
-21.56	3.13	10.65	7.40	7.23	4.22	3.41	7.41	-0.97	-5.74	-0.30	-1.36	-4.79
-23.34	-0.11	6.77	5.17	7.12	4.70	1.73	8.84	3.92	-0.70	1.73	0.90	-2.79
-21.76	2.19	6.70	5.27	3.95	7.18	5.76	5.90	0.57	1.88	5.21	-2.33	-4.19
-10.03	10.48	9.07	8.05	8.72	0.04	0.55	4.39	-2.93	-2.62	-3.75	-5.23	-5.47
-6.83	11.34	4.76	-0.10	1.24	2.28	-2.88	3.92	-2.09	-7.76	0.66	1.06	-2.86
-9.86	7.24	8.15	5.09	-0.63	4.14	6.53	7.19	-0.20	-2.07	-2.61	-4.41	-5.53
-5.33	5.80	0.89	-2.25	1.40	-1.56	0.99	1.77	-4.74	-2.15	-5.44	-6.63	-0.12
-13.88	-0.23	3.42	0.03	2.07	-2.50	1.77	0.42	-3.33	3.50	3.31	2.68	-0.40
-12.26	8.41	2.31	1.82	3.29	-1.01	7.32	0.56	-5.02	-1.54	-4.30	-5.29	-3.45
-4.95	5.87	3.52	2.23	2.70	-4.20	2.93	0.68	-6.98	-1.14	-1.33	-0.38	-5.71
-9.14	1.18	-0.27	6.04	4.85	-1.79	-0.53	-1.13	-1.95	0.05	1.64	-1.60	-4.91
-10.00	0.30	3.16	5.65	3.76	-4.23	0.91	0.28	-2.26	0.79	1.10	-0.26	-3.02
-8.96	0.06	0.40	6.79	6.63	-2.84	-1.04	-1.61	-3.71	2.53	8.49	5.25	-2.84
=== END OF SAMPLE ===
Next sample in: 3... 2... 1... GO!
-1.33	-1.68	6.17	-2.35	-1.84	3.15	8.78	9.13	6.84	-3.66	-2.28	6.64	2.62
-5.31	-0.69	15.33	-3.67	0.46	10.34	2.80	0.93	4.78	0.14	-5.70	4.38	-2.71
4.32	4.44	7.88	7.75	-1.25	0.68	3.79	4.61	3.01	-2.43	-1.64	1.96	-0.92
5.19	5.13	-0.56	4.34	0.22	1.86	2.48	7.37	4.16	0.82	0.89	-0.79	-2.71
3.60	1.82	2.91	6.26	1.73	5.02	3.84	6.84	0.34	-6.25	-3.78	1.26	-0.08
4.43	1.31	1.70	1.93	-2.26	4.19	-0.84	3.44	6.89	-0.74	-3.18	-2.71	-2.00
2.66	1.34	-0.45	2.20	-0.58	7.11	4.92	3.63	1.36	3.25	-1.81	-1.66	3.26
4.18	5.48	3.97	2.89	-3.58	5.56	4.04	0.95	2.95	2.38	-3.98	-0.54	2.35
-2.18	2.62	1.51	7.67	3.48	3.25	4.21	5.34	4.97	7.40	-0.72	-5.00	-5.43
-1.82	6.49	1.01	2.45	0.78	3.68	4.49	6.92	5.34	3.83	-0.64	-0.83	-0.61
-7.53	2.68	1.03	3.49	2.14	1.60	1.08	4.34	5.58	-1.30	-1.45	1.57	3.28
-5.16	1.75	1.60	3.55	0.88	4.10	4.27	2.13	1.15	1.64	-2.47	1.89	1.45
-0.90	-1.92	-1.93	2.90	2.16	2.87	7.04	4.66	6.88	8.47	4.20	3.22	1.44
-2.99	6.22	7.70	9.68	3.77	4.48	5.55	2.45	4.49	0.94	1.76	-0.82	-0.99
3.11	1.03	2.55	4.16	4.29	3.12	5.21	13.27	3.83	-4.02	4.24	-0.13	-3.53
-5.92	0.32	0.86	0.03	-1.06	2.50	9.16	10.87	4.44	-4.33	2.40	-0.08	-0.79
-5.01	-1.08	1.81	3.48	1.51	1.75	8.32	8.87	2.32	3.21	4.43	3.79	2.77
2.83	-8.77	2.88	5.46	2.99	1.17	11.01	18.15	1.50	-3.19	5.20	-0.38	-4.34
-7.95	-1.24	0.97	6.45	3.30	2.35	7.15	6.21	1.88	-0.90	1.50	-0.20	-0.19
1.42	1.87	3.30	11.03	2.21	2.12	9.44	8.86	0.91	-2.52	0.13	3.33	-0.65
-1.53	3.48	3.93	2.98	-0.29	-1.50	4.17	7.33	-0.02	-0.14	1.59	1.57	-2.73
-6.40	4.46	1.13	1.18	-0.69	0.56	0.62	1.02	-0.01	-0.48	0.39	-0.68	-1.68
10.27	0.52	1.65	5.90	-1.92	-0.85	8.64	16.01	2.56	-5.30	4.61	0.43	-4.22
2.65	-10.00	7.07	2.22	-4.83	0.83	4.56	11.12	5.22	-3.08	2.06	0.52	-3.54
18.56	-0.60	12.92	-3.49	-8.03	10.74	10.60	4.82	4.10	-4.09	-9.22	0.26	-2.33
10.87	-10.85	12.58	-1.15	1.79	12.44	8.64	2.50	-5.11	-7.72	-2.49	0.80	-3.72
20.45	-13.17	14.03	-1.91	-3.37	10.06	7.10	-0.85	-3.97	-7.42	-0.99	4.78	-5.90
25.09	-17.77	14.72	5.97	-7.26	13.72	9.40	-2.83	-3.73	-10.27	4.80	3.16	-1.39
6.68	-1.43	-3.87	7.78	5.63	3.21	7.85	7.31	1.03	-2.91	-2.70	1.96	1.52
-4.92	-8.92	0.91	7.88	1.89	4.60	0.46	-3.67	3.32	0.76	-4.47	3.29	3.74
7.01	-22.09	6.25	3.92	6.31	20.19	1.81	-3.34	7.94	1.18	-2.04	2.03	-0.49
11.71	-27.87	5.77	1.54	8.72	20.70	4.08	-6.09	7.30	3.40	-1.59	4.39	-1.43
7.74	-25.29	4.38	4.30	7.20	20.52	4.46	-10.10	6.97	6.34	1.05	3.26	0.06
14.09	-26.06	3.40	9.64	3.01	21.25	3.03	-6.34	4.99	5.18	1.81	1.70	-2.41
22.77	-26.67	10.45	16.60	-2.09	15.88	6.03	1.97	3.09	-2.45	-0.40	1.33	-1.63
20.41	-23.74	20.75	8.08	-9.47	14.81	7.50	3.18	3.18	-7.82	-2.87	-1.14	-1.33
14.00	-15.06	21.31	-1.51	-8.56	16.80	6.11	4.85	2.25	-10.09	-0.99	0.43	-3.67
19.73	-14.62	27.24	-4.63	-10.19	19.61	5.29	7.04	3.85	-9.79	1.14	-4.27	-1.27
-6.13	1.04	0.87	0.12	-0.42	2.93	3.14	3.58	2.96	0.12	-2.26	-3.10	-3.40
-9.48	0.56	5.28	-1.89	1.13	8.32	1.03	2.47	3.69	-2.06	-0.50	0.73	-0.93
13.62	0.83	24.66	-5.01	-10.63	3.56	-1.22	10.95	5.53	-3.36	3.17	-4.45	-7.13
23.05	0.44	29.91	-9.27	-11.62	2.79	1.14	11.68	2.34	-2.48	8.03	-4.09	-4.77
15.70	6.67	25.63	-4.00	-9.47	2.24	-0.77	11.12	4.00	-0.08	8.57	-1.09	-4.95
20.24	3.43	27.04	-4.17	-12.33	2.22	-1.45	14.37	6.03	1.56	9.71	0.50	-0.88
17.63	16.98	14.62	0.59	-4.02	5.94	3.59	5.73	4.45	2.32	1.60	-1.11	-2.54
22.80	8.65	23.31	-2.01	-7.11	4.11	-2.76	7.76	5.71	2.19	1.28	1.03	-0.22
2.11	10.08	3.32	2.28	0.39	0.39	-2.58	-0.42	-0.32	-1.08	0.70	1.88	-1.83
-6.29	3.63	2.09	3.52	1.04	2.89	2.08	-0.25	0.39	-2.01	-1.41	0.56	-0.68
4.43	8.34	1.78	0.97	1.17	0.92	2.44	5.68	0.09	0.07	-0.85	0.38	1.69
-0.04	6.69	6.42	4.89	1.32	3.69	2.18	3.57	1.47	-1.38	0.75	-2.05	-0.21
3.60	8.35	7.74	1.12	-0.89	6.02	3.04	7.57	1.76	1.35	1.23	1.61	-2.11
0.67	11.80	6.14	3.27	0.33	3.89	4.51	5.94	3.06	4.90	2.58	-3.90	-1.26
-0.15	3.33	-0.40	5.89	7.11	-1.60	0.56	5.08	5.64	3.81	1.21	-2.64	-0.32
5.19	3.52	-0.22	9.58	0.56	-4.55	-4.68	1.07	3.57	1.31	-1.30	2.35	3.97
4.12	-3.67	-3.70	11.89	0.05	-3.53	-1.42	1.09	9.43	2.33	0.64	-4.20	1.21
2.23	-2.52	-4.20	12.95	4.31	-10.96	0.05	-0.36	3.94	-0.63	-0.71	1.69	0.97
-16.91	-5.32	-6.07	-0.21	-0.33	-0.78	1.88	1.74	-0.38	-1.87	3.09	3.91	2.21
-8.43	-6.66	-8.72	-2.42	-5.89	-7.80	-0.17	-0.27	6.35	1.63	4.64	3.84	1.07
3.99	-3.35	-6.71	6.56	-10.95	-7.86	-0.51	0.87	5.07	-2.23	0.14	1.96	3.02
-4.04	-10.48	-5.72	5.22	-7.93	-6.99	-6.71	-8.68	0.35	-1.27	-3.95	-0.68	1.72
0.96	-5.43	1.44	4.24	-9.16	-4.64	-3.21	-1.20	2.50	2.94	2.39	-0.59	0.14
-6.39	-6.74	1.11	5.05	-5.11	-4.85	-4.02	2.44	2.58	-0.38	1.26	2.09	-0.74
-3.31	-3.16	1.40	7.57	-6.57	-3.38	-1.25	5.77	4.72	1.02	-1.17	3.92	3.34
-3.57	-1.76	0.65	3.39	-3.76	-7.34	-4.28	-2.40	2.92	-0.10	2.66	1.59	-0.03
-11.06	-1.53	-0.63	1.20	-1.44	0.87	-0.33	-1.82	1.48	1.10	-1.28	-0.12	1.08
-10.96	0.74	-0.27	-1.32	-1.43	1.20	1.05	-0.17	0.29	2.24	-0.14	0.19	0.49
-29.08	-6.72	9.65	0.25	-1.38	1.46	5.27	-1.98	2.72	5.09	1.79	-2.07	0.68
-26.05	-4.01	1.52	-4.87	-2.90	-2.76	-2.53	-4.40	0.92	-1.20	-2.89	-1.58	0.39
-27.14	-5.01	6.44	0.36	1.52	3.98	1.65	-1.96	5.65	0.81	-0.68	3.93	2.83
-28.98	-3.79	7.48	6.01	4.74	-2.08	1.33	0.07	6.20	-0.86	-1.19	3.78	1.13
-20.18	1.87	7.13	3.18	0.65	-1.23	-2.11	-2.85	4.11	-1.52	0.16	1.57	-0.45
-20.21	-5.18	6.25	3.24	0.63	1.91	3.94	-0.94	4.25	-3.50	-2.15	3.20	1.12
-16.74	1.64	6.39	0.72	-0.53	0.54	2.21	-2.64	5.18	3.49	-1.70	2.43	0.17
-12.90	0.43	5.93	1.74	-2.02	1.01	2.77	-2.34	4.07	0.90	2.48	2.10	1.66
-12.59	0.11	-0.46	-1.28	1.62	-1.43	-2.89	-4.05	-0.18	-3.19	2.22	0.44	-1.19
-12.70	-2.35	4.50	3.55	-2.20	1.45	-2.87	-6.13	-1.81	0.65	-0.32	-0.80	1.54
-12.46	3.70	6.05	4.47	0.72	3.15	-5.03	-1.97	2.53	2.13	0.36	-3.20	-0.84
-19.73	8.18	8.76	4.14	4.10	7.76	-3.43	-0.19	-1.04	-2.75	-2.12	2.73	2.35
-19.25	5.41	0.67	1.84	3.67	7.64	-5.31	2.53	2.36	0.89	0.88	3.03	2.38
-20.37	11.97	4.38	5.09	3.26	6.25	-4.38	1.61	3.90	-1.43	0.06	3.60	-1.10
-22.43	5.72	-3.09	2.17	4.44	2.65	-1.52	0.67	-2.36	1.57	-1.13	1.77	1.00
-20.83	5.13	-2.39	-0.46	-0.05	4.04	-2.53	0.19	0.67	0.79	1.07	2.89	-2.45
-12.88	1.27	-1.47	-0.49	0.11	1.02	-0.06	1.24	-0.51	0.40	1.71	0.79	0.66
-14.48	2.97	-0.77	-2.26	-2.10	3.40	-3.77	1.50	2.03	0.42	0.69	0.60	-1.31
-15.31	6.08	4.55	7.40	-1.85	7.45	-3.02	-0.07	-3.78	-2.95	-5.71	-0.99	-2.98
-12.84	4.57	3.36	4.74	1.22	7.79	4.19	4.98	-0.90	-0.28	-1.55	2.23	-1.33
-6.22	8.37	0.08	-1.87	-2.99	0.78	1.51	4.81	1.48	0.31	-2.09	-1.65	-2.98
-6.08	7.77	9.30	4.99	-1.80	2.96	4.83	3.39	1.38	-0.81	-0.97	-1.60	-2.25
-0.50	5.54	2.47	1.85	3.57	-0.74	1.08	4.59	4.61	-1.13	0.92	3.25	-0.24
-3.78	6.22	-0.14	-1.38	-5.00	-1.31	3.64	1.90	-1.97	-1.82	0.83	2.52	-2.54
-11.22	-1.12	-2.34	0.33	-0.01	-0.36	-0.56	1.13	0.87	-1.43	-0.43	0.44	-0.34
-9.87	-0.82	0.10	-1.54	-0.38	1.25	1.02	4.02	1.22	1.27	3.05	1.03	-0.71
-6.19	-2.31	0.45	-1.07	-2.71	5.71	6.23	3.29	1.51	-0.74	0.14	2.86	-0.30
-7.51	1.11	1.70	0.13	-0.66	3.78	3.46	4.29	0.25	-2.81	0.44	2.44	2.57
-4.82	0.40	7.66	2.50	-3.52	1.84	2.05	4.31	0.85	-1.84	1.50	5.93	0.79
-7.88	-0.80	5.55	1.09	-2.40	1.09	4.69	0.85	-3.44	-5.46	0.87	5.87	1.98
-10.85	-1.49	5.50	3.83	-0.95	-1.38	3.56	3.29	0.25	-2.20	1.89	2.70	-0.84
-13.48	-4.02	4.26	3.61	4.31	2.47	3.03	2.91	-0.17	-0.22	5.95	4.98	-0.44
-8.96	-3.88	2.35	2.71	-0.44	3.56	2.93	-0.13	2.60	1.89	0.91	2.34	2.06
-9.95	0.72	5.01	5.74	-2.98	3.94	2.34	-1.01	5.40	2.57	2.76	4.95	-1.47
-12.38	-0.87	11.23	7.05	-0.20	0.29	4.86	4.55	2.88	2.95	-1.05	1.35	0.50
-10.70	-4.88	8.65	7.20	-4.20	-1.33	1.46	3.79	-0.40	1.15	1.02	4.04	2.51
-15.73	-6.46	8.67	3.27	-3.10	2.64	3.91	4.02	2.24	2.14	1.81	1.80	-2.64
-11.93	-1.45	11.10	8.58	-2.42	2.00	1.74	5.47	2.13	-1.07	0.51	1.86	0.23
-15.78	-3.57	11.47	11.16	0.84	2.25	3.41	3.82	3.91	-2.34	-4.71	-2.62	-2.35
-20.92	-4.77	10.88	6.92	-2.17	2.01	-3.54	-3.55	1.09	-3.93	-3.57	2.03	0.46
-12.62	-1.14	-1.24	0.72	0.86	0.31	-0.53	1.05	1.64	0.53	0.23	0.16	0.08
-13.20	1.43	1.59	-1.23	-3.87	1.37	1.02	-1.70	-4.65	-0.44	0.07	-3.31	-2.41
-21.30	-7.49	4.87	7.23	1.91	1.55	2.85	1.31	2.35	2.07	1.19	1.03	-3.27
-17.36	-3.82	5.18	6.18	1.80	1.86	0.98	-0.54	1.11	1.54	4.29	2.73	1.25
-14.42	-8.49	2.86	3.38	4.78	3.76	2.15	3.96	0.64	1.09	-0.53	-0.61	-0.70
-14.48	-8.01	3.90	2.84	-1.13	0.60	0.57	0.38	0.38	1.50	-1.81	0.44	0.96
-7.84	-5.56	2.00	1.08	-3.96	4.14	4.14	1.13	-1.42	-0.18	3.00	1.02	0.33
-16.53	-6.98	1.33	4.68	-2.67	2.31	-1.10	-0.33	0.11	-1.07	0.86	0.36	0.19
-17.35	-6.84	-0.06	0.55	-0.84	9.19	3.99	3.70	5.12	2.18	3.61	2.25	-1.38
-11.67	-3.43	3.27	4.81	-0.33	0.10	-2.75	-1.44	5.41	-2.75	-2.81	-0.42	-2.64
-3.83	-1.45	5.40	-0.50	-1.84	0.19	2.83	3.39	0.37	-4.90	1.54	3.82	2.43
-1.22	-5.25	-3.26	-4.08	-5.66	-1.52	7.00	5.54	0.77	-2.98	-3.40	-1.73	-0.47
2.35	-1.95	-7.34	-4.35	-3.58	0.37	5.41	5.39	1.38	-0.45	1.67	-0.82	-4.15
6.53	-2.06	-1.01	-2.40	1.88	2.96	4.67	2.94	3.80	4.32	1.31	-0.68	-0.88
1.34	-1.32	-5.93	-1.88	-4.20	3.34	4.86	6.16	4.40	-0.85	-2.72	1.33	2.20
2.01	-0.18	-0.28	-0.75	-6.48	-1.04	1.46	3.49	4.10	-0.37	-2.94	-1.90	1.47
-0.14	-1.66	-5.36	-4.84	-1.26	1.75	1.04	-0.41	2.32	3.20	0.33	1.07	1.49
0.87	-1.14	-2.71	-7.51	-8.26	-0.91	-0.61	2.26	2.87	2.17	-1.18	0.25	-0.05
7.39	1.26	0.86	-5.92	-7.55	1.13	3.54	0.56	0.53	-0.38	-0.00	2.81	1.03
=== END OF SAMPLE ===
Next sample in: 3... 2... 1... GO!
-5.07	1.77	2.54	-4.79	0.63	5.56	3.01	6.32	7.33	-3.24	-0.59	-1.41	-2.42
-6.55	1.92	3.79	-5.91	2.37	4.70	4.29	5.05	1.33	-6.75	-2.96	-2.68	-2.93
0.22	5.05	7.03	-1.25	-0.80	5.08	4.37	1.63	-3.24	-6.46	-1.73	-0.44	-4.51
3.37	5.14	2.00	1.11	-0.95	1.70	-0.45	-4.41	-4.72	-7.99	0.89	-1.03	-4.57
5.64	5.93	4.29	-1.42	-3.52	1.95	0.78	3.74	1.13	-4.28	2.83	7.17	1.08
0.75	-0.19	1.66	-2.06	3.00	2.75	-1.18	1.72	1.58	-2.07	0.11	1.06	-0.53
-1.89	0.40	-3.94	-2.69	-2.78	-0.15	1.36	1.82	0.33	0.93	4.09	3.32	-0.30
-2.84	0.76	-2.13	1.66	-0.17	0.92	-1.21	-2.52	-3.37	0.17	1.13	0.25	2.42
3.53	2.84	0.70	0.64	4.37	1.82	0.37	-1.05	0.55	-3.55	3.88	7.17	3.51
-2.66	2.35	-0.15	2.80	6.17	6.83	2.05	-0.59	-1.95	-2.61	5.83	6.96	1.65
-1.34	1.89	0.66	4.66	6.62	4.49	3.86	2.15	1.53	0.16	6.48	2.60	0.23
-3.69	3.62	-0.37	2.05	4.81	2.81	2.75	2.49	0.07	-0.53	2.55	1.85	-2.76
-2.54	4.37	4.82	2.35	5.74	7.48	5.66	2.64	-2.33	0.51	2.30	0.27	-4.93
-7.13	2.69	3.53	7.11	9.06	2.41	0.17	1.27	-0.16	0.20	2.91	2.19	-2.57
-4.67	4.01	9.75	10.64	8.29	5.35	1.30	6.75	3.81	-1.27	0.07	-0.32	-5.75
-4.66	2.25	6.42	6.11	2.17	0.70	3.03	1.28	0.45	-8.29	-1.56	-1.42	-4.11
-6.87	1.72	2.21	5.52	2.05	2.85	2.81	0.43	1.26	1.70	-0.50	-1.87	-5.09
-3.76	-3.15	4.59	4.90	-0.59	-3.90	-2.51	0.13	0.95	-2.99	-0.84	-1.21	-7.46
-5.57	1.46	5.96	5.46	-1.54	-4.36	-3.80	0.49	2.01	-0.90	-1.97	-1.03	0.09
-4.20	-2.24	7.19	8.49	-1.80	-4.79	-4.57	0.43	-5.96	-3.59	-2.27	-0.24	-1.56
-5.84	-1.24	4.71	5.04	-2.53	-2.09	-2.76	0.18	-2.85	-0.65	0.69	-2.07	-2.81
-9.84	-2.84	5.14	4.21	2.10	-2.18	-0.90	2.32	-3.46	0.82	-0.60	0.66	-1.07
-6.74	3.02	2.03	4.30	-0.57	-1.19	-1.20	0.26	-0.41	-1.23	-1.37	-2.70	-2.51
-10.93	-1.28	3.66	1.08	3.64	3.64	3.12	4.49	-0.78	-1.18	-0.10	0.90	-2.46
-9.06	-0.78	8.82	8.49	4.58	4.28	0.18	5.03	1.98	0.82	2.12	0.11	-3.15
-6.34	-1.05	3.71	8.31	2.72	3.32	1.63	5.16	2.85	1.25	5.74	3.60	-2.64
-7.48	-2.93	11.04	9.59	1.28	-3.11	2.81	5.64	3.41	-3.04	2.35	3.14	-2.02
-8.30	0.95	10.36	10.52	5.11	2.06	-4.69	1.75	-1.09	-3.54	8.06	6.72	-5.31
-4.57	0.21	11.57	10.40	1.82	2.38	-0.19	2.04	2.68	-6.82	-4.14	1.44	-1.87
-0.84	2.77	4.06	8.15	2.84	1.38	0.16	-0.02	3.18	-3.20	-0.03	3.63	4.22
-3.97	-5.74	5.77	9.89	1.24	2.41	3.25	6.59	3.25	-4.49	2.30	2.70	0.71
1.47	-6.35	5.82	11.28	-0.88	1.51	0.17	9.59	1.77	-9.01	6.02	1.36	-1.96
12.24	-5.17	13.20	7.38	-4.02	1.69	0.05	10.90	1.17	-5.49	3.68	3.98	-4.14
-3.93	1.47	5.14	7.27	5.94	5.73	5.34	6.59	-0.74	-2.95	1.11	2.16	-2.53
8.93	-4.07	10.37	4.81	-3.33	2.49	-2.23	11.01	2.53	-11.58	2.51	3.35	-4.69
5.82	-3.92	7.28	0.52	-0.41	3.35	1.75	8.31	-0.91	-9.81	3.75	2.50	-5.08
3.91	-0.64	4.02	-8.17	-7.47	1.84	-1.20	5.34	-0.06	-7.51	1.52	5.53	-2.77
11.06	3.52	6.95	-2.00	-1.76	4.42	-1.28	0.90	-2.55	-8.20	0.88	3.06	-0.98
16.24	1.30	9.06	-1.44	-9.38	5.91	-2.58	3.68	-4.22	-11.52	3.31	3.59	-1.35
9.96	-5.71	5.44	-4.43	-6.74	5.87	-2.99	1.62	-2.87	-6.33	0.30	2.93	-0.48
-7.93	3.65	5.66	-0.30	-4.09	1.10	3.93	-0.14	-4.19	-1.66	0.72	0.96	-1.11
-7.48	-4.58	-1.25	5.21	4.74	1.33	0.44	2.72	-1.18	-2.38	0.36	0.54	0.37
12.67	-30.20	5.62	11.51	8.25	10.43	1.36	5.28	2.80	-3.56	4.38	4.11	-1.22
15.79	-28.77	9.45	10.02	8.56	8.12	0.66	2.11	4.73	-4.24	3.90	7.13	-2.42
14.37	-31.68	11.15	7.34	10.22	9.90	3.49	3.24	7.20	-3.60	1.87	6.66	-4.84
10.71	-28.69	10.60	7.16	9.64	11.63	2.03	1.25	5.99	-2.96	0.08	5.91	-2.18
7.32	-27.72	9.32	4.79	10.10	15.66	0.37	-0.23	8.00	-1.20	1.91	7.95	3.43
9.74	-27.38	9.34	4.59	8.89	18.40	-1.28	-2.10	8.75	-0.57	0.56	4.79	4.18
8.49	-21.87	5.00	3.90	2.00	18.49	-1.69	-3.99	5.59	0.86	2.50	2.96	2.52
15.55	-24.70	16.34	8.88	-1.13	15.87	3.74	-0.26	0.45	-6.91	2.89	3.11	-0.27
2.80	-14.00	19.68	-1.75	-6.21	16.30	6.62	1.74	-0.10	-2.42	3.02	2.12	0.65
11.13	-8.48	24.05	-4.46	-4.42	16.47	13.84	0.83	0.73	-5.65	1.61	2.53	-1.99
12.98	-11.28	31.31	-11.53	-3.98	20.86	9.21	5.86	1.07	-8.61	0.35	-1.34	-2.25
12.79	-9.95	28.61	-10.68	-6.67	20.66	4.64	7.77	0.96	-6.33	-2.44	-1.92	-0.68
17.30	-8.35	30.71	-12.32	-6.33	17.73	2.55	6.08	1.49	-5.77	-2.44	-0.18	-2.66
15.57	-5.02	27.23	-10.84	-8.11	14.24	1.51	6.44	4.99	-6.23	-2.68	-2.08	-5.71
17.79	-2.41	25.27	-11.59	-9.11	15.56	4.09	10.12	4.87	-8.86	-0.07	-4.07	-2.56
17.57	0.62	27.23	-12.70	-7.32	12.98	7.37	11.77	5.95	-4.16	-1.57	-2.36	-7.72
-6.22	4.41	3.48	2.22	0.50	0.83	-1.47	-0.62	1.70	0.70	-0.12	0.91	-0.81
9.48	7.52	19.12	-11.01	-9.10	11.48	5.41	7.01	6.27	-1.55	3.09	-0.05	-4.75
21.04	2.91	23.16	-10.93	-9.70	6.10	2.49	8.78	4.13	-1.42	3.77	-1.68	-9.31
24.58	3.44	25.92	-13.41	-6.54	5.51	5.34	9.55	5.09	2.42	4.51	-3.25	-10.90
17.21	5.64	21.59	-7.40	-9.53	6.29	3.83	13.50	8.68	3.86	5.57	-2.74	-7.99
28.66	1.25	30.01	-10.67	-11.52	9.60	2.26	10.95	3.89	2.58	7.17	-1.15	-6.06
26.54	2.07	29.42	-7.79	-10.94	4.95	-0.33	10.77	5.38	-0.88	3.49	-1.06	-0.46
18.88	6.19	28.70	-7.26	-9.44	3.46	-2.10	6.22	4.49	0.33	3.89	-1.98	-4.69
11.58	10.63	16.06	-3.01	-7.04	1.66	-2.42	1.34	2.26	-0.50	-0.28	-3.13	-3.73
5.84	9.80	5.64	0.94	-2.42	0.29	0.57	2.56	1.75	-0.29	0.75	-0.72	-3.11
22.32	14.60	20.52	-2.35	-9.87	5.71	2.25	3.37	-1.19	-2.47	3.02	3.81	-0.56
12.36	11.31	6.47	0.58	-2.51	7.31	6.90	2.69	2.31	-1.53	0.45	2.57	3.96
13.32	10.49	4.38	-3.88	-7.75	3.34	2.80	5.51	6.22	-1.70	1.34	-0.14	1.97
16.39	14.33	8.14	1.46	-8.97	3.63	2.47	-0.43	2.29	-3.34	2.28	-2.41	-1.10
10.16	8.09	5.78	5.70	-5.31	0.85	1.97	0.94	3.15	1.81	-4.12	-5.85	-0.30
7.77	4.97	-0.32	-0.68	-3.82	0.40	1.26	3.75	4.86	2.65	1.52	-0.78	-3.27
3.97	6.14	2.90	4.16	-0.90	4.92	0.98	3.54	1.80	-1.92	1.04	-1.98	-0.70
4.55	10.18	2.92	0.33	0.08	0.63	-2.52	-2.26	-3.53	-2.08	-0.70	-3.58	-1.77
14.76	9.71	2.28	-3.78	-4.86	1.84	-1.90	-2.24	0.42	-3.18	-7.17	-4.33	-5.86
13.13	10.59	2.33	-1.16	-3.69	-1.26	2.98	3.99	1.62	-2.74	-1.89	-1.13	0.26
10.16	9.92	2.97	-2.18	-6.15	0.13	-0.14	3.59	-3.35	-6.84	-4.30	-1.76	1.39
10.33	6.21	1.89	1.44	-2.49	3.02	3.96	-1.56	-5.88	-5.80	1.37	-1.71	-0.80
11.55	1.55	-1.33	-4.25	-3.68	1.33	4.48	0.85	-7.31	-7.40	-2.56	0.21	-3.64
9.59	7.48	4.79	-0.77	-0.83	8.89	3.90	2.05	-7.59	-9.82	-2.77	0.15	1.32
-2.40	2.50	-2.36	0.97	-2.47	0.90	-1.81	-0.33	-3.91	-4.50	-5.10	-2.44	-2.33
3.39	6.31	-1.68	-1.20	-4.65	-1.57	0.80	6.27	2.67	-5.50	2.02	2.67	-2.00
0.17	5.66	-7.64	2.35	1.05	2.82	1.49	-1.00	-0.61	-4.36	0.66	0.51	-3.26
-7.59	6.26	-2.33	10.31	8.13	6.19	3.52	-1.60	-3.88	-6.00	0.99	-4.07	-3.91
-5.06	8.65	-1.26	8.56	7.01	5.06	1.01	-4.20	-3.46	-2.93	-2.36	-2.94	-2.32
-6.73	-1.26	0.19	8.62	2.88	3.58	-0.38	-4.59	-0.52	-4.99	1.41	-0.87	0.04
-19.58	4.82	-4.03	1.92	-1.37	3.48	-3.54	-2.29	2.96	-1.84	0.21	0.53	-1.49
-13.53	3.58	-2.62	6.65	-1.42	1.17	-5.64	-4.56	-0.73	-1.42	1.17	-0.65	-6.20
-13.62	5.42	4.21	9.91	5.70	5.21	-0.89	-0.45	1.23	1.14	-2.33	-2.07	-7.16
-10.08	9.71	5.80	4.54	2.79	5.13	-1.84	0.39	3.00	0.96	-1.08	-0.43	-3.74
-19.06	7.82	0.65	6.19	3.82	2.06	-3.66	-1.60	2.79	-1.32	-4.64	-4.16	-5.22
-15.99	11.70	2.06	7.28	0.78	-2.59	-3.37	1.42	-0.03	-3.39	-7.55	-5.80	-6.34
-14.61	9.80	-0.92	8.58	9.56	-0.32	-2.82	-4.75	2.19	-1.54	-6.58	-2.59	-4.60
-16.48	1.96	0.81	7.76	1.68	-0.32	-1.20	2.76	5.35	0.34	0.75	3.06	3.51
-8.22	8.09	6.11	9.18	6.04	4.13	3.80	1.02	-1.03	-1.20	-3.23	-4.16	-4.33
-10.68	3.06	3.87	7.72	1.55	-3.24	-3.62	2.01	-5.17	-7.68	-4.27	-1.50	-6.60
-11.55	0.81	3.58	4.92	0.62	2.27	-0.40	1.71	2.72	2.22	3.88	1.25	0.91
-7.01	3.67	-2.67	7.29	4.03	-0.23	2.86	2.86	-1.51	-0.30	-3.50	-0.55	-2.08
-15.17	2.54	-2.49	8.31	4.54	-0.28	-1.72	-2.04	-0.74	2.04	-4.83	-2.21	-1.99
-18.65	3.63	4.04	5.35	3.34	5.38	-0.18	-0.79	3.58	0.64	-1.44	-1.88	-1.26
-22.71	2.51	-2.19	1.48	-1.73	0.71	-1.97	0.27	1.69	-2.34	-4.38	-4.65	-5.62
-17.67	3.45	0.21	8.41	5.45	5.35	3.31	4.14	5.07	-4.63	-7.14	-6.60	-4.81
-17.98	4.68	4.42	2.88	2.75	1.95	-0.75	0.91	1.99	-2.10	-7.13	-5.11	-7.79
-12.13	6.09	-0.44	2.11	3.06	2.53	1.80	-2.58	0.22	-2.89	-7.62	-4.34	-4.42
-4.91	-1.18	-1.54	-10.51	-8.96	1.14	5.98	5.25	1.82	-4.09	0.75	-0.84	-2.05
-5.12	-6.49	-15.26	-11.36	2.70	5.79	4.61	10.21	5.17	-0.49	0.36	1.37	-1.75
-3.99	-6.25	-9.05	-11.94	-7.13	-5.91	0.30	10.32	9.01	1.89	-1.56	-0.65	3.02
-1.04	-1.78	-5.47	-4.21	-5.96	0.18	2.18	4.70	5.28	-0.44	0.53	-3.13	-3.92
-2.69	-3.17	-4.59	-6.25	-5.57	0.89	-1.64	3.27	1.77	-1.61	0.13	0.53	-4.48
-2.43	0.82	-2.89	-7.52	-5.75	-0.69	4.82	7.95	2.01	-3.08	-4.97	-2.85	-1.30
-0.68	1.33	-6.24	-8.08	-8.04	-7.18	0.95	3.30	3.03	-5.26	-3.45	0.16	-2.65
-12.36	-3.26	-9.40	-6.04	-6.48	-5.72	4.17	9.46	8.18	0.17	-0.18	-0.17	-4.61
-6.71	8.06	0.10	-0.66	-8.33	-3.69	1.00	0.29	-1.45	0.26	-2.28	0.20	-1.95
-8.77	3.13	-9.70	-1.05	-0.29	4.78	9.42	1.65	-1.86	-4.09	-4.51	1.02	-3.39
-13.66	6.31	-7.04	-1.96	-0.17	-1.09	8.47	5.69	-0.71	-0.55	1.89	3.53	-0.30
-14.97	8.77	-1.63	0.49	-0.65	-1.23	0.74	5.13	1.76	-0.89	-4.65	3.36	-3.51
-11.81	3.53	-5.25	3.47	3.40	-1.75	0.64	1.65	4.69	6.59	2.58	2.59	-1.64
-16.37	10.00	-4.61	0.68	1.40	-1.59	-3.28	1.39	5.07	2.99	-1.71	-2.02	-1.49
-16.52	11.34	-0.50	2.99	1.10	-5.13	-4.54	1.69	0.63	1.17	-0.64	0.55	-0.22
-10.73	13.85	-0.10	-0.75	3.58	-2.71	-0.56	-0.62	-0.53	1.02	0.27	0.06	-3.68
-12.09	6.73	-3.62	-4.41	1.41	-1.55	-1.08	-3.06	1.86	1.17	-3.29	-2.41	-0.39
-14.77	6.12	-3.35	-3.75	-1.11	-5.09	4.88	4.10	0.17	-1.90	-0.23	2.00	-1.27
-12.74	15.99	5.33	-3.57	0.69	-2.52	1.10	1.14	-0.06	2.71	1.86	5.02	0.07
=== END OF SAMPLE ===
Next sample in: 3... 2... 1... GO!
5.62	-9.95	2.32	2.79	-5.11	4.48	1.72	-6.46	-0.40	-5.34	-6.72	-3.63	-5.62
6.27	-4.06	8.96	0.52	-2.97	2.92	0.58	-5.84	-0.88	-3.58	-6.82	-1.29	-2.97
1.05	-12.78	5.74	-1.59	-5.27	2.08	-2.14	-7.73	-6.46	-7.14	-6.14	-0.25	1.09
-0.96	-7.99	5.49	0.17	-3.29	2.87	-1.15	-8.76	-2.46	-6.94	-4.44	1.81	-0.84
4.07	-11.41	4.43	-2.09	-3.66	0.65	-3.08	-3.75	-2.15	-5.13	-7.82	-2.16	-0.44
1.35	-13.35	4.26	-5.44	-4.67	5.15	-0.07	-2.72	-0.41	-1.87	-3.19	2.91	-2.59
6.44	-13.41	4.10	-1.45	-5.67	6.25	-0.47	-6.45	-0.76	1.07	1.03	4.36	-2.61
2.89	-13.15	5.54	-1.85	-8.37	0.77	1.55	-2.29	2.97	1.88	-0.44	3.45	1.12
9.52	-5.77	5.87	0.16	-6.07	-1.74	-5.15	-2.75	-0.92	-5.85	-0.07	-0.84	2.07
13.32	-10.13	9.80	2.99	-3.77	-3.86	-8.51	-2.60	3.49	-2.41	-3.47	1.16	-0.56
6.91	-11.83	13.46	3.57	-7.29	-6.11	-5.23	2.21	5.45	2.38	-1.02	-1.79	-2.53
10.35	-11.91	13.27	8.80	-9.70	-8.59	-7.71	-0.76	1.42	-4.93	-3.89	-3.11	-2.12
13.07	-6.45	14.11	4.68	-4.87	-3.82	-8.35	-2.42	-3.73	-3.45	-1.58	-6.96	-4.62
12.53	-7.69	12.27	3.00	1.00	-2.50	-5.66	-4.85	-1.33	-8.34	-4.08	-4.49	-4.75
6.52	-15.73	9.74	8.42	-0.05	-2.62	-4.50	2.29	2.94	-6.36	-8.45	-4.40	-0.68
4.93	-13.23	6.56	8.49	-1.05	-5.04	-4.27	-2.60	0.67	-6.76	-2.07	-4.09	-0.76
-3.21	-8.32	-0.23	7.67	3.89	-2.41	-2.96	-1.63	-1.62	-4.46	-0.58	-3.63	-4.15
-4.83	-12.54	4.04	6.52	1.76	-1.54	-3.81	1.56	3.12	-4.04	-0.56	-0.05	-0.46
3.27	-13.00	10.26	12.88	-4.11	-5.00	-8.69	2.55	-0.09	-7.84	-3.56	-1.42	-1.60
3.85	-8.36	15.91	9.35	-7.90	-3.03	-7.27	-1.33	0.74	-3.67	-1.82	-0.30	-4.85
-1.00	-12.85	17.57	12.55	0.11	-4.19	-8.06	-1.78	-0.93	-4.19	-6.49	-3.73	-0.69
-2.55	-13.84	13.31	14.70	-0.72	-1.49	-10.24	-7.20	0.66	-6.52	-2.96	-5.39	-2.81
0.48	-6.75	3.14	10.67	0.73	-4.93	-9.82	-2.48	2.61	-3.41	-6.16	-5.46	-1.33
-2.03	-12.44	5.55	8.25	7.13	5.32	-2.08	-1.96	3.66	-2.76	1.46	0.19	-0.13
-0.75	-6.37	4.87	4.03	-2.16	1.62	-6.87	-0.95	-0.10	-1.33	0.54	0.05	1.33
1.52	-5.52	10.68	6.45	0.76	-0.51	-13.40	-0.59	-2.18	-0.21	2.68	-2.37	0.84
0.75	-4.19	10.84	2.46	4.02	-3.66	-10.89	-3.20	-2.69	1.64	-0.15	2.62	2.41
5.47	-5.33	5.52	2.26	-1.77	-3.68	-8.93	-0.84	-0.62	-0.10	-2.62	-4.38	1.50
8.27	-4.31	11.86	8.58	-0.18	-4.26	-6.69	-2.08	-3.24	0.40	-2.77	-4.76	-1.80
11.36	-3.42	7.61	1.07	-4.53	-4.98	-4.63	4.55	1.26	0.41	-1.95	-4.56	-3.01
-1.80	4.35	0.51	-0.13	-2.14	-3.15	-3.99	-2.99	-0.39	-0.46	-2.41	-0.35	0.97
-6.65	-1.79	-2.09	-2.07	-3.23	0.29	1.03	-0.34	0.48	-0.33	-1.97	-1.62	-0.37
9.99	6.49	6.86	0.13	-10.14	-10.57	-6.09	-3.79	-0.34	-0.02	-7.29	-6.50	-5.39
4.77	1.65	4.45	0.85	-7.16	3.88	-0.01	3.85	1.69	-1.58	-7.57	-5.19	-5.21
4.61	6.27	7.23	-1.61	-5.50	-2.64	-4.35	-1.58	1.49	-2.20	-3.98	2.86	-0.81
12.49	7.37	2.85	-3.90	-11.10	-7.03	-10.01	-1.46	-0.93	-2.07	-6.57	-1.16	4.35
13.44	7.32	5.34	-1.38	-8.27	-7.87	-6.34	-3.61	-2.65	-0.81	-4.94	-3.04	-1.87
16.44	1.65	4.51	-1.22	-10.40	-10.65	-3.42	-6.79	-5.69	-1.87	-4.20	0.97	-2.20
11.90	3.80	-6.32	-2.32	-5.14	-5.92	-4.25	-1.09	-0.71	1.84	3.72	-0.96	-0.69
6.01	5.00	1.95	2.63	-8.00	-6.82	-5.41	0.02	-4.28	-1.85	-0.42	-0.62	-4.94
3.09	-1.07	-6.62	5.79	-4.80	-0.50	-7.31	-1.29	-5.58	-3.82	3.36	-0.83	-4.67
11.03	1.38	2.08	6.26	-0.44	-4.37	-2.44	4.75	-0.48	0.46	6.17	-1.24	-7.32
9.85	-2.25	-3.95	2.16	-2.59	-3.11	-4.65	0.86	-4.28	-1.17	3.33	1.18	-0.26
6.08	-1.01	-1.72	-0.43	-7.64	-6.58	-2.92	0.76	-2.54	-3.24	-1.48	-3.10	-0.49
3.01	0.99	0.62	1.55	-7.20	-3.83	-8.36	-2.90	-6.71	-5.36	6.41	2.01	0.23
0.04	1.52	-3.83	0.46	-6.47	-7.42	-3.38	-1.59	-5.88	-3.46	1.14	1.21	-1.41
-8.69	-3.23	-3.71	-1.03	-2.35	-0.51	-1.05	1.37	1.69	2.98	2.34	0.44	0.40
-9.95	-0.63	-0.18	-1.29	-2.71	1.23	2.00	5.16	3.75	2.02	2.64	5.75	5.03
4.00	-0.06	-4.36	3.14	-2.46	-3.88	-0.36	2.86	-1.62	-4.12	3.28	3.62	1.62
1.96	-0.66	1.24	-1.55	-0.75	-0.08	-5.96	2.01	-5.86	-3.38	3.43	-2.76	-5.12
7.72	-14.60	6.26	5.59	2.04	2.72	1.26	15.32	-1.56	-4.24	5.73	1.75	-5.07
5.48	-3.43	2.53	2.77	-1.88	-1.63	2.12	8.54	-2.24	-1.73	4.74	1.52	-0.90
9.07	-7.28	3.04	0.68	-1.92	-3.14	-1.69	2.59	-5.24	-3.06	5.25	4.62	1.23
6.52	-7.69	1.53	-1.72	1.40	-3.28	-3.37	3.89	-6.48	-4.41	6.78	4.11	0.08
-4.81	1.24	-0.78	3.01	1.90	2.62	0.48	-3.68	-2.44	-0.59	-2.50	0.99	0.82
-8.18	-0.47	0.35	3.73	2.34	1.78	1.79	2.43	0.61	0.37	1.68	1.81	0.01
10.57	-5.66	7.49	4.17	-0.78	2.45	-1.60	1.73	-0.44	-8.67	-1.57	3.55	-2.55
6.59	-7.65	7.91	2.63	-6.74	3.18	3.88	6.04	-1.38	-7.66	-0.11	5.50	1.53
10.89	-10.32	9.36	3.94	-2.41	1.58	2.13	5.03	-1.95	-9.41	-7.61	-1.82	1.10
9.69	-12.02	2.96	6.32	-2.21	4.20	5.46	3.37	0.68	-4.22	-4.83	0.52	-1.32
10.35	-11.57	2.63	1.51	-7.50	-2.26	1.71	2.48	-1.18	-0.64	1.25	-0.34	2.65
8.85	-7.62	-2.84	6.10	-2.40	5.82	0.61	-5.61	1.53	3.14	2.14	-1.52	1.97
17.07	-26.05	2.23	8.00	0.52	14.15	-1.76	-6.04	3.59	4.03	5.07	-2.46	1.06
12.47	-34.33	3.99	6.88	11.96	21.95	-12.67	-3.64	8.91	3.81	4.14	0.00	-4.35
-18.34	-11.69	-3.23	7.07	6.15	-2.31	-6.58	-1.86	1.57	2.24	-0.11	-2.73	-1.63
-8.76	-16.94	-0.84	6.56	5.81	3.72	-6.81	-4.33	2.29	-1.51	0.43	1.05	-2.97
0.79	-30.42	6.31	9.43	12.37	16.50	-13.54	0.77	13.06	-1.64	2.56	0.45	-6.07
6.91	-36.34	10.45	18.47	4.28	13.43	-12.63	2.44	8.50	-1.45	7.28	-4.64	-7.82
17.13	-41.47	15.64	19.16	3.33	9.53	-7.63	1.92	0.95	-0.23	7.19	-2.16	-5.20
19.78	-41.01	19.30	16.22	0.93	8.17	-4.60	-2.77	2.12	1.32	5.45	-2.75	-3.89
21.50	-39.39	22.18	17.49	1.23	10.22	-3.00	-4.05	2.73	1.07	2.86	-4.41	-6.28
18.79	-39.23	24.10	17.78	2.43	10.31	-3.20	-5.46	0.36	2.10	1.95	-3.84	-7.02
2.99	-25.01	9.76	14.10	-0.31	4.24	-2.17	-3.01	1.80	-0.41	2.16	0.45	-5.32
-6.54	-13.13	5.66	11.60	-1.33	0.33	0.33	-3.27	-1.36	0.18	0.37	-2.46	-7.80
18.07	-40.81	22.53	14.44	2.81	12.21	-2.03	-1.91	1.92	-2.33	5.12	0.60	-7.46
13.12	-35.61	20.40	13.83	2.18	12.40	-1.94	-2.34	0.79	-2.98	4.24	1.44	-5.77
15.65	-36.83	19.20	12.86	1.86	13.08	-2.67	-2.12	0.07	-2.59	5.52	2.78	-6.04
19.95	-38.11	20.41	9.07	0.89	12.35	-2.70	-1.54	0.71	-0.93	5.39	4.29	-6.18
19.24	-35.58	19.20	10.05	1.01	14.16	-2.86	-2.54	-2.32	-1.09	6.18	5.22	-4.57
22.25	-35.67	19.24	8.27	0.59	14.77	-3.03	-1.87	-2.16	1.11	6.09	7.71	-6.39
0.25	-14.98	5.82	11.40	1.39	7.75	1.73	-2.31	0.76	-2.76	-0.24	2.17	-3.19
3.82	-28.17	13.05	10.87	7.49	14.71	4.06	-0.44	-0.25	-0.15	7.17	7.45	-3.53
18.64	-32.85	14.79	4.73	-2.29	16.80	2.78	1.18	-0.91	-5.44	7.58	8.56	0.90
13.65	-28.79	14.09	2.99	-1.99	16.10	4.69	1.53	-0.66	-5.10	4.85	8.71	1.19
18.63	-31.36	15.18	2.65	-2.28	18.47	4.22	0.88	-1.39	-5.31	6.39	7.40	0.27
18.53	-28.58	14.38	1.21	-2.86	18.12	5.41	1.25	-2.24	-5.46	7.62	9.37	1.72
16.70	-31.02	14.94	-0.02	-3.29	21.46	6.88	5.36	-2.91	-5.77	8.77	11.38	3.70
19.54	-31.08	18.25	-3.79	-2.38	21.30	5.27	7.12	-3.27	-7.22	5.95	6.40	3.32
18.56	-29.00	18.76	-4.67	-5.40	21.03	3.97	10.09	-1.50	-5.47	4.95	4.69	2.50
25.03	-25.91	18.10	-4.47	-6.71	17.39	3.61	7.63	-1.05	-9.99	5.90	0.94	2.56
-2.11	-2.89	5.93	-1.85	-0.91	7.84	2.68	0.73	0.29	-1.88	-0.58	-0.15	-1.32
-3.47	0.66	4.12	-2.84	-1.19	5.84	6.91	5.79	-3.17	-6.66	-1.21	-0.23	-1.21
18.97	-10.63	17.71	-5.37	-6.43	16.59	0.86	8.09	4.01	-5.21	3.41	0.30	-1.47
17.28	-4.47	15.58	-3.85	-5.03	9.28	2.55	9.99	8.11	-5.07	-0.21	-2.49	-3.10
13.81	-3.11	13.90	-6.10	-3.48	10.34	3.62	11.55	6.80	-4.44	-0.85	-1.33	-3.30
23.02	-4.61	15.98	-3.99	-8.57	8.22	0.87	12.22	9.29	-9.29	1.95	0.90	-0.94
26.79	8.06	11.46	-6.85	-6.20	7.73	-0.45	8.59	6.89	-6.99	0.99	1.51	-4.02
13.18	2.75	7.72	4.43	-2.68	-0.30	1.95	7.84	6.52	-0.30	0.18	-0.42	-3.36
-9.13	2.29	1.32	0.97	2.23	0.95	-0.08	-1.10	-1.51	-0.68	-0.25	0.14	-0.43
-10.81	1.78	1.05	2.33	-1.50	-1.95	-0.80	-0.37	-1.44	-2.28	-1.84	-0.49	0.25
-21.54	0.75	-5.46	2.93	3.21	-0.12	2.48	4.76	0.80	-3.75	0.46	4.73	-2.78
-25.06	5.83	1.03	9.55	3.69	-2.98	3.69	-0.93	-0.40	-5.53	2.44	3.80	-0.01
-26.47	4.48	3.24	13.29	-0.72	-2.74	-5.46	-1.34	-0.28	-1.15	2.13	0.43	-0.65
-27.41	0.08	0.89	11.47	-3.11	-1.93	-0.06	2.55	-1.79	-4.97	-1.03	0.25	-1.19
-20.38	7.17	10.30	17.06	3.65	-2.98	-5.11	-0.16	-7.25	-5.50	0.14	1.00	-4.00
-16.48	8.18	5.78	13.45	5.17	-1.84	0.89	-0.14	-2.15	-2.28	-3.97	-4.99	-7.46
-11.51	6.54	4.42	1.93	-0.64	-1.98	-0.87	3.16	-5.33	-5.78	-3.75	-5.59	-2.96
-6.47	6.13	5.07	7.53	0.44	-6.01	-0.61	2.49	-0.46	-6.22	-1.62	-2.49	-2.47
-8.81	-2.95	-1.38	3.69	-2.97	0.82	-2.18	4.16	0.83	-4.61	-2.57	-3.49	-5.20
-8.64	-2.50	-1.92	5.57	-2.92	0.66	-3.90	2.54	1.26	-2.18	-2.23	-0.43	-3.00
-10.17	2.36	0.99	5.50	-1.42	-4.08	0.33	1.17	2.65	-1.50	-4.19	-0.63	-4.43
-13.18	-1.95	2.56	9.46	-0.71	-1.45	0.89	1.72	-0.89	-1.67	-2.72	3.22	-2.39
-12.97	-2.24	-2.78	8.16	-2.40	-2.29	-2.15	1.91	-2.02	-5.02	-5.81	-0.33	-5.90
-10.81	-3.15	-0.18	9.15	-2.60	0.24	-1.31	-2.36	-0.81	-3.35	-4.93	-2.06	-6.04
-9.01	-1.26	-2.32	2.28	-2.45	-1.52	-0.55	3.94	2.75	-0.74	2.37	-0.34	-1.44
-10.04	-1.42	2.73	4.47	-1.47	-3.43	-1.79	1.61	-0.18	-3.90	0.70	1.87	0.89
-2.21	3.92	2.07	9.22	-0.04	1.84	-1.54	0.51	-4.29	-4.07	3.20	-0.30	-0.53
-12.10	1.67	2.67	7.31	-3.96	-2.78	1.58	3.21	-3.76	-3.94	1.87	1.64	0.10
-8.63	-1.25	-4.52	-0.05	-0.75	3.29	2.11	3.82	4.23	-2.09	-0.41	-1.97	-4.78
-5.62	-0.83	2.58	13.98	7.35	5.90	0.19	-1.92	0.60	-1.97	2.06	-1.59	-1.66
4.63	4.71	1.95	5.69	-0.33	7.79	3.74	0.72	0.95	-1.18	2.31	-2.20	-5.94
3.00	0.49	-1.69	4.31	-4.01	-2.25	-0.10	5.45	2.31	-0.34	0.16	-0.67	-2.05
5.55	-6.96	5.65	0.25	-4.28	2.94	-7.73	-3.88	5.86	2.74	-2.33	-3.16	-7.99
5.13	-4.63	11.00	-5.64	-10.64	3.39	-3.64	-6.35	-0.27	-0.64	3.32	-0.27	-8.71
9.17	-5.73	16.38	-1.30	-15.93	-4.02	-10.01	0.87	6.64	0.92	0.30	-3.30	-8.58
=== END OF SAMPLE ===
Next sample in: 3... 2... 1... GO!
-1.79	-18.33	14.22	-8.63	-2.70	9.93	-9.72	-6.84	-2.58	-3.41	0.53	-0.66	-0.45
9.08	-15.07	12.87	-13.68	-7.87	8.33	-7.54	-7.65	-7.17	0.89	7.17	-1.20	-2.10
15.90	-15.42	10.27	-12.78	-11.61	2.44	-9.06	-8.95	-5.73	0.41	8.48	0.22	-0.78
10.88	-14.28	4.80	-9.95	-5.48	9.53	-2.12	-8.49	-0.42	2.72	5.98	4.11	-0.49
8.36	-13.21	4.50	-9.31	-5.05	4.84	-5.81	-9.99	-2.47	2.24	9.68	3.04	-3.58
8.52	-10.32	9.14	-6.26	-7.73	2.67	-2.63	-3.30	-1.42	1.81	5.48	-2.99	-2.04
9.62	-9.33	3.38	-5.84	-10.25	-2.93	-3.37	-2.38	-2.86	-0.57	-1.09	-2.04	-2.39
3.60	-13.97	6.75	-4.20	-7.66	4.38	0.07	-0.67	3.17	0.79	3.16	2.22	1.83
-1.46	-4.40	1.20	-6.97	-4.03	7.75	-2.75	-8.48	-2.63	0.93	0.56	1.23	1.94
6.61	-11.92	-0.64	-4.15	-4.62	4.43	1.51	-2.55	-0.63	1.66	2.37	1.51	2.74
4.92	-14.24	-0.27	-12.29	-9.71	7.55	-1.68	-5.98	-1.52	1.24	3.36	0.45	-0.39
1.28	-14.55	0.11	-8.28	-5.13	9.29	-0.16	-2.54	1.68	1.18	3.05	-0.61	-1.68
5.83	-13.55	-4.03	-8.71	-5.95	5.34	-2.01	-4.10	1.34	2.61	3.69	-0.23	-3.02
6.38	-15.38	1.91	-3.48	-4.94	8.92	-0.23	-5.06	2.92	3.30	0.83	-1.81	0.40
2.09	-15.59	0.66	-7.52	-7.69	10.09	-0.73	-1.58	5.94	-0.87	-1.16	0.89	2.32
3.82	-15.11	1.88	-8.42	-6.45	7.60	-6.37	-8.79	0.42	0.07	2.32	2.94	-0.74
1.04	-12.01	-5.31	-6.70	-4.98	7.58	-2.87	-3.04	1.82	-0.24	2.65	4.90	-0.71
0.18	-11.53	-3.41	-6.93	-2.53	9.82	0.46	-4.97	3.47	4.93	0.20	0.04	1.24
8.02	-7.04	-1.61	-3.89	-5.91	1.24	-1.23	-5.26	-0.85	3.29	1.28	1.28	1.77
7.37	-5.01	-4.80	-4.64	-5.14	1.45	0.75	-1.50	-1.41	2.60	3.51	2.90	0.59
6.93	-8.36	-5.42	-4.20	-4.90	4.51	4.96	0.63	1.37	5.27	5.27	2.43	2.78
12.47	-4.66	-3.41	-4.74	-7.99	1.89	2.47	-0.60	-0.18	4.23	4.56	0.96	1.85
7.37	-4.65	-2.02	-6.70	-7.68	3.34	0.91	-2.22	0.10	3.95	2.60	-1.36	0.18
1.37	-8.84	-5.53	-6.71	-5.33	4.16	5.28	1.78	-2.35	1.14	2.31	-2.48	0.37
4.22	-1.91	-6.55	-6.42	-5.96	2.99	8.11	4.03	2.11	3.14	-0.10	-3.40	-1.64
6.36	-4.22	-4.24	-6.68	-7.25	1.81	3.11	-2.13	-2.90	1.68	4.79	2.03	1.35
4.57	-4.43	-8.06	-7.56	-4.94	4.74	6.71	-1.22	-5.86	-0.87	1.95	0.27	1.62
6.22	-2.80	-5.96	-6.81	-5.77	3.17	6.73	3.29	-1.76	0.84	4.80	3.86	2.49
5.47	2.09	-1.87	-2.94	-3.19	0.70	1.71	1.43	-1.61	-0.44	4.30	2.74	1.49
-1.48	-0.45	-2.21	-2.30	-1.66	3.11	4.29	0.46	-3.06	-0.94	1.86	1.03	0.46
1.10	-5.43	-7.44	-3.42	-1.83	3.14	3.76	-1.42	-3.07	2.01	4.66	1.31	-2.44
3.43	-3.32	-8.20	-6.50	-5.47	0.35	5.39	3.59	-1.43	2.20	6.01	3.24	0.62
-10.63	-9.01	4.18	-9.76	-6.70	5.10	-3.84	0.65	3.06	-3.27	-1.66	-2.33	-3.33
-7.54	-10.32	3.15	-1.79	-4.34	4.90	1.08	-1.28	-0.26	-0.52	-1.05	-4.36	-1.58
-10.79	-9.50	9.62	-3.78	-4.14	10.72	1.20	-0.31	3.14	0.48	3.07	0.46	-1.79
-12.38	-8.66	9.57	-3.34	-5.36	8.67	-1.87	-3.02	1.34	-2.39	1.80	0.81	-2.68
-8.48	-10.00	8.18	1.53	-3.01	8.17	-0.22	-2.31	4.32	2.92	5.84	4.71	-1.98
-8.64	-7.78	5.98	-1.77	-5.06	6.62	3.71	3.78	3.06	0.11	3.81	2.47	-1.38
-9.87	-8.09	7.30	-0.47	-5.25	7.60	3.24	-0.09	2.22	1.23	5.27	5.74	2.20
-8.76	-6.47	5.21	-1.75	-2.09	7.60	1.58	1.63	1.74	-0.98	3.51	1.21	-2.92
-9.67	1.58	-1.00	-0.52	-0.95	-1.24	-1.88	-0.56	-0.86	-0.82	0.25	-0.63	-1.57
-4.00	0.68	2.85	6.52	3.20	1.27	0.56	2.22	2.44	1.70	3.21	3.41	-1.52
-0.93	-4.84	2.25	5.16	2.78	5.06	6.33	10.71	5.86	-3.95	-1.31	2.79	-1.40
15.78	-17.62	3.90	8.48	3.13	12.49	2.19	14.76	10.49	-6.29	-0.82	6.07	-3.63
10.00	-14.69	1.32	4.32	0.10	5.89	-0.96	11.17	7.92	-9.11	-4.31	4.38	-3.68
20.61	-14.87	6.67	6.54	-6.30	3.80	-3.96	12.44	7.27	-4.37	-2.30	9.35	0.04
16.39	-14.41	3.07	3.63	-4.58	6.22	0.57	7.05	8.68	-3.77	-2.45	9.74	3.00
11.88	-8.82	4.44	2.74	0.80	9.55	6.02	8.96	11.15	-0.75	-2.84	3.20	0.01
12.83	-4.41	4.29	2.43	0.76	9.11	6.83	9.97	7.83	-1.18	-1.05	1.23	-1.34
8.61	3.06	2.83	4.88	4.62	7.62	5.01	4.78	7.47	3.36	0.02	1.00	-1.42
19.02	-31.88	9.11	4.76	11.34	15.26	-9.80	-4.39	5.92	2.14	0.12	3.60	1.52
-1.62	-10.21	-1.61	3.73	7.29	7.47	-2.84	-1.74	5.14	1.98	-0.76	-1.91	-3.91
20.75	-35.42	11.48	6.16	8.39	17.88	-11.80	-3.54	7.24	-1.40	0.59	1.66	-0.56
22.85	-37.51	13.98	5.11	6.77	18.48	-13.38	-2.03	6.27	-1.62	0.36	1.74	-0.12
22.92	-37.25	13.70	5.11	5.61	19.85	-15.75	0.02	3.71	-0.35	-0.50	2.47	-0.22
18.79	-35.08	12.24	5.24	5.83	18.75	-14.18	-2.46	5.80	-1.07	0.61	2.42	-0.65
18.20	-36.37	13.24	6.02	4.94	18.53	-14.42	-2.20	5.76	-1.11	0.74	2.61	-0.31
17.31	-37.77	16.27	4.97	6.02	19.71	-9.52	-0.01	4.18	1.31	0.26	-0.28	-4.53
-6.40	-12.79	11.61	10.60	5.41	9.42	3.68	-0.48	-0.29	-0.48	1.77	0.35	-4.85
15.46	-23.43	14.65	4.03	-1.36	2.79	-2.08	1.07	0.47	-3.87	1.85	2.06	1.85
23.55	-33.67	29.06	7.60	5.06	16.46	-3.98	3.51	-2.21	-0.17	2.89	2.76	-5.21
18.17	-27.46	26.21	8.13	4.64	15.18	-3.56	2.02	-1.03	-2.26	5.27	2.92	-2.97
25.46	-32.34	29.25	5.67	4.30	16.84	-5.92	4.12	-3.31	0.04	3.38	5.65	-3.59
19.66	-29.49	27.07	5.73	5.05	14.21	-1.99	1.55	-1.10	-1.87	4.93	5.32	-2.85
26.59	-35.06	31.30	1.77	5.42	15.93	-4.19	3.81	-2.79	-0.80	4.02	5.74	-2.62
17.07	-27.98	26.12	2.95	5.48	14.46	-2.22	1.45	-0.81	-2.04	4.07	5.49	-2.11
0.90	-15.95	14.79	5.95	0.33	11.26	0.96	2.25	3.97	0.36	6.77	6.72	-2.04
1.55	-13.71	14.62	7.38	0.77	10.18	0.45	-0.60	-0.22	-2.83	5.98	6.35	-1.90
16.81	-27.87	24.48	3.03	2.43	15.71	-0.93	4.31	-2.86	-5.50	5.32	5.42	-2.28
17.41	-26.55	25.51	0.30	6.24	15.53	1.73	4.04	-3.11	-4.64	3.92	8.82	-5.11
19.66	-28.03	23.49	-0.06	6.66	16.85	2.16	5.98	-5.00	-3.33	4.31	10.57	-6.98
13.52	-22.11	17.73	3.14	3.26	19.19	3.17	4.09	-2.32	-6.29	6.73	8.21	-3.54
20.82	-26.85	22.23	-1.22	2.36	19.12	0.04	6.83	-4.97	-5.34	6.22	7.57	-2.97
23.20	-26.02	20.43	-2.09	2.13	16.73	1.44	3.89	-4.09	-6.74	5.95	8.30	-3.70
-3.91	-1.97	3.54	4.47	3.49	6.02	2.13	-0.75	-1.68	-1.45	2.58	3.23	-1.56
10.01	-6.07	9.09	2.91	-2.16	9.44	2.92	1.90	1.18	-4.36	3.69	7.46	-1.56
21.75	-19.38	13.51	-2.36	-0.80	17.35	6.01	6.25	-4.99	-7.05	6.19	6.52	0.22
23.03	-22.37	19.03	-4.13	-3.18	16.74	4.24	5.70	-4.28	-6.31	2.96	6.39	-0.73
26.41	-21.23	16.12	-1.94	-5.82	15.60	4.62	4.18	-2.45	-7.16	3.03	4.60	-0.51
22.96	-16.56	17.10	-3.99	-1.43	13.00	10.21	3.51	-4.02	-5.37	3.29	5.89	-2.15
17.97	-15.77	16.00	-2.98	-4.29	16.56	11.19	5.31	-3.22	-6.95	5.46	7.67	-0.16
21.24	-16.25	14.13	-4.38	-4.39	17.12	9.50	6.71	-3.93	-7.66	5.20	6.72	-0.37
-7.93	-3.49	0.22	1.38	0.66	8.92	9.37	1.13	-0.33	2.19	0.24	2.60	3.15
-5.91	2.28	1.86	2.85	2.70	4.38	1.92	2.12	1.03	0.11	1.82	2.59	-0.58
8.52	-3.34	13.05	-8.71	-1.62	16.02	8.39	6.54	-1.41	-8.38	4.75	0.71	-1.61
7.63	0.86	6.86	-3.69	-5.82	12.46	3.88	8.20	2.05	-7.95	1.70	1.55	-3.21
7.74	0.33	8.53	-4.85	-9.48	14.52	6.48	6.28	4.20	-2.53	3.37	3.10	0.24
2.88	-0.33	10.91	-2.24	-6.58	17.12	5.89	6.93	3.97	-6.55	-0.16	3.75	-1.11
11.61	-4.13	11.43	-5.59	-7.37	14.57	3.45	6.55	6.40	-6.20	0.24	1.46	-0.58
9.16	-2.02	11.50	-3.78	-4.85	11.85	-0.43	3.87	5.25	-5.50	2.48	1.39	2.42
9.41	1.30	7.01	-4.19	-5.16	9.05	0.03	4.49	5.28	-3.02	0.67	3.41	1.58
10.09	-1.88	9.60	-5.27	-6.63	10.20	-0.22	6.30	7.51	-5.47	0.60	2.48	-0.90
-9.20	-2.57	3.27	4.38	0.88	3.92	1.02	-0.27	2.00	-0.56	1.14	3.37	-1.78
-9.74	1.63	2.51	-0.47	-1.44	1.66	-1.08	1.06	2.82	-0.13	-0.03	0.33	-0.38
12.15	1.98	9.56	-0.72	-6.66	6.64	2.45	5.82	6.26	-1.24	0.96	-2.00	-4.10
9.94	-4.01	1.98	1.07	-8.14	0.58	1.26	5.45	5.82	-2.23	-2.90	-0.26	-7.17
10.08	-7.97	-3.01	-6.22	-10.90	-3.21	0.19	4.86	3.63	-3.07	0.42	-1.13	-3.46
9.64	0.50	-0.78	-5.09	-13.10	-1.05	4.94	8.02	0.70	-1.20	-2.35	3.25	-2.99
13.45	-4.01	-4.41	-7.58	-11.79	-2.39	2.44	8.17	-0.59	-5.86	-0.64	3.22	0.92
12.54	-6.07	-4.90	-8.13	-11.63	2.10	-2.38	7.08	-4.33	-7.21	-3.39	3.93	0.65
-10.56	-4.41	-5.24	-4.70	-5.97	2.25	2.24	-1.07	-1.44	-0.71	1.63	3.58	-1.32
-0.60	-4.67	-6.45	-4.87	-3.50	1.25	-3.12	2.97	0.31	-2.45	2.87	3.14	0.34
3.65	-6.16	-3.47	-0.12	-5.24	3.70	-3.56	1.45	-2.37	3.06	7.02	2.68	-0.74
3.97	-5.16	-5.63	-4.40	-5.09	2.92	-3.01	-0.40	0.98	2.90	4.72	3.28	-4.04
3.79	-0.08	-1.45	-5.25	-0.73	3.77	-3.28	-3.06	-3.56	3.41	5.48	1.83	-2.59
3.11	-0.67	-2.94	-3.25	-5.88	4.13	0.33	-2.87	-1.93	3.24	2.75	-0.13	-0.14
4.69	-4.59	0.76	-1.14	1.13	1.61	-4.30	1.26	-1.97	1.63	-2.81	-3.94	-3.89
2.05	4.55	0.66	0.23	0.78	10.26	3.56	0.38	-4.21	-3.01	-1.63	-4.48	-5.09
4.63	-4.01	0.86	8.95	6.12	7.94	-0.16	-2.11	-0.70	0.69	1.57	-0.66	-4.20
5.32	-3.24	-1.54	6.23	-2.04	1.16	-0.87	-1.10	-1.82	-1.36	-2.56	-5.33	-2.88
-0.99	-7.19	-1.98	5.21	2.12	5.68	-0.17	-2.53	-0.97	2.50	3.99	-1.13	0.39
0.54	-6.63	-3.11	9.13	5.48	1.14	-4.04	-2.86	-3.67	-0.67	-1.70	-1.50	-0.29
-3.26	-5.38	1.68	2.66	-2.62	2.15	-4.45	-1.44	-3.30	-2.13	1.12	-0.57	-2.92
-5.76	-3.95	3.87	2.42	1.30	6.04	-4.12	0.82	-1.25	-3.83	0.42	2.61	-5.10
-5.00	-5.39	5.51	0.62	-2.80	5.98	-4.41	-0.71	2.81	-0.06	0.51	3.15	-0.16
0.45	-4.96	8.51	2.16	-2.84	4.25	-10.32	-0.47	0.60	-4.78	2.15	3.69	-2.62
-5.58	-6.92	6.06	-1.93	-3.10	5.51	-5.92	-1.77	-2.41	-6.39	1.49	2.76	-2.78
-6.92	-12.14	3.59	-3.02	-2.27	3.33	-4.33	-1.09	4.08	-4.33	1.19	3.21	0.89
-3.04	-14.01	12.31	0.55	-5.01	4.80	-6.49	-1.73	2.31	-6.26	-2.11	1.72	-2.88
2.13	-10.10	16.58	2.82	-1.07	6.49	-4.86	-1.37	3.31	-4.24	3.12	3.88	-6.63
1.02	-9.35	15.28	4.54	-3.50	4.58	-3.96	-2.79	2.48	-2.68	0.43	-1.23	-5.23
1.19	-10.07	15.13	5.56	-3.00	8.45	0.09	-0.10	8.99	1.25	-1.68	-0.65	-3.05
2.91	-6.27	14.17	4.19	-3.54	5.02	-5.49	-2.34	4.24	-4.20	-0.61	2.06	-1.26
-3.61	-10.57	17.05	6.02	-2.60	8.20	-2.47	-1.01	3.56	-2.34	1.94	5.41	1.63
-4.40	-11.40	17.67	5.24	-6.10	9.57	-3.05	-3.43	2.69	-3.44	-1.89	-1.24	0.02
=== END OF SAMPLE ===
Next sample in: 3... 2... 1... GO!
-3.10	2.48	11.73	13.52	-1.17	-2.69	0.92	1.65	0.35	-1.17	-2.78	3.27	-0.93
-2.63	3.91	12.14	14.64	0.70	-3.21	4.63	6.38	0.92	-5.68	-5.99	3.90	-2.13
-3.58	3.00	12.20	10.09	0.90	-0.62	2.05	2.53	2.38	-7.15	-6.60	1.75	1.25
-4.85	1.75	9.58	13.50	2.32	-1.80	-1.51	-1.88	-1.03	-8.45	-7.80	0.50	1.34
-9.76	6.07	9.54	10.68	0.59	-1.72	-1.94	-1.11	-2.80	-7.89	-3.49	1.11	1.52
-13.46	1.06	10.70	9.89	-2.26	-1.23	1.49	0.90	-2.42	-3.22	-0.84	2.92	-0.15
-9.99	7.42	1.21	6.43	3.25	0.09	2.56	-0.97	-5.78	-4.52	2.30	-1.15	-3.17
-11.40	2.22	5.99	3.28	1.24	0.81	-1.46	0.47	-2.89	0.23	0.33	0.50	-1.38
-9.18	6.33	3.19	3.09	0.98	2.69	8.77	4.44	-2.81	-2.39	-1.10	0.93	-2.14
-4.56	3.28	2.66	0.20	-3.97	6.57	7.37	-0.93	1.35	-2.69	-3.33	4.53	3.32
1.04	1.36	3.06	0.30	-2.16	8.80	1.66	-7.95	-6.39	-8.94	-6.56	0.54	-2.00
4.37	1.81	-0.06	-4.19	-6.89	5.00	3.97	-5.75	-7.23	-6.17	-3.95	0.84	-1.48
9.33	6.30	6.18	-2.89	-3.34	7.80	-0.20	-6.37	-3.84	-1.73	-1.19	3.72	-1.86
11.57	-1.44	0.11	-3.68	-6.09	7.47	-0.53	-3.67	-1.38	-4.41	-3.59	2.06	-0.70
7.66	0.40	-0.17	-4.34	-0.62	0.83	0.74	0.65	-0.67	2.92	1.54	2.07	-3.38
0.03	-2.39	0.98	-5.96	-0.64	-1.74	-4.89	-3.69	-4.21	-3.44	2.23	1.89	1.73
4.26	7.28	3.28	-4.36	-7.97	2.66	0.67	-0.10	-2.32	-1.75	1.68	-0.66	-0.43
1.98	0.90	0.63	-3.38	-9.44	-5.81	-0.69	-2.44	0.50	2.15	5.20	6.48	5.50
-10.99	0.27	3.87	-8.14	-4.04	-5.67	2.15	-3.46	-4.36	-1.69	3.28	2.36	-3.87
-11.94	0.05	-3.81	-7.98	0.89	3.66	4.79	-6.24	-4.85	3.67	3.01	0.30	-0.87
-12.38	0.93	-3.85	-6.69	-4.93	1.09	8.76	-3.66	-5.11	1.97	4.19	5.99	1.11
-10.64	-2.49	1.72	-5.06	-5.34	4.56	4.09	-1.48	-5.69	2.42	1.90	-0.15	-0.33
-11.25	1.00	0.32	-4.08	-1.75	-1.35	-4.51	-1.28	-0.65	-1.33	-0.02	-2.90	-2.46
-12.26	-1.75	5.37	2.13	-2.15	-3.49	2.08	-1.32	-1.87	1.91	1.14	0.60	-2.82
-15.83	-4.39	-1.59	-2.91	-0.91	-1.18	1.88	0.24	-1.46	4.25	8.29	6.99	2.22
-13.47	-4.48	3.04	5.48	1.68	0.29	3.34	-3.54	-2.12	2.90	4.30	0.30	-3.53
-11.49	1.88	10.96	-1.24	3.98	-2.85	6.25	3.86	-0.25	1.22	-0.90	-3.01	0.32
5.37	6.83	6.08	-2.69	-0.04	3.08	0.20	0.45	-1.72	-0.92	-3.77	-4.10	-0.29
8.72	10.52	10.80	-2.30	-3.79	2.16	1.99	-2.20	-4.86	-3.83	1.82	2.63	-0.44
5.93	9.44	7.82	-5.46	-0.33	0.70	4.63	-0.69	-5.82	-0.25	1.08	4.16	2.66
3.70	6.83	5.52	0.89	-0.42	2.20	2.08	-0.66	-2.32	-3.02	2.82	-0.04	-0.31
-6.97	0.79	1.90	2.67	-0.03	3.10	-0.44	-2.51	-1.86	-1.85	-2.63	-1.86	-1.44
5.94	-1.25	9.61	2.09	1.39	6.35	5.19	-3.49	-0.62	0.50	0.87	-1.74	-2.48
-0.99	-1.31	7.99	5.18	6.71	2.87	7.40	1.01	0.28	0.45	6.54	5.43	1.76
5.79	-5.94	3.98	0.20	3.27	5.00	4.84	1.30	-3.28	-2.71	2.28	3.75	0.11
-2.27	-1.72	0.43	-3.40	-2.32	2.65	4.41	0.19	-4.74	-4.53	3.39	0.42	2.10
-7.82	-1.71	2.03	-0.17	4.45	0.77	3.36	-1.44	0.71	-3.25	0.03	0.10	-2.11
-10.58	-1.57	1.18	1.97	0.67	-4.43	-3.36	-4.08	-2.17	0.06	4.15	1.20	-1.56
-11.26	0.27	-1.12	-0.10	-0.74	-1.95	3.43	-3.59	-5.03	-1.26	1.82	5.00	0.32
-11.94	-0.71	-6.23	-1.36	-0.75	1.45	4.33	1.11	0.09	0.67	2.41	2.05	-2.76
-4.44	2.09	-3.36	5.47	0.09	0.11	8.82	4.35	0.41	4.94	3.86	1.43	-2.10
3.40	-13.40	-5.49	9.23	4.44	2.75	11.44	15.27	0.70	-3.18	4.14	-1.15	-7.08
-7.53	-4.19	-8.88	1.63	0.96	2.06	5.84	8.10	-3.13	-3.42	3.06	2.43	-1.69
-4.06	1.77	-7.37	6.75	7.29	8.13	7.66	8.95	3.99	-2.65	-2.56	1.30	-2.16
-0.30	-2.67	-5.64	6.55	0.45	2.41	8.28	10.67	0.29	-3.97	0.46	0.66	-4.14
1.00	-9.19	-1.77	8.93	-3.61	-2.47	12.07	10.03	-0.19	-1.70	2.40	3.21	-2.61
0.69	-0.09	0.28	-6.07	-7.28	6.25	11.90	4.15	-3.20	-3.80	1.05	1.28	-0.93
0.41	-6.53	5.31	3.02	1.14	13.58	12.63	5.24	0.54	-4.45	-3.02	-1.22	-4.62
19.26	-11.35	11.21	-0.69	-0.55	9.57	16.85	0.55	1.35	-7.98	-1.99	3.57	-7.16
21.05	-10.27	8.08	3.96	-2.76	14.00	18.09	-0.10	-0.47	-6.58	-2.27	5.78	-2.87
28.72	-20.15	13.07	6.39	-6.97	16.55	17.74	-2.56	-1.30	-7.04	0.06	4.82	1.14
29.83	-23.92	5.44	11.26	-4.34	10.73	15.68	-0.17	-5.07	-5.56	0.05	4.80	1.14
29.72	-23.03	-7.51	6.04	3.46	8.82	7.33	-6.57	-0.50	-3.57	-1.63	1.22	0.65
25.75	-23.77	-4.88	0.24	9.27	14.46	1.75	-5.94	4.31	1.06	-1.77	3.20	1.62
1.53	-8.41	-3.50	2.53	6.61	13.62	4.89	-3.20	3.42	4.69	-1.56	-1.62	0.70
-4.60	-1.47	-3.63	0.77	1.59	2.17	0.42	-1.49	-2.25	-0.40	1.68	2.48	1.41
15.98	-23.73	3.29	-1.91	4.72	18.46	6.17	-12.08	5.04	6.50	-1.03	2.97	3.35
18.80	-23.82	5.56	1.21	2.94	15.87	8.16	-10.34	2.42	-0.72	-1.73	3.30	2.27
26.32	-31.40	17.36	8.08	-8.12	16.11	12.55	-1.22	1.06	-6.15	1.91	5.24	0.65
16.12	-22.15	16.51	2.74	-9.33	16.67	13.17	-3.33	0.15	-9.30	-1.43	3.53	-1.66
20.95	-21.05	20.93	-3.24	-8.64	17.96	10.55	-1.25	-0.09	-10.38	0.58	3.12	-2.14
17.24	-14.09	20.80	-3.66	-7.52	17.65	11.84	2.49	-0.73	-7.79	-2.47	2.92	-1.17
18.04	-14.39	24.44	-9.11	-6.59	17.10	14.24	5.24	0.89	-8.21	-2.82	2.04	-2.00
19.24	-14.08	24.77	-10.64	-7.25	16.13	11.84	7.33	1.16	-6.14	-3.63	1.45	-1.07
-6.68	0.47	10.56	-2.62	-3.56	12.14	9.61	5.55	4.94	0.70	1.38	-0.77	-5.01
-0.05	0.20	1.88	-0.71	-3.29	-0.20	0.87	2.42	3.63	2.53	1.75	1.51	-1.09
24.26	-4.62	25.42	-7.46	-14.59	3.70	7.84	12.82	4.25	-1.81	4.39	-2.62	-7.82
26.02	-4.42	26.35	-7.29	-16.42	2.49	8.64	14.43	5.66	-0.32	6.75	-3.78	-8.54
25.33	-6.07	29.19	-6.55	-12.36	2.09	8.43	10.75	2.84	1.60	3.96	0.39	-6.16
22.73	-4.36	29.80	-6.80	-14.46	1.25	5.58	9.52	5.02	0.61	8.53	-1.36	-2.84
25.68	-5.25	31.25	-8.48	-15.27	0.32	3.52	9.01	3.87	1.56	7.26	0.08	-1.66
21.70	1.83	24.16	-5.05	-15.37	0.12	2.88	6.73	4.94	4.42	4.64	0.77	-1.58
19.36	3.07	22.16	-2.71	-13.57	2.53	3.08	6.08	3.85	2.38	4.99	1.62	-1.69
29.37	-4.31	28.16	-3.09	-13.76	1.91	2.52	7.10	2.32	0.91	8.23	1.84	0.58
14.49	15.02	14.11	5.66	-8.20	-1.71	2.16	0.31	4.42	5.40	7.55	5.29	-0.14
7.38	12.89	11.70	4.51	-2.85	-0.27	-0.79	2.73	6.10	4.42	4.53	4.22	-0.87
17.71	13.47	14.98	-3.07	-4.38	2.25	-4.12	7.41	4.41	10.67	2.67	7.93	2.74
8.22	7.16	9.87	-1.84	-6.91	1.96	1.49	5.58	10.04	7.12	10.40	5.79	0.62
4.51	4.76	9.55	-0.14	-0.03	4.18	1.20	4.05	7.66	4.08	6.51	3.05	-0.37
0.25	2.09	12.13	5.47	4.46	7.24	0.31	4.37	3.17	3.35	7.69	3.86	0.05
-2.71	1.48	11.31	4.38	5.13	7.70	4.59	4.28	6.77	2.55	0.75	6.82	-0.72
-6.75	-1.30	12.10	5.02	2.50	5.68	2.06	5.94	3.57	0.69	-2.22	2.33	0.82
-6.02	2.59	7.30	4.86	5.45	7.35	3.28	4.94	1.96	-0.95	-1.96	0.51	-2.40
-18.90	3.70	9.04	8.96	9.70	3.06	4.68	9.31	1.20	-5.15	-7.13	-3.82	-5.40
-11.91	4.36	10.99	5.70	0.19	3.73	4.00	3.64	1.10	-2.77	-0.71	-0.50	-2.69
-9.62	4.31	9.66	0.61	2.50	3.51	-0.30	4.14	-2.80	-8.95	-1.54	2.04	-2.23
-3.16	-0.15	17.64	5.89	-0.18	3.55	0.31	7.80	2.68	-5.50	-4.20	0.29	-7.19
-2.07	-3.11	14.21	8.06	2.34	5.99	-2.85	-1.49	-0.44	-7.22	-5.99	0.09	-0.25
2.22	-5.37	18.15	4.87	-1.23	0.99	-4.27	-3.32	-1.08	-8.93	-8.99	-1.32	-3.26
0.05	-3.07	16.26	6.35	-2.09	-0.70	-12.32	-4.59	-4.05	-3.29	-5.47	-2.73	-3.76
-2.53	-7.85	9.80	8.59	-0.74	-0.36	-5.67	-3.10	1.47	-3.16	-1.27	5.85	2.01
4.14	-9.53	12.29	8.83	0.16	-0.76	-9.44	-4.33	0.71	-5.71	-5.69	4.62	-0.41
-1.14	0.34	6.27	-0.01	-1.98	-1.49	-7.73	-3.94	0.93	-2.19	0.56	0.56	-1.92
5.30	-6.72	4.87	3.34	-2.80	-6.61	-9.54	-4.38	1.86	-5.30	-2.53	3.34	-1.26
-3.07	-11.14	8.11	5.91	-5.84	-7.95	-9.83	-2.11	2.46	-1.23	0.08	0.61	-1.83
-0.46	-12.41	9.42	3.37	-5.58	-6.01	-11.11	-5.09	2.40	-3.36	-2.05	-0.36	1.60
1.82	-3.42	7.21	9.20	-3.05	-5.04	-5.50	-3.98	1.19	1.28	-1.05	0.74	1.83
0.88	-9.43	7.73	5.45	-4.16	-3.46	-5.81	-3.35	0.84	-0.53	0.36	1.45	-0.82
0.30	-5.48	10.11	6.76	3.29	-0.02	-4.19	-2.76	1.09	-1.88	-6.64	-0.03	0.09
-2.65	-4.06	7.82	7.86	-0.58	-4.72	-3.89	-1.16	-1.31	-4.46	-2.18	1.12	-0.69
2.49	3.56	6.26	4.21	2.07	1.02	-4.90	-4.38	-0.59	-1.58	-1.20	1.98	3.88
-4.77	-4.35	-3.05	-0.34	-4.36	-7.94	-2.75	2.77	3.29	-1.38	1.54	2.60	-1.06
-12.84	-1.21	6.73	5.38	2.12	-6.78	-4.78	-1.90	-2.54	-3.68	-5.16	-0.77	2.40
-10.63	-1.79	3.49	5.73	5.35	-3.81	-0.94	1.04	-1.30	-1.35	-6.54	-0.49	-1.14
-5.10	-0.43	5.40	6.50	4.99	-1.33	-0.60	4.44	0.55	-2.18	-5.74	0.46	-3.78
-3.88	3.63	8.25	4.16	0.11	-3.15	-4.45	0.27	2.23	-0.35	-1.37	2.17	3.99
3.85	1.09	4.13	7.47	4.88	-1.96	-5.67	2.31	2.52	-1.16	-3.98	0.15	0.93
4.58	2.18	7.53	9.50	4.73	2.25	-3.90	-5.34	0.73	3.52	-3.80	-2.50	0.24
0.25	-23.01	4.40	9.03	-2.77	1.94	2.20	2.85	-0.48	2.49	4.23	-1.44	1.47
-10.42	-4.86	2.31	3.62	-4.78	0.22	2.91	1.27	-0.71	1.47	-0.44	-4.29	-1.03
-6.75	-3.54	3.85	4.43	3.63	-2.71	1.42	-1.35	1.48	0.96	-1.40	2.02	-0.52
-7.97	-8.84	1.44	7.61	6.94	2.07	3.27	2.48	1.41	5.04	3.91	-0.51	3.88
-5.86	-1.82	2.62	4.77	2.94	2.00	0.44	1.55	-0.10	-0.47	0.47	-0.14	5.51
-5.64	-2.75	5.82	7.60	-0.48	0.83	-1.75	-1.99	-2.93	-1.86	-2.92	-0.64	3.84
2.54	3.24	2.91	4.05	0.56	2.86	-0.09	-2.22	-3.55	-3.15	-2.02	-0.19	1.05
-1.26	-0.46	3.26	10.75	4.20	1.73	0.25	-2.56	-1.44	-6.91	-6.33	1.28	1.37
-0.63	3.27	0.64	3.57	3.03	-0.72	-1.99	0.59	-0.51	-1.17	2.66	1.62	3.34
1.11	1.21	5.72	5.68	-2.68	-3.67	-5.03	-2.18	-1.01	2.03	1.80	-0.29	-1.08
8.96	6.98	5.86	2.39	-1.58	2.45	-2.84	-2.03	0.38	-2.00	-0.41	-5.12	-0.19
4.58	4.33	6.05	6.82	1.74	0.63	-1.42	-5.87	-1.18	-3.25	-1.34	-0.84	-3.45
7.54	10.15	4.17	4.28	-3.57	-4.65	-3.88	-4.79	1.37	1.51	-0.89	-3.80	-4.14
7.26	-0.99	13.82	11.83	-10.48	-11.34	1.56	0.46	-2.93	2.41	-2.79	-3.02	1.85
10.80	10.15	6.54	2.94	-2.11	-1.49	-4.82	-5.68	-4.65	1.60	2.28	0.07	-1.20
10.60	11.90	7.00	3.53	-1.42	-3.60	-4.30	-4.78	0.11	1.72	-2.84	-0.20	-1.40
6.80	6.44	6.41	4.46	0.69	-3.11	-1.07	-2.64	-2.05	1.15	2.80	7.33	-0.39
=== END OF SAMPLE ===
Next sample in: 3... 2... 1... GO!
-1.11	1.84	6.15	0.54	-8.52	-5.72	-0.49	-0.35	0.27	-0.13	2.74	5.12	3.14
0.88	3.82	9.03	1.55	-8.73	-8.47	-0.80	0.50	-0.99	-1.21	1.20	1.40	-0.67
3.26	6.42	9.80	5.27	-9.87	-8.17	-0.30	-4.46	-2.83	-0.10	1.04	2.51	0.97
4.54	3.39	9.37	0.45	-11.27	-7.56	-0.86	-1.25	-2.46	-3.89	-1.85	0.95	1.16
6.68	5.17	5.64	-3.83	-12.84	-2.79	1.68	-1.57	-4.03	-2.82	-4.07	0.33	0.91
8.05	4.93	4.54	-2.13	-10.75	-5.42	1.86	3.15	-4.57	-2.38	-3.02	-5.00	-1.68
3.06	3.08	0.62	-1.86	-4.71	0.44	4.52	-1.42	-5.20	-7.46	-4.46	0.02	-0.09
3.18	1.21	2.12	-4.61	-2.39	2.47	1.95	-5.50	-3.85	-5.75	-5.49	-2.34	-2.72
-0.44	-3.56	3.22	1.00	-3.23	0.25	0.32	0.93	-0.94	-0.13	6.35	3.48	-0.17
-4.56	-1.99	5.30	4.54	-2.31	-4.06	-2.81	-4.67	-2.39	0.02	1.23	-0.52	1.07
-2.05	0.58	12.95	10.67	0.64	-2.59	1.85	-2.94	-0.88	-3.19	-2.99	3.24	3.36
-1.69	3.41	12.77	8.38	1.49	2.42	-4.53	-5.22	0.22	-4.68	-2.94	-0.80	0.95
1.52	5.80	12.34	7.86	-1.07	5.28	-1.62	-1.49	0.04	-4.21	-5.08	-1.20	2.27
-0.24	2.84	14.33	7.39	-1.19	4.07	2.80	-0.91	-3.47	-0.85	-1.95	-0.70	0.01
-3.84	6.15	11.52	3.26	-1.78	6.79	3.05	-6.03	0.07	1.01	-1.99	1.76	1.08
-8.45	2.42	6.18	1.21	0.77	4.22	3.74	2.70	-0.13	-0.33	-1.67	-1.59	-0.52
-9.24	-7.51	9.28	6.13	-3.62	5.95	5.85	5.07	5.30	0.74	1.81	-0.59	-0.60
-12.36	-4.98	10.69	5.20	0.86	3.09	2.66	3.09	4.75	1.17	4.43	5.62	0.23
-8.62	-3.22	12.67	10.35	-1.29	-0.78	1.21	1.16	3.91	3.37	4.89	5.10	0.52
-4.61	2.47	13.99	9.09	-3.55	2.00	-0.48	0.56	2.23	-1.62	-1.44	1.08	-0.49
-9.61	-1.77	13.83	7.97	-3.31	3.47	0.70	1.82	7.54	5.70	2.76	4.05	-0.36
-4.92	-4.40	14.30	11.66	-0.83	3.98	0.83	-1.99	2.39	-2.06	1.44	2.64	-3.37
-9.37	-5.94	13.43	8.14	3.10	6.19	3.45	0.59	4.90	-1.82	-4.75	-3.86	-4.01
-3.44	-4.31	14.40	9.09	-2.29	4.18	-0.45	-0.64	4.24	3.67	-3.88	-0.70	-0.71
-4.09	-6.13	9.69	6.25	-4.09	0.01	-2.79	-4.66	-1.56	-1.78	-1.00	4.75	1.09
-11.85	-1.13	4.89	9.34	5.14	1.61	-1.06	0.07	-2.54	-1.36	-2.76	-3.98	-2.30
-14.28	-3.95	11.05	9.66	1.64	4.97	-0.78	-2.17	3.23	2.83	-2.87	-2.94	-3.94
-9.45	-3.92	5.41	9.80	-3.26	3.19	3.50	0.04	2.10	2.11	2.58	0.81	-0.92
-6.91	3.30	10.89	7.25	-0.54	8.48	1.74	-4.33	-4.17	-0.67	3.62	2.66	-0.25
-3.48	0.05	10.29	10.04	-0.49	6.16	2.68	-2.62	0.67	-0.57	4.13	2.21	-5.44
-4.64	-2.52	7.61	9.92	-5.46	2.05	2.06	-1.89	3.51	0.85	4.82	5.68	-2.06
-10.48	1.37	11.20	9.55	-3.01	2.79	0.60	-1.70	4.42	-1.97	2.60	-0.13	2.49
-7.71	1.04	5.27	2.91	-3.33	2.29	-0.43	-2.93	1.65	-0.75	-0.98	2.17	1.64
-9.76	1.98	2.52	1.57	-0.32	0.98	2.15	0.97	1.45	0.73	1.04	0.18	-0.57
-10.34	7.29	17.69	8.97	-7.12	-1.82	2.89	-3.44	-2.77	-1.17	2.41	1.63	3.77
-10.02	1.13	15.82	6.37	-8.77	1.16	1.11	-1.32	-1.98	-0.99	-0.43	1.60	3.82
-11.25	3.78	15.60	3.20	-7.38	2.85	7.00	-1.52	-1.24	0.39	2.22	0.70	0.67
-17.69	-5.23	5.90	0.88	-5.24	4.44	6.87	1.29	1.16	3.25	10.67	6.37	2.99
-15.35	-3.13	14.57	4.85	-1.56	6.38	7.44	-3.35	-1.51	-3.44	4.78	5.38	2.70
-18.17	-2.00	10.04	11.29	-0.06	4.71	5.39	-2.51	3.41	3.37	3.45	3.79	4.25
-30.80	8.59	7.45	8.82	-4.86	4.42	5.01	-2.82	5.76	0.96	5.41	1.82	1.31
-15.69	-3.31	14.59	5.42	-0.26	5.88	8.80	-1.56	2.74	-1.76	2.52	3.03	-0.71
-10.38	1.14	11.07	-1.03	1.38	4.62	-0.18	-0.64	3.88	1.36	2.14	1.45	-1.10
-18.97	1.33	17.76	3.32	-1.15	-3.39	-1.07	2.19	5.77	-2.23	2.21	5.49	-2.99
-19.32	-2.58	14.30	6.91	-3.96	-1.79	5.93	-3.36	2.36	1.98	-0.80	2.10	-0.31
-20.44	-4.52	6.85	6.75	3.35	5.52	1.15	0.62	1.47	1.15	-0.02	4.44	1.12
-20.76	-8.33	8.78	7.83	5.68	5.75	4.33	-3.13	1.67	-0.79	-1.14	2.48	1.07
-16.85	-6.16	5.82	2.40	0.95	8.76	2.82	0.68	-0.18	1.40	1.60	1.53	1.55
-22.71	-1.68	10.04	6.14	3.52	7.12	4.58	1.37	0.51	0.46	1.79	1.29	-0.87
-20.80	1.29	13.81	7.48	0.57	1.22	5.66	3.38	-0.91	-3.50	0.41	2.52	0.24
-21.22	-2.15	11.87	11.28	-2.04	3.97	7.97	2.45	3.65	-0.13	0.90	4.43	-0.70
-8.44	-6.22	11.20	9.31	6.71	7.40	7.38	3.66	2.87	-1.31	-2.54	3.47	1.30
3.84	2.98	4.23	6.12	4.34	1.40	3.75	3.73	3.06	1.82	3.35	3.81	4.17
-1.76	-3.40	3.86	6.64	4.71	7.88	6.29	2.14	3.09	-1.58	-2.37	-1.29	0.23
-2.23	-4.42	8.80	7.24	1.11	4.68	5.20	3.84	2.06	-5.50	0.84	4.53	3.73
-1.18	-3.07	1.86	4.06	-3.23	5.18	6.53	4.62	1.87	-2.82	-0.21	5.28	2.40
-6.01	-3.28	3.72	4.91	-2.68	1.22	6.93	6.88	2.71	-2.19	-0.17	3.45	3.34
-7.23	-1.98	6.03	2.70	-1.03	5.07	10.99	-1.06	-4.03	-0.75	3.85	4.93	2.81
-11.15	-0.57	3.77	5.32	-0.76	5.82	6.35	-4.96	-0.80	-1.37	-0.56	3.81	1.72
-11.98	-4.56	7.76	5.83	0.30	7.73	5.22	-1.41	-2.40	-0.45	5.07	3.80	1.02
-11.56	-2.03	5.36	6.74	-0.39	3.33	3.91	2.82	2.57	-1.47	3.64	5.98	0.80
-17.41	-10.24	2.58	6.77	0.80	1.04	6.44	-0.97	1.88	2.43	-0.05	1.18	-0.19
-2.43	-18.52	6.33	16.00	2.46	-1.05	4.34	3.97	-2.85	-3.57	1.32	0.45	-1.18
-19.80	-19.82	7.21	20.27	9.14	5.54	5.52	1.81	-1.34	1.25	2.79	0.01	-3.98
11.11	-33.01	8.98	20.56	9.57	3.89	4.11	6.89	-2.64	-0.93	10.85	1.59	-11.64
7.51	-27.34	5.47	18.69	8.00	4.77	-0.63	6.80	-1.01	-3.93	12.06	4.48	-10.97
6.97	-24.24	3.86	18.32	8.17	3.75	-1.25	8.61	0.55	-8.42	11.13	5.90	-9.32
9.94	-21.66	2.71	17.85	6.77	6.80	-2.60	8.54	1.64	-8.32	8.63	6.03	-5.68
13.00	-18.33	8.52	13.63	6.50	7.01	4.89	0.38	-2.52	-2.40	3.56	2.76	-1.09
10.91	-12.04	7.97	10.56	0.95	18.45	-3.27	1.63	-2.81	-4.33	-1.93	3.98	-1.54
13.69	-8.41	4.81	7.78	-1.60	18.87	-1.00	3.61	-4.85	-5.03	-5.69	7.19	0.40
18.13	-6.73	4.55	7.17	-5.43	19.08	-1.72	6.54	-1.34	-7.40	-6.26	5.29	3.01
4.85	1.75	0.82	3.03	4.16	8.62	5.00	6.39	4.59	-3.33	-3.76	0.56	-1.48
5.25	7.08	6.86	0.81	0.47	5.00	3.96	7.15	5.50	-3.81	-1.84	3.98	-0.99
22.35	4.00	19.01	-1.50	-9.15	1.79	4.31	8.44	6.90	-3.29	-6.87	5.25	-3.43
9.48	11.36	14.58	-4.30	-6.06	2.58	0.23	3.98	5.18	-4.18	-1.31	-4.08	-1.25
16.32	14.60	7.13	-3.01	-5.74	-2.50	-0.74	0.57	7.42	-2.82	-1.25	-6.95	2.60
15.89	15.32	10.60	-5.92	-5.25	-2.33	1.57	3.70	8.89	0.75	0.37	-1.27	3.14
-1.00	-0.48	8.83	9.16	9.97	-11.43	2.13	8.38	6.58	-1.69	-0.78	-1.61	6.96
7.59	8.94	4.67	4.42	0.95	1.17	2.95	5.55	5.65	3.52	2.51	1.86	2.20
-9.34	1.89	1.04	1.75	0.92	0.55	-0.08	-0.49	-0.59	-0.92	-0.84	-0.66	-1.31
-6.76	2.89	1.03	1.78	0.56	0.71	0.60	1.11	0.89	0.68	0.14	0.37	-0.40
-8.02	0.38	9.75	3.83	-4.25	5.23	3.52	-1.06	0.83	-1.21	1.24	0.92	-0.52
-11.38	-3.66	3.50	2.12	-3.63	0.92	3.56	-0.71	-1.41	1.33	2.10	-0.09	0.54
-9.04	-1.75	5.44	3.72	-2.64	1.60	3.79	0.58	-1.67	-0.99	0.01	-0.25	-0.70
-10.13	-0.70	4.60	3.40	-1.54	2.27	3.44	1.10	-0.44	0.63	0.96	0.53	-0.23
-10.86	-1.35	1.12	1.66	-0.97	1.66	1.92	0.64	0.34	0.52	0.65	0.35	-0.18
-10.64	-0.65	1.37	2.17	-0.86	1.06	2.51	1.06	-0.24	0.82	1.58	0.16	-0.21
-11.82	-0.79	-0.53	-0.09	-1.30	-0.03	-0.41	-0.45	-0.79	-1.21	-0.44	-0.53	-1.53
-11.71	-1.33	-0.18	-0.09	-1.60	0.25	-0.27	-0.12	0.21	-1.27	-0.73	0.11	-1.25
-11.51	0.96	-0.06	-0.04	-0.06	1.22	0.45	0.33	0.21	-0.12	-0.97	-1.43	-1.44
-11.22	-0.52	-0.96	0.11	-1.74	-0.07	0.40	0.10	-0.50	0.12	1.01	-0.17	-0.14
-9.54	0.99	0.32	1.65	0.35	1.04	1.03	0.68	0.25	0.03	-0.30	-0.55	-1.31
-10.58	-0.04	-0.70	0.60	-0.52	0.13	0.15	-0.16	-0.11	-0.20	-0.69	-1.06	-1.55
-8.95	0.54	0.43	1.89	-0.05	-0.13	-0.15	-0.06	-0.37	-0.61	-1.02	-1.20	-1.27
-9.54	-0.13	-0.02	1.91	0.68	0.53	0.52	0.86	-0.37	-0.83	-0.64	-0.65	-1.48
-8.06	0.55	0.15	1.95	-0.39	-1.48	-2.31	-2.12	-1.89	-1.16	-0.70	-0.82	-0.78
-6.46	-0.33	-0.66	2.51	-0.31	-2.53	-2.29	-0.82	-0.72	-0.54	0.27	1.08	1.31
-8.60	1.79	0.32	2.62	2.07	1.30	1.26	1.79	0.32	0.12	1.02	2.19	1.55
-4.39	4.48	2.08	3.55	2.16	1.41	-0.63	-2.33	-1.63	-1.56	-1.97	-1.98	-0.16
-2.76	-0.67	1.32	4.86	0.20	-3.41	-4.92	-2.44	-0.04	-0.14	-1.88	-2.27	0.77
-6.51	-4.56	2.61	5.55	-2.14	-4.43	-1.62	2.13	-0.81	-2.72	-1.33	-2.28	-1.03
-0.69	-5.40	0.89	5.21	0.80	-2.09	-5.32	-2.62	1.57	1.55	-1.58	-4.25	0.45
-0.16	-4.07	1.45	3.91	-1.95	-5.72	-7.38	-2.89	0.04	2.73	3.03	-1.79	0.60
1.98	-2.82	1.32	2.49	-5.38	-10.23	-11.55	-6.05	-2.21	-1.12	-1.05	-2.25	2.68
2.88	-0.09	8.89	2.48	-5.15	-8.72	-10.02	-2.99	-4.80	-3.38	1.89	-1.40	3.05
-8.18	1.18	1.27	-1.06	-2.45	-2.24	-1.86	0.56	-0.48	1.68	4.04	1.86	2.02
-9.06	-1.79	-3.83	-2.70	-3.55	-4.59	-6.59	-0.64	-2.14	-2.50	0.44	2.07	0.81
-0.17	-4.75	5.32	1.85	-4.53	-12.26	-14.57	-0.98	-8.29	-0.41	-2.38	-7.33	-3.17
-0.24	-2.27	9.82	7.36	4.40	-1.47	-9.78	1.75	-2.21	-3.53	-2.44	-6.11	-2.71
0.08	-1.38	8.31	7.14	3.83	-1.60	-8.28	0.55	-2.69	-4.90	-4.42	-9.33	-5.52
-0.95	-1.17	4.96	2.36	-3.53	-8.02	-10.40	-0.93	-2.61	-1.11	-0.52	-3.96	-2.64
-0.98	2.20	9.22	7.32	-2.25	-7.89	-8.77	-0.90	-0.15	-3.58	1.56	3.66	-0.24
-9.39	-0.96	7.67	4.99	1.05	-5.29	-8.49	1.97	-4.02	-1.64	-0.40	-3.68	-0.24
-11.32	-1.51	-0.50	-1.70	-4.61	-1.63	-2.30	-0.64	0.74	2.45	0.25	1.10	1.82
-7.65	3.84	1.83	5.35	2.90	-5.03	-7.63	-2.75	2.75	-2.87	-0.77	-1.26	-0.79
-10.52	-2.64	2.72	3.86	1.76	-6.90	-9.09	-4.15	-2.08	1.92	0.80	0.20	-1.37
-3.61	1.41	3.54	-1.34	-3.40	-2.49	-4.47	-3.37	-3.47	-3.76	-3.21	-2.02	0.28
-3.22	-2.82	1.71	4.04	1.05	-4.95	-3.05	-0.72	-2.08	-3.47	0.57	-6.55	-4.32
1.18	0.22	4.87	4.38	0.78	-2.42	-3.27	0.05	0.83	-2.03	-2.22	-2.15	0.95
5.84	-0.16	3.57	5.18	0.71	1.17	-3.66	-2.34	-2.57	-4.17	-3.38	-1.43	4.49
-2.12	-3.69	4.87	10.00	0.91	-5.12	-6.67	-2.82	-1.59	-0.65	-0.63	-1.12	5.84
-11.75	-3.25	-0.37	4.75	2.31	-0.31	-2.13	-0.37	1.67	1.63	-1.64	0.42	2.64
-9.38	3.96	6.45	7.45	2.40	0.39	1.17	0.01	0.51	-2.20	-5.57	-3.96	-0.85
1.58	5.40	4.38	3.56	-1.03	1.64	-0.11	0.64	-1.26	-2.65	-0.25	-0.53	2.91
=== END OF SAMPLE ===
Next sample in: 3... 2... 1... GO!
12.03	6.77	-3.58	-6.83	-8.68	-2.10	1.16	4.32	-0.95	-1.39	0.17	2.98	3.90
16.99	4.39	-6.36	-10.72	-8.20	-2.29	-2.82	1.81	4.52	-0.07	0.06	3.96	5.85
20.06	8.01	0.70	-6.26	-6.33	-2.32	-1.88	-3.28	-4.77	-1.22	0.71	4.88	4.77
20.14	3.12	-0.27	1.07	-5.69	-2.18	-2.22	-4.28	-4.90	-3.43	5.78	7.45	3.40
18.61	9.01	-1.62	-6.05	-7.56	-4.80	-0.73	-2.50	-3.73	-4.77	-0.13	0.06	0.40
17.24	10.67	-5.28	-7.82	-6.62	-3.78	-0.61	0.24	0.12	0.23	-0.74	-2.30	1.53
16.01	2.61	-2.94	-7.73	-8.54	-2.54	2.04	-0.83	1.09	-0.98	-2.80	-1.66	2.04
14.76	10.61	3.20	-9.96	-12.59	0.02	3.33	1.92	-2.78	0.21	-3.07	-4.04	-0.23
2.99	7.36	-0.31	-2.81	-10.30	-6.32	-5.19	1.35	1.70	-1.71	-4.16	-3.30	1.70
4.94	7.49	1.84	-8.63	-5.85	-0.50	0.35	-5.34	-6.66	-0.27	-1.45	1.93	-0.17
11.98	8.94	1.10	0.52	-5.46	-3.49	-3.86	-1.84	0.28	2.28	-2.43	-0.55	1.03
9.66	10.05	3.51	0.80	-11.62	-4.94	-0.79	-3.87	0.26	1.92	-3.18	0.86	4.28
2.06	5.65	3.91	-4.09	-6.09	-3.95	-4.34	-3.85	3.94	0.50	-1.91	-0.40	3.62
-2.99	-0.56	1.94	-3.69	-1.83	-1.76	-3.10	0.02	3.51	-2.56	-1.96	-1.95	0.99
-3.11	0.69	3.23	-2.79	-0.54	-3.11	-4.72	-5.80	-4.53	-4.87	-1.63	-2.07	1.79
-6.48	1.92	12.11	1.27	-2.92	-1.92	-1.83	-2.17	-2.86	-0.35	1.60	3.39	5.72
-4.36	3.29	-0.27	-1.68	-6.00	4.87	0.89	2.58	0.01	-0.02	-4.99	0.14	0.19
-3.71	6.50	1.74	-1.22	0.07	4.25	3.78	-0.93	-0.64	-2.61	-3.84	-3.00	-0.09
2.32	6.05	2.36	4.00	-2.44	3.77	2.99	1.06	4.08	2.58	-2.89	-3.47	4.18
-0.90	1.42	3.41	2.57	-1.88	-1.08	6.21	5.13	2.43	0.86	1.23	1.53	-0.30
2.41	3.71	2.22	13.13	3.73	-2.22	6.16	0.53	-4.86	-5.85	0.48	1.29	5.19
1.42	0.48	6.25	14.13	-2.95	2.32	6.57	2.81	-1.92	-4.58	2.82	-2.44	1.97
9.06	-0.92	2.84	8.56	0.97	3.82	6.56	4.44	-3.03	-2.21	1.18	-2.14	1.59
8.04	2.52	-1.83	3.59	0.14	4.91	6.96	-0.07	-4.75	-0.14	0.81	-1.27	2.45
4.54	-2.30	-1.09	-1.79	-6.87	2.83	2.64	-0.73	-0.45	-1.35	0.43	1.69	1.64
5.54	-4.31	5.39	5.73	-4.19	3.55	5.56	5.17	-3.57	-0.77	-3.33	-4.34	-2.48
-11.67	-2.12	4.56	8.26	4.30	1.73	3.43	4.97	-1.71	-1.05	1.17	1.45	-1.80
-10.46	1.69	3.13	0.65	-2.88	-1.52	5.31	4.57	1.27	2.47	0.09	-0.79	-1.04
-12.94	7.48	1.15	0.65	7.55	3.32	6.52	4.01	-5.35	1.08	1.93	3.50	0.17
-14.84	6.90	0.39	-2.24	2.26	0.70	-0.57	-0.47	-2.78	-0.95	3.29	1.96	-1.05
-10.13	8.20	5.37	-1.13	3.03	0.64	3.11	-0.43	-3.25	4.60	-3.24	-1.32	-0.71
-12.27	9.96	4.74	-1.65	-2.68	-3.25	2.85	1.24	0.76	2.05	2.11	0.32	2.23
-14.28	10.20	0.51	0.08	2.76	0.57	-1.70	0.85	2.00	0.41	1.75	6.52	6.77
-6.06	1.53	-1.66	10.14	8.10	-5.23	-0.52	4.37	1.55	-1.53	3.79	4.02	0.33
-4.56	6.50	0.66	1.95	4.21	-5.03	3.17	6.34	-0.74	1.49	1.90	3.39	1.84
-2.52	11.20	-1.82	-1.66	1.09	2.72	5.82	3.92	3.76	1.72	0.45	1.73	4.63
4.58	13.82	3.25	-1.59	-0.94	4.09	3.97	0.98	-0.31	-1.27	2.64	7.76	3.88
9.62	11.86	-0.66	1.99	0.09	-1.02	2.77	1.64	0.07	-2.71	-3.35	3.77	3.26
-7.16	2.77	1.60	2.56	1.56	2.64	3.54	4.37	3.22	3.15	2.00	0.89	-1.46
-10.31	1.30	-0.57	1.27	0.65	1.92	3.35	3.21	4.24	2.88	3.51	3.25	1.80
3.20	5.62	0.89	0.88	1.65	0.53	-0.68	-1.23	3.04	3.85	2.21	4.97	3.09
3.66	6.94	2.65	2.41	2.63	3.83	2.47	0.55	-1.22	2.52	4.79	2.21	1.27
4.23	6.86	2.58	7.17	2.74	4.03	2.63	-3.25	-0.24	1.80	3.15	2.90	3.38
5.47	4.55	-0.63	3.56	3.37	6.37	4.34	-1.48	-0.22	1.64	4.32	3.67	2.61
7.45	5.25	1.18	2.74	4.42	3.70	-0.07	-3.01	-4.03	0.67	2.93	7.53	4.20
-9.00	4.34	7.40	5.10	4.03	2.29	2.20	-1.93	0.38	2.13	6.31	4.85	1.20
-18.72	-10.69	3.24	10.70	11.13	3.68	1.39	1.00	4.07	2.35	6.92	2.88	-1.77
-0.79	-22.40	13.91	11.45	12.78	0.79	-1.78	3.12	3.58	2.00	8.36	0.72	-6.01
-2.36	-19.28	15.36	13.22	9.97	6.03	-3.11	1.14	6.48	-1.86	7.29	1.29	-6.40
-2.67	-14.46	18.63	8.55	6.24	6.66	-1.58	1.75	4.97	6.35	1.78	1.70	-4.06
-7.53	-1.73	5.03	3.02	-2.24	2.31	0.73	-0.76	2.65	0.67	-1.28	1.01	-0.02
-13.40	-0.24	6.01	-0.05	3.48	7.87	-3.48	-1.01	7.30	4.29	0.63	0.42	0.92
-9.88	-15.97	22.87	7.12	1.85	10.31	-0.69	-6.66	7.35	6.62	8.31	1.63	-0.27
-15.91	-15.18	23.87	7.14	0.15	11.13	0.42	-2.80	5.32	4.93	5.52	1.88	-1.80
-15.09	-15.63	21.30	7.91	4.86	2.93	0.85	2.42	3.36	-1.79	5.00	4.14	3.53
-8.84	-21.59	25.51	18.21	1.59	11.37	-3.22	3.78	7.46	-4.16	0.49	-3.71	-3.20
-3.95	-21.17	23.98	18.68	0.55	9.79	-4.52	3.62	8.11	-4.86	0.76	-2.31	-1.88
-5.19	-19.68	24.21	18.82	0.44	7.15	-5.09	3.38	7.36	-1.32	0.25	-0.43	0.81
-4.51	-22.23	22.60	21.59	1.43	5.18	-4.70	5.27	5.92	-0.40	0.83	-0.27	1.43
-2.23	-23.76	19.22	25.67	0.87	10.43	-6.60	7.50	5.64	-3.21	0.45	-3.43	1.31
6.59	-18.18	7.30	15.82	-0.88	5.31	-6.23	2.36	3.33	1.49	2.52	1.93	-0.08
-4.44	-6.36	3.12	9.29	5.08	1.37	-0.39	3.25	5.56	2.07	0.01	1.66	1.61
1.00	-19.10	8.98	23.64	1.34	8.53	-4.40	3.48	4.73	3.33	3.05	0.41	2.02
0.13	-16.78	12.71	20.80	4.52	13.94	-9.20	2.82	2.05	2.86	3.61	1.24	-2.12
-1.52	-18.70	9.07	17.21	6.99	11.92	-3.42	6.28	1.99	4.70	6.78	3.17	1.63
5.05	-16.49	8.87	18.45	7.47	13.33	-4.07	5.00	2.96	1.68	5.13	2.62	-0.20
6.96	-14.67	9.57	17.33	8.15	13.65	-1.73	0.65	1.67	-0.51	2.94	1.06	-1.91
3.80	-8.04	8.36	17.85	8.32	14.67	-4.36	-4.43	-1.13	1.22	0.61	4.72	0.01
5.23	-4.89	4.55	13.18	3.97	12.21	-2.34	0.28	0.61	-0.51	2.13	3.33	-0.82
9.68	-5.43	5.24	8.17	6.76	12.37	0.92	4.82	1.53	-3.13	1.62	0.99	-2.45
-7.50	1.79	-0.85	-0.26	-0.15	1.72	0.34	-0.57	-0.67	-0.33	0.56	0.32	-0.66
-9.44	0.89	-0.21	-0.04	-0.77	0.37	-0.43	-0.71	-0.62	-0.17	-0.25	-0.19	-0.74
11.73	3.39	1.42	3.38	-0.64	0.41	0.48	1.82	-1.54	-3.48	-2.87	-1.70	-4.05
4.37	1.75	5.08	1.67	-0.55	-3.69	1.05	4.00	1.20	-6.30	-5.65	-3.86	-5.80
3.61	8.74	6.51	0.22	2.79	1.76	5.63	5.24	4.26	-0.91	-1.83	-0.78	-1.39
4.35	12.08	10.00	3.94	0.86	-0.13	5.76	6.68	2.19	-1.68	2.55	-0.99	1.48
-1.94	5.66	6.79	4.13	-0.19	-1.61	1.01	-0.23	-0.03	-1.67	-1.43	-0.98	-0.75
-1.58	5.25	11.31	7.19	0.26	-1.17	-0.35	-0.75	0.34	-2.75	-0.83	-1.60	1.41
-7.31	0.04	0.15	0.77	-3.97	-5.06	-2.20	0.19	-1.72	-0.89	0.51	-0.49	-1.47
-5.79	0.74	1.78	0.84	-1.78	-1.16	-0.31	0.61	-0.29	-3.13	-3.60	-0.35	-1.30
-2.00	-0.63	1.95	3.89	1.32	2.79	5.01	0.97	-2.82	-3.95	-2.05	0.04	0.36
-1.94	-4.02	-1.79	0.16	-0.27	6.18	5.00	-2.37	-5.80	-3.84	-1.71	0.60	1.52
-1.63	-4.27	3.32	4.12	-1.01	6.25	5.28	-5.84	-8.19	-2.18	0.14	-0.78	-2.09
-1.55	-7.11	0.92	6.61	1.81	5.59	6.08	-3.88	-7.44	-1.25	-0.20	-2.78	-2.58
-6.02	-10.80	-3.03	3.53	2.11	2.65	2.73	-0.40	-1.77	2.17	0.46	-2.36	-2.21
-5.13	-12.18	-0.37	3.36	-1.95	3.88	4.49	-1.83	-0.64	5.29	-0.34	-4.26	-0.57
-9.91	-4.74	-0.51	-0.38	1.41	5.18	0.31	-1.37	0.37	1.01	2.09	1.96	2.23
0.95	-6.25	4.28	1.55	-2.33	4.13	-1.19	-7.52	-4.78	2.06	1.43	-3.14	-3.16
2.84	-2.40	3.49	-0.64	-2.17	2.28	-4.99	-7.28	-2.39	1.51	0.99	-0.18	-1.83
2.22	-3.35	4.66	-0.06	-2.76	2.30	-1.25	-3.34	-3.22	0.36	0.54	-2.99	0.28
-2.09	-4.52	1.42	3.68	2.77	4.73	-0.58	-4.88	-2.31	1.10	0.30	-2.73	-3.31
-3.39	-1.08	0.24	1.29	0.89	1.39	-2.12	-3.57	-1.94	0.16	1.66	-0.16	-0.91
-0.04	-0.22	1.84	2.71	-0.77	-1.88	-3.46	-2.17	-0.00	1.54	1.20	0.87	3.65
-1.96	-1.22	0.05	0.67	-0.55	-0.45	-4.43	-4.45	1.27	3.52	0.26	-0.46	0.55
-11.55	0.99	0.17	-2.02	-2.87	-0.12	-1.46	-2.94	-1.72	-0.69	-0.66	0.97	-0.48
-10.88	-1.87	-1.00	-0.11	-3.55	-1.34	1.58	1.92	-0.25	-0.74	0.25	-0.08	-0.42
-9.18	-5.78	13.93	6.15	0.16	6.41	0.94	2.13	1.44	-2.61	2.36	-0.90	-3.21
-11.62	-10.37	6.61	-0.50	-5.27	-0.05	-0.39	2.17	-0.70	-0.09	0.49	-3.64	-3.31
-8.08	-8.91	6.93	-2.54	-3.32	2.90	-3.17	3.52	-0.59	1.15	4.58	-3.74	-4.16
-11.69	-8.67	2.81	-5.02	-1.57	7.48	-3.45	0.72	2.11	-2.22	4.02	0.26	-4.84
-10.25	-4.84	3.70	-0.93	-4.17	2.38	0.33	-1.04	-2.09	-1.91	2.41	-2.36	1.19
-8.23	-2.40	3.90	-0.02	-3.73	1.65	2.15	5.51	2.51	-1.77	4.36	0.08	-3.78
-11.60	-2.33	-1.82	-2.11	0.74	2.37	3.39	0.81	-0.59	-0.23	-0.89	-0.48	-0.75
-14.47	-1.82	-4.47	-0.08	1.86	0.13	2.36	2.08	4.12	2.68	-0.66	0.69	1.94
-18.12	-0.58	-3.52	-3.12	-0.88	4.56	1.15	5.38	1.50	2.26	1.12	-2.74	3.14
-17.08	3.08	-5.01	-3.73	1.79	0.44	-1.22	3.41	3.28	1.06	-0.52	-2.10	-0.55
-21.26	1.19	-4.34	-4.83	3.26	5.89	-1.81	3.25	1.79	-0.90	-0.52	-4.70	-3.21
-21.62	0.69	-3.64	-1.90	1.25	4.04	-1.38	0.22	1.46	-0.93	-2.10	-0.17	-0.01
-21.39	4.12	-0.96	-1.81	-0.89	3.94	-0.93	-2.40	-4.07	-5.80	0.46	-0.71	-2.16
-23.52	3.30	1.42	-2.45	-2.98	0.42	-4.30	-0.25	2.32	-2.03	-0.61	-0.43	-3.10
-16.75	2.89	-0.44	-4.32	-1.99	2.17	-0.32	-1.32	-0.63	-0.69	0.06	-2.13	-2.34
-15.77	3.27	-0.08	-1.56	-3.61	2.81	-0.62	0.38	-1.10	-0.36	0.32	0.86	-2.76
-17.61	-0.15	-0.44	-1.92	-0.96	-0.02	-2.73	0.75	-0.15	-1.60	0.15	-0.84	-3.54
-14.93	0.34	-0.65	0.78	0.51	3.73	0.05	1.89	1.77	0.40	1.10	2.46	-0.46
-14.77	-0.16	2.46	0.71	0.77	5.13	-0.51	0.96	1.08	0.41	2.00	3.25	0.66
-8.79	4.56	6.36	5.32	4.03	5.72	1.17	2.95	0.81	-1.73	-0.07	-0.37	-2.33
-6.32	2.77	5.66	5.20	2.99	5.59	0.18	0.86	-1.49	-4.30	-1.38	0.78	-2.71
-5.52	4.04	3.16	4.97	-0.14	0.66	-0.39	0.50	-1.69	-2.93	-2.00	-1.87	-2.03
-5.48	2.23	4.29	3.18	-0.43	0.90	0.80	0.88	0.22	-2.24	0.48	-0.01	-1.36
-9.24	-1.46	1.39	3.87	1.46	2.69	3.70	1.27	0.99	0.25	0.71	1.08	-2.13
-3.95	2.30	10.25	5.49	-4.28	-0.04	2.50	0.36	-0.39	0.42	-1.01	-2.38	-1.48
-4.81	-2.13	3.25	2.60	-4.11	1.88	3.69	-1.12	-0.85	0.74	-0.58	-2.81	-2.16
-1.43	0.07	7.04	6.98	-0.04	2.48	2.01	-1.79	0.54	-0.11	-4.00	-4.08	-5.12
-1.01	2.74	8.43	7.03	-3.50	2.63	5.46	1.11	-0.69	-1.05	-3.80	-5.66	-4.27
-1.61	-2.09	4.84	6.29	-0.94	5.34	8.25	2.95	-0.45	-2.81	-3.99	-5.57	-5.92
=== END OF SAMPLE ===
Next sample in: 3... 2... 1... GO!
-6.10	-1.93	5.75	11.46	7.15	-1.33	-7.65	3.45	3.49	-1.41	-0.77	0.41	0.82
-12.80	-8.24	-0.49	-1.84	2.84	4.71	-2.97	-1.48	2.85	2.98	4.14	0.99	0.86
-6.49	0.21	6.03	1.06	5.49	4.61	-2.05	-1.58	-1.06	-3.37	-4.63	-4.38	-1.58
-11.68	-4.78	6.73	3.52	-0.46	6.90	-1.63	3.54	2.73	-3.22	4.10	-1.09	2.51
-17.46	-10.36	8.06	3.05	5.13	9.86	4.06	2.06	2.45	-2.06	2.02	-1.26	-0.38
-5.72	-0.74	7.47	5.80	-1.57	3.69	8.05	4.94	4.16	-0.90	-1.26	1.34	-0.99
-5.14	-1.17	4.48	6.68	0.21	-0.75	1.05	3.00	0.48	-3.18	-2.76	1.40	-3.61
-7.81	-3.12	4.46	13.95	3.85	1.52	1.05	-1.08	2.39	-7.86	-6.28	-1.12	-2.86
-7.16	-1.39	1.78	11.58	5.47	4.41	6.78	2.95	0.89	-2.31	1.61	1.22	0.89
-12.17	-8.22	3.78	5.31	1.36	6.84	2.87	3.97	0.73	-1.89	-1.35	0.11	3.52
-9.17	-5.50	5.55	5.61	0.92	3.93	2.15	4.43	-1.67	-3.27	-1.44	0.67	0.57
-4.14	-2.28	4.77	4.83	-0.19	2.87	3.93	1.23	-0.64	-4.13	-0.95	0.37	-0.31
-6.57	-3.52	3.70	3.82	-0.05	-0.96	1.19	1.59	-0.17	-1.63	-2.21	-5.62	-4.02
-6.77	-5.48	2.59	8.02	3.35	4.64	6.55	2.89	-2.17	-3.02	-2.77	-2.89	-4.60
-9.16	-5.18	-1.31	2.33	-0.60	2.65	-0.52	-2.44	2.43	3.30	4.24	1.15	-0.61
-8.13	-4.82	2.77	7.01	5.06	1.34	-0.19	-4.06	0.88	-0.01	-3.66	-5.61	1.17
-8.23	-6.07	2.42	5.65	-1.09	0.53	-0.87	3.98	4.32	-3.16	-5.62	-2.72	1.85
-5.07	-4.24	9.45	4.54	-2.04	2.63	1.11	-2.65	-2.72	-7.34	-6.01	-4.33	-2.87
-3.20	-5.18	9.34	10.01	5.77	9.53	0.98	-0.55	0.58	-1.96	-3.37	-8.35	-3.88
3.32	-2.19	5.75	9.74	-2.09	4.74	-1.81	-0.74	4.52	-0.81	-2.74	-5.65	-1.06
0.13	-4.35	6.82	10.99	1.97	-0.12	-1.93	-2.40	-2.45	-4.55	0.23	-1.52	0.33
3.20	-4.15	7.94	11.70	-0.49	0.03	-4.73	-6.15	-9.15	-6.49	-2.69	-7.64	-3.37
-3.17	-3.33	-2.39	3.59	-0.00	-5.83	-6.66	-5.40	-3.22	-3.08	-1.44	-0.43	-1.24
-0.32	-4.27	3.56	6.93	3.98	-0.63	-8.44	-2.61	-1.28	-4.26	-1.57	-5.19	-3.72
-1.60	-11.07	0.92	10.74	1.16	-8.18	-6.39	-8.13	-0.53	-2.07	4.19	-1.03	-0.13
5.08	-8.53	6.34	10.39	0.27	-4.76	-12.10	-5.18	-9.47	-8.01	1.06	-2.12	0.41
14.01	-7.71	4.72	9.05	5.37	3.43	-6.53	-5.52	-6.09	-6.18	-0.36	-3.23	-2.77
10.16	-10.89	-0.85	5.23	2.74	1.88	-7.53	-5.11	-11.95	-9.20	0.53	-3.76	-2.81
12.56	-6.69	2.88	5.05	1.60	0.19	-5.35	-2.77	-10.13	-11.54	-1.40	-1.28	-1.95
11.25	-6.20	5.55	9.11	0.04	-0.06	-8.31	-1.07	-6.72	-11.15	-4.34	-4.25	-3.28
2.02	3.05	1.22	4.78	-6.30	-6.32	-1.98	-1.87	-0.56	-4.50	-6.61	-0.39	1.98
5.68	2.56	1.66	0.39	-2.01	1.26	-5.69	-3.61	-5.06	-1.79	0.84	0.68	-1.93
12.15	-2.72	0.64	1.98	-4.36	-2.58	-2.95	-0.79	-5.10	-4.41	-3.85	-2.47	-4.47
4.31	0.01	2.84	6.45	-1.72	-3.13	-6.53	-4.56	-3.50	-1.17	1.20	-3.09	1.54
5.00	1.00	2.17	1.37	-2.83	1.51	-0.80	-0.89	0.80	1.81	3.56	1.05	-0.38
0.12	0.91	0.38	8.23	1.08	0.83	0.72	-4.08	-2.83	1.46	2.14	0.14	-2.21
6.49	-0.66	-0.60	5.46	3.07	0.82	-0.43	-1.74	-3.45	-0.51	-2.26	-1.53	0.91
1.65	0.58	2.73	5.75	-3.03	-4.99	-4.36	-5.28	-3.20	-3.48	-6.27	-5.52	-4.15
-13.82	-4.99	-5.27	-1.72	-1.19	0.24	1.10	1.38	1.60	2.66	2.46	1.48	2.22
-5.79	2.88	-0.94	3.51	2.60	-0.31	0.35	2.15	2.95	1.20	-0.32	-1.64	-2.25
1.92	4.16	2.69	11.99	6.89	0.99	4.30	5.97	2.49	2.27	1.60	-0.92	2.25
3.81	2.54	2.74	11.39	3.57	2.58	6.29	4.05	0.93	-0.13	-0.61	-1.88	2.65
7.33	-4.97	9.90	9.08	-3.15	4.00	8.48	4.63	-0.64	0.33	0.96	-4.70	6.73
1.49	-1.44	8.06	13.33	1.11	3.36	10.03	3.79	-0.42	1.04	0.84	-1.42	6.75
5.92	3.78	7.46	10.52	-0.99	-0.66	6.15	2.59	-4.46	-2.26	1.88	0.16	5.87
5.52	-0.97	3.03	7.39	-0.52	3.02	9.07	7.46	2.11	0.41	0.13	-0.84	2.08
4.51	-0.56	5.44	3.92	-4.05	2.75	11.65	5.09	4.61	1.80	0.49	-2.79	-1.33
5.47	0.89	6.41	5.90	-3.88	0.48	7.43	-1.89	-4.56	0.66	-0.81	-4.81	-0.63
3.41	1.25	5.59	4.44	-4.13	-0.60	3.05	0.78	-3.30	0.69	1.45	-1.08	-2.21
2.54	2.67	4.15	2.66	-2.78	-0.16	3.52	-1.09	-1.50	1.50	0.25	0.15	-3.43
1.27	-12.04	4.06	18.01	6.23	1.56	3.75	-6.23	0.96	2.02	6.42	-1.27	-1.06
1.99	-18.19	10.88	12.81	9.25	1.34	5.30	1.27	-1.27	4.58	4.39	-1.02	-3.44
3.54	-20.20	16.63	12.65	9.63	4.65	3.26	-1.25	-2.70	3.43	4.30	-2.48	-3.50
4.50	-19.59	18.39	9.79	8.61	7.91	-1.09	-2.62	1.81	0.35	5.75	-2.97	-4.31
4.12	-21.56	17.87	12.28	7.89	7.87	0.53	-3.09	1.55	-1.18	8.75	-4.13	-3.88
2.97	-20.55	19.19	8.64	6.76	7.22	-0.90	-1.47	1.63	-1.62	8.11	-4.27	-4.27
0.84	-20.67	16.92	11.75	6.61	9.47	0.73	0.28	4.26	-2.77	8.51	-3.28	-5.49
2.10	-18.01	16.52	12.51	8.69	7.44	3.28	-3.10	5.48	-5.25	9.23	-3.29	-6.74
-11.03	-6.01	7.82	4.33	2.00	7.03	0.70	1.15	3.27	0.52	4.19	1.34	-3.43
-8.02	-3.27	3.22	2.00	-0.61	2.20	0.14	-0.12	-0.70	-0.55	1.65	0.88	-2.96
-8.01	-21.65	17.97	10.31	2.17	14.35	0.38	-2.95	8.13	-2.91	8.31	6.31	-2.70
3.10	-18.87	16.30	14.14	6.48	6.85	-4.41	-1.38	4.88	-2.10	4.47	2.86	-1.39
7.48	-22.06	15.51	20.16	2.39	9.70	-3.74	-3.62	6.46	-2.54	-0.46	1.53	-4.10
3.73	-21.78	12.95	23.27	0.66	14.96	-7.04	-0.52	5.91	0.21	-0.91	-0.88	-1.71
2.43	-20.38	12.08	22.58	4.33	13.28	-5.16	-1.23	6.84	-0.46	-1.99	-2.05	-0.57
3.95	-20.21	8.65	23.98	3.88	14.18	-7.54	-0.15	5.67	-0.99	1.01	-2.13	-0.57
-11.28	-3.60	-0.35	4.58	3.06	1.39	-0.75	0.80	2.74	3.73	0.67	0.38	1.12
0.39	-8.70	0.48	11.82	6.28	8.79	-2.12	-1.15	3.49	4.85	-0.20	2.51	2.92
6.83	-13.39	0.47	21.73	1.18	19.37	1.59	-1.03	2.55	0.30	0.91	2.99	1.78
7.12	-14.43	2.82	17.25	3.41	19.32	3.07	3.49	4.35	0.06	-0.07	5.29	1.44
5.87	-9.70	3.47	16.89	4.03	17.64	2.37	1.02	2.75	-3.62	0.72	4.64	5.91
8.90	-2.73	3.32	9.00	-0.82	16.43	0.30	-0.36	3.82	-3.79	-1.79	5.09	3.70
12.70	-5.59	5.39	7.15	1.21	16.20	1.86	-0.19	2.59	-5.62	-1.49	1.80	3.87
6.23	-2.92	3.15	3.92	5.63	9.89	6.97	0.65	-1.96	-2.93	-1.96	4.16	2.87
9.04	-3.43	3.02	2.10	3.95	9.90	6.18	2.38	1.20	-5.50	-4.66	4.47	5.77
11.11	-4.17	2.64	2.58	0.77	9.18	3.01	1.68	0.56	-2.91	-1.65	5.09	7.83
-10.53	0.31	-1.10	0.13	0.41	1.72	0.47	0.37	1.47	0.71	-1.90	-1.75	-1.46
-10.81	-1.58	-3.24	-1.26	-0.86	-0.16	-0.25	0.34	-0.18	-0.87	-1.20	-1.08	-0.68
0.74	-0.98	1.48	1.02	-4.55	-0.36	1.16	-1.83	-1.53	0.22	-0.51	-0.14	1.27
4.86	-1.66	-0.88	-1.67	-6.21	-2.20	-2.76	-6.25	-5.27	-2.11	-0.53	2.08	4.62
-0.41	-3.13	-2.74	-2.26	-3.84	-1.14	-0.87	-2.44	-3.46	-1.85	0.11	3.22	6.76
-0.73	-2.33	-0.28	0.31	-4.09	-0.12	0.85	-2.47	-2.45	-1.86	-2.93	0.18	1.12
0.14	-0.65	-0.94	-1.75	-4.71	0.35	3.06	1.65	-0.99	-2.99	-2.18	0.70	0.63
-4.83	-4.15	-2.26	-5.59	-7.95	-0.31	3.14	0.76	-0.71	1.86	0.07	-1.67	2.82
-9.85	1.76	-0.21	-1.15	-0.46	1.01	-2.04	-1.06	0.28	-0.76	-0.46	1.32	0.80
-9.74	-0.23	-0.81	2.12	-0.42	-1.17	-0.68	-2.19	-2.85	0.81	1.45	1.43	1.44
-7.77	-1.43	-1.49	-3.39	-3.04	0.40	-0.48	0.12	-0.89	-0.91	0.89	0.04	-0.11
-8.56	-2.02	0.14	-2.81	-5.38	-0.48	0.61	1.75	1.84	0.52	1.25	1.48	0.05
-8.77	-1.09	0.04	0.13	-1.77	0.07	1.02	0.66	-1.64	-1.36	0.80	1.32	1.82
-8.80	-1.31	-0.92	-2.35	-3.41	1.22	2.23	1.52	1.32	1.31	0.88	0.52	0.17
-6.19	0.71	1.34	-1.07	-2.79	0.05	0.83	0.96	-0.11	-0.71	0.21	1.78	1.28
-6.07	-1.08	0.98	0.58	-2.17	1.70	3.35	2.40	1.79	1.02	0.27	0.68	0.28
-10.87	-1.01	-0.34	0.28	-1.28	0.97	0.91	-0.93	-0.42	0.21	-0.60	1.11	-0.02
-10.24	1.84	0.52	-0.86	-4.01	-0.22	1.09	-2.42	-1.76	0.11	-1.88	-0.64	-0.22
-8.06	-0.28	5.55	2.95	0.25	5.89	3.38	1.95	3.53	1.30	1.02	1.70	-0.09
-4.43	2.40	5.35	3.31	2.49	4.16	2.04	2.17	0.59	-1.33	-1.46	-0.22	0.17
-0.41	3.72	7.43	8.25	4.74	2.40	-0.73	2.62	2.93	-1.94	0.06	0.42	1.14
-3.71	-0.15	7.11	8.26	3.33	5.50	4.50	5.71	6.08	1.50	-0.49	-0.22	0.11
-0.49	-1.47	9.12	11.80	3.41	1.09	-2.63	-2.35	4.43	0.29	-2.93	-2.92	-2.69
-3.17	0.06	7.06	9.64	2.69	2.39	1.19	1.74	0.39	-4.00	-3.52	-1.78	-1.55
-10.61	2.27	1.09	1.49	0.50	1.93	0.74	-0.55	-2.21	-1.01	0.69	-0.33	-1.01
-11.80	-1.46	-0.45	2.28	3.02	3.56	0.69	1.35	3.60	1.38	0.10	-1.14	-1.44
-6.02	-4.02	5.14	9.10	-6.58	-5.11	-3.86	-0.55	2.64	-0.15	3.27	0.64	4.05
-4.79	-1.42	10.80	4.55	-1.25	-5.21	-3.12	1.07	-1.08	1.27	1.01	-2.99	-0.52
-3.20	-1.28	11.69	10.66	4.39	0.20	0.62	0.13	-0.05	1.47	1.91	-1.93	-0.73
-13.75	-2.89	4.64	13.03	11.39	1.02	1.19	1.99	5.25	0.07	-0.08	-0.00	-2.12
-12.52	-2.49	8.01	8.94	5.96	4.84	5.43	2.28	2.25	-1.15	-1.80	-5.09	-4.67
-9.83	-0.10	5.16	8.14	6.85	1.80	3.66	-2.44	-0.53	3.04	-1.57	-0.79	0.10
-8.05	-1.08	10.21	10.40	4.12	3.48	-0.86	0.04	0.84	-1.30	-1.26	-1.72	-2.66
-5.11	-1.21	5.86	8.33	0.78	-3.49	-2.85	-0.56	-1.23	-5.49	-4.89	-3.07	1.15
2.00	-6.36	15.78	14.64	-3.12	-1.18	-2.89	-0.96	0.72	-4.91	-2.89	-3.19	-0.32
3.26	-6.40	13.73	21.08	-0.04	-1.73	-1.98	-0.45	1.00	-6.14	-6.19	-3.99	-2.10
2.19	-1.36	11.55	10.95	-7.14	-8.77	-4.30	-0.46	-2.81	-5.52	-3.97	-2.10	-0.18
0.67	-8.23	11.51	10.66	-5.48	-5.87	-2.72	0.37	-0.57	-7.93	-7.96	-4.54	-3.62
-3.36	0.19	14.15	7.13	-4.30	-4.16	-0.92	-3.45	-1.14	-4.04	-2.68	-1.14	-3.72
-5.03	-1.43	10.87	6.91	-4.45	-2.27	-1.67	-2.53	-1.52	0.01	-0.92	1.35	0.44
-5.78	-0.81	3.79	6.31	0.79	-1.33	-0.82	-0.38	-0.34	-3.46	-2.95	0.71	2.70
-7.25	-2.14	10.94	9.68	1.26	-2.77	-0.02	0.64	-2.07	0.14	-0.54	-1.43	2.17
-1.36	1.03	7.85	9.36	4.74	0.84	-1.15	1.36	4.15	-2.41	-5.92	1.08	0.71
-2.44	-0.16	8.10	8.93	0.59	-1.46	-0.10	1.41	4.09	-1.26	-2.93	1.33	2.62
-1.04	1.58	7.92	8.71	0.02	-2.09	-0.41	0.89	1.25	-0.00	-0.78	-1.99	1.00
-5.73	-0.16	3.54	4.95	-0.17	-2.03	-0.17	1.24	1.52	0.68	1.19	1.07	0.45
-6.84	1.16	5.01	5.06	-1.96	-3.10	-0.24	-0.33	-3.15	0.36	-1.29	0.05	-2.56
-8.49	1.67	4.13	6.40	1.14	-2.13	0.12	1.55	0.48	-3.75	-2.92	-0.86	-0.51
-13.98	-2.81	1.59	4.55	2.71	2.43	-0.51	-5.12	3.64	5.01	-0.59	-1.09	0.24
=== END OF SAMPLE ===
Next sample in: 3... 2... 1... GO!
-7.89	-4.94	-0.14	9.41	3.89	7.38	5.20	-2.62	-0.80	-1.18	0.73	0.62	1.67
-0.05	-0.47	-2.61	1.78	-6.48	5.12	8.34	3.98	-0.44	0.53	2.33	0.14	1.24
5.33	-6.86	1.61	-3.85	-3.75	6.69	6.61	6.42	1.60	-8.31	-1.76	-0.39	1.47
7.94	-2.81	-0.96	-8.21	-7.77	7.43	3.36	2.01	-0.85	-10.25	-3.12	2.20	1.23
3.77	-8.31	-1.47	-10.23	-4.78	15.37	0.24	0.92	-1.21	-7.33	4.63	4.02	-3.62
5.95	-6.97	-0.77	-8.87	-5.94	12.36	-3.05	2.08	-0.99	-5.69	2.12	-1.84	-3.51
6.78	-7.48	-1.32	-7.34	0.48	10.90	-1.69	1.26	-3.92	-5.78	2.43	4.12	5.22
-1.74	-8.35	-0.76	-11.82	-7.80	6.57	1.26	1.26	-1.31	-4.86	7.83	4.25	0.50
-1.57	1.63	-1.45	-6.74	-0.31	6.46	4.54	1.62	-4.18	-4.16	0.33	-0.29	2.08
-4.82	-5.78	-2.43	-15.47	-8.66	7.57	3.50	-0.97	0.42	-3.53	8.22	6.39	-1.03
-3.87	-11.33	-1.87	-8.78	-7.83	6.15	2.09	-4.51	-3.48	-4.15	8.14	1.94	-1.01
1.34	-10.00	-4.59	-9.70	-7.33	9.49	-1.22	-1.63	1.55	-3.36	5.11	-3.58	-5.00
-5.32	-14.43	-5.67	-9.29	-7.92	10.22	6.02	-1.64	2.45	-2.00	6.11	4.50	0.68
-4.78	-17.96	-0.61	-5.17	-4.51	11.53	1.06	-3.57	-0.68	-0.87	9.48	4.18	0.35
-2.19	-18.51	-0.73	-3.08	-6.52	8.61	-2.24	-4.87	3.74	-4.43	3.31	0.91	-2.68
-0.74	-17.11	-2.12	-5.44	-10.58	7.01	-4.58	-1.26	2.68	-6.21	2.67	0.10	-4.32
-11.64	-9.03	10.05	-4.11	-3.76	7.03	-1.90	0.15	4.12	-0.65	2.06	0.12	-5.04
-12.08	-17.42	6.74	-6.39	-1.27	4.58	-6.41	-3.31	6.34	-5.02	2.27	4.50	-2.68
-8.32	-14.57	17.71	-3.43	-8.84	12.14	-6.92	2.83	7.10	-5.16	1.13	3.21	2.70
-6.64	-19.02	14.77	-0.32	-6.29	15.37	-2.22	0.27	7.85	-4.76	2.22	2.56	2.26
-13.38	-16.71	20.52	1.53	-1.10	8.20	-6.52	-3.70	2.05	-2.40	1.56	2.25	0.65
-5.54	-19.04	15.99	-0.46	-3.81	9.13	-2.43	-0.01	3.31	-2.95	2.61	4.81	-6.91
-10.74	-19.38	20.28	2.17	0.29	14.12	0.13	1.48	4.71	-6.56	-0.78	2.15	-4.90
-7.95	-14.40	15.29	-2.02	-6.25	7.74	-3.82	2.68	4.49	-5.38	0.59	1.40	-6.80
-6.96	-4.87	6.24	-1.80	-5.22	4.55	-2.78	-2.48	4.41	-1.23	1.11	1.38	-1.11
-15.19	-5.55	-1.14	-3.12	-3.88	0.05	1.56	2.83	0.94	-1.12	0.19	0.88	-2.74
-5.66	-3.15	8.48	-5.23	-5.41	7.22	0.51	-3.70	1.73	-5.10	-3.30	3.69	-3.96
-8.35	-6.24	5.96	-4.39	-5.33	5.47	1.15	-4.57	1.46	-6.67	-4.99	-2.38	-5.54
-9.92	-7.62	10.54	-0.53	-4.29	10.82	4.02	3.32	6.18	-1.59	-1.36	-1.93	-3.73
-15.44	-6.37	3.92	2.60	-2.71	6.08	2.73	-2.29	8.90	-9.55	0.48	-1.65	-0.62
-2.18	-2.68	0.21	-7.55	-6.38	5.68	2.31	-2.03	2.55	-2.67	-0.75	1.58	-1.42
-7.22	-2.95	0.15	-1.15	-3.79	3.75	-0.21	-1.04	5.18	0.75	1.94	-1.01	0.29
0.25	3.07	4.35	1.56	-1.72	1.49	0.28	-1.35	-5.04	-4.61	-2.51	-1.70	2.11
4.06	-2.19	2.90	-6.76	-7.00	2.90	1.46	1.40	4.08	-1.33	-0.46	0.14	4.36
3.90	-2.81	-6.80	-13.27	-8.36	5.56	6.99	1.15	3.56	-1.28	-0.77	1.93	3.71
0.29	0.98	-10.55	-11.58	-7.03	8.92	6.42	1.18	3.59	2.43	-1.89	2.44	-0.68
1.17	3.64	-12.94	-11.95	-8.00	10.40	6.75	1.77	-0.85	-4.53	-2.30	3.79	-1.15
4.68	2.20	-14.51	-13.28	-3.99	12.57	10.19	1.62	-2.73	-1.72	-1.76	-1.60	-0.47
-0.97	-2.51	-15.88	-14.86	-7.56	7.43	7.76	-0.28	-2.72	-6.34	-4.66	1.55	-5.51
-6.90	6.56	-16.20	-8.53	-4.39	12.16	7.47	2.47	6.98	-5.68	-2.54	-4.81	-0.56
6.49	0.19	-8.91	-11.02	-10.39	3.97	1.01	-6.18	-2.65	2.19	-0.28	2.70	3.62
3.57	-2.10	-8.52	-5.97	-6.62	3.15	2.48	-3.18	-1.04	0.42	3.18	0.83	3.68
9.25	-10.25	-5.04	-6.23	-5.39	0.13	4.27	-4.00	-7.64	-3.62	0.82	2.66	0.43
14.78	-0.02	-1.95	-5.62	-4.25	2.87	-1.43	-6.99	-9.35	-6.60	2.25	5.03	1.58
17.13	-1.32	4.00	0.05	-2.51	5.46	0.08	-2.66	-4.34	-3.12	1.37	4.15	-1.57
17.22	-0.72	-3.38	-3.94	-2.28	5.87	-2.49	-3.68	0.90	-1.87	-0.87	7.22	1.62
10.82	-1.33	-1.63	0.59	-1.41	4.35	-1.01	-4.15	-1.36	0.83	3.43	6.98	7.70
7.23	1.36	-2.50	0.67	0.59	7.95	4.79	-2.70	-2.29	-0.92	3.83	6.41	6.14
2.16	4.68	-0.84	-3.36	1.74	8.88	8.36	-1.97	-6.69	-3.69	-0.39	2.62	0.92
16.12	0.19	-2.62	-0.58	2.62	10.16	6.68	1.28	1.76	-1.23	0.81	1.62	-0.92
13.56	6.88	4.25	-1.50	-3.94	11.42	7.89	-1.93	1.76	-2.33	-2.74	6.36	4.84
8.73	-6.70	4.07	8.12	-0.42	4.00	9.44	-0.45	-1.77	-2.45	2.29	8.25	7.14
29.02	-28.30	-2.23	14.15	4.75	8.82	6.17	3.82	-1.55	-0.37	1.58	9.63	-0.88
25.12	-17.27	-11.01	15.20	10.69	7.45	-2.35	5.73	-1.95	-6.58	4.00	6.92	-3.63
18.78	-17.23	-12.35	11.71	17.29	9.19	0.56	5.28	0.75	-2.02	5.51	4.80	-2.33
18.43	-15.49	-8.27	7.77	18.95	10.40	-0.38	2.24	3.84	-5.65	5.14	6.14	0.52
4.79	-5.86	-0.34	2.96	0.06	4.76	3.85	-1.04	-2.72	-3.89	-5.18	0.75	1.86
0.95	-3.22	0.20	2.63	1.16	6.38	4.03	0.82	-2.77	-3.12	-2.85	5.98	4.18
17.16	-10.70	12.48	3.55	-6.70	13.67	5.87	5.96	-1.71	-6.60	-9.74	5.60	3.02
16.37	-6.01	14.71	-0.32	-4.85	8.89	6.41	5.67	-0.40	-1.83	-12.83	6.34	-0.03
17.68	-5.15	21.51	-4.32	-6.49	7.22	4.89	7.90	3.46	-2.94	-9.49	5.19	-2.97
18.27	-1.65	18.96	-3.84	-2.54	4.46	3.37	11.20	5.87	-1.68	-11.96	5.30	-1.24
16.31	1.69	19.60	-6.01	-5.18	6.17	2.56	12.42	6.47	0.65	-6.17	3.02	-4.59
14.56	4.22	19.29	-4.76	-6.25	4.43	3.98	9.51	9.63	4.31	-4.66	2.63	-1.38
-6.29	5.33	2.78	2.76	2.55	1.66	-0.24	0.29	-0.96	-1.72	0.40	0.58	0.43
-6.73	2.53	0.64	2.61	2.35	3.91	4.55	3.80	2.03	0.96	-0.92	-2.19	-1.78
-4.11	-0.64	12.28	7.34	1.49	-13.36	3.86	4.61	1.49	-0.56	1.19	-0.06	6.77
-0.83	1.37	6.32	7.24	4.05	1.78	8.78	6.28	1.02	0.29	-1.94	-1.56	1.30
14.87	8.81	13.15	6.72	2.28	4.70	4.74	3.56	2.67	0.46	-1.76	0.59	-0.50
4.47	6.54	14.57	12.78	5.45	6.78	4.81	2.28	0.97	0.25	2.87	2.76	-0.31
-1.30	0.81	6.44	2.53	-2.94	1.56	2.38	3.14	-0.32	-4.34	1.34	3.08	0.61
3.06	4.86	12.06	8.64	-2.62	-0.90	-0.28	3.07	-0.08	-7.85	-1.65	-0.53	0.51
-5.85	-2.50	7.62	5.58	-2.92	5.78	7.19	2.86	1.04	-3.88	0.33	1.06	-1.61
6.22	11.33	8.56	2.09	-2.58	-1.52	-3.01	-2.69	-0.91	-0.28	1.60	1.07	-0.34
-10.63	0.01	-1.16	0.03	-0.67	0.98	0.69	0.32	0.34	0.49	0.12	0.09	-0.36
-11.92	-0.37	-1.69	-0.36	-0.44	-0.02	0.03	0.75	0.91	0.70	0.53	0.77	-0.16
-9.29	1.47	0.96	1.75	0.38	0.80	0.68	0.32	0.91	1.55	1.22	1.78	1.26
-11.24	-0.03	-0.60	0.04	0.30	2.13	1.30	0.62	0.22	-0.04	0.56	0.97	0.64
-10.12	0.52	-0.79	0.27	0.34	1.62	1.40	0.60	0.54	0.46	0.60	1.02	0.56
-10.70	0.66	-0.24	0.85	1.30	1.56	1.60	0.95	0.88	1.60	1.13	1.55	0.83
-9.00	0.86	-0.76	-0.08	-0.75	0.04	-0.23	-1.16	-0.35	0.47	-0.61	0.08	-0.37
-5.97	2.23	0.21	0.60	-1.28	-1.18	-1.17	-2.08	-2.43	-1.42	-1.29	-0.76	-0.42
-8.08	-0.81	-2.22	-0.39	-0.69	0.58	0.75	-1.11	-2.58	-1.43	0.19	0.41	0.34
-4.19	1.08	0.36	0.37	-3.26	-2.92	-2.31	-3.38	-4.98	-3.30	-0.64	-0.21	-1.25
-10.25	-1.73	-4.68	-3.58	-1.95	-0.79	-0.62	0.24	0.14	0.80	1.19	0.55	0.81
-7.69	1.27	-1.11	-1.98	-3.52	-1.42	-1.17	-3.72	-3.93	-3.14	-2.19	-0.64	-0.91
-1.19	2.32	-1.13	-1.76	-3.70	-3.87	-3.22	-3.74	-4.60	-1.00	3.09	4.56	3.14
-2.13	2.87	-0.47	-2.65	-6.41	-5.48	-3.99	-3.48	-4.01	-0.98	1.93	3.29	3.54
-3.39	0.86	-2.53	-0.57	-1.91	-3.11	-4.37	-4.36	-5.90	-2.99	-0.54	0.94	-0.30
-5.59	-0.54	-0.39	-2.15	-4.32	-1.70	0.50	-1.58	-1.01	-0.25	-0.24	2.93	2.06
-5.98	0.09	2.10	-0.21	-1.54	0.82	-0.28	-3.91	-2.56	-1.39	-0.42	0.82	0.17
-10.72	-8.28	-4.22	1.71	-5.51	3.68	-5.40	-1.86	-3.40	-1.00	-1.42	0.70	1.66
-7.58	-2.94	-0.67	1.42	0.26	2.48	0.76	0.43	-2.92	-0.09	2.44	2.29	0.59
-10.79	-1.51	-0.14	2.93	-1.05	2.08	2.05	0.66	-2.15	-1.45	-2.59	0.21	-1.65
-7.33	4.00	3.49	2.51	-3.38	3.37	2.70	-0.63	-0.64	-0.00	-2.16	-0.37	-0.24
-3.52	1.26	1.32	-1.32	-3.49	-1.05	0.42	-1.18	-3.11	-0.29	-0.79	-2.24	0.41
-9.31	-5.22	0.65	1.93	-4.84	-0.59	0.63	-0.53	-2.07	0.99	-0.84	1.20	0.84
-10.22	-12.79	7.21	8.33	-6.53	-1.17	1.72	-1.23	1.68	2.53	-0.02	3.61	-0.02
-12.40	-2.09	-4.72	-0.44	-1.19	-2.35	-1.76	0.73	1.79	0.60	0.59	-0.07	-0.90
-8.23	-0.13	-1.12	-0.45	0.91	1.04	-0.58	-1.51	-3.16	2.61	2.17	1.65	-1.78
-10.37	-2.99	-0.26	0.57	1.60	0.52	-3.41	-3.43	-0.61	1.62	2.70	2.43	0.50
-14.72	-8.08	-0.18	5.94	0.78	0.55	-0.76	-5.56	0.40	0.87	3.17	1.72	0.80
-14.79	-4.57	-2.82	3.76	4.84	1.32	-1.65	-9.07	1.88	4.73	3.55	-1.04	0.80
-15.78	-1.41	-1.04	-1.89	6.09	5.77	3.41	-2.86	0.27	3.92	-0.33	-3.66	-5.80
-16.95	-2.99	-1.66	3.25	-3.31	0.83	1.05	-6.75	-2.33	2.34	1.81	-4.14	-4.30
-15.14	-7.15	-4.62	-0.01	-6.34	-2.92	-0.57	-2.83	0.83	4.14	-0.42	-6.13	-5.58
-11.26	-0.87	0.04	0.00	2.94	4.25	2.33	-1.74	4.18	2.19	-2.96	1.41	-2.13
-11.39	-4.47	-0.90	-0.26	1.55	1.63	-3.49	-1.63	3.83	5.01	-0.82	-0.34	-2.12
-3.54	-3.85	1.75	7.33	0.51	4.54	2.07	-5.21	1.22	4.25	4.95	4.38	-0.90
-3.83	-2.10	-4.01	5.72	2.80	4.62	3.24	-7.72	2.06	5.43	5.16	1.03	1.81
0.85	-1.06	0.53	5.33	0.80	3.25	-0.65	-4.45	3.69	3.44	3.83	1.27	1.52
0.55	-3.98	0.86	6.39	2.32	-0.05	-2.63	-7.36	4.75	8.37	4.47	3.07	-0.36
4.98	-0.11	-3.04	3.63	-0.82	2.76	0.02	-8.41	1.34	5.75	3.64	2.03	4.66
0.47	-4.18	-1.40	3.04	-3.94	2.73	1.77	-5.47	3.82	3.47	-0.46	0.28	1.16
-7.95	-4.73	-4.90	-1.55	-0.12	4.20	2.07	0.22	2.33	1.86	0.44	0.25	0.26
-6.03	-1.03	-2.07	-1.22	1.72	4.85	6.89	1.36	2.65	5.89	0.25	-1.42	-5.04
-3.30	-6.10	-9.75	-6.64	-5.24	-1.72	1.14	0.32	3.35	2.89	4.58	1.99	-1.22
-2.71	3.40	-1.88	-4.87	-3.70	2.12	2.34	2.43	1.59	1.64	-0.58	-3.29	-1.75
-0.56	3.30	-2.31	-4.17	-4.89	-1.68	3.82	1.84	1.95	2.42	2.63	-1.13	-2.05
-5.09	-1.48	-5.91	-2.47	-0.06	2.64	4.53	4.63	2.91	2.59	-0.24	-1.64	-3.56
-4.26	-1.47	-5.49	-4.59	-4.18	5.37	6.39	4.92	4.66	1.18	-0.26	1.21	-0.79
-6.04	-4.44	-8.62	-7.97	-4.76	2.10	5.02	4.35	1.59	3.23	-0.99	-2.54	-1.74
-13.90	-5.11	-6.27	-1.65	1.05	5.27	4.71	2.24	1.30	-0.73	-1.00	1.48	0.70
-13.48	-5.84	-7.06	-5.60	-2.36	3.17	3.71	3.69	0.28	0.22	-1.86	-3.20	-1.55
-4.31	-2.48	-6.53	-8.39	-5.64	1.67	3.96	3.68	3.58	3.40	1.95	1.39	1.32
=== END OF SAMPLE ===
Next sample in: 3... 2... 1... GO!
7.67	-3.84	10.18	16.06	8.89	4.54	1.94	10.11	1.83	-5.08	-5.55	-7.47	-2.25
7.73	-6.77	9.48	17.05	5.44	4.78	1.59	5.53	0.76	-10.19	-6.64	-0.84	-0.36
1.20	-9.97	8.20	12.98	5.46	2.56	-1.90	3.10	2.18	-5.17	-6.41	-0.34	-0.47
-0.46	-9.25	9.81	13.00	0.06	4.85	2.03	10.54	5.35	-3.93	0.07	-1.07	-3.61
3.82	-4.87	4.41	10.80	5.24	0.22	0.56	5.76	0.64	-2.33	-1.26	4.05	3.86
5.68	-7.22	6.00	15.83	7.19	-2.14	-3.17	-0.21	-3.39	-7.34	-4.28	2.28	1.06
5.59	-3.46	5.11	9.17	3.55	1.54	1.03	0.67	-2.12	-5.35	-2.99	3.49	3.22
6.65	2.08	5.44	10.46	4.33	0.72	-0.59	4.91	0.60	-2.69	-3.68	1.29	3.46
-6.45	4.96	3.44	0.96	0.03	0.69	2.07	5.32	4.02	-0.34	-1.21	-2.84	-1.83
-7.34	0.66	-3.63	-5.00	-3.66	-1.28	-2.30	-1.96	-0.78	-1.05	-2.81	-2.21	1.00
9.97	-0.36	0.06	-8.67	-5.95	1.22	-3.82	1.49	-3.78	-5.47	-0.66	1.13	-0.32
8.44	-8.91	3.69	-1.40	0.83	6.01	2.39	4.53	-2.84	-6.84	0.64	-1.79	-8.48
11.07	-6.24	4.66	-5.98	-0.21	0.34	-0.20	5.31	-1.76	-7.65	2.85	1.64	-6.50
11.28	-14.78	1.18	-9.56	-3.01	1.24	1.21	4.90	-7.40	-6.71	1.96	-0.21	-2.79
13.57	-5.97	5.36	-7.96	-0.90	-1.92	2.27	3.14	-2.96	-6.56	0.19	0.62	-1.26
11.36	-7.09	-0.15	-9.23	-8.71	-4.05	0.31	-0.42	-4.16	-7.23	-0.24	-0.75	-1.06
2.61	-3.95	-2.32	-4.09	-4.71	2.68	1.98	-0.56	-7.57	-2.77	2.14	-0.06	1.14
5.54	-9.00	-2.11	-9.01	-3.64	-0.62	2.17	5.05	-0.14	0.13	7.68	2.87	0.24
9.03	-5.27	-1.71	-5.14	1.76	0.07	4.09	8.91	0.29	3.03	0.88	-4.04	-3.88
7.51	-2.36	1.81	-3.08	-1.40	1.72	3.98	4.27	2.88	-1.67	-3.96	-4.33	0.56
1.75	-3.88	1.69	-5.94	-0.90	3.77	-0.13	3.62	1.23	-1.54	-2.79	-4.87	0.54
-8.78	-3.86	2.36	-1.39	-8.87	2.61	-0.52	-5.43	0.02	-0.04	2.34	3.48	-2.12
-0.48	-2.00	-1.73	-8.95	-3.69	-1.46	-2.26	2.03	-2.89	-3.44	4.86	2.46	3.32
4.47	2.26	0.36	-7.77	-2.94	-5.63	-0.26	-3.47	-1.63	0.77	1.94	-1.48	-0.87
-5.19	-0.72	-2.80	-7.93	-3.87	0.95	-3.76	-5.45	-3.01	3.59	4.02	-0.14	0.66
-2.04	-0.19	-1.33	-1.96	-2.62	-2.99	-2.97	-0.03	0.47	-1.19	-3.92	-3.86	-2.37
-6.62	-1.71	-0.46	-5.72	-3.50	-2.06	0.37	-1.01	-3.58	1.47	-0.72	-1.92	4.01
5.21	5.53	12.50	-2.39	-0.11	-0.61	-3.01	0.95	-4.16	-4.70	1.45	-2.33	-2.15
3.76	4.44	5.90	-3.30	0.74	7.50	3.02	1.50	-3.12	0.51	0.66	-3.61	-1.65
0.08	-1.81	-0.21	-2.84	-5.28	4.44	-2.67	-1.63	-2.61	-3.24	-3.46	-3.18	-0.79
-5.41	3.01	4.95	0.48	-5.43	-1.09	-2.98	-3.08	-1.81	-0.11	0.02	-0.24	-3.47
-4.70	-1.01	0.97	-4.13	-3.51	1.95	0.74	-2.84	-2.39	-0.39	-0.25	-1.04	-1.21
-0.31	-2.21	11.31	2.29	3.96	9.37	-0.15	-4.75	-6.34	-5.75	0.03	-0.04	-2.88
6.82	-2.02	7.21	2.87	-1.52	8.20	1.21	-6.51	-9.62	-5.84	0.03	-5.08	2.99
-0.82	2.64	9.98	-0.34	-4.53	0.96	0.78	-3.83	-7.67	-4.08	-0.64	-2.19	1.50
-0.90	-1.32	2.67	3.65	-1.06	3.96	-1.68	-7.70	-5.63	-6.14	0.45	-1.95	-0.28
-2.53	2.34	5.85	-4.39	-4.37	3.33	4.67	-0.28	-4.85	-5.03	1.83	1.90	-0.30
-3.19	2.79	9.47	1.58	2.48	4.83	4.70	-3.93	-3.56	-4.53	-1.41	-4.46	-3.28
-2.38	6.84	4.44	1.49	-0.64	-1.93	0.53	4.11	0.75	-0.22	-0.35	2.43	1.32
-7.06	0.87	0.58	0.74	-0.02	3.19	6.02	5.20	3.72	0.34	1.59	3.01	3.54
3.26	3.21	5.31	10.63	8.03	6.72	5.94	7.57	1.61	-2.62	-4.66	2.40	5.69
10.24	4.49	2.16	-0.04	4.29	4.35	1.10	4.70	-0.30	1.05	-0.09	1.84	1.55
8.40	-1.29	8.18	-6.15	-1.45	3.60	3.16	4.35	0.19	-0.16	-1.85	2.88	6.47
15.21	3.83	5.93	-6.95	-0.09	3.09	-1.54	-1.06	-0.92	-2.95	-4.82	5.19	8.16
12.87	2.97	3.36	-5.02	-3.40	1.36	-1.96	-0.70	2.90	-0.19	-2.22	6.13	4.44
7.83	4.99	8.00	-4.56	-1.69	-3.45	-0.48	-3.42	-1.30	0.24	-3.74	2.20	6.97
0.80	-1.64	4.05	-0.81	2.28	2.27	-0.91	6.87	6.94	-1.08	-2.59	2.36	5.28
2.71	7.37	9.94	-2.46	-8.18	3.12	1.07	-0.28	-0.00	-3.24	-2.00	2.56	2.43
0.03	-0.12	4.79	9.47	4.46	0.19	-1.21	-0.66	-0.03	2.57	3.09	1.55	0.02
-7.61	2.36	2.35	0.73	-2.05	0.25	2.30	0.93	-2.31	-2.07	-1.27	-2.19	-1.23
13.63	-11.67	-3.65	12.03	17.03	12.28	-1.40	9.58	0.29	-3.29	1.14	9.68	-1.20
18.20	-14.15	-6.29	15.09	16.84	17.00	-6.36	7.33	-3.36	-6.82	3.93	8.31	-3.92
22.05	-14.09	-6.75	7.96	15.74	17.76	-5.78	4.13	0.54	-6.74	3.15	8.53	-3.83
18.27	-10.75	-6.53	5.82	16.21	19.18	-7.72	0.66	-0.57	-4.37	-0.01	4.82	-0.54
19.80	-8.92	-6.00	4.45	12.55	20.09	-7.47	-1.86	4.30	-6.54	-0.58	2.64	1.24
18.80	-6.12	-2.49	-0.46	12.55	20.65	-5.32	-5.34	5.48	-7.75	0.45	1.75	2.82
1.47	3.89	6.29	8.74	2.53	3.90	5.25	0.30	-4.45	-3.78	-1.74	-3.05	-1.98
-2.84	6.54	4.20	1.27	-2.31	0.02	1.45	0.95	-0.25	-1.05	-1.46	-0.68	-1.72
18.23	2.59	14.55	-2.90	-6.32	4.93	7.53	8.04	3.50	0.46	-3.19	5.06	1.03
18.97	2.22	18.32	-1.80	-11.55	2.92	3.44	7.99	4.22	2.94	-2.05	1.69	-2.01
18.68	5.03	13.81	-3.02	-8.71	2.73	2.13	6.01	4.62	-1.94	3.68	3.81	-5.76
14.92	4.14	16.32	-2.37	-4.31	5.50	0.90	4.55	4.34	0.81	2.90	6.43	0.07
13.25	6.75	17.67	-3.10	-1.93	2.73	-0.22	10.21	6.02	-0.73	7.32	2.79	-2.02
10.31	3.97	11.91	-1.71	-4.16	4.50	0.26	4.94	4.51	-5.68	6.53	2.98	1.58
7.31	-6.62	12.41	1.91	-5.19	1.24	-3.32	9.14	4.07	-0.76	3.45	3.50	0.62
5.90	-11.16	11.66	0.95	-0.94	1.37	2.09	6.48	-0.70	-1.69	0.19	0.46	-2.24
-12.54	-1.63	-2.74	-1.52	-1.68	0.77	1.37	1.03	1.50	1.64	0.40	0.02	-0.35
-9.49	1.39	-0.75	-0.46	-1.49	-0.67	-1.28	-0.49	-0.16	-0.55	-0.64	-0.92	-1.90
-1.44	7.46	6.06	3.02	2.97	6.12	3.71	0.86	1.53	-0.47	-0.88	0.74	-0.99
9.73	19.19	8.59	4.01	-1.43	0.48	3.24	1.08	2.18	-0.05	3.12	2.08	-2.41
2.28	19.49	9.76	6.15	1.03	1.37	2.27	1.85	-2.88	-3.03	1.07	2.45	-1.13
-0.47	17.77	2.65	0.70	-2.98	2.24	7.08	5.03	3.07	-0.55	-7.02	-1.57	-2.74
-4.99	24.94	8.18	0.55	-1.10	1.89	5.96	2.75	-0.69	-0.72	-3.80	0.11	0.45
-12.83	10.12	-4.16	-5.81	-2.89	-1.81	1.25	-1.44	-2.38	-1.90	-3.54	3.26	0.12
-12.77	6.49	-0.89	0.21	0.82	-0.03	2.52	-0.14	1.82	1.56	-3.31	0.65	-2.27
-12.32	2.42	1.53	2.91	0.99	0.29	2.75	-1.41	-0.25	-1.03	-1.34	1.90	2.69
-11.31	4.38	-2.24	1.09	-0.95	-0.05	3.37	-0.08	3.27	1.44	1.58	1.24	1.38
-12.35	4.63	-1.60	0.28	-1.09	-0.92	1.28	-0.65	0.03	0.35	-0.70	-0.58	-0.20
-9.44	3.38	-1.75	-0.57	0.19	-1.04	0.50	-1.14	-0.03	-0.67	0.49	1.18	-0.49
-6.02	4.89	1.85	0.44	1.50	0.62	1.76	-2.15	-4.56	-2.12	-2.40	-1.36	-2.15
-4.00	0.03	-0.15	-0.20	-0.98	2.64	0.96	-3.60	-5.83	-2.67	2.90	3.32	-0.78
-0.36	-0.73	-3.93	-6.02	-3.77	-0.29	-0.12	-4.24	-8.27	-3.37	3.41	5.32	1.97
0.57	-3.35	-5.49	-1.73	-4.66	0.73	-4.33	-4.17	-6.79	-1.69	7.84	7.18	2.82
7.97	-0.24	-4.10	-3.53	-2.83	-0.46	-4.78	-5.20	-9.41	-7.00	3.21	2.23	-0.69
-0.22	-3.32	-4.30	-0.17	-5.26	-2.62	-5.95	-6.97	-6.30	-3.54	6.99	4.16	3.92
3.36	-1.56	-4.19	-0.62	-1.68	-0.74	-4.01	-3.46	-0.80	2.03	6.46	5.87	4.84
-0.35	2.18	-3.69	2.50	0.99	2.79	-1.63	-0.23	0.81	1.59	5.92	4.88	2.72
4.95	1.72	-2.64	0.82	3.61	6.15	-1.16	-0.36	1.54	0.83	6.08	4.41	2.13
2.79	2.89	-0.93	5.12	4.74	4.40	-1.71	0.68	-0.34	-2.46	5.75	1.09	-2.06
-1.59	-4.33	-1.45	8.39	3.34	1.79	-0.22	1.99	-1.08	-1.37	4.42	2.37	-0.68
-1.83	-1.65	4.26	11.14	-1.84	-0.77	-2.09	-0.40	-0.88	-2.64	1.74	2.96	1.67
-3.29	-0.82	2.15	9.46	-1.63	-4.81	1.31	3.62	-2.73	-1.54	2.59	4.98	3.02
-15.12	-10.14	5.47	7.12	-0.34	-4.72	-1.36	0.58	-2.63	-4.75	-4.49	2.42	0.11
-19.72	-10.42	6.25	11.85	0.90	0.72	1.91	4.20	-4.31	-1.80	-4.23	-1.58	-2.50
-11.37	-6.59	12.28	7.94	-3.18	-4.79	-4.78	6.81	4.63	-8.88	-2.50	3.04	-6.14
-3.59	-9.18	12.90	4.89	-6.06	0.96	0.48	0.47	-4.02	-14.97	-4.27	4.71	-3.20
-7.26	-5.42	9.24	8.11	-6.43	-4.13	-2.19	1.13	-1.14	-7.41	0.78	0.71	-5.77
0.74	-4.47	5.10	4.48	-3.94	-7.20	-5.60	1.89	-0.44	-6.14	-2.75	3.20	0.46
-1.49	0.49	8.97	5.42	0.73	-1.93	-2.04	3.27	6.91	0.26	1.28	4.92	-0.84
-6.53	-2.28	2.62	4.36	-0.12	2.14	3.26	3.59	-0.37	-1.24	-3.00	1.73	0.99
-7.69	-7.70	-0.15	3.76	0.28	-3.15	-0.58	5.53	1.34	-5.83	-2.90	8.44	4.61
-12.62	-3.61	1.11	4.03	-4.31	-7.06	-5.42	4.72	2.79	-0.74	-1.33	3.31	1.97
-11.01	2.01	2.13	-2.80	-3.24	-9.24	-2.53	6.15	0.46	-1.33	-2.57	2.99	7.04
-10.04	3.77	1.17	-0.93	2.92	1.47	1.23	4.64	2.65	-3.43	-2.34	-2.96	-2.47
-13.03	1.83	-1.91	4.36	2.05	-0.16	-1.95	2.91	2.54	-0.46	-0.92	2.79	-1.03
-9.65	-2.73	-9.01	-0.21	2.66	-3.27	-8.71	-6.96	-2.73	-2.06	-3.21	-0.81	-2.94
-15.34	-0.49	-6.04	1.98	-0.21	0.29	1.25	0.58	-2.13	2.43	0.79	1.92	-0.39
-17.17	2.84	-10.64	-3.03	-1.89	-0.96	1.44	0.79	1.83	3.19	1.17	-1.31	-1.35
-11.96	0.35	-2.85	2.05	2.11	-0.40	2.57	1.44	0.65	-4.40	-3.69	-0.49	-0.13
-7.05	0.78	-9.22	1.99	3.07	2.63	-1.71	-2.53	-4.14	-1.44	-4.38	-1.25	2.16
-4.03	-3.68	-4.80	-2.62	-6.35	-1.82	0.92	2.22	0.61	-0.48	0.67	-3.07	0.20
1.71	-2.82	-8.19	-7.49	-5.32	-2.84	0.17	-1.70	0.39	4.90	4.81	2.00	1.00
2.74	0.00	-11.36	-8.10	-8.84	-3.03	2.40	-4.41	-2.64	4.01	2.25	-2.52	-1.26
10.98	3.81	-6.82	-6.91	-7.59	-1.72	-0.70	-1.26	-1.24	1.80	3.37	2.17	-1.91
-13.53	-2.83	-5.58	-6.46	-6.04	-3.13	-0.59	0.14	3.02	0.53	2.63	2.67	1.08
-7.20	-0.86	-4.59	-6.49	-5.69	-4.94	0.21	3.68	2.57	3.68	0.01	-1.59	0.55
4.86	6.95	-0.27	-8.10	-6.68	-2.82	2.72	1.69	2.88	2.32	1.13	-3.25	-0.89
11.34	6.15	-0.97	-9.33	-5.12	1.82	4.58	2.07	1.29	2.96	0.91	1.00	1.35
9.05	-0.01	-2.40	-8.46	-8.83	0.46	0.04	-5.92	-1.73	1.70	3.31	3.74	3.59
11.03	1.23	1.93	-9.17	-8.09	6.57	6.09	4.61	2.19	1.96	4.97	-1.54	-1.72
12.67	5.86	0.41	-10.96	-10.35	3.69	4.52	-1.06	1.25	2.41	4.50	4.63	1.20
15.07	4.88	1.35	-7.12	-9.01	1.75	0.20	-2.77	2.51	1.58	2.85	3.08	3.32
7.02	-3.95	-6.33	-9.13	-5.95	6.15	1.43	1.33	4.18	10.50	6.50	3.29	1.71
3.51	0.72	-3.44	-10.81	-4.93	0.76	-3.99	-1.95	0.28	2.51	6.22	-0.27	0.97
8.77	3.34	-3.31	-10.85	-9.16	4.04	-1.38	-1.90	3.27	1.31	2.16	2.27	-0.00
