-24.79	15.57	-0.45	4.30	12.99	-4.44	1.39	-0.62	2.90	1.73	3.34	-3.39	0.57
-23.38	10.71	-1.86	4.32	10.74	-8.39	-0.19	-4.26	-5.00	-2.71	-3.39	-3.57	-2.39
-21.88	9.95	3.60	4.33	5.44	-8.60	-3.15	-1.96	-3.16	-5.21	-0.75	-0.04	-1.61
-19.15	8.49	2.62	12.16	5.64	-10.52	-5.69	-4.84	-6.47	-4.44	-7.16	-0.74	-2.34
-20.85	5.82	0.20	11.70	7.19	-8.80	-4.28	-3.21	-5.93	-4.02	-8.86	-1.28	-1.81
-18.40	10.89	3.84	8.52	4.65	-5.35	-1.25	-3.99	-6.01	-4.84	-8.02	-7.65	-7.12
-5.36	4.54	-2.53	-1.62	-4.99	-4.58	-1.71	-0.87	-2.88	-1.74	0.50	-1.98	-2.37
1.03	8.62	-2.70	-1.14	0.45	-8.40	-6.43	-2.54	-3.61	-2.15	-1.48	1.95	-2.16
-1.43	0.57	-2.25	-1.44	0.85	-6.32	-5.47	-3.27	-3.40	-0.37	3.22	-7.39	-5.27
-0.18	-4.16	-5.06	-1.52	1.86	-2.75	1.78	1.52	-1.23	-0.30	3.39	-2.34	-3.89
-4.56	-1.93	0.47	-0.57	-2.81	-7.26	1.34	6.28	0.80	0.65	1.13	-2.80	-3.84
-6.13	-4.91	0.26	2.32	-2.06	-3.87	4.49	3.76	-0.17	1.25	2.59	-7.06	-3.88
-4.78	-5.95	0.14	5.08	1.20	-0.86	-0.49	-2.29	-1.35	2.33	4.83	0.13	0.02
-5.22	-1.26	1.01	4.88	6.91	1.79	-2.63	2.83	1.36	1.68	4.84	1.74	2.96
-10.03	1.83	2.57	4.63	1.94	-3.76	-4.05	0.63	1.60	-1.52	-3.33	0.51	2.98
-12.94	-4.50	-2.57	-0.67	-1.29	-4.74	-4.30	-0.90	-0.34	-0.89	-0.32	0.31	0.87
-7.70	3.16	1.70	7.01	4.17	-1.34	-2.95	-4.90	-0.75	-3.88	-0.57	0.56	-2.76
-1.61	3.53	-0.15	2.81	-3.91	-5.62	1.01	-2.46	1.14	1.92	0.41	-3.00	-3.53
-0.60	3.91	2.29	4.64	3.84	-7.50	-7.07	-6.89	-4.56	-2.90	3.29	-3.52	-4.53
3.17	-1.89	-1.63	2.31	1.44	-7.27	-1.11	-2.82	-8.60	-2.80	2.87	-1.61	-1.36
6.19	-9.01	-3.17	-2.31	-10.42	-6.77	1.65	0.76	-6.98	0.18	8.36	2.44	0.50
2.90	-14.43	-2.20	-2.42	-2.69	-2.79	-0.13	2.48	-7.37	1.69	9.19	-0.49	-3.14
-0.88	-12.90	-3.56	-7.44	-8.02	-1.01	-0.16	-1.95	-3.79	2.22	4.99	-1.16	-3.23
7.25	-18.09	-2.53	-8.75	-4.87	1.24	0.10	2.48	-2.36	2.58	9.76	5.20	1.69
7.69	-14.30	-2.77	-13.90	-3.67	6.24	-3.68	1.11	1.06	-1.71	9.22	6.57	-1.10
5.16	-13.79	-4.09	-11.43	-3.70	3.45	-0.91	3.50	3.35	0.63	5.51	4.99	-0.85
5.22	-14.34	-1.24	-11.55	-2.13	3.64	-3.78	0.99	-1.48	-5.58	4.38	2.84	-0.62
9.22	-12.65	0.17	-8.11	0.54	8.37	4.61	3.20	-1.17	-8.14	0.18	4.44	-0.87
1.46	-9.86	-1.01	-13.18	-4.43	5.11	1.11	-1.22	-1.30	-3.39	7.62	5.79	0.23
3.43	-7.07	1.21	-6.94	-1.87	4.63	5.33	2.46	3.13	2.26	5.64	0.94	-2.13
-0.94	-8.44	-5.23	-11.32	-6.00	2.69	2.84	-0.83	-1.39	-1.16	2.38	3.67	2.54
0.70	-3.43	-0.97	-7.03	-4.03	6.20	5.52	-2.43	-3.68	-2.66	0.77	2.48	-4.30
-0.67	-3.68	1.15	-4.61	1.38	6.46	2.38	-1.12	-2.32	-6.68	0.36	4.06	-2.29
-3.08	-4.90	-2.37	-6.65	-1.19	8.20	9.49	1.83	-1.93	-5.06	-1.28	3.13	-1.92
3.17	2.16	-0.87	-1.12	-3.25	2.83	5.54	3.14	1.75	0.21	0.70	3.16	0.62
1.61	1.84	1.54	-4.07	-2.29	-0.21	3.70	2.67	3.15	-1.60	-0.76	0.54	-1.03
3.64	1.71	-3.70	-3.71	-0.30	4.81	3.49	2.73	0.04	-1.77	0.16	-0.83	-4.36
-1.93	3.29	0.25	2.09	0.23	-0.00	1.10	0.48	-2.13	1.63	0.47	-1.12	-5.40
2.50	9.84	2.13	0.22	-3.14	1.20	-4.43	1.16	3.29	2.46	-1.38	-2.90	-0.94
5.26	10.09	5.53	-4.79	-5.86	1.42	0.69	2.44	2.01	-0.28	-1.98	1.13	-2.34
5.46	7.46	9.89	-3.41	-6.93	5.56	5.48	5.16	-3.32	-4.34	-4.22	-3.46	-6.34
6.37	0.55	2.38	-4.66	-5.94	9.98	8.35	8.89	-3.65	-1.26	3.57	1.97	-1.72
-0.57	-5.10	6.67	1.98	-6.34	4.39	0.61	4.19	-1.43	-2.95	6.48	2.61	-2.53
-4.02	-3.08	7.19	2.65	-1.03	8.90	8.98	4.13	1.45	-2.53	0.93	-5.17	-3.32
-0.98	-1.01	9.87	-1.62	-1.17	9.09	2.34	4.67	3.18	1.01	2.62	0.42	1.26
-2.68	-3.62	12.42	-0.33	0.12	5.61	2.76	7.78	4.83	0.67	2.73	1.95	1.76
-4.94	-3.69	7.10	0.86	-0.33	7.69	4.10	5.77	0.13	-0.41	3.48	-0.27	0.26
-8.17	-6.45	13.74	3.81	-1.40	9.95	3.07	7.61	2.48	-0.34	6.49	-0.69	-3.07
-6.61	3.04	0.84	-0.01	1.33	1.75	-0.59	-0.28	0.52	1.48	-0.31	-2.74	-1.33
8.03	-4.64	4.57	5.84	-1.06	-0.08	-2.42	10.78	3.92	-5.19	1.25	2.64	-1.90
-4.77	-5.85	-0.65	-3.05	8.78	4.51	-1.93	-0.95	-1.14	7.80	1.30	3.73	-2.51
-4.37	-7.71	2.21	2.55	11.61	4.04	-2.47	-2.65	-3.81	9.69	0.03	6.34	-2.06
-0.89	-10.87	7.84	9.73	10.20	5.17	-5.59	3.90	1.92	5.70	-0.63	0.96	-5.90
6.75	-20.57	20.01	10.97	3.11	7.54	-7.78	3.68	-0.38	0.55	-2.00	2.78	-5.14
8.74	-20.34	21.03	12.66	-2.09	8.81	-9.11	4.91	0.33	-4.99	2.46	-0.63	-4.91
5.11	-22.44	23.33	9.38	0.52	9.42	-8.54	3.78	0.60	-4.83	2.57	-2.45	-6.33
-5.74	-13.10	15.71	3.04	3.45	6.07	-8.56	0.25	2.86	-5.82	1.06	1.57	-8.17
7.85	-9.52	9.97	-1.59	-1.57	0.97	-2.17	-2.04	1.48	-2.29	0.65	0.72	-7.82
-5.80	-27.22	20.05	5.54	6.43	3.28	1.52	-0.62	8.00	-3.95	0.58	6.13	-10.05
9.21	-37.40	29.17	10.36	-0.77	5.25	-6.88	5.65	6.15	-6.08	0.34	3.74	-6.35
5.85	-38.22	31.94	10.69	0.43	3.93	-6.79	6.51	5.78	-6.02	-1.29	4.29	-5.90
3.29	-39.10	33.33	14.68	-4.13	5.47	-8.55	8.46	6.50	-8.79	2.87	2.91	-2.69
-0.03	-38.43	36.33	14.21	-6.49	7.07	-7.94	10.97	5.17	-8.53	2.28	1.35	-1.43
-6.12	-33.97	37.55	13.26	-4.44	4.00	-3.55	8.95	5.68	-8.68	1.69	4.44	-5.21
-15.21	-27.30	29.77	10.71	-4.61	2.55	0.45	8.23	3.74	-6.08	3.80	3.74	-1.93
-17.04	-17.32	22.12	8.75	-6.35	0.73	-1.20	6.48	2.00	-8.54	2.13	3.70	-4.57
-6.67	-34.42	40.27	11.70	-7.60	6.09	-0.20	8.89	6.53	-8.46	4.21	6.38	-5.83
-6.71	-34.70	37.57	14.30	-9.96	7.15	-1.49	10.69	4.19	-6.36	4.18	4.83	-3.44
-7.37	-31.96	36.17	13.48	-10.43	6.85	-1.82	10.05	3.31	-6.64	6.09	4.67	-3.12
-6.46	-32.90	34.79	13.84	-9.93	8.61	-1.67	10.77	3.28	-6.40	6.35	3.91	-4.34
-7.54	-33.83	35.54	12.12	-11.22	8.97	-3.24	13.97	2.32	-4.30	5.50	6.12	-3.19
-6.89	-29.02	37.00	12.37	-9.54	1.10	-1.53	9.80	4.05	-3.58	7.90	7.29	-5.95
-12.33	-18.11	27.36	9.10	-5.66	-2.35	-3.52	6.94	2.55	-5.88	4.73	1.34	-4.15
-5.78	-30.23	31.33	10.56	-2.16	0.77	-2.53	7.30	1.43	-7.63	4.88	4.20	-4.63
3.60	-25.74	31.15	5.89	-4.66	1.26	-10.98	10.08	1.79	-5.02	1.21	1.13	-3.99
4.82	-16.02	17.55	1.20	-1.61	4.42	-12.21	4.41	4.33	-1.87	2.39	-0.79	-3.24
13.78	-20.62	12.13	7.36	2.74	4.59	-7.69	9.40	1.53	-6.97	8.02	0.46	-6.80
9.14	-19.49	7.66	8.71	1.01	0.71	-4.19	7.89	-0.12	-3.30	8.63	0.22	-4.56
7.62	-22.28	8.26	7.39	0.45	1.11	-4.75	11.05	2.14	-0.84	12.48	0.08	-7.79
11.12	-27.42	9.52	7.41	-0.08	4.24	-4.62	12.24	2.23	-1.32	13.82	-3.83	-7.32
-16.17	-25.79	5.35	2.35	2.72	11.87	3.42	6.05	-0.13	1.49	5.18	-0.46	-3.77
-11.51	-2.70	-1.64	1.38	-0.21	-1.49	-0.66	0.88	-0.66	-0.70	0.24	-1.73	-2.24
5.19	-28.87	9.87	5.91	2.68	6.62	-4.24	4.76	-3.00	-1.17	10.24	-1.91	-3.50
13.56	-32.77	11.20	7.22	1.79	7.43	-7.03	7.66	-3.11	-0.79	10.11	-3.33	-3.24
15.10	-27.74	10.06	6.15	2.06	7.23	-5.84	4.72	-1.61	-1.50	8.96	-2.93	-0.26
14.70	-26.32	10.73	4.30	0.85	8.15	-6.76	4.54	-3.39	-0.52	5.75	-1.00	-0.83
10.13	-22.02	8.48	2.15	1.34	6.87	-4.56	2.88	0.10	0.76	6.39	1.08	1.46
4.51	-18.14	7.81	3.00	-0.80	6.17	-5.58	1.15	1.14	-1.13	4.33	0.01	-1.26
-11.59	1.51	2.71	-2.68	1.64	3.11	-4.87	-5.46	1.85	0.84	0.34	2.02	0.37
-3.02	1.53	-0.11	-2.63	-0.03	-1.36	-7.28	1.72	5.49	-1.58	0.29	-0.06	-1.69
3.11	-10.56	10.10	-4.53	-9.26	-5.49	-9.01	2.95	6.49	1.26	-5.77	3.37	2.92
7.58	2.98	8.38	-7.65	-8.54	-4.09	-5.54	-2.02	9.18	1.29	-2.63	4.57	3.64
-3.23	-3.57	-2.19	-4.39	-3.16	-0.76	-1.39	5.05	7.04	-0.25	0.19	1.95	-2.62
-7.98	-0.36	0.80	0.55	0.71	-0.46	-6.73	-1.25	-2.14	0.95	1.63	0.25	-0.39
-17.88	-5.26	-2.84	1.85	-0.21	-2.38	-6.36	-0.20	-0.37	-4.92	-1.64	-3.53	3.00
-17.95	-1.34	1.30	4.71	1.41	1.70	6.35	11.25	8.08	5.75	-0.20	-3.32	-2.92
-9.80	-1.32	-1.74	1.76	-0.35	0.57	0.86	0.31	1.82	0.00	-0.69	-0.46	-2.20
-15.27	-0.51	-3.12	-1.72	0.23	0.45	1.30	5.29	1.76	1.44	-0.76	-2.84	-0.86
-14.53	0.54	1.32	7.03	0.13	-3.29	-1.90	4.18	1.02	0.48	-0.82	-0.81	1.43
-8.84	1.61	6.31	-1.94	1.78	-0.26	-3.98	1.38	-1.25	-3.39	-3.20	-2.33	1.44
-8.11	-0.19	3.27	3.07	1.94	-1.80	-1.61	-4.17	-5.06	-5.70	-4.19	-4.06	3.45
-1.93	0.87	3.58	-1.22	-0.76	-2.72	-1.00	-2.23	-3.39	-3.94	-2.60	-0.90	5.39
2.57	-0.18	2.51	-1.05	-4.81	-1.03	-2.52	1.74	-3.17	2.55	3.41	2.69	3.20
-0.62	-4.04	-1.40	-8.44	-5.58	0.40	-1.67	-1.80	-3.83	-4.67	-0.77	0.57	2.97
-9.88	-0.30	-0.69	-3.13	-3.34	0.70	1.27	0.23	-1.72	-0.75	0.02	0.56	-0.44
-11.35	-2.67	-0.18	1.60	-2.44	-0.08	-1.43	-1.22	1.72	3.80	3.53	2.50	1.68
-1.21	-7.68	-6.36	-3.51	-2.07	1.29	3.17	1.02	3.20	5.25	6.33	4.68	1.26
0.74	-4.87	-8.28	-5.37	0.65	3.29	-0.42	-1.92	-0.58	1.13	4.57	5.03	3.16
-5.24	-8.66	-4.78	-1.37	-0.56	2.25	-0.33	-4.07	-3.58	1.65	3.62	0.05	-1.64
-1.45	-6.21	-4.75	-1.93	-0.94	0.37	-1.93	-3.13	-3.50	1.50	3.34	1.34	-0.86
-3.35	-8.11	-5.22	-2.97	-1.93	0.09	-4.05	-5.16	-1.07	3.43	3.55	0.20	0.20
-4.87	-13.01	-3.10	-0.91	-2.27	3.00	-0.84	-2.75	0.77	1.95	1.68	0.58	0.75
-8.86	-5.38	4.92	1.06	-2.24	3.63	-4.02	-6.43	-1.60	2.52	2.91	1.28	-2.18
-7.03	-7.15	2.31	4.45	-1.60	-1.08	-3.33	-3.01	-0.06	0.28	0.86	0.16	-1.40
-9.02	-15.93	5.61	4.63	-2.87	1.66	-1.18	-0.48	2.04	-1.75	-1.91	-1.86	0.11
-7.41	-15.66	2.83	5.29	-1.03	1.20	-2.47	0.23	3.33	-0.69	-1.31	-0.68	0.61
-8.63	-16.48	5.95	1.44	-2.51	5.72	-5.94	-4.53	3.93	-0.95	-2.18	-0.05	-0.93
-6.50	-17.35	5.58	0.25	-5.46	5.54	-4.18	-7.60	0.26	-0.95	1.98	2.00	-1.76
-5.48	-15.43	8.48	6.35	-2.22	4.84	-2.54	-3.88	0.92	-1.95	-0.34	1.84	-1.62
-3.72	-15.41	7.04	2.63	-2.06	8.07	-2.27	-4.28	2.59	-0.23	1.73	1.29	-4.64
-12.81	-5.63	-0.26	1.09	1.27	7.66	3.98	3.62	-1.74	-2.21	-0.07	2.37	-2.25
-7.32	4.16	3.37	-1.11	-3.72	-0.91	2.22	-2.24	0.58	0.64	-2.68	-1.57	-3.09
-10.23	1.18	-0.96	2.27	-5.43	2.05	3.83	-3.47	1.67	-1.65	-1.71	5.94	-7.13
-8.88	2.13	-0.24	3.02	-1.98	-2.84	5.03	-1.79	-5.78	-5.49	-4.30	0.76	-2.71
-12.77	1.21	-1.57	1.39	-5.75	0.52	9.39	2.16	-3.89	-0.25	-1.13	6.51	-1.78
-9.38	-8.47	-6.14	-8.81	-3.37	1.93	3.19	-3.11	1.66	3.08	0.92	6.51	0.06
-0.99	1.02	-1.25	-4.34	0.89	3.22	0.07	-1.84	3.66	4.27	1.58	6.33	1.92
2.87	-1.96	-3.17	-0.19	-3.69	0.35	-1.35	1.99	2.73	-1.98	3.27	7.36	3.57
7.82	-0.60	-7.09	0.19	0.98	0.21	1.63	-1.22	2.15	-1.86	0.82	5.73	0.98
4.40	3.27	-2.87	-1.42	-2.73	0.87	1.21	0.53	0.62	4.59	5.87	4.18	1.68
3.32	1.57	1.95	1.23	-3.75	-5.33	1.92	-1.29	0.68	0.88	2.84	2.17	3.10
-1.54	-0.86	-2.59	-0.37	-2.68	-2.56	-0.12	0.13	4.85	0.27	-1.29	-0.86	1.43
-5.73	-4.05	-6.40	-2.09	-0.42	-0.31	-3.10	-3.08	3.88	3.61	1.28	3.67	0.45
-10.28	-1.28	-3.61	-1.64	-1.57	-0.59	-0.42	-0.43	-0.43	0.59	-0.03	-0.23	-0.38
-1.88	0.16	-2.24	-7.87	-6.84	-3.85	-0.53	-3.17	1.82	2.15	3.93	-0.25	-2.65
3.10	1.25	-2.05	-1.51	-6.20	-3.25	0.67	3.24	5.70	4.75	0.46	0.58	2.18
3.43	4.58	0.08	-6.13	-9.02	0.69	2.11	3.11	5.59	6.61	1.57	-1.56	-2.59
8.77	3.82	1.66	-0.24	-5.12	0.75	0.90	2.11	4.04	5.67	2.11	-3.98	-0.12
-1.89	1.10	9.40	3.08	-2.95	-0.40	4.30	3.19	1.02	4.80	4.02	4.43	1.53
3.42	-2.80	0.68	4.75	-2.83	-1.86	5.41	3.97	0.30	3.92	3.92	-1.16	-2.76
-0.26	1.96	5.35	4.94	-0.27	2.17	0.22	-1.05	1.62	4.90	1.58	-3.14	-0.35
1.92	-0.81	3.87	1.00	-5.05	1.80	3.09	0.24	2.06	-2.74	-3.35	-2.06	-3.11
-10.37	-0.37	-1.26	-2.20	-3.69	-1.30	0.29	-0.58	-2.61	-2.13	-0.59	0.66	3.37
-2.25	-1.49	4.85	2.79	-3.58	1.84	0.20	1.06	-0.13	-1.22	-3.67	-8.06	-3.00
-0.80	2.40	2.63	3.41	-7.33	2.53	1.00	-1.28	5.54	-1.71	-7.42	-2.30	-1.98
-5.15	-3.00	9.20	9.47	-1.72	0.74	-0.34	1.68	4.50	2.04	1.78	-0.59	0.16
-5.22	-0.22	8.29	8.19	3.50	-1.04	-0.15	-1.24	4.64	-0.32	-1.10	1.49	-3.75
-5.35	0.65	10.32	6.90	0.66	1.83	2.41	4.74	4.68	1.81	-1.42	-1.77	-1.41
0.32	4.69	10.88	5.10	0.28	-4.01	-2.78	-0.94	5.56	-0.96	-2.11	3.03	1.06
3.01	8.83	7.12	1.75	-1.28	-1.75	-3.45	-5.37	0.18	0.02	-4.53	-1.18	0.04
5.64	6.06	9.34	5.41	-6.81	-5.20	-4.16	-3.34	1.53	-2.73	-2.35	0.48	-0.80
4.50	1.26	3.14	-3.85	-11.14	-0.97	2.29	2.53	7.24	1.56	-2.30	-1.10	2.64
6.74	10.33	7.29	-2.07	-9.42	-3.04	2.73	2.94	3.44	-3.63	-6.61	-5.30	-0.88
0.75	7.28	4.60	-0.94	-5.75	-2.48	-0.90	-0.71	4.06	-0.09	-0.61	-2.77	-4.16
6.28	7.09	0.91	-4.19	-8.49	-3.33	1.83	-3.94	-0.46	-0.89	-0.29	-1.55	-6.07
5.57	6.97	0.14	-8.09	-5.23	0.06	5.19	0.99	4.00	0.71	0.13	-0.73	-0.49
9.27	2.74	4.40	2.73	-2.69	1.13	3.79	10.34	7.11	3.00	4.75	2.71	-2.23
-3.40	3.12	-3.14	0.06	2.46	1.84	0.58	1.14	1.34	1.43	0.35	0.30	0.35
-2.79	0.29	-1.37	5.43	3.90	-2.06	-2.18	3.41	0.45	-2.89	-0.36	0.68	-1.45
11.53	-6.43	4.10	13.50	1.88	-6.52	3.27	16.35	2.58	2.04	6.51	2.88	-3.85
10.95	-4.78	-2.50	14.19	3.27	-5.33	3.97	8.41	7.90	1.19	10.91	6.43	-3.09
10.13	-7.57	-0.43	13.34	-1.40	-3.97	4.78	10.59	2.35	-3.94	6.87	4.65	-1.74
3.64	-1.74	-1.37	5.76	2.97	1.24	2.75	6.90	3.42	2.95	5.99	4.24	-3.38
-4.67	-11.43	-4.43	-3.54	4.98	4.96	6.88	4.66	1.11	6.08	3.55	-0.11	-0.86
-10.81	-14.81	-9.85	-2.01	5.20	6.01	3.58	0.21	-5.71	3.95	-0.08	-3.57	-4.68
-9.97	-7.44	-4.68	5.78	4.06	0.92	0.06	-1.38	0.45	11.03	-0.68	-0.88	-6.94
2.20	-13.30	14.20	7.62	5.38	1.23	-4.58	2.60	1.38	0.04	2.20	3.14	-5.33
12.29	-28.06	24.14	7.68	6.75	5.97	-9.51	3.13	-0.51	-3.33	2.84	1.12	-5.53
-4.17	-14.24	13.56	9.37	6.21	5.02	-2.65	5.89	1.81	-4.38	3.21	-0.58	-8.31
8.60	-17.64	7.74	10.87	-2.31	11.89	-4.90	-1.67	3.09	-6.75	5.84	0.27	-4.75
14.40	-26.52	19.37	12.26	3.64	8.86	-7.76	0.66	3.77	-5.59	3.86	-1.10	-7.57
18.61	-37.82	29.08	12.22	3.79	6.60	-10.78	6.91	3.68	-5.95	-0.62	1.37	-7.38
12.31	-35.99	31.73	13.48	0.47	5.11	-8.21	7.62	4.64	-8.06	-0.38	1.48	-5.16
4.00	-33.26	30.83	15.86	0.03	4.01	-6.93	6.98	6.13	-8.58	-1.00	1.68	-3.59
14.05	-42.73	38.27	11.80	-0.70	4.78	-7.21	8.64	5.64	-9.58	0.14	1.73	-2.31
-32.90	-17.35	16.11	18.54	12.11	1.25	-3.98	4.21	-2.42	-9.59	-1.65	-0.58	-3.26
-14.17	-14.83	17.92	9.04	-6.20	2.39	1.50	2.87	-1.12	-7.95	1.12	4.90	-0.79
0.13	-36.37	40.94	10.07	-4.39	3.35	-3.30	9.33	-0.41	-5.24	0.20	5.77	-5.79
-1.04	-33.12	38.54	11.74	-5.04	4.16	-4.26	12.85	0.02	-7.84	2.24	4.52	-4.79
-0.05	-31.43	38.98	10.58	-7.85	3.86	-2.98	15.53	2.41	-8.14	3.53	3.67	-5.00
-2.17	-27.11	39.07	9.43	-11.73	2.19	-0.37	14.04	1.81	-5.41	2.88	4.89	-5.69
-4.34	-24.22	41.99	9.52	-14.26	1.91	-3.72	11.63	1.41	-5.26	5.68	4.02	-5.61
1.00	-26.00	41.40	7.34	-13.70	1.76	-1.32	10.82	-2.61	-6.82	3.82	2.34	-5.19
-16.91	-26.95	18.44	4.76	-4.75	-0.49	-0.14	8.41	3.76	-0.10	3.46	2.26	-0.39
-14.12	-7.80	7.17	1.48	-5.14	2.61	2.73	2.78	1.21	0.65	5.18	2.53	-1.24
0.72	-25.74	30.73	0.32	-13.16	4.47	-2.26	7.75	-5.77	-8.32	5.37	0.02	-5.00
-0.04	-27.53	30.04	0.51	-12.41	3.31	-3.27	7.98	-5.51	-9.57	5.18	0.26	-6.28
6.26	-27.42	28.94	-1.21	-10.38	6.58	-6.69	8.60	-2.10	-8.15	4.82	-0.88	-4.87
13.68	-24.79	16.57	0.08	-1.11	5.51	-12.36	9.56	5.46	-7.25	2.48	-2.38	-0.78
12.72	-24.91	10.38	7.14	1.23	-0.55	-4.97	10.71	0.35	-3.25	6.85	-5.09	-4.89
17.36	-26.36	13.27	5.22	0.92	-0.19	-5.44	10.12	-0.61	-2.01	7.31	-6.77	-2.13
-2.07	-6.36	-1.35	6.74	7.42	-0.11	-2.91	3.53	-1.69	-3.11	1.26	-1.74	-1.84
-3.37	-23.36	8.92	-0.99	0.71	3.10	-1.10	4.20	0.22	-1.49	2.31	-5.54	-1.05
9.44	-25.30	14.72	6.04	2.72	1.49	-6.82	7.02	-1.40	0.30	6.83	-4.84	1.57
4.37	-23.98	12.14	4.61	2.61	3.64	-3.83	5.95	0.16	0.54	5.65	-3.60	1.72
-0.09	-24.25	10.44	4.05	3.43	2.72	-4.16	4.77	0.71	1.37	5.39	-4.18	1.02
6.89	-25.37	13.41	2.29	3.17	2.09	-6.33	3.77	0.52	0.26	5.19	-5.46	1.80
4.79	-20.84	12.28	3.59	3.27	3.20	-5.49	3.08	-0.72	1.75	2.86	-3.95	2.63
4.18	-16.92	13.25	8.26	-1.05	0.92	-5.91	1.10	5.45	0.65	2.03	-1.19	2.39
-4.38	-20.25	13.83	5.91	-4.68	7.27	-6.78	-2.97	3.15	-0.44	-0.38	1.88	-2.31
-3.97	-7.73	6.61	1.86	1.26	0.98	-10.31	-2.04	4.85	-0.41	2.34	6.74	1.57
-7.64	-1.16	1.36	1.36	-4.29	-4.40	-7.26	-2.37	5.08	-0.84	-3.96	1.29	-0.44
-8.92	-6.90	-0.34	-2.82	-1.85	0.42	-3.32	-0.28	1.94	-1.50	-0.96	4.66	2.04
-25.05	-4.03	0.82	2.78	-2.64	1.62	-4.13	6.73	3.81	4.16	-1.30	4.12	4.92
-30.67	-3.79	2.37	9.09	1.22	-3.59	-1.01	1.23	-0.54	-0.77	0.10	0.25	-0.65
-28.87	1.32	-1.19	8.17	4.18	-6.51	-1.00	1.99	-0.01	1.14	-0.18	0.58	0.78
-33.35	1.50	0.82	4.55	3.66	-3.39	-2.79	3.52	3.31	2.67	-3.27	-1.47	0.50
-36.83	-8.05	-2.34	3.93	3.69	-1.43	3.80	6.21	1.86	1.85	2.17	2.74	2.58
-38.44	-2.57	4.29	7.08	2.85	0.70	0.80	2.91	2.38	1.61	2.30	2.04	-0.59
-12.95	-0.26	-1.47	0.27	1.39	0.51	-2.20	1.73	0.32	-0.41	-0.26	0.72	-0.48
-9.51	-0.31	-2.41	0.79	0.61	0.35	-1.48	1.42	1.70	-0.75	0.28	-0.99	0.52
-29.25	-1.35	-2.17	2.71	0.61	-1.94	-2.52	0.13	2.31	-1.70	-4.56	-1.23	1.65
-32.77	-2.43	-0.69	2.77	-2.12	-2.31	-2.83	3.28	1.73	0.51	2.03	4.35	3.99
-31.73	-0.36	-2.27	7.44	2.15	-1.64	1.56	6.87	4.73	3.38	3.28	1.65	3.49
-25.80	-0.50	-1.66	3.14	-6.47	-1.70	-0.85	0.54	-2.11	1.87	3.91	0.82	1.91
-28.45	-2.59	-5.63	-0.41	-3.41	-4.29	-0.24	4.46	3.89	4.48	2.25	2.19	1.94
-29.06	-6.62	-1.70	5.81	3.13	0.61	3.66	6.46	1.67	4.81	2.93	0.21	1.63
-24.89	1.28	-3.21	3.75	1.79	0.02	1.58	2.73	2.91	1.64	-0.06	-2.72	0.20
-26.90	-1.45	-4.20	1.25	1.07	3.35	2.41	6.54	0.02	0.02	-3.52	-1.93	3.60
-24.97	-1.50	-4.03	2.66	-1.21	-5.45	-1.31	7.21	3.78	-1.39	-0.97	-2.09	0.14
-28.11	-4.08	3.30	3.78	-3.28	-8.88	-3.46	4.59	0.68	-2.61	-2.86	-0.92	5.17
-25.79	1.11	0.18	3.04	-3.72	1.34	7.16	8.79	1.74	2.36	-0.37	3.71	1.41
-27.22	-0.69	-5.58	1.89	-1.74	-1.55	2.65	9.24	4.45	2.20	0.32	-0.52	2.94
-26.47	-3.25	-0.66	4.63	-3.60	-6.89	-1.36	6.17	2.10	-1.98	-2.34	-6.59	0.13
-21.12	1.45	-0.10	-2.00	-7.92	-8.93	-3.67	3.66	4.23	0.09	-0.65	-0.65	1.12
-3.71	16.76	8.47	8.29	-1.01	-3.27	-8.15	-2.11	-2.18	0.82	-6.63	-5.02	2.20
-0.85	15.01	8.22	4.70	2.99	-4.48	-3.37	-2.65	-3.35	-0.13	-2.56	-0.62	4.74
-3.78	8.38	8.60	7.51	0.42	4.00	-0.14	-5.92	-4.12	-1.84	-5.18	-0.00	-0.78
-8.26	7.47	6.97	9.48	1.42	-2.12	-2.19	-0.41	-3.01	1.95	-4.19	-2.94	2.29
-9.01	1.94	6.17	11.11	0.35	-2.53	-1.55	0.46	-4.77	1.30	-2.79	-2.02	2.19
-8.93	4.24	5.12	4.25	-2.78	2.75	6.21	3.62	-4.75	-7.16	-4.65	1.47	2.22
-5.20	2.47	2.28	2.20	-2.11	-3.17	-0.60	1.94	-2.49	-0.69	-5.71	-2.78	2.50
-8.46	2.02	0.82	4.10	0.41	-4.72	-0.98	3.30	2.13	1.64	-2.43	-1.11	-0.13
-11.73	-0.04	-1.56	-1.37	-1.00	0.15	-0.40	0.17	0.16	0.21	0.28	-0.60	0.08
-11.28	-1.16	-4.42	1.04	0.23	-3.09	-1.24	-1.37	-0.43	1.41	0.51	-0.03	-0.40
-13.15	4.52	4.79	3.95	1.49	1.34	2.28	3.91	-1.29	0.26	-6.36	-5.00	2.50
-16.58	0.67	1.49	-1.65	0.42	-4.33	-3.29	6.02	1.55	3.61	0.82	0.46	2.18
-16.49	0.39	5.81	4.56	1.04	0.03	1.93	1.69	1.55	3.54	-3.41	-0.98	2.29
-21.12	-2.57	2.55	0.84	0.93	2.47	0.92	6.19	-1.26	0.67	-1.35	-4.25	0.08
-12.65	0.36	8.98	6.06	1.33	1.42	0.98	0.63	-0.63	3.20	-0.79	-2.31	2.88
-11.91	-8.52	2.26	5.47	3.23	1.18	0.18	3.40	0.02	4.70	2.13	3.20	3.51
-5.88	3.02	8.70	4.73	1.21	-0.14	0.27	1.20	-1.49	-1.12	-0.97	2.53	3.61
-9.10	-6.49	4.23	1.28	-4.93	-0.85	-1.12	-1.81	-0.55	2.39	-0.95	-1.62	0.96
-9.25	2.70	2.58	1.04	-0.99	1.49	2.61	1.17	-0.97	-0.08	-0.70	0.07	1.67
-11.28	-1.97	-1.48	0.03	2.16	1.65	-1.33	0.54	0.92	-0.78	-1.58	-1.93	-1.21
-6.45	-2.57	8.20	8.15	-4.50	-2.69	-0.92	-0.15	-1.01	2.62	2.09	-1.37	-1.26
-9.99	-5.83	4.96	4.08	-0.42	-0.86	1.85	-1.06	-3.30	-0.13	3.34	1.45	-0.24
-4.81	2.22	8.22	3.76	-5.29	-5.67	-0.19	-2.21	-1.22	7.37	6.48	1.91	1.91
-0.82	0.80	2.53	2.30	-5.56	-4.82	3.05	5.16	1.54	4.25	0.29	1.76	3.62
-2.31	0.69	0.08	1.84	-1.74	-5.12	-5.99	4.13	0.82	0.47	4.41	5.38	4.59
-1.83	-16.16	11.64	-4.63	-6.30	5.86	4.31	7.00	-1.99	2.55	0.35	2.22	10.74
-0.45	-20.72	10.11	-4.19	-0.31	14.50	1.55	-0.50	-3.91	4.10	5.03	0.13	5.67
-4.87	-16.50	10.08	-4.24	6.27	12.03	3.22	-6.69	-3.48	5.97	1.13	-0.55	5.55
-0.23	-11.10	8.84	-7.39	-0.40	6.80	0.27	-0.65	-1.09	7.61	8.15	3.94	2.60
0.62	-12.37	11.35	-6.93	-3.54	8.63	-3.67	0.74	-5.71	-0.61	0.91	-0.62	1.84
8.79	-12.69	9.61	-6.60	-3.97	9.78	-0.25	-2.69	-6.00	1.65	1.07	-0.02	4.30
5.97	-10.90	7.82	-12.67	-5.85	12.88	2.48	1.39	-2.72	0.12	3.05	1.47	3.86
2.53	-16.35	5.37	-10.60	-10.37	7.86	4.12	1.45	0.75	7.35	5.70	-1.44	1.99
-3.63	-10.59	9.93	-8.27	-10.46	8.48	2.91	-0.95	-0.25	2.61	0.62	-3.68	2.26
-6.46	-11.39	3.63	-8.89	-11.97	5.37	5.05	-1.01	0.38	8.91	5.45	3.74	6.23
-6.08	-12.74	9.23	-8.34	-16.17	3.62	4.77	-0.92	-0.14	5.46	2.87	-2.14	3.31
-7.58	-15.45	5.45	-8.53	-13.04	7.31	1.65	0.92	-1.76	9.68	5.65	-1.52	10.11
-9.03	-13.51	7.41	-3.15	-7.27	10.71	2.04	1.40	-3.49	3.00	0.21	1.10	6.58
0.12	-9.96	8.04	-6.93	-15.10	7.93	2.38	-2.80	2.72	7.04	5.96	0.03	2.00
0.60	-14.92	4.77	-6.44	-11.47	6.20	2.67	0.80	2.39	6.25	0.47	-0.83	2.39
-0.98	-6.84	9.75	-5.32	-6.11	9.52	2.59	3.28	1.91	9.64	7.25	-4.59	0.85
3.81	-5.77	2.73	-4.45	-8.71	5.73	4.56	-1.15	3.73	4.87	0.92	0.52	3.74
7.04	-6.42	10.36	-4.88	-8.47	6.10	3.95	-0.83	-5.79	1.82	1.82	-2.25	0.22
5.11	-4.36	6.24	-6.95	-1.82	2.24	-0.87	1.01	-6.08	2.00	4.40	1.52	4.62
4.22	-4.17	4.97	-6.95	-2.27	6.52	-0.89	-3.69	-4.22	7.96	8.88	-2.97	-0.29
-0.30	-5.84	5.23	-9.77	-4.27	6.81	-3.12	-4.81	-9.17	4.25	3.23	-3.72	-4.10
3.87	-3.57	9.46	-11.29	-5.63	0.16	-3.45	1.32	-3.08	6.11	1.01	-3.30	-0.22
4.52	-6.12	8.18	-11.95	-1.62	8.39	-0.33	-1.49	-6.45	6.36	-3.46	-3.57	-0.77
-0.48	-3.61	9.92	-13.26	-3.65	2.85	-0.77	-3.32	-3.73	9.72	-1.19	-3.11	-2.34
-15.45	1.15	3.25	1.13	-0.98	-2.76	-1.47	-2.52	-1.58	1.81	-1.26	1.10	2.45
-14.22	-4.80	4.32	-0.28	0.38	4.44	3.92	-0.24	1.24	2.79	-0.89	-2.59	3.10
-3.67	-4.92	10.97	-1.98	0.65	4.77	3.48	2.89	-3.23	5.53	-0.32	-1.71	2.80
3.44	-2.81	9.82	-1.85	1.81	2.72	4.71	3.87	-4.05	1.03	-0.20	1.80	2.56
-4.23	-9.63	8.87	-0.10	5.56	2.23	3.41	4.87	-5.20	1.30	-0.50	-1.95	3.68
1.32	-4.16	8.71	-2.62	7.91	4.37	3.91	3.33	-4.32	1.28	-0.64	-3.16	0.88
-2.43	-11.09	6.12	-3.28	5.87	2.13	2.60	5.34	-1.27	3.70	-1.23	2.38	3.79
-2.14	-10.39	9.38	-2.16	0.94	7.01	6.22	6.47	5.18	7.04	3.36	-0.37	4.96
-0.76	-6.22	10.24	-2.41	3.09	6.92	6.27	6.47	1.74	8.11	5.28	1.44	4.85
0.91	-7.95	3.83	-9.18	1.04	3.95	3.48	9.43	0.64	6.51	1.65	1.24	6.73
-9.06	-0.61	2.86	5.04	4.05	3.35	0.60	1.55	-0.31	-1.34	-0.39	-1.16	-3.31
-5.61	1.27	1.01	4.28	2.17	-0.69	-0.28	-0.67	-3.11	-0.65	0.09	1.25	1.50
14.89	-5.13	6.72	10.82	0.32	-4.62	0.33	11.52	-2.31	-3.85	5.06	1.61	-1.95
8.87	-5.66	10.46	9.53	-2.23	-0.88	6.36	14.52	3.50	2.86	4.73	-1.01	-4.91
11.18	-10.29	10.47	11.35	1.31	-5.00	2.31	14.16	0.23	0.65	6.85	2.02	-2.04
12.96	-6.76	7.22	10.21	-0.46	-4.35	3.63	14.02	3.86	-1.60	7.64	1.41	-4.04
15.43	1.62	2.82	4.76	-3.06	-0.18	3.47	10.64	1.41	-0.27	-1.26	-1.35	-1.00
6.72	-6.17	-0.44	3.02	7.32	0.88	0.00	0.64	-0.32	2.10	-0.45	0.56	-2.11
5.09	-13.60	-6.82	-4.74	10.98	-0.04	-2.45	-4.82	-4.32	7.94	-1.68	1.48	-2.77
-0.48	-10.66	-8.65	-0.93	15.35	0.39	3.97	-5.84	-6.62	9.98	-4.38	1.13	-1.86
9.39	-23.80	21.88	11.67	6.63	4.77	-3.65	2.78	3.29	-1.77	1.50	-0.17	-8.44
10.49	-17.94	16.64	11.22	5.38	3.73	-4.88	-1.08	1.97	0.57	-1.22	0.74	-7.44
11.48	-24.01	18.27	16.11	1.74	10.35	-7.43	-2.20	5.56	-1.59	-1.05	2.03	-10.69
0.58	-10.94	4.40	5.70	-0.74	8.47	5.13	-2.57	-0.49	2.58	-2.74	3.17	-7.55
-0.69	-13.90	7.13	6.01	0.75	9.16	2.36	-2.46	2.60	0.53	-0.09	2.88	-5.05
-5.00	-13.44	14.98	10.88	2.17	8.52	-2.09	-1.98	5.40	-2.83	1.74	0.21	-5.77
9.34	-34.41	25.88	10.52	-1.54	5.81	-6.98	5.24	6.61	-5.87	2.03	0.95	-6.60
-1.21	-31.90	30.09	14.30	3.08	-1.49	-6.14	1.54	5.38	-4.41	-2.31	2.98	-7.15
-5.73	-31.22	29.88	13.24	-1.34	2.94	-6.28	6.95	2.76	-7.42	0.41	-0.57	-3.67
-10.73	-18.77	20.90	12.58	-2.60	-0.52	-4.42	4.71	2.64	-9.77	-2.28	0.50	-3.74
-1.88	-36.07	41.10	12.79	-3.49	3.28	-7.03	12.41	2.01	-5.31	1.34	-0.06	-3.20
-4.27	-35.04	38.32	11.02	-2.72	3.58	-4.48	10.17	3.28	-6.76	2.25	-1.52	-3.04
-4.24	-36.96	40.27	10.13	-4.26	4.07	-4.98	11.56	1.72	-6.24	0.56	0.59	-3.94
-4.82	-36.79	39.64	9.74	-4.05	4.64	-3.11	10.02	2.50	-7.51	0.98	-1.61	-3.61
-3.56	-37.93	38.29	8.36	-3.99	5.46	-3.88	9.42	1.96	-5.61	0.93	-2.17	-4.04
-1.85	-37.44	41.08	9.23	-4.79	5.63	-4.76	8.74	-0.35	-6.78	1.26	-1.12	-3.08
-13.86	-23.71	28.17	10.63	-6.76	4.20	-0.95	6.47	1.16	-6.65	2.44	-0.55	-3.54
-1.91	-28.75	37.97	8.80	-6.11	4.18	-0.29	11.14	1.19	-8.99	2.70	0.12	-2.57
-3.59	-36.61	41.78	9.45	-4.10	3.27	-2.14	10.58	1.20	-7.24	3.83	-0.27	-0.98
-6.69	-32.81	38.67	11.58	-6.06	3.37	-1.90	10.28	2.57	-5.81	2.92	-0.06	-2.45
-1.48	-38.54	41.65	8.19	-3.35	4.28	-3.14	9.85	0.71	-5.16	2.92	0.61	-2.69
-0.92	-38.52	41.55	7.09	-2.79	2.39	-2.24	8.71	0.19	-6.35	1.45	0.54	-2.28
-2.46	-34.66	38.61	10.07	-3.72	3.18	-2.89	7.16	1.34	-5.97	4.67	1.79	-2.60
-4.64	-34.22	41.53	10.99	-3.20	1.74	-1.29	8.48	2.34	-5.76	4.98	3.81	-1.67
-2.87	-15.28	14.49	9.83	-1.15	1.22	0.99	5.84	2.40	-3.47	2.92	3.43	-2.77
-6.11	-33.88	37.84	10.03	-2.28	3.88	-2.44	10.57	1.48	-3.72	7.06	3.79	0.27
-4.01	-35.14	42.27	7.94	-2.53	2.00	-2.96	8.56	-0.69	-4.51	3.90	1.71	-3.68
-6.69	-30.88	37.91	10.08	-2.73	2.36	-1.00	8.90	-0.27	-3.60	4.84	1.85	-2.73
-7.46	-32.08	40.98	11.49	-2.31	4.49	0.40	11.34	0.26	-4.42	6.14	2.37	-3.19
-11.17	-32.86	43.73	9.79	-2.68	2.94	-0.53	10.97	0.52	-4.47	6.49	5.07	-2.06
-7.21	-35.80	44.14	7.85	-4.39	5.11	-0.84	11.53	0.38	-4.34	5.08	3.19	-2.69
-8.54	-28.28	41.23	6.59	-10.58	2.35	-2.09	10.14	2.39	-4.31	7.10	2.00	-2.04
-4.99	-28.76	40.54	2.14	-12.17	3.35	1.57	11.51	1.37	-6.83	5.50	0.60	-0.17
-19.35	-8.54	15.75	5.73	-6.18	4.05	8.01	9.57	1.62	-2.73	5.81	2.29	-6.23
-3.61	-27.45	41.52	0.23	-9.99	2.95	-2.19	7.15	-2.92	-6.80	5.90	2.29	0.36
-0.42	-26.27	38.78	-2.16	-10.66	2.96	-1.59	10.66	0.77	-6.37	4.22	-3.94	0.58
2.03	-22.18	31.11	-3.01	-8.70	0.57	-2.33	7.94	2.03	-4.64	0.26	-0.72	2.47
11.57	-25.41	23.88	-8.30	-3.02	2.64	-1.45	6.08	2.79	-2.23	0.07	0.59	4.04
5.09	-21.82	18.12	-2.60	-3.36	0.15	-6.37	6.40	6.91	0.15	-0.56	1.55	3.30
8.62	-21.81	16.14	-2.72	-2.14	-1.63	-10.58	6.43	9.70	2.30	-5.36	5.15	0.34
-14.25	-17.28	-0.19	1.32	4.16	-0.22	-4.86	5.56	5.18	3.82	6.81	-1.33	-3.46
-6.82	-8.67	-2.04	1.09	-0.72	-0.51	-2.61	1.99	4.75	1.69	0.94	0.12	-0.10
9.36	-35.86	19.07	7.93	5.95	1.68	-9.91	7.82	2.61	-0.36	2.99	-9.52	-3.22
9.99	-36.59	12.82	6.24	4.57	2.74	-6.11	11.13	6.55	2.95	7.95	-6.20	-1.60
11.31	-37.70	14.74	6.25	6.57	0.43	-8.44	6.83	0.26	1.10	3.25	-7.40	-3.77
11.27	-30.82	12.07	9.47	7.29	2.37	-7.22	4.49	1.88	2.84	7.97	-3.23	-2.24
11.60	-30.05	9.64	7.91	6.42	4.78	-4.49	5.99	2.40	3.31	6.05	-5.26	-1.81
11.98	-31.96	10.54	6.94	5.11	1.12	-9.60	3.50	0.98	2.10	5.27	-6.84	-5.57
15.45	-29.49	6.84	4.91	2.68	2.42	-11.35	5.71	1.33	0.20	5.01	-5.43	-4.68
18.75	-20.23	4.99	3.18	6.48	2.73	-7.34	4.24	-0.35	0.90	2.75	2.99	-2.73
-9.64	1.72	-1.61	-1.58	1.11	-0.99	-3.99	-2.26	-0.21	1.10	-0.26	-2.17	-2.14
-6.99	-3.31	1.55	-1.18	4.65	3.63	-9.45	-4.06	5.03	1.34	-1.00	3.77	2.29
9.37	-4.96	9.05	0.48	-1.96	4.96	-9.45	-0.47	6.61	3.79	-3.64	1.66	2.57
5.54	-12.24	6.26	-1.37	-3.57	1.41	-13.86	-6.36	2.10	0.59	-1.28	4.30	3.63
3.34	-4.07	5.04	1.97	-2.34	8.57	-4.16	-2.69	3.51	-0.24	-2.14	4.48	2.80
-4.16	-1.33	0.64	4.17	2.03	3.44	-2.04	-0.25	-3.42	0.89	2.61	2.09	4.33
-4.05	9.39	8.58	6.07	2.13	3.38	-3.83	3.53	3.66	1.95	-1.49	-1.71	-0.07
-7.30	8.01	5.86	5.59	7.00	1.22	-2.10	5.79	1.97	-1.35	1.63	-0.87	1.04
-9.39	0.69	0.15	0.60	0.21	2.69	3.33	2.25	2.11	0.10	1.46	-0.91	-2.35
-12.36	-0.41	-1.26	0.87	1.67	1.77	1.83	2.02	1.48	2.63	2.33	0.83	-0.67
-5.13	2.89	8.51	7.93	4.02	3.10	-2.15	2.88	3.74	-0.86	3.06	-2.39	-2.43
-6.01	5.10	4.83	5.49	3.71	4.05	1.66	10.06	9.45	6.81	3.53	1.45	-2.37
-9.59	0.78	4.25	2.59	-3.63	-3.54	0.47	11.46	9.72	8.84	6.67	4.06	1.01
-2.15	7.10	6.74	5.28	-4.13	-4.55	-0.68	3.99	4.68	1.98	3.71	3.74	-1.91
0.13	3.27	6.39	8.83	2.84	0.73	0.06	2.51	3.68	4.80	5.30	4.94	-1.06
-3.93	4.91	8.08	7.83	3.79	1.69	3.44	5.82	4.34	1.61	5.03	2.97	2.20
-5.55	3.49	4.93	5.29	-0.19	-0.81	1.59	5.76	2.04	1.84	6.37	5.06	-0.79
-8.98	-0.64	3.65	2.80	0.07	-0.44	2.57	5.10	-0.71	0.87	2.99	-0.74	0.64
-7.38	0.87	-2.24	0.31	-0.84	-1.14	-1.91	-0.34	-1.08	-0.53	-1.61	-1.31	-0.65
-9.73	0.87	-1.67	0.67	1.01	0.64	-1.02	-1.11	-0.23	-0.37	-1.06	-0.08	-0.29
-11.07	-4.92	0.76	3.06	2.03	-1.09	-1.11	2.94	1.28	2.29	1.05	0.35	3.18
-7.66	-1.47	1.74	0.81	0.01	0.90	-0.25	2.60	0.38	-1.04	1.27	0.07	-0.98
-6.74	0.76	7.87	-1.90	4.09	3.81	-1.02	2.61	3.84	0.03	0.85	3.41	2.88
-5.39	-0.96	5.59	-1.70	3.40	-0.13	-3.22	2.17	-1.32	-1.38	2.43	-1.82	-2.46
-5.97	2.85	12.44	-0.05	2.30	-1.36	-4.10	4.80	-0.61	-3.29	2.33	-2.32	-6.27
-5.81	-3.50	11.20	-2.78	-2.60	-0.47	-4.58	5.21	2.57	-1.53	5.71	3.12	-2.40
-14.10	0.97	4.59	4.44	3.89	-0.70	1.11	4.35	2.73	-4.78	1.54	-0.87	-1.66
-17.37	6.00	-0.64	7.74	0.14	5.29	0.43	7.87	0.69	-4.86	-0.96	-2.16	2.49
-15.02	-2.13	-10.21	6.76	1.76	1.63	-2.37	1.22	0.16	0.46	3.45	2.96	3.92
-15.33	2.27	-7.54	7.68	6.29	-0.52	-0.40	-2.77	1.43	4.16	2.90	1.52	-3.49
-10.16	-0.46	-5.42	5.28	6.96	6.40	0.35	-0.35	1.88	1.69	0.54	0.60	0.96
6.74	0.07	2.18	7.45	3.52	7.10	4.52	-1.68	-2.14	2.81	6.94	0.47	-2.71
10.17	2.41	5.21	5.57	4.73	5.01	4.74	0.57	0.86	2.40	3.55	1.20	-3.75
10.84	4.09	7.48	6.71	-0.94	0.77	0.94	-4.36	1.53	6.98	2.34	-0.68	1.44
8.25	-2.45	5.80	7.17	1.93	7.76	4.55	1.56	3.28	3.72	0.01	-2.95	-0.76
4.70	-2.78	6.20	7.94	2.04	7.98	5.48	0.29	1.07	-0.15	0.59	2.75	2.55
5.62	-0.58	8.39	10.43	5.91	7.56	5.65	-3.30	-1.50	1.23	7.08	2.33	-6.35
2.02	-0.68	5.02	5.28	1.66	1.76	3.50	5.94	4.23	2.30	5.46	1.52	-2.90
-1.72	0.74	4.66	6.89	-0.04	2.28	3.47	2.76	-1.36	2.94	6.49	1.17	-0.61
-1.36	0.86	-1.85	1.55	5.64	4.27	0.08	6.11	5.30	1.34	6.53	6.37	1.16
6.08	-0.59	4.38	0.93	1.57	7.33	2.00	1.65	4.58	-1.66	-0.20	2.81	0.25
-0.03	0.15	2.26	5.32	4.54	9.52	4.12	3.36	4.49	-1.84	2.32	4.08	-3.36
1.06	-1.09	6.32	5.84	5.81	6.03	7.26	3.71	4.51	-0.00	1.22	-1.76	-6.33
5.94	1.94	2.36	0.26	-1.75	10.24	1.51	-1.90	2.64	3.80	5.04	5.22	0.79
1.64	-1.83	15.35	8.44	2.87	11.22	2.65	1.96	2.17	-2.95	3.85	0.06	-5.87
8.14	-0.79	16.01	8.36	4.46	8.36	-4.15	-1.17	-0.06	-5.12	2.25	0.11	-2.43
5.01	-2.05	15.01	8.06	5.51	11.15	-2.22	-4.22	-4.11	-3.42	1.88	1.40	-3.19
4.66	0.38	15.70	10.13	4.94	14.94	0.54	-11.43	-3.19	-6.71	4.44	1.90	-5.58
3.31	-0.14	14.71	7.63	3.68	4.83	-4.05	-4.90	0.30	-0.04	3.40	3.28	-6.70
2.33	0.67	7.88	9.91	-0.37	5.97	2.55	-4.21	0.76	-5.28	5.48	-0.18	-3.56
-6.98	-3.45	6.97	11.65	3.97	11.88	5.87	8.69	1.26	-3.08	1.87	-2.41	-4.97
-2.47	2.61	7.49	12.11	1.21	9.32	0.86	0.74	2.28	-1.78	3.94	0.50	-5.38
1.94	-1.23	10.85	9.90	5.71	7.09	-1.58	0.28	2.85	-0.88	2.69	-0.33	-4.01
-0.63	0.61	14.59	9.05	9.26	5.12	-1.65	0.80	-2.61	0.08	2.52	0.75	-2.07
-2.13	-2.24	13.82	8.91	2.62	2.98	-0.80	0.89	1.59	0.02	3.74	-0.24	-3.52
2.13	-7.44	11.50	7.24	8.73	9.60	0.97	-0.00	2.96	-5.18	5.60	-2.71	-4.53
6.94	-4.88	10.53	2.27	2.68	6.07	-3.50	2.48	3.96	-3.45	5.59	-1.20	-4.72
5.03	-1.17	9.27	2.76	3.71	8.45	-4.01	0.69	-0.04	-3.85	7.55	0.83	-4.90
6.86	-2.99	11.75	2.24	0.75	3.90	-1.00	5.08	5.85	-2.32	3.99	-1.38	-4.81
4.46	-7.49	10.45	6.01	3.63	11.57	-1.21	3.81	0.12	-4.24	3.15	-3.05	-4.20
4.77	-3.56	9.01	5.88	1.96	4.52	-3.19	-1.47	1.35	-2.01	10.96	0.85	-3.92
7.89	-0.55	7.40	0.22	5.40	5.81	-0.60	-3.93	2.77	-1.31	7.73	-0.43	-5.17
7.45	2.00	6.75	4.29	4.66	3.99	1.00	-1.79	3.18	0.20	2.44	-1.58	-3.86
0.09	1.75	8.81	7.30	4.66	6.57	0.39	-3.25	-2.59	-4.78	4.78	3.45	-5.78
-0.10	-0.18	-0.59	3.18	-0.36	7.52	0.45	-3.02	-0.76	-1.47	7.27	5.15	-3.29
-0.69	4.24	3.27	4.56	2.22	5.51	1.75	-5.12	1.35	-0.25	6.88	2.56	-8.28
-2.33	2.23	6.45	8.07	1.88	3.13	0.14	0.65	1.87	-2.14	5.77	0.68	-5.50
-3.13	3.24	11.20	6.24	0.24	4.26	0.28	0.17	3.50	-2.70	3.28	1.72	-2.60
-3.94	0.53	7.14	8.89	6.23	7.74	-0.75	-1.63	0.56	-4.33	3.30	3.72	-3.22
0.31	1.16	7.66	6.85	6.50	1.45	3.36	2.82	5.13	-4.58	3.42	2.39	-4.41
-2.61	-6.23	8.69	7.09	7.10	7.21	-0.05	1.69	3.19	-4.41	4.30	0.97	-1.48
-1.17	-0.69	7.62	5.13	7.47	3.65	-5.10	-0.37	9.94	-0.61	4.15	0.59	-2.89
-0.98	-3.87	11.11	5.75	7.67	4.10	-1.43	-0.25	1.15	-3.02	8.61	2.12	-4.57
-1.76	-1.07	9.25	3.42	6.03	2.02	-0.98	1.37	3.10	-7.19	0.20	-0.26	-7.61
-11.43	-0.51	3.58	8.57	7.03	2.54	4.95	6.60	0.16	1.44	4.86	0.72	-3.52
-2.86	-6.14	9.34	10.83	1.72	2.09	3.13	3.35	4.32	-1.39	6.73	1.95	-5.08
-1.52	-5.49	7.86	10.77	6.90	0.12	-0.17	7.54	9.34	-2.57	5.10	3.69	-5.16
0.13	-7.34	9.86	5.67	1.81	1.34	0.46	9.17	6.09	-3.38	5.12	3.28	-4.81
2.70	-7.86	5.47	9.34	0.85	9.02	-1.89	9.37	7.39	0.68	7.80	1.62	-7.07
3.80	-6.07	10.56	10.89	1.63	3.88	-0.37	9.13	8.61	-5.94	8.25	8.84	-2.30
3.13	0.95	10.13	8.41	-0.85	4.96	0.77	8.20	10.83	-5.52	4.75	6.16	-1.29
6.13	-2.06	7.03	14.78	0.68	-0.59	2.76	13.19	6.06	-2.37	8.97	1.16	-6.45
6.50	-5.39	6.14	12.05	1.81	-0.19	2.12	12.12	4.53	-2.35	6.95	5.60	-4.13
3.40	-2.15	5.37	6.88	-1.15	-1.49	-2.59	3.28	2.22	-2.33	4.82	4.85	-4.91
3.41	-3.65	3.93	-0.71	2.74	1.31	-0.20	1.00	-4.55	0.37	1.70	1.31	-2.42
-0.14	-9.10	9.77	12.01	3.97	3.15	-2.79	3.83	1.38	-4.59	2.08	2.31	-8.95
0.93	-14.60	9.37	5.50	-1.52	0.88	-5.67	3.77	1.94	-2.13	2.61	2.51	-2.60
13.66	-28.33	27.44	12.21	1.37	7.11	-14.88	8.79	0.38	-6.83	4.31	0.32	-5.24
14.42	-27.56	24.85	9.12	4.85	8.17	-12.76	3.22	5.71	-5.71	2.17	0.95	-8.05
16.92	-31.31	17.80	5.42	3.68	8.96	-0.79	-3.91	5.87	-4.76	0.58	-0.38	-10.39
14.48	-10.06	7.62	5.31	-2.05	2.28	-0.77	-6.55	-2.40	-2.26	0.34	6.75	-1.88
6.35	-15.66	14.29	9.50	0.30	2.82	-4.06	2.16	5.80	-0.35	-0.13	0.58	-3.04
20.95	-37.66	27.88	11.28	-0.03	5.76	-11.10	8.03	0.38	-3.45	-0.53	3.23	-2.87
20.36	-40.24	30.57	13.77	0.87	4.67	-9.79	7.87	2.77	-8.33	0.23	0.91	-2.55
10.84	-36.36	30.94	13.97	-1.37	4.70	-6.62	9.36	4.99	-10.60	-0.46	0.45	-3.20
-11.70	-24.07	25.03	15.17	-4.24	2.55	-1.29	7.83	3.32	-9.08	1.17	2.32	-3.64
-5.22	-18.64	15.96	10.90	-5.60	-2.06	-3.00	6.64	1.80	-9.95	0.72	2.88	-4.03
0.55	-35.07	41.03	14.46	-2.32	1.35	-4.45	10.08	3.26	-7.83	1.69	2.67	-3.48
-2.16	-32.84	39.38	14.03	-3.97	3.39	-3.45	8.80	2.52	-8.93	2.04	3.54	-3.05
-9.41	-30.38	36.37	15.75	-4.49	1.24	-2.85	8.08	2.88	-8.11	1.51	4.27	-3.04
-6.05	-32.19	38.16	13.54	-2.72	1.93	-4.00	9.34	2.53	-8.09	0.07	5.41	-3.01
-8.23	-30.56	38.10	16.37	-3.76	1.44	-4.11	10.25	0.70	-6.63	-0.12	4.13	-3.60
-7.26	-32.75	37.18	15.95	-6.01	5.55	-5.36	10.60	0.23	-6.58	2.06	5.04	-1.30
-7.65	-30.72	39.16	15.81	-5.35	3.54	-2.73	9.58	2.46	-7.80	1.69	4.14	-3.29
-4.74	-32.33	40.64	13.29	-7.49	3.72	-1.26	12.33	3.56	-6.71	2.61	4.22	-3.75
-15.31	-24.48	32.22	12.08	-5.17	3.28	-3.13	3.64	1.30	-4.95	3.40	2.40	-2.10
-13.95	-27.37	34.33	12.98	-3.95	2.12	-2.43	5.01	3.53	-5.91	3.31	1.05	-6.24
-2.83	-30.29	43.92	8.66	-9.92	1.44	-2.64	9.30	1.53	-5.71	3.58	2.75	-6.41
-7.71	-24.87	41.16	5.93	-10.27	1.60	-1.57	9.25	-0.12	-6.70	3.41	3.09	-5.50
-4.16	-26.53	43.73	4.16	-13.87	1.70	-0.92	9.35	-1.24	-8.00	4.12	2.22	-2.94
-0.72	-29.40	46.86	-0.62	-10.68	-2.15	1.91	8.07	-4.00	-5.93	1.83	4.86	-5.11
-2.19	-28.78	40.05	1.03	-11.92	0.38	0.29	7.12	-3.90	-7.58	4.39	3.41	-5.58
-4.30	-27.12	36.01	3.70	-11.86	1.15	-0.77	7.14	-2.57	-10.62	6.27	0.97	-5.73
0.99	-28.99	35.99	2.80	-8.49	2.02	-1.96	7.94	-0.15	-10.69	7.44	0.06	-4.58
9.15	-27.24	28.87	-0.15	-2.00	3.06	-8.54	8.75	4.70	-8.19	1.85	-0.64	-1.47
-17.11	-9.63	1.12	4.24	-4.33	0.77	2.43	-0.54	1.13	-0.74	-1.66	-0.80	-1.53
-10.93	-3.49	-1.82	1.73	-0.30	-1.90	-1.34	1.46	0.88	-0.75	-0.32	-1.09	-1.95
5.70	-25.49	9.63	10.27	2.67	-0.81	-4.68	5.78	1.75	0.12	7.39	-6.74	-5.13
11.36	-31.61	14.40	8.50	2.91	0.08	-6.44	6.28	-0.60	0.44	8.82	-7.25	-2.65
11.99	-31.02	11.97	8.71	4.06	0.28	-4.02	6.16	-0.42	2.55	8.67	-5.84	-3.15
15.91	-31.19	14.67	8.61	3.54	2.30	-6.89	8.39	-1.98	1.94	7.50	-3.79	-1.30
15.02	-30.07	14.23	6.73	5.01	1.26	-6.42	3.88	-1.99	0.80	3.82	-3.26	-1.66
1.72	-22.45	9.18	9.25	4.95	4.51	-2.76	2.72	1.46	0.94	7.08	-0.88	0.11
2.81	-21.94	11.13	7.70	6.33	4.03	-5.33	2.72	1.35	2.53	8.32	-0.90	-1.48
9.99	-17.07	-0.22	6.08	8.55	-1.77	-6.56	6.04	2.40	-1.06	6.31	-1.47	-0.92
-6.54	-2.50	-7.39	-1.25	3.04	0.74	-5.23	-1.14	5.54	2.50	0.06	0.79	1.46
-7.98	-1.74	-3.34	1.09	2.04	1.77	-1.76	-1.20	3.62	4.58	2.46	2.66	1.69
6.70	-1.65	6.44	-1.18	-4.07	2.74	-10.75	-7.01	9.32	2.28	-2.52	4.51	2.84
33.57	-4.56	-1.19	1.67	0.33	4.04	-5.13	-3.24	1.67	1.95	5.81	4.32	1.40
44.21	-11.70	0.81	-0.67	4.09	-5.23	-2.23	-0.62	-6.58	-0.98	0.24	-0.24	2.74
33.48	10.43	-4.56	-6.03	-4.67	-2.31	-3.14	-1.50	0.07	1.32	2.82	1.48	0.56
19.57	5.53	-6.03	-3.59	1.11	0.94	-0.59	0.20	0.77	0.16	0.49	-0.34	-1.60
3.68	7.08	14.25	6.71	3.52	-5.66	-0.52	1.91	-0.78	0.73	0.68	4.60	-1.01
-6.65	1.49	10.65	10.77	5.39	3.70	0.10	5.17	2.41	-0.66	6.09	2.32	-2.37
-8.38	1.95	12.61	4.51	3.85	-1.89	-2.77	1.51	-3.80	-2.60	4.59	3.65	-1.48
-10.83	0.14	-1.67	0.18	-0.65	0.35	-0.28	0.31	0.74	0.27	0.17	0.62	0.29
-10.77	-0.34	-1.85	0.43	-0.54	-0.23	0.34	0.70	-0.40	-0.31	0.24	-0.24	-1.05
-6.73	3.35	6.28	5.43	3.07	0.56	3.69	4.20	-0.77	1.95	2.39	-1.16	-0.58
-8.11	0.29	2.92	4.41	-0.35	0.99	3.61	3.18	0.73	0.41	1.24	-0.63	-2.36
-8.61	2.10	1.63	2.79	0.38	1.39	3.22	2.71	0.90	1.13	2.26	0.82	0.69
-9.75	1.91	2.74	3.71	1.01	0.00	2.75	3.98	0.86	1.80	1.93	0.40	2.17
-11.24	0.03	0.86	2.81	-0.43	0.22	1.52	1.69	0.14	-0.04	-0.35	-1.10	-1.17
-9.12	1.40	2.18	2.76	0.64	0.97	2.49	3.40	0.87	1.13	1.48	1.03	-1.28
-10.16	0.45	0.99	2.91	0.90	-0.43	2.41	3.63	1.40	1.02	0.78	1.29	-0.22
-11.18	0.49	-0.57	0.88	0.35	0.57	1.99	2.64	1.06	1.92	0.87	0.05	-0.76
-11.23	1.24	-0.59	1.04	1.53	0.31	2.00	2.37	0.83	1.30	1.46	0.41	0.96
-12.13	0.17	-0.56	0.98	-0.16	0.19	1.20	0.42	0.47	1.55	2.60	2.67	2.33
-8.66	0.77	-1.22	0.99	1.95	-2.12	0.13	1.67	0.77	2.14	-0.14	1.15	-0.03
-11.08	1.29	-0.88	1.38	0.28	1.13	1.15	-1.68	0.24	0.50	-0.18	-1.56	-1.16
-17.61	3.08	-0.42	0.19	1.60	1.50	0.90	4.43	3.39	4.74	0.06	0.04	3.18
-17.33	2.99	-4.04	2.06	-2.48	-0.08	-0.63	2.50	-0.10	0.42	0.21	-0.29	1.87
-11.04	1.35	-3.64	3.36	1.02	-2.11	3.97	5.23	1.32	1.27	-0.33	0.03	2.39
-14.43	-0.06	-3.32	2.79	-2.59	-3.78	1.31	1.14	1.11	-0.80	-0.54	0.37	2.09
-12.21	1.38	0.05	3.11	1.27	-4.67	-4.35	3.29	2.04	-2.89	-1.33	0.47	0.95
-6.24	4.67	-1.83	1.29	0.74	-3.03	-3.45	3.92	1.50	0.70	-2.09	-2.16	-0.02
-8.63	5.86	3.23	-0.29	-0.16	-3.26	0.11	5.14	1.64	-0.87	-2.34	-1.74	-0.32
-1.99	2.18	7.67	4.18	-2.03	1.33	3.64	0.43	1.55	1.31	3.92	1.03	-0.79
-11.28	-3.95	2.58	-1.65	-5.97	0.83	1.02	2.06	0.48	-2.46	0.08	3.59	4.70
-5.90	3.37	7.49	4.61	-1.64	-1.24	1.44	-1.62	-0.14	-1.14	2.04	2.33	1.75
-6.60	-6.25	-1.32	0.53	-3.45	-0.79	-0.96	-2.66	-2.67	-2.02	0.06	-0.34	0.12
-5.22	0.18	5.99	-0.75	-0.67	0.49	1.56	-1.12	-1.81	3.53	0.40	1.10	-1.28
-13.35	-4.40	-0.73	1.67	7.80	4.26	-1.82	-5.15	-0.72	0.81	6.11	7.61	1.98
-14.08	-6.11	1.35	0.90	-1.21	7.50	0.22	-2.73	0.14	0.79	0.04	1.73	-0.84
-12.44	-5.05	-0.28	-2.74	1.16	6.13	-0.71	-0.70	0.63	0.02	-3.07	3.41	2.04
-2.32	1.26	-3.45	1.97	1.58	1.24	0.62	3.07	2.12	1.83	2.12	2.70	0.76
-1.83	1.15	-5.11	0.00	-0.74	0.77	-1.05	-2.61	0.65	1.66	-1.27	3.74	1.36
-6.48	0.36	1.21	0.13	-1.22	-1.87	-0.80	4.07	2.29	0.15	2.56	3.61	4.43
-3.71	1.03	1.75	0.96	-2.20	0.59	0.04	-0.28	-1.72	-0.00	2.04	-0.32	0.28
-6.59	0.07	1.08	1.40	-0.96	0.40	-1.75	-3.82	-2.65	2.18	-0.55	3.05	2.31
-9.66	-3.14	-0.18	0.81	-0.86	1.85	-3.06	-0.94	-3.31	0.06	0.22	-0.67	1.72
-6.43	-1.47	-2.24	1.46	-3.58	1.85	0.86	-2.80	0.46	-3.57	-5.04	0.54	1.67
-13.26	-3.94	-5.10	-2.13	-2.28	1.02	2.16	1.92	0.58	-0.41	-1.67	-2.58	-2.61
-8.90	-3.25	3.72	3.68	4.30	5.84	1.24	-2.98	-2.55	-1.94	0.46	-3.00	-3.92
-3.61	-5.69	0.63	0.05	1.53	6.28	0.26	-5.54	-0.59	-1.45	0.66	-3.25	-3.94
-4.77	0.05	-1.29	1.44	-0.13	1.49	-0.55	-3.14	-1.34	-0.53	-1.41	-6.36	-6.33
-10.18	-3.69	-0.57	-1.12	-1.00	4.87	-0.86	-2.43	0.86	2.41	0.63	-2.87	-4.42
-7.75	0.61	3.71	0.99	-0.07	3.44	-4.29	-4.02	-0.92	0.66	1.34	-2.38	-4.19
-3.65	-3.73	2.08	2.60	0.15	2.66	-0.15	-5.35	0.22	1.19	1.69	-0.59	-5.85
-10.57	1.11	-1.22	1.10	1.45	0.83	0.13	0.27	-0.17	0.38	-0.49	-0.88	-0.20
-9.43	1.26	-1.57	0.65	0.95	-0.19	-0.51	-0.99	-0.93	-1.03	1.43	1.39	0.89
-11.52	-1.75	0.80	-1.05	0.97	-1.77	-0.13	-0.18	-1.18	-0.93	2.75	-3.90	2.34
-12.99	-1.89	2.20	-0.57	1.95	-0.09	0.82	-0.79	-3.53	-4.07	-0.49	-0.58	-0.97
-8.48	-1.66	4.06	4.37	2.24	1.19	4.90	-0.41	-1.64	-3.28	0.92	0.29	-0.04
-10.30	3.57	7.59	7.83	11.63	-1.42	0.90	2.49	1.49	-0.65	4.14	-0.39	-3.41
-8.12	2.70	10.05	6.15	4.71	2.19	-2.19	-0.52	-1.78	-0.83	-0.74	0.10	0.59
-12.22	-0.70	2.96	4.10	2.60	-4.17	-1.96	0.53	-1.53	-3.19	-1.29	-1.99	-4.80
-8.84	-3.95	0.90	1.85	6.47	1.83	1.90	4.56	-0.98	-0.90	1.07	1.43	-3.80
-14.05	0.27	1.28	5.60	3.02	-0.29	3.99	2.13	-1.88	-5.01	-1.16	-2.91	-3.86
-8.93	-2.83	3.64	0.19	-1.56	1.09	-2.25	-3.72	-5.45	-3.72	0.47	0.56	-1.84
-2.01	-1.28	1.31	0.72	-4.01	-1.45	0.88	1.41	-1.45	2.72	4.18	2.51	-1.19
-6.55	-3.03	-2.55	-1.73	-4.28	1.23	-0.66	-3.80	0.04	0.49	6.99	9.32	-1.53
0.25	-2.12	-6.35	0.20	3.92	0.98	3.13	-1.21	0.31	2.08	2.44	2.33	-2.25
0.61	2.83	3.05	2.94	0.62	2.77	3.79	-0.72	-1.69	-0.46	1.71	2.07	2.69
8.29	-0.36	-0.58	0.94	-0.43	-2.59	0.25	-3.43	-5.10	-5.24	0.92	-0.77	-4.12
13.71	2.78	3.24	0.83	-4.62	3.87	-0.46	1.44	0.35	0.72	1.50	-3.69	-2.98
-7.64	-3.18	-3.46	-1.70	0.41	4.22	5.56	1.92	-0.59	0.62	3.14	3.01	1.59
15.28	1.64	-4.31	-1.26	-8.39	2.84	2.17	4.46	2.32	-1.24	0.57	0.53	0.51
-3.54	0.08	-11.01	-4.03	3.50	-4.55	-2.58	1.50	-0.06	7.92	0.31	3.68	1.14
11.07	-0.69	-12.15	-6.52	3.66	3.00	-2.52	2.37	0.50	7.56	-0.37	0.88	-1.65
-5.17	2.90	2.02	8.18	4.92	0.53	1.94	2.44	-4.07	5.72	-0.87	0.44	-2.58
6.64	-4.96	9.75	9.18	2.72	-1.51	-1.77	4.81	2.10	3.23	0.04	4.10	-0.92
12.04	-20.04	14.74	13.71	1.03	3.21	-3.38	7.39	4.25	-3.03	1.99	3.93	-3.29
17.02	-32.31	21.43	14.25	-1.22	6.90	-9.12	6.91	4.36	-4.14	2.95	-1.55	-3.78
15.57	-36.20	23.91	15.18	-1.96	7.84	-9.66	6.66	1.82	0.37	0.58	-0.47	-3.84
14.40	-25.25	12.17	14.82	-8.67	-1.04	-2.04	-0.20	3.72	-3.77	1.17	-0.10	-7.10
-12.94	-14.15	12.08	13.58	0.14	1.19	0.79	3.40	1.72	-5.60	-4.26	-0.97	-0.40
12.95	-43.07	29.88	16.11	-4.00	4.33	-7.34	7.76	4.84	-5.35	-0.72	2.69	-3.39
8.67	-40.94	30.85	15.41	-5.02	2.45	-7.38	8.16	6.24	-5.48	1.26	3.84	-2.24
4.20	-39.50	33.53	16.41	-5.65	1.38	-6.66	9.73	6.45	-7.47	2.57	3.17	-0.93
1.59	-37.24	35.78	15.84	-5.47	1.84	-5.61	9.67	4.97	-6.69	1.34	3.28	-1.96
0.25	-36.76	38.98	14.64	-6.07	-0.14	-4.62	10.16	4.93	-6.16	2.10	3.73	-4.69
-3.70	-34.79	39.34	14.24	-6.16	-0.22	-4.43	12.33	2.53	-4.50	-0.18	5.36	-7.00
-23.22	-18.52	18.53	11.61	-2.69	-1.85	-0.87	2.16	0.20	-1.57	1.42	3.18	1.50
-9.19	-27.71	20.48	7.01	-3.21	-0.77	-0.77	4.47	1.17	-4.84	0.85	1.02	-4.55
-4.55	-29.46	40.36	9.35	-11.88	-0.59	-0.50	8.89	1.32	-8.33	2.22	3.49	-6.31
-6.23	-24.71	37.63	7.86	-14.56	-1.88	1.99	7.43	2.20	-7.57	1.32	2.64	-4.53
-2.86	-25.61	37.79	4.72	-14.42	-2.62	2.27	7.39	0.29	-8.06	2.33	4.96	-5.96
0.67	-27.43	37.31	2.99	-13.08	-0.54	1.69	6.95	-1.48	-9.65	2.87	4.41	-4.58
2.29	-27.65	30.80	2.54	-10.18	-1.11	-0.25	5.66	-0.18	-8.73	1.21	3.02	-5.05
1.04	-26.19	21.95	4.54	-5.44	2.05	-2.93	6.54	3.84	-7.43	1.53	-0.69	-5.35
9.54	1.82	-9.72	3.91	0.04	-5.72	2.89	2.19	-4.22	-0.56	4.02	-1.54	-2.04
1.56	-11.47	-2.01	6.86	1.93	-2.41	-0.82	6.86	-0.97	-2.13	6.91	-1.33	-2.59
14.73	-29.96	13.08	9.90	-2.04	3.48	-6.64	10.84	-0.64	-1.83	5.62	-6.53	-3.97
16.17	-31.68	13.96	10.18	-2.92	3.89	-8.13	9.38	-0.45	-1.25	6.38	-6.79	-3.40
6.46	-27.33	11.21	8.49	-0.35	2.97	-5.07	6.29	0.08	-1.40	5.83	-5.76	-4.96
5.95	-30.40	12.61	9.15	-0.41	4.11	-6.44	8.29	1.93	-0.97	7.68	-7.34	-6.06
11.48	-32.17	14.22	8.12	-2.49	5.74	-8.64	8.05	0.72	-0.47	8.76	-5.09	-4.65
8.56	-28.43	12.24	7.83	-0.03	4.55	-7.06	4.98	0.63	-0.65	8.34	-3.59	-3.42
-1.83	-17.73	4.50	8.17	0.78	-0.52	-5.20	3.01	3.02	3.77	10.44	2.22	-1.87
-11.87	-17.07	7.35	6.66	6.41	11.09	1.15	0.97	-0.17	0.09	2.58	0.87	-1.27
-10.66	4.34	9.35	-0.90	4.88	-5.97	-7.11	-6.71	3.90	1.75	2.81	1.70	-2.47
-9.26	5.47	-5.75	2.66	2.56	0.49	-9.65	-1.08	5.55	3.06	-2.07	1.58	1.08
-13.75	3.85	0.08	-0.11	-1.77	1.94	-10.58	-4.01	8.22	5.26	-2.10	0.30	1.63
-8.28	2.48	3.48	-2.97	0.93	2.96	-8.08	-6.22	3.14	2.79	-4.50	-2.28	-0.85
-11.43	-2.53	2.34	-2.96	-0.83	4.38	-7.42	-5.46	6.06	1.38	-4.57	2.94	0.75
-15.41	-2.91	1.88	2.29	-1.37	3.72	-4.84	-6.51	6.22	3.96	-0.84	6.00	0.55
-11.03	-0.39	-1.61	0.46	-0.96	0.26	1.18	0.92	0.37	1.20	0.92	0.83	0.22
-11.49	-0.15	-3.63	-1.06	-1.04	2.11	1.60	1.52	1.09	0.54	0.98	2.51	1.10
-0.91	7.34	3.16	10.58	2.30	-2.79	-2.65	0.42	1.73	-0.36	-0.95	1.15	1.08
-0.91	10.37	6.36	6.92	1.74	-2.31	-2.54	3.81	1.31	-1.41	1.46	1.28	-1.10
-0.11	8.68	3.34	1.61	2.66	-6.78	-1.97	4.00	5.28	0.87	0.04	2.48	0.87
7.32	15.66	9.35	2.79	-6.55	-4.53	4.43	3.15	6.73	0.72	-1.04	0.61	0.66
-15.26	-0.25	7.52	7.89	2.45	1.30	2.76	2.11	2.05	-4.57	-2.63	-2.21	-0.64
-11.27	3.71	11.98	8.73	5.38	2.59	-2.03	4.37	0.41	-1.49	-1.02	1.16	6.35
-10.08	4.80	7.35	5.96	2.63	1.47	-1.05	4.92	2.29	-1.39	3.09	1.66	2.27
-11.29	3.48	9.61	5.73	4.23	3.06	-3.00	2.44	3.90	1.51	3.59	1.11	1.66
-10.03	2.01	0.53	0.17	0.19	1.63	0.94	0.49	-0.13	0.32	0.13	-0.57	-1.09
-14.69	-2.73	-1.11	0.05	2.85	-0.62	0.52	2.92	0.41	0.02	0.67	0.86	0.03
-9.99	-0.11	-0.22	1.23	1.07	-1.07	-0.80	1.54	0.81	-0.68	1.12	2.23	1.92
-16.24	1.48	0.38	2.24	1.52	-0.09	2.31	1.10	0.80	0.36	-1.58	1.57	-0.88
-14.93	-1.42	1.07	0.74	-0.23	-0.15	2.13	2.31	1.54	1.33	0.31	3.30	-0.85
-14.07	-2.28	0.11	-0.22	-1.37	0.92	2.04	0.64	1.24	0.87	-1.27	0.76	0.83
-11.03	-0.86	0.15	-0.39	-1.47	-0.12	-0.66	0.88	1.96	-0.17	-0.38	0.47	-1.05
-11.23	-0.09	0.95	-2.41	-1.48	0.05	-1.78	2.29	2.97	0.55	2.27	2.02	0.34
-9.03	-1.80	-0.48	0.82	-0.93	-0.73	-0.65	1.99	1.26	-0.50	1.51	1.59	-0.73
-9.69	-1.43	0.56	3.17	-0.24	-0.62	1.21	4.45	2.69	-0.79	1.24	1.19	0.01
-9.01	-2.08	5.07	5.69	4.34	3.30	-2.06	3.39	4.98	-0.77	0.96	4.29	2.82
-10.40	-2.05	3.48	2.49	-1.01	0.58	-1.70	1.02	4.30	-1.19	-0.66	1.83	-0.28
-8.63	-10.52	8.91	5.74	-2.73	4.15	0.86	0.52	5.76	2.69	1.02	3.09	3.99
-12.53	-12.08	7.90	4.22	-2.79	6.71	-1.49	-2.42	7.71	4.76	-1.20	-2.55	-0.05
-17.70	-16.67	8.61	3.05	-2.97	7.90	-5.50	-3.03	9.92	2.36	-1.69	0.11	-0.36
-21.81	-9.41	4.61	4.71	-3.18	1.63	-5.37	-4.58	5.60	-1.81	-0.18	0.17	-1.54
-14.40	-12.52	10.74	5.08	-3.88	6.28	-2.49	-5.31	9.71	-0.63	-5.14	3.05	0.52
-8.63	-12.37	13.91	5.42	-1.84	9.19	-1.11	-2.39	7.61	-2.45	-4.13	2.64	-2.40
-13.81	-1.25	0.67	-4.46	-0.07	8.37	-2.50	-4.06	1.73	0.01	-3.33	2.30	0.96
-13.62	2.08	4.67	-0.05	0.32	2.40	-3.98	-1.39	4.28	1.11	-2.18	-2.12	-0.65
-6.45	-8.22	7.35	2.35	-1.79	8.80	-0.06	-2.42	6.26	-0.60	4.16	5.29	-0.60
-16.92	-12.31	6.29	3.01	1.42	11.96	1.23	-2.82	2.79	-2.36	4.69	3.30	-1.14
-8.70	-10.79	3.24	0.19	-1.33	5.75	0.10	-3.36	4.97	0.62	1.41	-0.84	-0.64
-16.99	-15.58	6.68	0.09	-5.34	6.24	-1.63	-4.89	4.85	-1.21	0.58	-0.21	-4.42
-11.81	-15.96	7.99	4.60	-0.93	8.48	2.70	-0.65	4.72	-2.28	3.11	2.17	-5.05
-8.81	-12.44	10.85	7.76	-1.31	9.04	6.06	0.39	3.78	-0.54	1.15	-0.37	-2.80
-7.51	3.20	-0.63	-2.52	0.66	0.69	-0.58	3.79	1.15	-2.17	2.64	3.03	-0.75
1.43	-4.52	5.95	9.50	7.85	5.37	-0.53	0.94	1.14	-4.88	-1.52	-1.48	-2.40
-0.25	-10.24	18.75	6.14	2.06	3.21	-5.21	-5.44	1.36	-7.28	1.93	-3.99	-8.07
0.00	-7.43	20.96	9.71	8.92	5.38	-11.37	-5.33	-0.89	-6.23	-0.48	-7.99	-3.25
2.86	-3.32	22.18	4.24	1.59	4.01	-11.61	-1.00	-7.03	-8.08	-2.32	-9.07	-1.83
3.11	0.52	18.79	0.20	5.66	5.41	-14.44	-3.85	-3.95	-8.43	-2.10	-7.45	-5.06
-2.01	-0.87	17.72	1.10	5.11	2.99	-14.71	-3.72	-1.67	-6.04	-3.86	-9.45	-3.66
-7.81	-6.18	16.04	4.03	5.38	-0.45	-11.87	-5.27	-4.87	-3.42	-3.35	-6.29	-6.66
-9.83	-5.30	10.38	1.28	3.51	5.28	-4.01	-3.26	-0.29	-0.33	-0.26	-0.05	-4.62
-5.45	3.21	3.21	-3.73	0.08	5.41	3.90	-2.34	1.31	0.53	1.46	-2.21	0.59
-7.80	1.36	0.90	4.05	-2.05	1.04	2.43	-1.80	-1.48	0.25	1.74	2.22	4.32
-7.41	-3.41	-4.77	-2.02	-3.19	0.95	3.83	0.58	4.01	5.02	3.58	4.10	4.71
-9.39	-2.33	-1.92	-5.78	-4.00	4.86	0.47	3.13	3.90	1.82	1.46	4.58	-1.72
-12.11	-0.49	-0.89	-2.07	-0.12	0.62	-2.30	-3.00	2.71	1.06	1.48	-2.14	-1.85
-6.11	6.40	-1.14	-0.51	-0.11	1.72	3.47	-1.72	-0.04	3.16	2.17	0.48	-0.61
-8.07	-4.26	-2.23	-4.42	-4.86	2.05	2.54	-0.92	2.28	4.21	1.92	1.77	-1.91
-7.33	0.02	3.16	-1.37	-1.76	3.65	2.18	-5.54	2.16	3.78	0.54	-0.12	-0.64
-11.59	3.08	-0.15	1.24	-1.79	-0.19	0.58	-0.02	-0.05	-1.79	1.04	1.12	-0.34
-10.12	3.72	2.18	-1.46	-3.59	-1.83	-3.49	-3.17	1.84	0.48	1.13	2.77	1.15
-8.85	2.26	5.25	5.36	-2.32	-1.99	-5.10	-5.99	-0.61	1.93	7.94	6.17	1.95
-10.98	-0.54	-1.03	-1.02	-6.39	-2.62	-2.45	-5.82	-0.12	-2.80	2.10	2.88	-1.47
-15.97	-5.28	-0.86	-0.64	-3.95	-6.46	-2.62	0.47	7.15	1.07	2.50	3.77	3.56
-12.18	-7.24	2.19	1.11	1.40	-5.17	-5.54	-2.59	4.19	0.78	3.74	3.91	4.06
-8.99	-7.72	1.92	-1.00	2.05	-0.18	-4.96	-0.78	1.54	2.01	2.94	4.42	0.30
-8.12	0.02	-0.05	1.90	0.33	2.36	0.10	-2.09	-1.91	0.60	3.38	4.71	-0.51
-9.69	-1.34	-0.63	-2.08	0.96	-1.23	-1.15	-0.84	3.61	2.50	0.62	4.47	1.42
-13.27	-2.59	-2.48	-1.16	4.33	3.73	-2.87	-3.40	-2.32	-1.61	-1.11	3.10	1.99
-8.59	2.42	-0.21	-3.36	-6.02	1.88	0.58	0.34	-0.13	-0.50	3.81	2.74	0.25
-9.15	-2.82	-2.49	4.22	0.34	1.57	-1.20	-1.16	2.52	-2.10	1.82	0.81	-1.90
-9.68	4.36	4.45	-1.78	-2.81	1.73	-2.40	-0.78	2.19	2.78	3.63	0.63	1.10
-3.28	7.00	2.29	0.40	-0.39	2.66	-2.56	-2.73	-0.98	-0.64	3.40	1.72	1.20
-4.54	-1.07	5.60	6.23	0.61	1.70	-0.87	-2.39	-1.28	-3.33	0.92	-0.97	0.89
-1.77	0.90	1.84	1.72	-0.22	-0.51	0.86	-3.09	-1.08	-1.34	2.90	1.28	-0.18
-11.94	-0.31	-0.72	0.88	0.11	0.27	-0.49	-0.04	0.53	0.53	-0.03	-0.24	0.22
-11.09	-0.42	-2.99	-1.04	0.19	1.90	2.30	1.47	1.27	1.77	1.24	1.26	-0.10
-7.24	-0.83	-3.49	-1.63	3.26	0.27	-2.66	3.20	4.88	0.99	3.32	6.21	5.77
-13.58	-4.07	-1.53	4.30	3.28	5.29	-1.31	2.09	3.73	0.36	4.64	2.56	-0.54
-8.40	-4.13	4.54	4.62	0.55	-0.36	0.28	3.47	-3.19	-0.92	1.96	1.08	2.00
-8.65	-4.76	3.83	9.14	0.59	-2.04	0.27	1.11	-2.33	-3.87	2.43	1.09	-2.83
-11.03	-8.85	0.28	6.77	-3.38	-2.46	1.92	3.24	-3.60	-3.55	4.62	1.82	-2.39
11.36	3.10	6.88	13.92	1.61	-3.74	1.36	5.68	0.12	-1.61	4.15	3.10	-3.48
-9.17	-1.30	-0.46	3.55	2.64	1.49	3.94	6.22	3.80	1.42	1.23	2.01	0.02
-4.19	-1.12	0.91	7.97	0.94	-3.12	2.80	6.24	1.69	-1.15	1.72	2.13	-1.80
-0.62	-12.64	-1.78	5.14	8.67	-0.78	6.05	8.97	-2.78	2.52	2.65	3.86	-2.85
1.99	-4.41	-4.12	-1.59	10.18	2.45	0.73	1.99	-4.25	5.10	1.36	0.68	-3.01
0.98	-3.00	9.15	9.95	9.67	0.26	-2.37	3.68	-0.95	4.53	1.66	2.02	-3.25
7.48	-18.17	17.71	10.85	5.82	3.40	-4.21	6.14	-0.91	0.13	-0.42	3.02	-5.93
17.66	-26.12	19.17	8.51	3.83	6.07	-8.37	4.21	0.80	-3.42	1.40	-0.44	-5.48
16.45	-28.59	21.22	10.43	0.83	8.25	-10.28	3.15	2.36	-4.88	2.49	-1.37	-5.40
0.53	-19.65	14.30	15.66	4.05	7.61	-2.29	-2.08	2.53	-3.51	-0.08	2.39	-3.09
0.58	-20.74	17.83	15.91	0.57	2.07	-6.92	-1.91	0.79	-0.82	-1.89	-1.58	-7.28
16.37	-34.57	28.11	15.16	1.89	1.70	-5.16	2.42	2.48	-0.93	-1.89	0.26	-3.75
10.70	-33.52	29.26	18.93	-0.63	2.31	-5.60	3.83	5.60	-5.19	-1.57	1.39	-3.09
17.23	-41.15	35.26	14.71	-0.85	3.61	-6.71	6.99	4.44	-5.57	-1.43	0.22	-1.06
12.22	-40.09	37.02	13.03	-0.05	1.00	-4.90	6.33	3.99	-5.73	-0.93	0.77	-1.29
8.77	-38.59	36.60	13.51	-1.40	-0.09	-5.44	5.05	4.13	-4.73	-0.17	0.57	-1.42
5.30	-36.00	35.22	13.46	-0.19	1.56	-5.57	4.73	2.25	-6.10	-1.14	1.66	-1.22
1.33	-31.33	30.57	13.61	-4.83	1.68	-5.05	6.58	3.17	-8.20	1.86	2.66	2.41
-13.15	-16.85	25.13	19.04	-3.58	-1.33	-0.15	6.52	3.59	-8.29	-3.84	-0.80	-2.68
2.47	-36.73	38.78	14.67	-4.42	4.20	-4.71	11.32	4.27	-6.91	1.72	0.57	-0.63
-2.43	-33.33	35.54	15.36	-5.06	2.12	-1.58	12.05	3.96	-6.37	-0.61	0.65	-0.20
-0.86	-34.79	36.68	13.06	-4.50	4.51	-2.73	9.21	2.36	-7.03	0.41	2.60	-1.72
-0.94	-36.97	36.90	11.51	-5.32	4.30	-2.85	9.70	2.33	-7.11	1.45	1.90	-2.04
-0.84	-37.07	39.18	11.80	-5.70	4.67	-5.68	8.66	-0.48	-5.60	-0.08	1.23	-1.92
-3.96	-34.73	38.22	12.97	-4.06	3.15	-1.99	7.89	2.16	-5.10	-0.17	3.79	-5.16
-11.74	-24.92	28.98	12.99	-9.73	3.09	-1.74	5.70	1.21	-8.65	-0.29	-0.92	-2.89
-21.75	-22.14	28.62	18.25	-3.00	1.94	0.39	9.66	8.05	-3.27	2.91	3.99	-0.86
-4.38	-33.57	36.58	11.54	-6.98	3.37	-2.24	8.57	2.58	-5.14	2.60	3.85	-3.14
-0.44	-36.09	38.16	10.47	-6.80	4.76	-2.15	8.93	1.36	-4.89	1.06	3.96	-3.32
-0.40	-37.14	39.77	9.15	-3.92	3.87	-2.43	9.34	0.90	-5.47	-1.57	5.67	-4.48
-6.64	-32.75	38.02	11.67	-3.02	3.26	-0.80	8.53	1.80	-5.94	0.85	5.32	-2.94
-5.01	-36.96	43.23	13.78	-3.38	5.88	-1.65	12.33	3.46	-4.36	2.24	3.20	-3.44
-5.54	-38.72	44.95	12.55	-4.60	5.57	-1.21	12.30	3.80	-4.59	2.55	3.50	-1.54
-18.08	-17.15	19.97	14.79	1.37	-0.73	-1.49	6.86	3.13	-4.46	4.10	6.13	-1.41
-20.79	-20.58	17.22	5.55	0.16	1.04	0.35	2.31	2.05	2.63	5.39	3.46	-0.11
-7.49	-32.13	39.65	8.00	-7.20	1.03	-0.99	10.63	1.67	-3.71	0.72	2.94	-6.16
-8.32	-31.73	39.99	8.63	-5.85	2.15	0.88	9.26	2.93	-3.75	5.51	6.47	-5.12
-9.19	-31.26	44.41	10.22	-5.11	1.05	-0.82	9.90	0.85	-4.67	5.14	6.07	-2.26
-8.39	-31.16	43.11	10.09	-7.65	2.11	-4.01	12.99	-0.03	-3.42	3.63	4.37	-1.95
-0.17	-34.89	43.04	8.54	-5.05	3.11	-2.63	8.24	-2.10	-2.87	2.17	4.10	-2.65
-1.25	-30.14	40.63	6.85	-6.31	-0.64	-1.78	9.02	0.64	-4.18	0.90	1.99	-4.05
-10.90	-20.68	28.88	8.30	-7.15	1.35	-1.37	6.81	1.60	-4.16	3.34	1.39	-1.82
-13.94	-16.13	19.39	7.76	-5.36	-1.50	-0.86	6.40	0.06	-4.85	4.54	3.63	-3.02
-2.51	-31.27	44.06	4.53	-9.27	-1.85	-4.27	9.64	-1.54	-4.02	0.46	2.95	-5.22
-5.06	-25.66	39.06	4.55	-12.49	-0.42	-1.24	9.91	-3.50	-6.44	1.55	2.72	-2.23
-2.76	-25.55	37.26	3.85	-13.73	-0.34	0.61	9.82	-4.17	-7.05	1.79	1.38	-1.39
3.91	-29.87	38.67	2.05	-8.73	0.50	-2.57	9.58	-4.98	-2.73	0.19	1.22	-3.10
0.91	-28.54	37.10	2.46	-9.91	-0.83	-2.11	8.38	-5.50	-4.50	1.41	1.21	-2.19
4.42	-31.91	39.55	1.30	-10.20	-1.67	-1.62	9.54	-7.16	-3.57	-0.37	2.89	-3.74
-12.31	-18.67	16.49	8.83	-10.33	0.34	2.38	4.90	-3.49	-6.86	1.44	3.84	-2.15
-22.80	0.36	19.00	5.98	-9.93	-5.63	2.13	3.43	0.07	-1.12	0.39	1.30	0.28
-6.15	-23.28	30.92	6.69	-15.14	2.27	-0.27	7.46	-4.21	-5.95	2.70	2.54	0.41
-2.45	-27.85	36.22	5.13	-14.98	2.24	-1.10	7.85	-5.30	-6.15	0.91	3.49	-0.99
0.62	-28.82	35.86	2.92	-12.84	2.73	-2.00	5.50	-2.78	-4.32	2.27	2.70	-1.15
4.05	-29.92	37.55	1.62	-13.27	5.50	-3.32	6.05	-2.12	-3.31	2.23	0.63	-0.13
5.06	-24.81	32.27	0.11	-11.09	7.82	-5.79	5.36	-0.25	-4.02	2.79	-0.61	1.38
3.77	-20.22	26.58	1.19	-6.83	9.28	-6.57	4.53	3.46	-3.57	1.61	-1.83	2.88
-2.34	-9.90	8.71	8.56	-0.55	2.85	-3.76	3.62	5.91	1.79	3.58	-1.91	2.25
-8.28	-18.80	4.74	6.57	0.83	2.67	-0.47	7.79	5.72	-1.91	0.43	-1.99	0.90
4.35	-21.87	8.27	12.76	2.79	0.98	-0.81	5.20	3.77	-0.35	1.36	-7.44	-1.26
-1.08	-21.39	5.27	13.24	1.48	0.05	-2.31	4.64	3.36	2.11	1.54	-5.78	-1.08
-2.66	-24.06	8.60	14.43	1.10	0.48	-4.63	6.75	5.86	4.13	4.01	-8.47	-2.75
3.45	-25.21	9.18	13.02	-0.30	1.83	-4.96	5.89	4.21	2.84	4.68	-8.55	-1.04
2.10	-23.29	8.94	11.59	1.68	1.87	-5.20	3.95	3.01	1.11	5.70	-5.26	0.24
-1.71	-19.87	8.34	11.40	3.24	1.87	-4.64	2.30	1.12	1.49	5.27	-1.20	-0.30
-4.71	-9.65	-0.67	5.29	0.90	2.60	-1.26	-1.28	1.85	1.99	3.01	-0.81	-0.55
2.06	-16.38	6.31	6.09	3.94	0.33	-6.57	-0.83	-1.32	1.04	4.03	1.06	0.48
2.86	-7.85	5.01	1.12	3.34	5.09	-9.46	-7.73	3.98	4.33	-2.96	2.05	4.44
0.80	-6.12	2.12	2.73	3.18	5.65	-8.43	-8.75	4.79	2.89	1.99	5.11	3.58
-6.01	-9.80	-3.23	1.84	2.93	-1.18	-5.08	0.43	4.91	-0.01	-2.29	0.73	1.47
-6.49	-9.10	0.79	6.56	2.74	0.46	-4.42	-2.42	1.83	-3.27	-2.69	-0.10	-1.30
-11.33	-2.95	-1.71	2.18	2.40	3.41	-2.95	-2.64	-2.29	-1.39	0.44	1.87	3.05
-19.15	-12.16	-1.57	3.69	-0.36	0.67	-2.24	3.48	2.77	0.46	-1.37	-0.61	0.92
-14.00	-4.78	-3.27	2.49	-2.93	2.51	2.01	4.29	3.08	2.13	2.25	3.72	0.62
-18.38	-1.71	1.00	0.45	-4.28	0.34	-0.19	1.40	-0.55	0.08	3.50	0.69	4.14
-25.44	-5.74	-7.33	-3.25	-2.48	-4.99	-3.56	0.88	-0.52	-2.95	-0.02	0.08	3.57
-19.88	-0.36	0.78	1.79	-1.24	-2.37	-6.85	1.65	1.30	-2.89	-0.14	-1.59	2.41
-24.24	-1.35	1.53	2.54	5.65	0.47	-2.30	2.90	2.59	-2.09	-4.95	-4.97	-0.61
-22.65	-1.74	-7.78	-0.57	-0.27	-3.52	-6.76	-0.39	2.68	-2.50	-3.68	0.35	3.05
-22.26	1.16	-1.65	-0.76	-0.65	-2.93	-1.13	4.69	-1.73	2.45	2.11	-0.87	-0.06
-18.85	2.79	1.58	10.15	3.39	-5.59	-5.10	0.75	-0.51	1.14	1.55	-2.46	0.61
-20.10	-0.21	1.27	0.94	1.46	-1.34	-1.77	5.19	0.11	-2.47	-4.16	-0.51	6.91
-14.24	-2.85	-4.30	2.01	2.28	-1.56	1.50	3.26	-5.93	-1.15	-1.55	1.46	4.52
-21.08	0.29	-2.74	2.95	3.34	-4.31	-3.05	1.84	-0.95	-2.04	-2.84	-5.07	-2.12
-23.39	-3.25	-5.01	4.01	6.87	-0.74	-1.16	5.54	-2.33	0.49	3.80	5.44	4.67
-25.45	1.85	1.70	3.65	1.03	-0.85	1.68	6.32	2.05	0.10	-2.08	-1.18	2.56
-22.99	-2.55	1.79	9.27	7.96	1.43	-3.63	5.83	0.86	1.20	-2.09	-1.66	2.15
-18.69	-2.05	-2.98	4.62	-0.88	-1.42	-2.34	7.37	-0.21	-3.96	-2.37	1.06	3.68
-17.73	-2.84	1.67	8.31	2.82	-0.34	1.87	7.26	5.03	3.93	4.64	0.50	3.08
-11.89	3.00	5.01	3.17	-3.44	-2.42	-3.27	0.63	0.81	-3.79	-1.55	-1.28	-0.47
-12.83	1.72	3.18	4.77	1.06	1.23	-1.87	-0.73	-1.17	-1.20	-5.37	-4.20	0.70
-12.52	3.39	1.64	5.00	-0.67	-5.42	-2.65	0.75	-0.55	-4.18	0.75	1.24	5.01
-11.78	2.88	3.61	-0.70	-1.38	-0.96	-2.52	-1.22	1.51	2.32	3.07	2.37	7.14
-17.74	1.25	0.85	1.79	-1.57	2.80	1.50	3.58	5.40	1.98	-0.77	-0.73	3.71
4.37	-5.58	1.99	4.44	4.79	4.14	-4.01	-5.65	-6.46	-1.52	5.46	3.32	1.42
7.40	-6.71	-3.78	3.70	1.11	3.22	-1.83	-5.89	-2.38	0.43	7.55	4.15	-1.59
5.43	-1.87	4.17	2.59	-1.75	2.48	-5.72	-7.36	-2.95	-2.24	2.26	1.90	-1.41
8.89	-3.71	1.59	3.72	2.52	4.14	-1.44	-4.23	2.51	1.21	2.28	-0.32	-4.51
5.85	-2.45	4.06	5.10	5.47	7.69	1.68	-0.91	2.93	-2.12	1.76	0.22	-3.00
8.76	2.06	4.81	6.18	0.92	7.16	-3.32	-6.78	-3.80	-0.64	2.11	0.69	-2.63
7.14	-2.34	1.86	7.67	1.70	7.34	-0.25	-6.06	0.09	-0.67	1.99	1.94	-3.32
3.29	-1.11	-3.84	7.99	4.76	5.92	-6.38	-6.65	-0.63	-0.63	5.96	-0.19	1.18
1.09	4.90	0.21	3.05	1.09	1.78	-2.85	-1.87	0.04	-2.45	-4.52	-1.94	0.38
-2.03	-3.63	-2.27	-0.28	2.96	4.27	1.30	0.42	5.95	3.81	-0.29	-2.82	-2.81
0.58	-0.93	1.10	7.71	1.96	5.84	3.56	2.42	0.91	2.38	5.08	-0.10	-4.04
-1.84	-1.17	4.38	10.57	5.51	3.21	-1.14	-2.99	0.40	4.30	2.46	-1.21	-1.65
-7.60	-1.74	2.00	1.34	2.94	7.80	3.15	-2.70	2.58	7.73	3.85	-0.57	4.36
-7.43	0.56	7.31	11.58	9.96	2.24	0.19	-3.01	-0.96	2.99	-0.21	-0.90	-1.63
-16.71	3.18	3.77	2.45	6.75	7.32	3.32	2.04	-2.75	-0.68	-1.85	-3.63	-1.78
-15.48	4.70	5.01	4.17	3.88	-0.05	-1.13	-0.07	-0.96	0.46	-2.32	-3.02	0.15
-14.21	3.39	-2.11	-7.52	0.90	4.16	-1.17	0.32	1.75	3.83	5.20	1.28	0.87
-2.77	11.61	4.28	0.18	-1.01	1.88	-2.82	-0.12	-0.51	3.44	0.20	1.86	0.94
-1.68	10.40	0.55	-0.09	-1.49	1.39	-3.09	-5.97	-2.59	-0.36	2.32	-1.82	-2.57
-3.31	11.41	0.33	-2.74	1.75	1.15	-6.41	-5.60	-4.12	1.76	0.71	-0.24	-2.92
-6.13	6.99	-4.69	3.24	3.68	2.27	-7.35	-12.75	-7.37	-0.33	1.92	2.27	-3.04
3.08	9.39	-6.76	-0.89	2.91	0.67	-5.22	-9.13	-5.24	0.85	-0.28	-1.55	-3.03
4.29	8.06	-1.85	6.08	0.77	-4.37	-5.91	-8.15	-3.23	0.19	-1.71	-2.03	-1.14
-1.37	5.79	-2.45	3.95	4.09	-3.58	-12.94	-10.31	-3.07	-3.39	1.76	3.09	0.96
-2.84	-0.16	-8.57	-3.36	-0.51	-2.93	-3.83	-2.15	0.10	1.04	-0.34	-2.15	1.23
-4.33	-0.40	-6.25	-4.87	0.56	1.52	-6.91	-5.93	-2.36	-0.39	-1.14	-3.88	-2.73
2.02	0.01	-8.38	-0.54	10.18	6.78	-10.02	-9.95	-4.88	-3.04	-0.49	-1.52	-3.69
5.96	2.02	-3.53	5.05	8.38	3.18	-13.05	-7.60	-1.40	-4.76	0.77	1.76	-0.07
1.05	-2.12	-6.09	5.68	12.22	10.02	-6.02	-9.23	-0.63	-2.87	0.66	-0.49	0.45
-2.04	-4.54	-6.09	4.77	13.76	6.89	-5.75	-5.73	-4.80	-7.40	-0.09	-0.02	-0.62
-0.71	1.40	2.26	4.13	5.89	5.15	-3.64	-6.49	1.40	-2.81	-4.49	0.08	-1.26
7.71	0.35	-4.52	4.35	11.44	7.50	-5.19	-8.83	1.49	1.02	-0.33	4.64	2.20
6.93	1.15	2.28	8.23	5.22	4.74	-4.12	-2.08	1.55	2.13	-1.55	-1.39	0.61
-3.91	1.66	-0.81	1.68	2.29	3.36	-0.90	-0.97	-0.39	1.48	2.81	0.83	-1.65
12.98	-5.45	5.49	12.49	2.85	-5.06	5.04	12.58	4.74	2.05	3.07	-1.37	-5.57
10.58	-7.64	-1.09	12.41	6.19	0.69	2.87	12.82	2.70	0.29	3.05	3.43	-0.65
17.52	-6.72	2.96	14.26	1.65	-4.46	0.70	12.34	-0.00	2.59	6.36	2.05	-4.71
20.03	-10.66	0.23	16.10	2.44	-5.12	2.22	11.94	1.79	0.47	7.47	3.19	-6.08
18.83	-8.08	5.51	18.08	0.51	-7.03	2.77	11.72	0.46	-1.46	4.90	2.53	-6.96
12.37	-7.56	6.86	13.69	-0.15	-5.45	3.14	7.82	-1.17	-2.82	4.32	5.28	-4.37
-11.14	-19.29	0.05	8.68	4.63	-0.77	2.40	2.07	-5.23	-0.19	-4.53	2.65	1.06
-13.48	-12.64	7.33	13.14	6.03	3.60	5.10	9.15	3.66	-1.86	-1.86	4.86	1.45
2.39	-24.02	20.67	13.60	3.55	1.13	-6.67	5.96	2.57	-2.31	-2.53	2.38	-3.70
10.98	-31.77	24.99	11.46	2.11	4.58	-12.43	9.98	-1.05	1.66	-2.45	0.89	-4.38
16.12	-34.28	23.00	10.28	4.14	4.22	-11.70	5.89	-0.17	1.37	-2.44	-0.92	-6.17
6.61	-25.06	17.25	16.17	5.41	2.05	-6.57	1.37	3.35	2.32	0.17	-0.46	-8.07
1.47	-19.53	9.77	11.85	3.10	1.91	-0.09	0.99	-0.84	3.83	2.18	0.89	-6.45
7.71	-28.04	16.47	16.75	6.44	4.62	-4.56	3.11	5.46	3.08	0.20	0.13	-8.59
9.34	-34.40	27.43	16.32	1.43	2.57	-6.84	5.03	8.68	-4.81	0.13	0.94	-5.43
6.74	-33.17	26.34	18.98	-1.65	2.11	-5.81	4.92	7.21	-5.62	-0.23	1.82	-3.12
-11.26	-14.40	9.35	9.67	-3.94	-2.12	-1.22	2.20	1.17	-3.96	-1.47	-0.05	-1.65
-19.32	-13.49	15.05	10.10	-5.32	-1.26	1.97	4.93	0.66	-5.07	1.39	3.11	-0.91
-2.23	-28.10	32.68	10.68	-5.34	-0.84	-3.94	6.11	1.45	-7.94	2.61	4.37	-3.62
2.32	-33.04	38.84	9.59	-5.67	-1.07	-3.70	9.07	1.52	-5.10	1.21	4.77	-4.91
-1.61	-32.17	40.88	12.25	-7.73	-1.39	-4.11	9.68	2.02	-7.20	3.50	2.71	-2.60
0.24	-32.53	41.41	9.71	-9.75	-1.51	-4.58	8.35	2.76	-6.58	3.71	0.19	-3.27
-0.85	-29.16	39.77	9.08	-15.11	-0.99	-3.29	9.56	2.15	-8.49	3.29	0.13	-0.14
-1.46	-30.85	40.39	6.61	-12.53	-1.25	-2.01	7.64	-0.32	-9.59	3.96	1.42	-2.08
0.68	-29.31	39.14	4.19	-13.07	0.88	-1.94	9.99	0.35	-9.62	4.40	1.19	-1.30
-12.63	-15.27	14.02	8.82	-7.02	-0.34	0.96	5.59	0.56	-5.69	3.84	3.72	-2.88
10.37	-27.42	24.69	-3.04	0.35	3.37	-9.11	4.07	7.20	-5.69	-0.85	0.41	-1.95
10.28	-27.07	11.81	8.31	3.12	-0.11	-4.83	6.98	5.49	-5.29	7.84	-2.41	-5.86
15.30	-28.40	13.07	9.39	2.29	0.65	-5.96	8.82	2.09	-4.77	8.60	-5.57	-5.00
12.64	-25.90	12.83	8.11	3.25	-0.44	-2.84	7.76	0.16	-2.60	7.69	-3.61	-4.60
4.23	-23.29	9.62	8.83	1.54	0.38	-2.76	7.63	0.71	-1.70	7.10	-3.82	-6.11
10.44	-27.95	12.80	6.51	2.16	1.31	-5.80	9.37	0.46	-0.56	9.08	-6.86	-5.80
-12.40	-10.44	4.08	2.30	0.47	-0.26	-0.84	2.87	-1.34	0.70	3.37	-3.25	-3.19
3.27	-10.91	8.28	3.76	-1.12	5.44	1.12	1.18	2.05	0.80	5.53	0.18	-3.90
7.23	-17.75	13.27	3.29	3.81	4.11	-7.81	4.42	-1.64	-0.22	8.28	-2.11	-2.43
11.03	-15.40	2.58	9.55	1.58	1.15	-0.95	0.36	0.07	0.06	6.05	2.23	1.68
-5.61	-7.92	4.54	6.60	6.46	0.40	-6.98	1.63	2.33	-0.56	-0.45	3.49	-2.86
-8.39	-6.39	3.63	0.74	-0.49	3.69	-7.75	-2.49	2.83	2.15	2.77	5.60	0.19
-6.97	-6.68	9.35	-1.36	0.47	-0.18	-4.75	-0.77	1.27	0.56	1.32	0.67	0.19
-4.21	-8.99	4.02	-0.07	-2.07	1.93	-11.08	-7.53	-0.31	-0.78	1.95	5.22	5.94
-8.05	2.07	5.11	-3.41	0.80	-4.78	-6.54	-4.98	3.71	0.96	0.43	2.52	2.56
-6.88	1.84	3.97	0.64	-3.03	-0.66	-2.16	-3.66	-0.18	3.18	2.10	2.07	-0.52
-23.02	-1.84	2.45	5.10	-0.21	-4.87	-2.25	0.58	0.37	2.34	2.57	1.25	3.04
-22.82	-3.99	-0.02	1.78	5.92	-1.17	-0.67	6.31	6.97	0.80	1.59	1.03	3.48
-24.57	-2.76	3.28	4.27	3.42	-0.64	2.18	4.15	5.60	0.86	0.23	-2.32	1.37
-20.41	-2.66	-0.14	4.68	4.75	-4.22	-2.87	6.44	2.97	-1.25	1.42	2.78	3.22
-28.25	-3.44	1.13	2.18	2.12	-3.94	-3.09	-1.51	-0.63	3.31	0.59	1.25	-0.28
-21.22	-5.17	-0.63	3.01	-0.24	-2.65	-2.75	-0.76	1.08	2.01	-3.00	0.36	0.16
-10.78	-3.78	-3.19	-1.47	-0.99	-0.40	-1.32	-0.13	-0.15	0.01	-3.02	-1.31	-0.52
-12.63	0.83	-0.51	0.64	1.44	-0.94	-1.10	1.40	-2.28	0.55	-0.61	-1.57	-0.55
-21.51	-0.17	3.36	1.52	-0.91	2.01	0.13	4.02	4.86	-0.88	-2.13	-1.85	3.22
-15.38	-1.69	-1.20	-4.36	-3.79	-0.70	-2.94	3.15	-1.02	-2.14	-1.11	-0.40	0.74
-25.06	-7.32	-4.00	-0.40	-0.42	1.12	1.55	4.95	-0.33	-1.38	2.11	-0.65	1.51
-14.93	-3.05	-3.46	0.02	0.75	1.94	4.68	4.29	3.65	-1.83	1.88	0.91	1.11
-13.16	-0.22	-3.24	1.18	2.93	1.24	0.38	2.02	-2.65	0.80	0.64	0.24	-0.58
-16.08	-2.68	-2.10	-4.28	-0.46	-0.68	-2.07	-0.59	-1.51	0.55	-1.79	-2.75	-1.49
-15.97	-2.27	-1.20	1.04	1.98	1.91	1.17	4.48	0.09	-1.30	-1.48	-1.21	2.62
-17.94	-0.97	-1.76	-3.61	-1.27	-3.16	-1.34	-0.67	-0.24	-0.63	-1.39	-1.55	1.57
-16.24	-3.07	0.96	-0.50	-0.10	-1.11	-5.42	1.23	2.09	-1.41	0.56	-1.35	2.01
-18.50	-0.48	0.19	-2.48	0.87	0.41	-1.04	3.70	-0.24	-0.00	2.07	0.52	0.57
-14.74	-0.67	0.71	-2.75	-3.24	-2.89	-4.05	-0.30	-1.00	-0.19	2.50	-1.27	0.27
-17.58	-0.67	0.76	-1.48	-0.18	-0.88	-2.11	2.01	0.47	-1.21	2.20	-0.31	0.67
-17.23	-1.96	0.45	-0.42	0.17	-0.18	-2.42	-0.40	-0.43	0.58	0.52	2.44	2.08
-17.82	-4.28	1.92	0.14	2.34	-1.30	-6.33	2.53	-0.42	0.86	3.77	0.78	0.42
-13.42	2.45	0.95	0.52	2.15	0.29	1.75	-0.29	2.80	-2.00	-0.11	2.14	0.27
-12.13	0.60	1.67	0.21	1.33	1.69	-3.42	3.18	-0.30	1.21	-0.91	-2.84	-2.07
-12.77	3.03	8.03	1.28	2.02	2.62	-5.03	-0.86	1.20	0.96	3.61	1.40	1.71
-9.27	4.42	6.99	-3.05	-1.46	-1.67	-4.59	-2.24	2.29	3.35	-1.06	1.15	1.81
-2.59	5.41	3.57	-1.20	-3.66	-4.74	-7.18	-4.66	-2.52	-3.23	0.55	1.97	1.01
-4.85	0.51	5.91	-2.64	-3.06	1.79	-5.37	-3.25	-1.42	2.67	2.57	1.14	-1.02
-2.32	4.14	4.89	-1.07	-4.31	-0.10	-2.40	0.01	-1.12	-8.11	0.30	3.92	1.18
-3.40	6.76	6.56	-0.88	-1.59	1.46	-3.60	0.52	1.90	-2.32	-1.06	1.09	-2.92
-5.51	1.63	4.09	-1.45	-1.70	2.63	-2.12	-0.02	2.55	-0.22	-0.60	1.91	-3.41
-7.06	3.74	6.67	2.24	-0.75	3.12	-0.21	-3.11	-4.06	-5.64	-5.30	-0.76	0.19
-7.98	4.16	10.46	-0.04	-1.78	0.81	-0.43	1.75	-0.70	-0.69	1.14	1.05	0.43
-6.87	4.77	10.99	1.47	4.33	3.24	-2.70	0.22	-0.57	-2.43	-0.50	-0.63	-0.90
-9.82	3.68	10.69	7.33	6.80	5.57	1.98	6.65	6.33	0.05	1.74	3.94	-2.39
-4.49	5.46	9.04	7.27	3.49	6.22	-1.90	1.07	1.31	2.71	3.06	-0.87	-1.93
-6.66	1.29	9.58	1.87	2.04	8.58	2.32	0.76	-2.64	-0.88	-0.54	-0.09	-2.21
-11.28	0.92	7.80	-5.15	-0.98	6.49	0.17	-0.86	-0.06	-0.73	2.71	2.81	-1.47
-6.18	3.22	10.02	3.50	0.20	6.36	-0.37	0.33	-0.75	-6.66	-3.70	0.45	-2.23
-6.69	1.52	12.51	3.72	2.74	8.86	-1.94	-1.10	-1.11	-6.86	-3.42	-0.61	-4.84
-1.62	1.91	12.18	6.04	4.91	14.68	0.22	-2.77	-6.76	-3.48	1.46	0.15	-8.06
-5.17	-2.38	9.89	0.58	2.61	7.65	-2.73	-3.23	-9.35	-3.91	1.47	1.67	-8.24
-2.45	-1.29	3.71	5.06	5.15	8.55	-1.57	-4.64	-5.32	-2.06	3.81	1.13	-4.73
0.10	1.11	4.57	5.72	5.61	6.80	-3.60	-3.71	-5.55	-1.82	3.52	2.23	-1.86
3.85	-4.08	11.20	2.73	0.01	6.25	-2.47	-0.91	-5.61	-4.44	5.95	6.56	-0.19
4.81	-5.30	5.48	-0.13	-0.58	3.50	-7.34	-9.88	-6.01	1.04	6.17	0.61	-1.84
1.39	-9.01	-0.00	-1.12	-1.40	2.76	-3.74	-6.79	-3.03	0.59	-1.89	0.60	-0.37
2.01	0.23	7.44	-0.04	-4.79	0.28	-1.63	-7.14	-0.57	0.36	-0.26	-0.42	1.15
10.27	-5.46	3.33	0.48	-4.08	3.70	-0.37	-4.42	-1.35	2.06	-0.12	-0.50	1.47
14.79	-1.83	7.99	-9.47	-7.79	10.30	3.07	5.19	0.15	-13.58	-2.42	-0.87	-0.11
14.18	1.79	7.35	-11.70	-8.40	8.96	0.93	4.24	3.04	-10.90	4.34	-1.11	-1.13
15.53	2.03	9.02	-7.87	-5.95	9.04	-0.67	2.16	-1.54	-9.45	0.16	0.17	-0.96
10.20	-1.12	-0.28	-16.19	-2.23	9.28	-2.69	5.11	1.17	-12.62	-0.56	-0.10	-0.55
9.52	0.41	2.95	-8.77	-6.80	5.26	0.86	4.65	-2.20	-8.83	1.29	1.15	2.72
5.92	-0.19	3.86	-8.90	-5.90	6.97	0.06	8.17	-0.42	-11.09	1.39	1.81	1.71
7.84	-0.19	1.59	-9.96	-4.27	2.12	-4.78	3.06	-1.72	-11.89	-4.08	-3.48	-3.92
7.29	-2.92	6.07	-4.17	-5.59	9.66	-3.99	6.60	0.70	-7.02	1.58	-1.30	1.66
4.15	-3.51	6.73	-6.09	-2.28	9.28	1.08	6.50	1.58	-7.10	0.06	-2.28	-3.42
5.50	-1.85	8.57	-5.19	0.05	8.14	-0.94	1.08	0.86	-5.23	0.50	-1.33	4.95
7.15	-0.15	2.47	-5.02	0.68	5.79	-0.46	-0.66	-0.12	-1.83	-0.25	-0.35	-0.27
2.92	-0.28	1.58	-4.63	0.14	9.45	5.40	6.37	3.48	-3.13	3.14	-0.76	-2.71
3.28	-0.03	0.22	-2.44	-1.56	8.93	3.05	5.20	2.85	-1.08	1.10	-2.10	-0.65
3.89	1.40	7.18	-2.39	-0.00	2.35	1.02	8.99	6.63	-0.13	0.76	-1.81	-2.52
4.40	3.13	2.16	4.41	-2.43	1.36	3.43	2.71	6.50	-0.03	-3.04	-4.51	-0.93
5.39	4.41	4.09	5.77	-0.63	4.34	3.64	3.04	3.63	3.28	1.07	-2.49	-1.40
0.64	3.65	2.62	-0.69	-2.46	0.97	0.15	0.95	1.28	-4.04	0.80	0.40	-2.90
1.15	1.88	0.83	-4.72	-7.98	1.73	0.89	0.29	-5.03	-8.61	2.39	-3.32	-2.48
-0.05	2.53	-4.02	-1.85	-1.22	1.25	1.56	0.03	1.59	3.58	0.88	-1.10	-0.59
-1.51	-1.03	-0.22	2.85	-2.48	-1.73	-0.21	-0.30	-1.04	-3.75	-4.23	-8.43	-1.66
-2.56	-0.48	-2.66	-3.03	-1.40	3.34	2.24	8.20	5.61	-0.94	-0.32	0.54	0.96
-21.37	12.48	-0.29	-0.44	1.87	-0.64	1.53	8.27	1.98	2.30	-2.23	-1.15	-0.22
-12.85	8.44	1.14	8.18	0.89	-0.58	1.12	2.49	-3.13	-3.69	-4.37	-2.50	0.28
-4.46	1.49	-0.68	4.22	-3.04	1.74	-2.83	0.49	-2.31	-1.82	0.82	-1.25	-2.02
-5.80	3.67	5.97	0.77	-6.11	-2.17	2.14	0.84	-2.11	-4.83	1.32	-0.10	-1.60
-9.76	0.93	1.43	1.22	-0.87	0.59	-0.66	-1.71	-3.54	-5.00	-0.86	-2.69	1.30
-15.06	-5.36	-1.03	1.95	2.21	1.85	2.48	3.68	1.05	-0.31	-0.89	-0.65	-2.70
-12.30	1.47	0.43	1.16	-1.55	1.65	2.43	-1.98	3.67	1.19	-1.44	-0.96	-2.02
-6.75	1.73	1.45	2.20	1.46	-0.33	1.88	-1.06	-1.30	0.58	-3.25	0.63	2.50
-8.56	4.11	0.41	1.03	1.17	-0.87	3.76	1.21	2.48	-0.70	-3.28	-1.16	-2.52
-8.30	-2.04	3.77	3.53	-4.81	-2.39	2.09	7.74	3.23	-2.43	-1.99	-2.66	0.37
-3.14	-2.78	-0.70	-0.19	-2.65	1.89	6.49	9.06	2.57	0.35	2.75	0.89	-0.37
-3.38	0.31	3.35	3.48	-5.63	0.57	8.44	3.81	2.85	-1.34	1.75	-3.04	0.56
-10.59	0.08	9.81	0.72	-6.40	3.87	5.21	2.84	-0.30	0.29	-0.23	-1.32	-0.51
-5.86	2.61	4.73	3.12	0.58	4.37	-0.45	-1.68	-0.17	-0.08	0.72	2.32	1.92
-8.87	0.52	-2.30	3.09	1.55	2.92	4.48	4.20	2.34	2.15	-0.20	-3.16	-0.66
7.77	6.67	10.28	9.35	-0.13	3.40	1.97	2.80	4.01	2.35	3.23	1.20	1.91
6.15	4.50	13.25	6.93	0.82	1.94	3.57	8.96	4.07	1.43	2.28	-1.62	-3.21
7.83	5.82	6.87	5.15	4.98	3.43	5.33	8.42	0.72	-3.55	-2.18	-0.25	-1.13
8.05	5.20	3.69	4.70	1.35	0.68	5.09	8.14	7.51	-1.96	0.35	-3.75	-1.25
1.03	-10.53	-2.24	4.70	5.77	2.06	2.68	-0.59	3.50	-2.25	-1.53	-0.45	-1.44
-0.54	-17.42	-6.47	6.81	7.08	0.05	0.20	-3.03	4.21	-5.39	-4.87	1.38	-0.25
3.48	-21.78	14.92	19.24	8.09	4.41	-9.04	0.68	6.49	-3.73	-6.97	2.90	-3.01
4.26	-19.71	5.21	12.93	1.98	-0.09	-6.51	-1.52	2.14	-2.67	-2.93	1.61	-0.83
17.18	-30.73	13.94	15.66	6.29	7.19	-4.92	4.87	-1.40	0.28	-6.25	1.88	-4.74
16.35	-23.97	7.83	18.63	3.64	8.56	-1.53	-0.40	0.59	-5.08	-2.49	1.14	-6.32
4.39	-22.84	2.24	11.29	-0.79	4.32	2.85	-2.41	-6.84	-6.80	-3.45	1.52	-2.05
-5.27	-7.02	8.29	7.74	3.47	6.24	-0.38	-2.45	1.79	-6.97	-2.44	2.48	3.59
-20.45	-17.88	21.35	7.27	-9.79	6.98	-0.17	-2.07	2.04	-3.48	1.44	4.54	-3.32
4.98	-20.79	12.13	12.77	4.86	10.17	-3.86	-2.29	9.16	-5.66	-0.74	3.21	-6.65
-7.06	-12.33	6.27	10.60	4.69	3.47	-3.34	1.45	7.93	-1.06	0.52	4.70	-0.50
-9.30	-19.03	21.15	20.00	4.07	1.51	-8.97	4.09	9.04	-5.77	1.36	3.24	-6.78
-6.50	-29.81	29.21	18.17	-0.30	8.09	-4.70	8.89	7.21	-9.75	1.05	2.85	-5.81
-7.40	-29.82	30.96	19.77	-7.35	13.27	-5.05	8.04	7.71	-7.73	1.01	4.07	-7.27
-10.32	-27.48	30.43	17.37	-6.74	14.89	-3.18	8.72	8.25	-6.83	-0.27	2.75	-5.62
-11.10	-24.91	31.56	17.01	-7.88	15.88	-3.58	8.75	10.83	-7.58	-1.21	3.05	-5.76
-10.93	-24.32	31.14	16.71	-8.30	16.35	-2.10	7.57	11.81	-10.02	-1.76	2.26	-3.81
-6.31	-25.17	30.26	17.16	-8.51	15.95	-3.47	6.81	11.67	-7.61	-0.16	3.79	-2.36
-2.66	-9.50	24.54	-0.24	-4.14	4.75	-1.76	7.76	2.40	-9.34	1.64	3.83	-1.98
-8.60	-12.47	29.36	11.68	-9.06	3.20	0.60	5.79	8.71	-9.78	1.87	2.10	-2.17
0.24	-12.50	23.83	14.05	-6.83	5.61	1.38	10.08	5.68	-14.70	0.74	1.56	-5.91
4.74	-5.62	15.56	10.87	-0.83	6.07	-1.74	9.80	6.87	-13.11	-1.73	0.01	-5.99
12.24	0.38	4.47	18.20	3.63	-2.19	5.77	11.75	3.26	-9.50	-4.19	-0.50	-4.24
12.89	2.15	2.62	23.16	4.90	-3.39	7.73	12.00	0.43	-10.26	-3.33	-3.50	-3.41
10.20	1.92	4.17	19.36	2.64	-5.15	9.25	13.50	2.97	-10.23	-4.70	-1.74	-4.35
10.32	-1.25	4.48	18.50	5.51	-5.56	9.52	10.70	1.82	-9.05	-2.49	-1.64	-5.30
15.34	-1.38	2.79	17.41	3.81	-4.03	10.96	10.98	1.45	-7.93	-4.65	-0.73	-8.59
7.29	-1.94	3.41	14.97	7.71	-0.97	12.13	9.20	0.76	-8.06	-3.77	-2.78	-4.26
8.82	2.18	-0.33	6.30	0.90	-5.61	-0.69	5.42	-2.33	-1.56	-2.22	0.10	-0.73
-7.57	2.42	-3.58	-4.00	-2.48	-0.32	0.23	-1.92	-1.20	-0.70	-0.88	-2.68	-1.90
8.32	-7.21	3.49	12.28	3.35	4.27	7.76	9.86	3.32	-9.13	-1.47	-5.06	-0.09
9.58	-5.30	1.85	11.65	4.70	3.18	8.62	9.75	2.19	-7.95	-4.16	-4.61	-0.54
11.56	-8.41	2.21	11.09	2.85	4.37	6.23	10.12	1.47	-9.86	-2.74	-1.18	0.96
3.94	-10.50	8.38	7.58	2.32	11.51	2.81	0.08	2.42	-12.53	2.84	4.05	-1.82
7.47	-5.69	10.59	4.21	3.37	7.75	-3.78	-2.47	2.87	-7.80	9.92	-3.89	-3.27
-1.13	0.01	3.59	1.81	6.42	6.26	-5.36	-2.36	0.58	-5.47	2.58	-1.47	-6.38
18.54	-5.83	2.41	0.29	-2.72	5.45	-2.06	-2.22	3.78	-4.96	2.56	-2.39	-3.01
17.78	-3.55	-1.22	-0.78	2.58	1.75	-4.03	-1.57	-0.57	-3.57	5.76	-2.31	-5.33
17.56	-4.30	0.31	1.94	-2.40	5.75	1.78	-4.37	-0.89	-0.00	3.70	2.45	0.02
6.03	-2.45	-1.05	0.61	-1.99	6.54	-2.91	-7.11	-0.32	-0.20	4.23	-0.06	-1.14
-5.15	-8.77	-5.90	-0.19	-1.19	6.10	2.50	3.50	8.43	2.96	3.83	-3.98	-4.55
-2.21	-7.44	3.18	0.06	-1.08	-1.33	3.87	6.60	3.16	2.20	2.28	-0.78	2.19
-7.04	-3.70	-0.76	1.07	1.53	4.95	5.81	1.07	3.29	0.32	0.52	-2.40	-0.84
-5.75	-2.50	7.48	2.24	-1.50	2.51	2.47	-0.85	1.63	3.43	1.33	-2.73	0.01
-4.17	-0.90	5.65	2.71	-2.45	-3.07	2.94	-1.09	-0.59	-0.06	1.18	-3.96	-0.53
-4.11	-0.69	0.07	-0.54	-2.91	0.64	-2.46	-4.12	7.61	0.10	0.73	-3.13	0.13
-7.17	-2.29	3.22	-0.04	-2.61	-0.96	-2.53	2.75	5.48	1.46	-1.81	-0.18	-5.53
-6.93	-2.36	6.23	4.64	3.34	2.85	-4.92	-0.21	3.09	1.53	2.00	1.92	-1.19
-12.05	-6.59	-0.79	2.93	-0.05	0.57	-5.25	-5.79	-0.48	-0.15	-2.18	-4.83	-2.97
-9.34	-6.33	-1.38	-0.43	3.47	2.24	-0.70	-2.42	2.36	-2.15	-2.14	0.03	-2.04
-7.01	-0.37	2.62	4.48	4.41	6.62	2.51	0.59	-0.84	-2.40	-0.40	0.57	1.59
-2.13	-4.01	1.79	1.31	3.16	4.05	0.25	-3.27	-0.91	-2.05	1.35	-1.49	-0.20
-9.14	2.59	3.48	1.16	-0.92	-1.33	-1.95	-1.04	-1.85	0.92	0.04	-1.89	-1.73
-10.94	-3.87	-3.63	3.27	1.94	1.93	0.91	4.90	-1.60	2.18	2.87	0.23	1.15
-4.14	-6.35	-7.12	-3.75	-4.30	1.36	1.92	-0.01	-2.55	-2.25	-2.98	-3.07	-1.82
-6.51	-4.38	-0.47	2.91	-3.32	-3.40	-1.38	-1.40	2.30	2.51	-0.40	-0.71	-1.47
-7.48	-4.00	1.43	4.31	-3.39	5.88	4.09	1.93	5.85	-0.40	0.61	-2.91	-5.54
-1.90	-7.64	1.54	4.27	-0.08	2.57	1.69	-0.83	2.89	3.37	-0.98	-4.65	-5.66
-5.74	-3.07	0.33	3.93	1.87	1.16	-4.07	-0.11	-0.99	1.59	-1.03	-1.44	-0.33
-2.82	-2.46	2.59	5.63	0.71	-0.79	-2.33	4.28	2.34	-2.71	-3.80	-1.55	-3.76
-9.23	4.42	-0.99	-2.35	2.69	5.20	-0.15	0.49	-0.10	-0.43	1.02	-2.76	-1.13
-7.31	3.46	-4.27	-1.25	1.47	-0.18	0.67	0.69	5.10	4.57	2.38	2.72	1.97
-5.77	-8.95	7.41	4.63	0.31	5.72	3.21	2.32	4.99	3.59	-6.75	-4.51	0.34
-8.02	-4.92	10.76	4.61	-2.04	5.05	7.49	1.79	-0.34	-1.11	-5.57	-5.86	0.79
-10.46	-8.40	3.95	3.27	-0.12	0.23	0.42	3.48	1.59	-1.79	-2.49	-2.11	0.04
-1.81	-1.17	5.16	1.11	-4.16	3.08	5.32	-0.28	-0.84	1.22	-3.43	-2.60	-2.73
-10.06	-5.88	9.35	3.90	-0.76	-0.58	1.08	-1.95	0.32	2.05	0.58	-1.07	-2.80
-14.25	-11.31	0.62	1.21	-3.49	-1.56	-0.10	-1.70	-0.08	-2.66	-3.32	-0.82	0.15
-13.49	0.86	2.80	1.76	-2.80	-4.41	0.66	2.92	0.49	1.16	0.02	1.10	-2.98
-11.83	-2.60	6.70	0.83	0.28	0.44	-2.90	-5.25	1.56	-3.87	-2.74	-1.40	-2.28
-16.86	-5.23	10.00	5.02	3.51	6.12	1.59	-2.10	-1.87	-5.21	-0.48	-1.18	-5.31
-19.99	-7.78	1.81	3.96	0.90	9.01	8.23	5.57	2.62	-1.40	1.19	-0.51	0.62
-13.63	-3.43	3.68	2.33	1.32	6.53	4.82	0.46	4.44	-0.89	-1.48	-3.84	-0.85
-13.51	-2.37	2.53	4.87	-1.16	2.65	5.67	5.13	-2.07	-7.45	-3.78	0.96	2.57
-6.91	-1.66	4.13	1.97	4.68	6.74	-1.63	0.30	-0.99	-6.32	-2.71	1.93	1.11
0.09	0.00	5.77	1.02	1.79	4.82	-0.28	3.60	4.74	-3.71	-5.11	0.86	1.86
-5.03	-5.67	3.43	-0.29	0.98	4.63	1.05	-0.13	-0.10	-7.33	-3.31	-1.02	2.21
-7.54	-3.04	3.27	2.24	-0.22	4.50	-0.31	-0.10	-3.30	-3.41	-3.45	0.72	1.56
-4.36	-1.40	5.32	2.94	1.48	6.30	4.16	2.51	-2.22	-3.27	-3.79	-1.59	-2.62
-0.85	0.30	6.41	6.42	4.26	3.61	1.47	-0.64	-3.86	-7.04	-2.53	-1.70	-1.82
-4.18	1.17	3.92	4.32	3.46	9.38	2.79	1.49	-0.17	-4.32	-5.39	-2.03	1.10
-2.80	-1.00	4.78	6.65	4.23	8.04	4.58	3.98	0.15	-4.90	-8.10	-3.91	-1.36
-2.23	-4.47	4.53	7.06	2.91	8.60	3.88	0.49	1.02	-2.78	-4.58	-1.96	-2.47
-3.68	1.38	7.87	4.86	-0.59	1.07	4.29	-0.96	-2.19	-2.29	-0.85	-0.41	-1.28
-13.03	-6.68	8.39	7.17	5.22	6.12	-1.46	-3.80	-1.26	-2.76	-0.00	0.30	-1.19
10.82	-5.96	-0.95	4.50	1.23	-0.63	-2.35	4.65	0.95	-0.79	2.32	-1.39	-1.77
12.33	-7.40	3.25	4.61	-1.12	-5.50	-5.23	-3.08	-1.61	1.46	1.46	-4.10	-1.31
9.11	-5.85	-2.20	0.19	4.89	-1.54	-3.97	-0.17	-5.62	-0.23	1.55	-2.74	-1.61
5.90	-9.90	-5.84	2.47	2.77	-2.83	-8.06	-3.53	-2.18	-2.59	3.33	-2.82	-1.40
4.40	-9.71	-6.73	1.87	5.89	3.04	-3.67	-2.72	0.03	0.27	-1.40	-4.65	-2.74
3.40	-5.09	-2.39	1.38	-0.19	-3.19	-3.04	1.87	1.66	0.12	3.13	-1.05	-1.03
5.17	-2.36	-2.76	-1.68	2.76	-1.25	-5.99	-3.45	-2.08	2.58	2.67	-2.80	-0.73
5.41	-6.94	-1.21	3.95	0.50	-1.90	-1.20	-3.51	-1.87	2.53	4.25	-1.15	-1.35
-2.66	-3.50	-1.31	3.36	-3.42	-3.20	-1.10	-2.18	-4.82	-3.09	-0.88	-1.24	-1.13
-6.73	-4.10	-0.74	2.97	2.25	-4.17	-4.80	1.35	-0.85	-2.12	-1.72	-0.85	0.53
5.61	-13.99	-8.55	-0.29	4.14	-0.20	-0.50	2.60	0.05	1.59	-4.95	-5.67	-1.64
1.20	-19.03	-10.88	-1.72	-0.08	-2.84	-1.56	-2.21	-4.76	-3.20	-5.22	-5.35	-5.93
5.95	-13.74	-8.72	-0.20	2.10	3.20	-0.16	-0.58	-4.00	-2.95	-2.07	-4.90	-4.83
2.29	-10.76	-6.55	-0.83	-1.61	4.13	-2.67	-0.49	-2.58	-1.81	-6.21	-3.15	-1.33
-2.52	-10.49	-2.60	2.34	4.52	0.34	0.37	1.04	1.29	-6.98	-4.98	-7.61	-5.15
9.76	-2.11	4.81	4.28	5.91	4.53	-6.27	-1.46	-0.04	1.85	1.48	-1.15	-0.80
5.81	-3.42	7.07	-0.72	1.33	5.14	-1.78	0.12	-3.12	-8.37	-5.18	-1.04	1.76
1.59	-9.61	3.67	1.89	6.00	8.84	-0.02	-1.55	-2.08	-2.29	-5.64	-2.17	3.16
4.73	-6.77	4.33	0.99	5.20	4.36	0.57	3.37	0.62	-1.10	0.30	0.88	4.21
-1.00	-7.29	5.64	-4.21	-0.96	4.69	-0.82	1.02	-0.59	1.13	2.33	0.26	2.51
4.01	-1.04	5.38	-1.95	0.59	2.51	0.14	4.66	6.12	2.17	-1.32	-1.26	-0.63
4.46	-0.33	4.52	0.04	1.39	4.32	-1.23	-0.23	1.96	-1.05	-1.68	-0.90	0.47
-9.71	0.56	0.01	0.14	0.88	1.72	-0.79	2.11	2.50	2.31	1.60	-0.27	0.38
-2.26	-2.10	5.49	3.15	3.57	4.22	1.69	6.53	3.07	4.12	-2.43	-4.75	-7.50
2.23	-2.55	-3.06	-4.33	5.43	4.01	1.20	6.25	1.85	2.13	0.60	1.41	0.31
2.93	-3.49	3.34	-0.95	0.99	-2.17	-4.09	2.00	-1.17	1.83	-0.32	-2.10	-1.59
5.90	2.06	8.09	-3.37	2.85	3.30	-2.71	0.88	-2.93	4.01	-2.72	-3.48	3.17
5.25	-6.04	7.39	-7.07	-4.02	-2.14	-3.51	-2.32	-2.70	6.01	-2.15	0.60	5.28
6.25	-0.19	5.61	-7.35	5.08	0.43	-0.33	5.44	-1.58	1.38	-1.48	0.19	2.40
6.36	-2.21	3.18	-8.23	-2.15	1.38	-0.46	4.05	-0.99	-0.11	-1.30	1.40	5.01
-2.44	-0.13	-1.03	-6.51	-5.65	-2.76	0.06	1.06	-0.52	1.63	-1.69	-1.50	-0.83
-11.53	2.21	1.78	-0.90	-0.01	-1.78	-1.66	1.32	-1.30	-4.97	-7.45	-3.24	-1.94
5.22	-0.52	7.19	-14.11	-0.64	1.71	-4.44	0.17	-7.47	1.76	1.80	-0.26	3.00
1.15	-5.76	11.51	-13.60	-6.33	-5.19	-6.93	-4.00	-11.22	-0.72	2.56	0.29	5.88
0.81	-6.69	3.38	-17.53	-0.17	-0.84	-5.38	2.49	-6.42	5.67	6.23	3.19	7.22
7.87	-8.64	9.34	-12.65	3.65	-3.31	-11.03	0.36	-1.06	3.68	1.25	-1.72	4.23
4.45	-10.25	7.03	-7.35	2.38	0.53	-7.25	2.34	2.72	4.09	1.00	-0.96	9.83
3.08	-8.62	11.04	-1.80	4.12	1.31	-6.52	1.15	-0.89	4.44	3.49	0.19	3.01
-9.03	3.67	2.72	-1.87	1.96	1.12	-2.71	1.04	0.65	1.53	1.98	-0.03	-0.00
4.48	-2.96	8.01	-2.51	1.27	-1.05	-9.18	1.02	0.65	3.02	-3.49	-2.35	3.09
-1.49	-5.20	4.47	-2.55	0.15	-5.07	-6.01	-0.72	-1.18	4.85	2.45	2.65	4.51
3.77	-0.50	4.38	0.69	4.22	1.65	-3.91	-5.22	-1.18	4.00	-2.99	-4.36	0.82
-23.09	14.81	-0.83	-0.20	6.80	-5.02	-0.85	-5.49	4.99	4.51	-2.90	-1.16	0.33
-44.50	-7.21	22.68	-5.77	0.57	2.93	-1.89	-0.95	3.11	1.30	3.79	0.70	-1.71
-22.67	-26.35	30.53	9.21	-4.86	6.26	-1.87	3.92	-0.01	-2.40	4.73	2.84	-4.61
-19.62	-15.82	17.82	4.33	-1.53	3.96	-3.90	3.74	-2.79	-4.26	2.83	-3.79	-3.34
-8.55	0.79	3.82	4.31	2.83	4.37	4.85	6.71	2.56	0.28	0.88	1.36	2.76
7.68	1.02	2.86	8.05	9.01	2.42	4.27	10.47	6.64	1.06	-4.18	-3.53	0.49
9.28	6.85	3.42	6.24	10.36	-3.69	0.76	11.07	6.54	2.02	-1.38	-2.64	-0.36
3.30	3.78	6.83	3.85	5.05	0.39	1.66	5.32	2.88	3.23	-1.50	-3.47	-0.09
-15.25	-14.62	6.50	7.64	5.79	-6.52	-4.68	9.23	4.96	-1.40	-0.89	-2.98	-2.21
-10.91	-13.91	-3.55	4.76	5.77	0.36	0.00	2.51	5.48	-5.89	0.66	1.51	1.38
-2.73	-16.96	9.39	18.85	7.82	4.38	-4.98	1.56	8.96	-6.17	-7.78	5.16	-4.16
7.11	-28.25	16.72	19.07	4.10	11.76	-8.72	5.79	12.42	-5.19	-8.54	5.16	-5.02
12.46	-29.85	14.64	20.34	5.16	14.13	-8.87	6.07	11.97	-1.74	-5.22	3.89	-7.90
13.80	-19.56	10.44	14.65	2.93	9.14	-5.94	-4.73	8.93	-3.39	-4.01	2.96	-5.73
-1.46	-21.81	21.68	19.43	8.29	3.57	-7.06	5.95	8.87	-4.99	-2.16	0.86	-2.57
-6.41	-23.53	21.21	17.34	1.76	5.94	-5.88	3.82	6.86	-6.80	1.19	4.80	-3.80
4.85	-37.41	29.24	21.56	-2.72	12.28	-11.32	12.24	6.59	-6.71	1.60	0.51	-3.77
0.11	-35.13	32.12	20.45	-3.86	13.38	-8.92	8.25	6.63	-7.59	1.82	-1.17	-2.31
-5.98	-28.26	32.97	21.86	-8.48	16.01	-10.30	9.83	3.70	-4.41	0.45	-0.81	-1.20
-13.82	-25.66	31.90	20.51	-6.45	13.67	-4.87	8.65	5.25	-3.72	-1.48	-0.04	-2.90
-8.89	-24.74	29.74	17.59	-10.39	15.83	-0.93	10.51	11.38	-4.61	-0.54	-3.62	-3.53
-7.92	-20.53	31.32	16.20	-13.09	15.11	-2.67	11.30	4.27	-5.60	-4.34	-0.51	-1.27
-13.40	-7.72	18.09	4.60	-4.54	3.78	1.84	4.80	0.69	-3.99	1.66	1.24	-1.88
-15.01	-10.26	25.68	10.56	-6.25	7.59	4.23	9.23	4.62	-6.39	-4.39	0.65	0.62
-4.10	-17.06	27.37	8.85	-4.22	7.87	-1.84	12.56	4.82	-12.44	-1.52	0.96	-2.08
7.10	-7.49	9.04	8.29	5.30	-2.38	4.68	12.03	0.89	-8.14	-4.36	1.48	0.62
21.72	-15.17	9.38	9.37	5.05	2.80	2.43	16.37	2.44	-9.62	-3.44	-0.90	-1.28
25.06	-16.13	11.45	10.86	3.49	-0.90	-0.63	13.24	2.99	-6.20	-5.19	2.30	-1.84
20.96	-15.36	8.36	10.92	7.41	-0.57	0.18	15.42	1.36	-6.47	-4.24	1.05	-2.87
21.80	-13.89	4.21	11.72	8.52	1.07	0.03	15.32	3.06	-9.68	-1.12	1.34	-2.95
1.58	3.30	-2.10	-0.33	2.29	2.83	-0.05	1.36	2.42	0.08	-0.99	-1.28	-1.24
-9.77	0.88	-0.97	0.60	-0.25	-1.02	-0.59	0.54	0.99	1.40	0.98	0.89	0.80
16.52	-4.07	4.38	2.74	4.40	5.62	2.08	5.01	-2.04	-5.04	-1.94	0.18	0.47
12.07	-3.60	3.38	3.32	6.32	8.68	2.87	4.91	-1.27	-5.00	-1.15	-0.06	0.05
22.53	-3.39	3.10	0.58	5.07	5.86	3.82	7.54	-4.40	-6.10	3.73	1.71	-0.67
18.24	-5.59	6.15	-1.93	9.27	8.24	3.60	5.90	-2.28	-3.39	-0.73	4.62	-0.49
-3.47	-7.60	3.25	-6.92	-2.67	11.15	-1.88	1.05	3.06	-2.51	13.64	-1.73	3.17
13.35	-8.28	12.39	-8.37	-0.05	9.45	-6.32	-0.04	3.70	-4.47	6.18	-0.69	1.42
19.29	-13.98	9.91	-10.40	3.25	10.74	-14.36	2.33	0.20	1.31	4.39	0.58	0.00
10.05	-15.59	12.30	-6.87	1.40	5.78	-9.15	-0.39	-3.44	5.25	5.24	-1.98	0.54
-11.39	-1.21	-1.17	-3.18	-2.23	2.00	-1.06	-2.06	1.70	3.15	2.12	1.64	0.80
4.86	-13.74	-1.80	-4.37	-0.48	3.05	-1.02	-0.24	1.96	7.29	7.11	1.81	1.62
6.55	-7.29	-4.33	-3.30	-1.13	8.60	3.58	-2.13	4.69	5.36	-2.33	1.06	2.03
7.66	-2.10	-1.97	-3.20	-4.32	1.00	2.19	-4.84	-1.38	-0.98	-3.76	4.47	2.80
7.35	-13.76	1.92	2.61	-3.40	2.06	-0.57	-5.43	1.56	-2.52	-1.83	3.14	1.81
3.39	-15.51	0.82	8.07	-4.36	-2.57	-0.02	-3.63	-1.88	-4.66	-0.12	0.44	0.15
7.87	-18.91	-6.81	3.92	-3.83	-3.52	-3.57	-2.53	-0.10	-0.94	-3.25	-3.18	-0.25
4.98	-15.89	1.13	9.12	-3.14	-3.76	-3.00	-4.59	-0.26	-3.06	-3.72	1.72	-2.84
6.62	-13.08	-1.99	-0.92	-7.75	-1.27	4.52	2.55	0.11	1.07	0.33	1.24	-0.23
1.74	-8.78	-3.23	1.24	-7.28	4.01	2.77	-6.26	-0.92	-1.74	-0.71	-0.20	-0.05
9.32	-14.22	-4.49	-0.74	-6.10	-4.88	-6.14	-3.35	-3.25	-2.78	-2.66	-4.32	-1.17
6.60	-10.96	-4.47	2.06	-2.84	3.64	3.35	-0.25	1.91	1.03	-1.80	-1.70	-0.21
14.29	-8.23	-5.30	1.85	-1.96	0.59	2.68	-0.03	-2.18	-1.30	-2.99	-1.09	2.39
9.74	-13.90	0.50	1.17	-1.44	1.62	-1.27	-2.20	-0.80	-2.80	-4.73	-0.20	3.90
11.66	-10.97	3.31	5.05	-2.92	-3.00	-3.76	-7.60	-3.68	2.12	-4.09	-1.06	1.95
12.09	-4.30	0.08	3.89	-6.38	-4.25	2.41	-2.33	-2.15	-1.56	-2.16	-2.49	0.78
-3.27	-10.48	-5.92	0.87	-2.22	2.85	2.99	-2.03	2.41	2.52	4.06	5.61	6.30
-6.53	-3.34	-2.12	0.44	-2.30	-2.50	-4.02	-3.69	-3.48	-0.63	-0.09	-0.71	-0.36
14.35	-11.26	-0.64	-0.23	-5.41	2.09	4.70	-0.81	0.80	2.15	-6.47	-5.43	-4.72
2.22	-13.36	-2.21	0.35	-2.53	3.60	4.36	0.70	0.10	1.15	-0.49	-4.90	-2.92
8.10	-11.14	-3.50	-9.36	-10.12	2.75	2.57	-4.90	-2.37	0.48	0.26	0.93	1.08
0.30	-14.02	-3.86	-7.17	-0.82	10.34	6.57	5.11	2.29	0.02	-2.69	-0.83	-1.51
1.04	-11.74	-1.12	-3.88	-4.93	7.83	-2.27	-4.94	-0.24	-5.59	-0.25	2.29	1.27
-0.01	-19.99	-3.87	-3.27	-2.63	6.89	2.50	-1.87	-2.43	-3.52	2.21	-0.17	5.62
-7.40	-7.70	-7.14	-4.02	-4.13	0.65	1.17	-4.28	-6.86	-2.32	0.61	-0.21	0.44
-6.83	-7.09	1.52	2.20	-0.15	4.17	4.11	-2.43	1.58	-1.44	-0.52	-0.80	-1.89
2.24	-5.63	5.31	-1.81	-6.05	5.69	0.13	0.96	0.12	5.18	2.23	-2.85	-4.83
0.50	-8.78	1.54	-3.21	1.05	1.99	1.62	3.73	-0.71	3.10	2.44	-1.83	-2.96
1.10	-10.49	-1.51	-0.28	-1.98	4.43	0.72	-4.30	-0.80	-0.91	1.73	-3.28	-2.65
6.14	-2.80	3.29	0.22	-5.52	1.10	1.56	1.79	4.44	1.33	1.21	-1.53	2.09
-4.24	-0.80	1.87	-0.39	-0.40	0.38	2.83	-0.18	0.69	2.33	-1.32	-0.64	1.66
-1.24	2.16	7.32	5.01	3.27	0.29	-2.73	0.06	-0.48	0.62	-3.81	-2.34	0.44
-23.06	8.85	-7.54	-1.57	-1.43	-0.80	1.24	-0.91	4.89	-1.29	-0.86	-0.86	-0.82
-21.13	2.00	-4.36	1.84	-1.22	0.18	5.23	0.93	1.99	0.29	2.05	-0.88	-0.76
-19.81	5.29	3.46	6.83	-1.00	-0.89	5.20	0.31	-0.39	2.75	0.85	-4.86	1.01
-23.51	3.02	-0.62	1.73	-0.20	1.37	9.23	6.77	1.23	1.72	1.70	-4.46	-0.65
-21.41	5.95	2.97	4.03	0.60	-2.30	2.70	-0.67	1.13	1.82	-0.22	-4.47	2.32
-21.02	-1.22	-1.83	1.88	-0.43	5.86	5.80	1.75	3.19	6.45	4.22	-2.46	-3.00
-17.98	6.10	4.72	4.57	0.84	-0.26	4.67	3.88	-2.10	-2.12	1.59	-3.72	-3.34
-11.34	2.97	1.53	3.38	0.90	1.47	7.84	0.50	-1.73	-3.91	-2.41	-4.99	-4.37
-12.01	0.87	-2.30	4.82	-1.12	5.19	8.96	4.18	-1.64	-3.24	-3.04	-7.84	-0.12
-16.53	4.04	2.74	5.26	4.48	1.24	6.44	0.44	-2.50	-0.48	0.67	-4.58	2.37
-13.78	3.25	-0.34	0.44	-1.71	2.12	3.18	1.44	1.04	0.11	-0.42	-1.32	1.95
8.26	-2.71	-6.96	-2.51	1.04	1.44	-0.06	0.76	0.07	-2.71	0.91	-2.08	-0.86
6.19	-2.36	-6.18	-1.71	-1.64	-1.54	-3.42	2.49	4.76	5.90	5.12	1.82	-2.37
6.83	-0.23	-4.12	-0.42	-3.64	0.38	-2.49	6.05	7.72	4.89	0.54	-1.23	-0.26
1.06	-4.12	-5.62	-4.44	-1.64	3.31	1.09	4.12	7.85	5.55	6.44	5.17	-0.30
0.59	-5.06	-3.17	-2.99	-3.26	3.77	0.39	0.76	6.83	5.83	4.05	3.85	0.13
4.90	-2.68	-1.13	-5.39	-5.37	5.48	0.38	-0.31	8.60	2.09	4.29	0.58	-4.81
2.70	-2.83	-2.05	-3.74	-3.87	3.52	-5.04	-2.46	7.30	3.09	1.78	1.46	-2.46
-2.79	1.95	7.58	4.52	-1.70	3.87	0.46	1.11	5.91	2.71	1.65	0.91	-0.78
-0.39	3.58	5.23	2.63	2.80	-1.88	-2.18	-1.05	2.64	0.76	2.06	4.37	2.09
-1.11	0.37	-1.37	1.56	-1.79	0.80	-0.84	2.88	3.03	-0.14	5.00	6.28	1.33
-5.68	-2.97	2.41	2.90	-1.02	5.13	5.85	6.07	2.28	0.29	4.38	0.87	1.11
0.21	-0.98	6.21	3.75	1.95	2.06	2.55	5.92	0.87	-0.87	-0.32	-1.01	-3.47
-2.87	0.23	0.21	4.00	1.23	1.86	0.63	5.53	3.61	1.69	3.13	0.28	-2.49
-0.01	5.55	0.37	0.43	-2.08	0.46	1.84	3.85	2.35	3.63	3.01	-0.37	-4.57
-5.32	-0.87	-0.04	3.68	-1.84	-2.10	2.14	1.88	1.07	3.63	6.10	3.46	-3.25
-4.76	1.63	-0.17	3.08	-3.10	-1.27	0.99	4.20	3.85	5.58	7.29	4.94	-1.34
-8.29	-0.07	0.53	3.73	-0.17	-2.33	-3.21	2.75	5.18	3.45	2.70	4.13	2.05
-7.27	0.73	3.38	3.24	1.20	-3.24	0.69	6.11	2.16	1.54	0.16	3.70	-2.66
-11.67	-7.09	3.52	2.41	-4.53	-0.03	2.58	-3.15	-1.45	1.97	0.14	2.18	2.08
-10.52	-1.15	6.51	-1.72	1.05	5.91	8.13	3.41	2.30	1.50	-0.69	-2.36	-1.51
-10.92	-7.97	-3.18	-0.92	-1.36	4.23	6.04	1.78	-0.57	-3.15	-6.94	-4.97	-0.40
-8.45	-4.53	4.71	-0.38	-7.96	3.29	4.87	1.26	-0.98	1.21	-1.31	-3.47	2.08
-1.88	1.24	6.20	2.34	-0.18	2.71	4.14	-2.22	-1.98	-0.55	-4.87	-2.98	-2.03
-1.88	-2.97	3.05	-0.71	-4.28	0.75	3.69	6.05	1.51	-1.03	-2.98	0.23	1.78
-3.86	-0.92	5.39	4.56	-2.98	0.74	1.21	3.72	2.96	3.12	3.97	1.21	2.74
-3.65	-1.24	6.76	1.45	-3.50	7.49	7.45	0.88	2.71	3.88	2.26	-0.42	0.60
-6.80	2.86	3.40	-1.34	-3.72	0.90	2.60	-0.47	1.82	0.81	-0.46	0.74	2.89
-5.84	0.79	8.51	3.05	3.29	-0.12	1.04	-0.27	0.19	2.84	-2.47	-0.93	-3.09
-10.88	6.47	0.72	5.44	7.32	-1.80	1.69	2.80	4.89	2.08	-3.01	-2.23	0.83
-14.80	9.88	-1.80	3.89	5.95	4.65	5.53	8.53	4.44	1.72	-6.00	-3.01	-1.87
-11.69	10.58	-3.26	2.49	2.63	2.27	3.23	2.84	0.24	2.53	0.11	2.46	-0.39
-18.23	-3.71	-5.28	-1.94	5.31	1.63	3.12	3.39	5.07	1.82	0.36	2.98	5.00
-19.97	0.76	-5.36	7.70	5.40	-2.16	5.79	-0.73	1.53	2.26	0.83	0.86	2.34
-19.11	1.63	-1.05	9.14	8.37	3.72	-0.79	-1.40	4.73	2.90	1.15	5.06	1.69
-16.96	5.53	-0.54	6.33	5.23	3.93	4.36	0.96	2.16	1.32	1.12	-0.59	-2.76
-15.43	-2.06	-5.17	5.38	2.67	0.93	4.40	2.19	1.84	1.29	-2.92	-1.12	-0.90
-13.55	-3.55	-1.15	0.79	-2.77	-3.69	-1.46	-3.41	3.46	-0.30	-2.46	-1.60	-3.32
-14.26	-2.48	0.70	1.00	-3.44	-1.30	-0.42	-2.99	0.06	-0.32	-2.49	0.44	-1.04
-10.19	-3.14	7.56	0.70	-3.07	1.99	1.15	-5.17	1.71	-0.75	-1.58	4.44	-1.04
-16.46	-10.95	0.83	-3.54	-4.85	-1.10	-3.04	-3.44	4.16	4.32	-2.29	-1.25	-0.58
-22.69	-1.89	4.75	-3.35	-6.25	0.33	-5.24	-7.91	2.09	2.03	-3.63	-0.79	1.43
-11.59	-6.98	4.89	-0.15	-3.04	-1.20	1.19	-2.77	2.75	7.57	1.74	3.42	1.49
-20.84	-0.66	3.13	1.27	-5.88	0.54	-0.07	-0.85	0.80	1.67	0.50	-1.46	2.78
-57.69	12.65	1.29	1.15	3.28	-5.04	4.91	-2.46	2.57	-3.64	2.64	0.17	-1.90
-27.05	-34.02	17.67	4.21	-6.31	-0.48	-4.44	3.06	5.97	-1.74	-0.17	-2.63	-1.23
-13.45	-12.11	15.92	7.93	-3.24	2.50	-1.14	3.24	2.76	-4.40	0.47	1.54	-0.23
5.56	4.98	7.51	6.70	4.82	0.31	5.54	9.60	11.88	-3.94	-8.33	-2.06	2.14
-17.36	15.38	8.19	6.86	8.65	2.33	11.10	8.28	12.51	-10.66	-1.66	-2.79	0.19
1.56	3.79	9.54	7.32	2.62	2.68	8.64	6.35	2.84	1.68	-0.73	0.07	-2.62
2.25	-3.51	3.40	6.13	4.72	-0.27	-0.74	1.40	3.98	0.99	2.89	1.79	-0.27
-6.21	-17.91	-4.20	4.32	6.31	0.66	-2.82	1.96	4.12	0.16	0.76	-0.10	0.24
4.96	-18.70	8.16	21.15	12.93	3.89	-8.30	0.65	6.12	-0.03	-2.76	0.80	-2.10
-3.46	-24.35	8.42	19.59	8.45	5.20	-5.04	1.24	8.15	-5.43	-0.31	-0.76	0.29
3.89	-28.33	19.32	14.40	6.67	5.48	-6.60	-1.82	7.66	-2.79	-6.09	0.69	-4.70
5.55	-19.93	8.23	14.84	3.26	3.13	-5.24	-4.51	4.15	-1.39	-3.18	2.99	-3.53
-2.36	-9.08	7.67	12.43	3.72	0.56	-5.82	-4.20	1.92	-3.32	-5.23	-2.10	-6.36
7.20	-5.08	4.56	7.60	-0.47	9.77	2.22	-3.15	4.23	-4.40	-9.40	5.14	-0.72
1.31	-30.91	5.16	8.12	-10.66	1.72	-1.96	-6.59	4.28	2.72	3.92	0.33	-3.34
2.69	-29.33	10.16	14.04	0.34	11.36	-5.03	-0.20	8.07	-3.84	4.35	0.57	-1.17
0.61	-30.62	21.37	20.04	2.53	11.68	-5.40	2.95	13.05	-8.69	-1.52	0.80	-5.46
8.23	-36.71	27.92	19.33	0.01	12.68	-7.00	8.42	8.19	-6.78	-0.78	1.10	-3.57
4.84	-38.47	30.12	21.15	-2.19	12.73	-4.43	11.06	8.33	-7.22	1.83	0.18	-2.71
-15.83	-11.98	14.98	4.63	-8.26	2.80	-0.47	-2.79	1.35	-1.90	-2.67	-0.20	-0.53
-11.37	-13.81	17.64	10.18	-8.19	-0.14	1.29	1.22	0.59	-1.05	-2.18	0.73	-0.02
-10.56	-32.78	35.24	11.82	-8.07	9.38	1.67	4.55	5.55	0.49	-1.20	5.02	1.47
-8.24	-20.60	35.51	7.77	-10.04	8.30	5.48	8.58	6.31	-1.86	-1.30	-0.96	-2.53
-4.80	-21.20	37.20	6.40	-10.75	4.30	5.57	6.09	-0.81	-2.82	-2.75	0.30	-1.35
-5.86	-20.72	35.84	5.38	-4.92	-0.38	8.56	6.43	-0.53	-5.75	-5.33	0.27	-0.83
-4.16	-18.03	28.29	5.96	-3.80	-2.14	7.45	6.38	2.12	-5.77	-4.64	0.50	-1.00
-3.11	-14.30	19.25	6.60	-1.52	3.99	3.89	9.81	3.03	-6.27	-6.85	1.81	-3.30
-17.97	-8.12	-2.97	0.57	-1.45	-0.28	1.24	2.66	1.28	-1.99	0.69	3.24	2.40
-5.76	-1.04	4.55	8.44	5.13	0.75	-0.14	3.82	3.11	2.27	-0.21	-0.95	-1.73
3.71	-13.07	7.61	8.35	9.50	-1.21	2.65	12.16	2.60	-2.81	-4.22	-1.30	-6.34
1.48	-9.03	6.06	8.75	9.62	-0.49	3.06	9.76	1.39	-3.21	-5.83	-1.10	-3.48
4.41	-11.86	7.71	8.53	12.70	0.29	2.50	9.80	-1.59	-6.58	-5.40	-3.75	-2.60
11.06	-14.14	5.96	7.15	13.94	-0.72	5.53	9.98	-2.62	-4.34	-6.17	-1.76	-4.03
10.09	-8.86	10.70	3.89	16.60	-1.86	2.55	8.73	-3.28	-4.82	-4.98	-0.68	-1.05
10.90	-8.07	7.17	4.72	15.09	2.19	1.24	7.11	-3.81	-3.01	-1.61	-2.38	-2.84
0.60	-6.71	6.51	-3.77	6.10	10.17	-6.01	0.94	4.86	0.99	3.46	0.96	-2.67
5.27	-3.51	-0.89	-4.58	9.62	9.88	-3.56	0.66	1.89	-0.44	1.99	-0.09	2.14
8.36	-10.62	22.39	-13.59	-0.99	7.15	-4.81	-2.33	-4.16	5.71	1.66	-0.29	0.51
8.91	-15.75	13.84	-2.94	-1.09	6.79	-2.01	-5.53	0.51	5.23	1.57	-1.11	1.27
9.83	-15.13	11.91	-10.85	4.08	5.93	-4.37	-1.80	-1.65	9.02	1.48	-3.30	1.45
8.45	-15.56	9.66	-9.54	1.81	6.84	-2.63	-3.90	2.60	9.75	1.37	-1.43	1.85
13.73	-19.94	6.68	-11.55	-0.74	6.44	-3.25	-6.19	3.96	7.28	0.24	3.02	1.88
4.84	-17.40	6.83	-11.17	-3.16	2.54	0.02	-4.34	1.81	12.76	1.16	1.52	2.02
-16.83	-2.34	0.62	1.09	-0.62	0.68	-0.53	-0.34	5.05	4.96	0.51	0.66	-0.55
-9.95	-8.58	-5.77	1.63	2.77	0.24	-2.33	-2.07	4.45	4.50	5.51	5.97	0.63
6.46	-7.22	-3.45	-0.87	-1.26	-4.34	-0.52	-3.39	-1.51	1.12	-0.46	-1.97	-2.33
6.92	-5.61	-2.15	-2.24	-0.46	-1.97	3.06	6.49	5.77	4.28	-0.44	-2.90	-2.19
6.64	-2.48	-1.57	-2.20	-3.77	-3.40	0.89	-0.27	-0.81	-0.22	-1.43	-2.98	-1.63
7.40	-6.21	-0.59	-0.52	-2.52	-1.86	1.59	-0.64	0.25	0.29	-0.01	-1.21	-3.48
2.67	-4.14	-2.60	2.26	0.35	-1.69	-1.44	-2.19	-2.93	-3.68	-2.20	-2.72	-1.52
-7.41	-1.77	-3.48	-3.34	-3.75	-3.70	-3.44	-0.92	0.18	2.41	1.90	0.38	-1.16
4.33	-4.49	-5.48	3.27	-0.85	-3.41	-6.16	-0.06	0.36	0.33	-1.59	-3.08	-5.96
0.11	-0.31	-6.86	0.69	0.58	1.83	-2.34	0.49	-2.19	0.21	-7.82	-3.73	-1.07
5.45	-0.94	-5.97	-1.25	0.79	-0.99	-1.32	-1.29	-6.13	-0.34	-2.73	-2.54	-0.06
1.11	-0.40	-2.62	2.19	1.01	-2.10	-0.12	-0.82	-2.64	-4.41	-0.25	0.51	-1.46
-8.10	-5.42	-3.20	-3.13	-2.30	-0.09	3.80	4.86	1.16	0.21	1.43	0.21	-0.37
-0.66	-0.16	2.46	-0.87	0.42	1.01	-0.74	0.84	-0.86	0.78	4.92	0.14	-2.85
-9.25	-5.64	2.01	-1.61	0.96	-3.18	-0.10	-0.62	-2.26	-0.14	0.29	0.15	0.10
-15.01	1.31	4.30	-1.73	1.87	1.09	3.04	5.35	1.66	-1.64	-0.25	-1.63	0.92
-18.86	-5.49	5.19	-1.65	1.92	-0.08	-0.26	6.55	4.30	0.88	0.84	0.51	-4.40
-20.95	-6.87	2.09	1.05	4.83	3.23	3.00	6.09	3.45	2.69	-0.06	3.27	1.29
-11.21	-4.21	1.14	-0.98	-2.83	-2.34	1.31	-1.39	-2.79	3.09	1.47	0.82	1.11
-10.80	-4.38	0.41	-5.75	1.10	-1.90	0.86	4.21	5.89	7.36	8.17	2.31	3.32
0.41	-4.74	-6.62	-1.71	1.32	0.50	3.30	2.99	2.18	4.52	3.20	3.03	0.05
2.33	-2.04	-0.89	-3.27	-3.98	2.79	-1.40	3.39	1.34	0.84	3.20	-2.78	-1.10
6.39	-4.54	-5.30	0.65	0.85	6.76	1.68	0.19	1.24	1.87	1.45	-1.32	1.14
2.72	-7.68	-1.98	1.41	4.78	5.05	0.07	2.32	-2.67	-1.61	2.78	-2.59	-4.45
6.72	-14.23	-9.98	-4.26	-3.85	-4.94	1.56	7.37	3.71	1.44	0.54	-5.47	-1.36
11.88	-8.27	-7.48	-3.13	-1.84	0.71	4.39	3.59	0.61	0.32	-0.00	-4.09	-4.20
11.06	-9.18	-2.48	-2.67	-3.93	1.96	-0.46	3.80	1.28	-1.54	-3.98	-6.07	-2.79
13.22	-5.95	-3.56	-1.76	3.25	2.59	0.94	5.92	1.32	3.11	1.71	-3.17	0.89
-2.05	-1.02	-2.08	-0.94	-5.11	-2.45	0.49	-1.64	-2.28	1.14	2.21	-1.41	-2.29
8.09	-0.58	-2.08	1.42	-1.58	-2.16	-0.98	1.11	1.43	4.27	4.47	-0.70	0.60
8.44	-4.64	-6.93	-4.35	-4.84	-3.44	0.50	1.47	0.36	2.08	4.04	-2.14	-2.00
5.17	-3.30	-0.64	-6.01	-8.43	-1.83	-0.04	1.64	4.81	7.64	3.76	-2.21	-0.20
1.07	-5.79	-3.56	-2.15	-3.48	-1.14	0.40	-0.05	5.47	1.19	0.27	-0.78	-1.02
7.59	2.18	1.67	0.26	-6.43	-1.52	1.64	-2.10	0.12	2.19	-1.20	-0.86	-0.13
7.64	0.02	3.72	-2.08	-5.44	2.39	3.00	2.05	2.80	0.54	-1.86	-6.27	-3.67
7.72	-0.98	0.16	4.23	-2.14	-0.04	-2.53	-1.27	2.93	1.31	-1.50	-5.83	-3.75
4.30	0.20	1.02	-1.53	-5.73	0.33	2.65	3.73	-2.68	-2.53	2.78	-0.58	-4.79
-0.47	-2.88	3.32	3.41	4.02	2.57	-0.85	-3.11	-0.46	-2.32	-0.28	-2.57	-1.18
2.28	-2.45	-0.46	0.31	0.51	0.31	-2.66	-1.74	-3.35	1.41	0.48	-4.21	1.96
-0.13	-0.67	2.72	2.12	-4.89	2.29	0.13	3.39	4.56	-3.76	-7.53	-4.10	2.75
2.69	-3.11	-3.77	-0.54	-2.18	2.40	-2.49	-1.41	1.02	-4.23	-4.72	1.39	0.82
-0.30	-5.06	-5.77	-1.87	-2.93	2.53	6.24	5.24	2.93	-2.26	-4.84	-2.09	-1.61
-4.51	-2.82	-4.44	-1.00	-7.02	-7.85	1.06	0.74	-0.81	-0.37	1.04	0.31	3.78
2.94	-1.95	-0.71	2.76	-4.97	-1.71	5.98	4.07	2.26	-2.88	-4.49	-3.61	2.27
3.36	-2.05	-5.58	-0.64	-3.48	-1.85	2.47	4.80	2.29	-4.13	-0.89	0.57	0.57
1.65	-0.64	-2.48	2.63	-0.18	2.37	1.00	2.30	-1.14	-2.52	-3.13	-5.38	2.56
2.03	0.59	-3.79	-3.44	-3.72	-1.12	0.97	4.76	0.47	0.99	-2.48	-2.22	0.51
-8.42	-0.38	-1.52	0.90	-2.42	-1.51	-1.37	2.98	1.12	0.35	-1.85	-2.36	-0.44
-5.36	0.92	-3.20	-3.91	-7.23	1.23	1.73	-0.58	-0.92	-3.07	-2.94	-3.49	-0.47
-5.49	2.02	-5.22	-3.61	-2.65	0.78	6.17	5.39	3.58	-1.66	-2.05	-0.13	-2.03
-6.10	2.72	-3.12	-1.77	-0.01	4.69	9.30	-0.33	2.42	-3.49	-0.63	-1.69	-4.36
-6.23	5.42	-3.07	-4.91	-4.46	-2.29	2.40	2.75	4.72	-0.79	-2.51	-1.25	-2.08
-9.63	2.65	-1.17	0.70	2.12	0.67	-0.36	0.53	4.73	0.66	-1.48	3.67	0.28
-7.31	2.34	-3.88	0.61	1.57	0.89	2.60	2.03	3.08	0.77	-3.08	0.18	1.47
-5.29	0.47	-3.46	3.57	3.51	1.23	3.07	-1.24	4.90	2.10	-1.45	-1.25	0.36
-17.28	7.62	-1.77	-1.65	1.70	0.15	3.72	-4.21	1.76	-2.32	2.11	0.57	-0.82
-10.64	4.81	-2.07	3.30	4.74	-2.74	5.20	-2.57	5.38	1.90	1.69	0.48	0.52
-3.85	3.24	3.84	5.01	3.01	-0.52	3.54	3.64	0.07	-0.87	-1.15	-2.71	4.27
-8.19	-4.21	0.92	-0.11	-1.29	-1.19	3.60	0.01	-0.51	2.15	1.44	1.49	2.20
-7.02	0.35	5.52	4.29	1.02	1.46	0.11	2.26	-3.75	-5.72	-3.10	-4.56	2.32
-9.65	0.68	-5.35	-3.16	-2.93	-6.38	0.42	1.61	-4.36	-1.00	-0.98	-3.00	5.61
-8.07	-1.87	-8.78	-0.86	-5.72	-2.37	1.03	1.67	-4.51	-0.44	-1.73	-2.84	-1.59
-10.78	-0.31	-2.22	-1.83	-6.88	-5.56	-1.92	1.72	1.69	-1.33	-0.69	-3.29	1.53
-13.58	-12.29	4.83	0.59	-3.09	2.49	-5.61	1.29	-0.16	-7.99	-0.71	-2.83	1.02
-14.57	-6.30	2.40	-4.03	-2.35	-2.06	-5.06	2.03	3.63	-0.19	-4.22	-3.92	-0.98
-17.58	-7.75	3.63	-6.30	-8.74	-7.01	1.51	-0.40	2.65	-0.20	1.04	-0.99	-5.01
-15.17	-7.57	3.19	-7.98	-4.52	-4.05	1.25	5.94	5.51	-1.59	2.29	-4.46	-2.97
-13.53	-4.94	3.07	-10.68	-5.12	-0.83	6.36	5.41	5.20	0.62	-0.81	-1.95	-2.42
-13.47	-0.54	4.97	-8.63	-6.71	-3.61	3.43	1.26	1.05	0.21	-0.45	-4.15	-1.08
-20.50	-3.91	5.20	-3.96	-1.42	0.38	2.74	-0.34	0.21	-1.86	0.09	-2.43	-4.38
-16.05	-5.11	1.13	-3.74	1.34	-1.11	3.63	5.26	8.64	5.64	-1.40	-3.47	-6.97
-11.77	-1.77	7.86	0.17	-3.95	5.02	2.20	1.94	1.23	-0.39	-4.25	-5.57	-2.90
-10.49	0.56	-2.03	-4.75	-3.27	1.95	1.11	-1.60	-0.37	-2.63	-3.31	-3.18	-3.49
-9.15	-1.41	7.81	-5.65	3.75	-1.88	-5.03	-2.49	-0.86	-2.24	-3.00	-0.05	-0.65
-11.72	-2.26	4.65	-2.07	-1.40	4.18	3.87	1.43	-1.31	-5.83	-6.13	-1.91	-2.18
-5.65	7.00	6.42	-3.41	-0.19	2.23	7.87	2.30	-5.21	-1.66	0.54	0.84	1.59
-9.71	2.53	5.14	-0.14	1.83	-1.09	1.33	-1.06	-2.95	-5.81	-6.12	0.64	0.77
-9.08	-1.50	5.59	-3.01	-1.93	-0.55	3.16	1.11	0.94	1.24	-1.91	-0.66	-3.30
-13.72	-3.93	0.59	-1.74	-2.23	1.82	-2.02	-0.30	-1.81	0.97	-2.66	-4.67	-5.10
-14.73	-1.06	-0.40	-1.24	6.29	4.64	1.28	0.92	1.71	1.63	-2.16	-1.88	0.70
-13.50	-2.83	3.78	-5.92	-4.93	-1.13	2.90	5.56	4.88	2.71	5.20	2.72	1.40
-11.57	0.77	6.65	-0.06	6.30	7.21	2.15	1.29	-0.02	-0.57	0.43	-1.07	-4.19
-3.92	4.62	7.77	2.53	4.57	9.90	5.50	4.44	1.96	1.76	-1.27	-3.32	-1.98
-6.05	8.21	14.56	6.05	8.52	10.48	5.42	2.75	0.77	-2.09	0.46	-2.35	-2.62
-6.67	3.63	5.64	2.31	2.54	8.16	2.30	4.14	5.92	-2.22	-1.57	2.42	2.44
-7.80	2.14	3.76	2.91	0.88	2.74	7.39	4.43	3.44	-1.37	1.37	-1.32	-0.18
1.06	9.86	4.23	8.56	5.08	6.92	6.84	4.80	6.54	-4.28	-1.14	-6.44	1.89
7.79	12.15	4.22	11.12	4.16	3.85	7.91	6.87	7.41	-2.49	-2.84	-6.42	0.34
3.55	11.29	8.04	6.46	3.03	1.44	5.69	9.22	3.88	-1.56	-2.39	-1.68	-0.83
-4.00	-8.25	-1.61	10.90	5.79	-5.16	0.36	1.33	5.23	-2.18	-2.25	0.01	1.91
-2.19	-16.46	3.18	18.03	10.79	5.15	4.81	2.05	5.58	-3.99	-2.06	2.01	-1.77
11.82	-20.75	9.84	22.95	5.66	1.55	0.00	-0.75	10.49	-6.49	-0.08	0.02	-4.36
8.73	-17.08	5.58	24.00	6.95	1.69	2.92	0.81	8.66	-3.75	-0.82	-1.33	-5.18
14.64	-16.45	4.67	21.62	4.81	8.29	0.14	-2.73	7.75	-3.92	2.95	-1.49	-5.17
8.64	-9.29	4.13	14.66	0.93	8.18	0.94	-6.55	1.16	0.84	0.60	-6.57	-5.80
11.89	-1.74	2.37	11.69	5.05	1.53	2.84	3.75	-0.32	-2.93	-4.57	-1.00	3.44
-18.83	-20.30	10.58	5.18	3.89	5.17	13.10	-2.14	-0.12	4.16	3.56	-8.01	-5.47
10.44	-17.18	4.27	13.67	8.53	8.50	1.53	-2.27	1.78	-2.59	1.39	-2.82	-7.14
10.20	-12.84	3.50	12.71	9.53	8.71	-0.38	-3.31	-0.88	-4.73	2.14	-2.84	-5.23
5.84	-6.26	0.48	10.54	5.77	0.68	-1.54	1.17	1.26	-0.97	1.74	2.19	-2.79
0.77	-2.06	-2.99	3.30	2.81	-0.34	-2.40	0.06	-1.11	-2.80	-1.12	0.27	-1.86
11.25	-21.90	9.77	20.91	9.55	10.93	-4.09	7.49	2.34	-2.52	-1.25	2.26	-10.73
6.25	-24.24	11.61	18.36	8.84	7.78	-3.44	8.51	2.41	-0.12	-3.75	1.95	-9.05
7.20	-27.09	14.55	21.25	6.12	6.54	-4.77	8.01	5.33	-4.84	-3.63	3.90	-8.22
4.01	-28.30	19.10	23.71	0.78	5.16	-2.49	8.18	5.58	-5.04	-3.46	5.91	-7.96
-5.14	-24.94	21.71	22.81	-4.20	9.55	-1.34	9.22	5.11	-4.09	-0.68	2.83	-4.57
-8.60	-24.23	26.07	20.53	-5.38	12.57	-1.68	6.98	4.77	-2.82	-2.26	2.25	-3.85
-18.86	-4.12	12.87	3.07	-2.15	5.63	2.62	3.05	5.06	0.27	-1.12	1.66	1.45
-12.72	-4.58	12.03	-0.21	-1.52	8.87	-0.54	0.11	6.67	2.03	-1.93	0.95	3.02
-12.22	-4.02	28.09	4.32	-9.70	8.46	6.09	9.09	12.82	-1.40	-5.19	-1.17	-4.03
-10.62	-1.13	27.30	4.74	-6.98	14.57	8.88	7.45	7.49	-5.45	-5.09	-1.18	-4.10
-5.94	-4.08	25.14	9.77	-11.91	21.42	6.09	9.03	8.63	-9.81	-4.60	-3.26	-0.54
-4.69	-7.85	25.31	11.15	-12.17	17.51	6.41	9.59	9.01	-10.38	-6.56	-1.99	1.39
-2.63	-9.30	23.17	11.30	-10.96	16.69	6.37	8.00	6.55	-6.35	-4.69	-3.02	-0.02
2.01	-11.95	22.73	11.20	-8.79	11.63	8.31	8.76	3.27	-7.62	-3.08	-0.95	-1.76
-7.12	0.79	0.26	2.00	-0.07	0.48	1.39	2.08	0.49	-1.26	-0.42	0.04	-0.42
-5.90	-1.80	-2.22	2.45	-1.11	-5.03	-1.74	2.63	-0.22	-4.02	-2.05	2.27	1.25
13.54	-4.85	1.38	14.45	7.35	-3.03	7.48	12.00	0.07	-8.47	-5.54	1.70	0.86
14.69	-5.85	2.57	12.26	8.10	-4.22	7.38	12.33	0.06	-5.32	-7.79	0.67	0.94
17.06	-10.30	5.71	8.44	10.31	-2.51	5.53	14.43	-0.84	-7.01	-6.48	1.54	-0.73
13.97	-8.25	5.37	7.14	11.20	0.82	3.76	14.08	0.65	-8.07	-8.82	3.07	-3.56
13.72	-10.19	5.85	6.39	9.38	0.93	4.25	13.09	0.94	-7.15	-4.71	0.74	-2.46
9.35	-7.40	6.01	4.77	10.02	4.11	4.66	10.84	2.34	-5.96	-7.11	1.68	-2.04
-11.62	-3.79	-5.51	-3.61	-2.17	-0.34	-2.47	-1.96	-1.83	-2.57	-3.19	-2.45	-1.23
-4.00	5.65	0.74	1.17	3.62	3.74	0.56	0.67	1.69	1.21	-0.67	-0.97	-0.27
10.71	-3.04	6.42	1.98	10.09	6.73	4.73	8.33	-3.18	-6.92	-3.73	3.43	0.49
16.42	-6.76	7.24	-2.05	10.50	7.38	5.45	7.17	-2.46	-6.98	-3.63	4.31	0.94
12.02	-9.02	6.31	-4.93	14.46	9.38	5.96	9.13	-3.13	-3.44	-3.75	3.37	0.80
5.35	-6.14	6.43	-1.02	14.40	11.37	8.27	10.40	-2.87	-5.15	-5.08	0.89	-1.49
12.03	-10.64	11.28	-2.93	14.63	9.06	7.35	10.98	-5.37	-5.04	-8.81	2.46	-1.36
12.63	-8.79	14.60	-3.65	11.83	11.08	4.14	9.38	-4.79	-6.97	-4.67	3.39	-0.43
-7.28	0.87	1.43	2.09	0.91	3.37	0.27	-0.63	-0.53	-1.51	2.40	5.29	0.28
-8.44	-1.47	-2.45	-3.58	-2.48	1.13	-0.88	-2.27	-2.01	-0.10	0.64	0.25	-0.01
15.18	-15.06	10.68	-8.25	0.05	8.67	-8.25	0.07	-1.40	2.53	2.56	3.92	-1.73
15.57	-14.89	10.24	-14.28	4.22	11.12	-9.87	-4.27	4.34	4.10	-2.04	4.67	1.20
20.90	-15.74	2.48	-7.56	0.48	7.19	-2.90	-5.48	2.23	1.29	4.04	4.66	-2.80
22.14	-19.76	6.06	-10.92	2.70	5.02	-3.80	-0.07	-1.05	4.02	3.45	3.92	1.50
10.72	-20.29	-8.53	-9.91	3.08	6.85	-2.58	-0.41	3.66	3.92	0.85	3.08	0.25
10.29	-15.67	-3.66	-6.04	3.26	4.54	-3.69	-1.66	0.51	5.64	1.85	-0.74	-2.39
-0.78	-5.17	-5.60	-8.73	-1.37	5.73	-0.62	-3.68	1.36	2.16	-1.05	0.21	-0.74
-5.92	1.00	1.64	-1.00	2.68	2.07	-2.19	1.79	5.45	2.28	-1.14	-0.81	-1.33
0.65	-5.20	-2.53	-3.56	-0.34	6.40	-2.63	-3.60	3.47	0.33	0.82	2.47	-0.71
4.01	-4.60	-1.83	0.44	2.98	11.22	3.79	1.39	-0.52	-3.49	-1.21	2.33	1.41
9.83	7.15	-5.93	-4.08	0.47	7.42	3.37	0.65	6.62	0.36	-0.55	2.65	-0.26
4.95	1.50	-0.08	-1.59	2.15	4.24	2.54	-1.50	-5.39	-0.72	-2.36	1.27	2.72
3.60	5.79	3.02	-1.65	-0.91	4.39	7.76	5.79	0.68	-1.55	-3.54	-2.02	-1.53
0.90	1.34	-3.54	1.54	0.26	0.48	4.77	4.16	3.13	3.16	-0.02	-0.86	-0.76
-7.86	0.51	0.99	4.59	4.35	4.69	2.97	2.89	0.94	1.31	-0.58	-0.60	-1.34
-6.17	-4.96	5.71	2.48	-2.66	3.59	2.96	5.29	3.18	4.99	4.32	7.16	4.15
-8.61	-3.94	7.24	5.97	1.72	5.00	4.85	6.65	5.30	-0.46	2.03	2.54	0.79
-8.15	1.01	9.58	6.95	-1.66	4.55	6.33	4.99	4.11	0.57	2.59	2.91	0.71
-7.53	-3.07	9.46	7.86	0.28	3.18	3.88	7.22	6.16	1.90	2.61	-0.37	-0.59
-12.02	-4.80	7.46	4.75	1.89	5.40	6.78	6.49	1.72	1.17	-0.63	-0.78	-0.03
-15.18	0.97	11.28	8.09	6.65	4.11	7.24	6.90	5.99	-1.65	-6.36	-7.17	-4.90
-5.94	4.71	11.07	3.51	5.73	4.51	6.42	3.90	-0.22	-3.77	-4.47	-1.52	0.01
-7.68	4.06	8.13	3.82	6.26	4.32	5.40	4.07	1.69	5.37	1.53	-0.81	1.11
-9.63	-2.00	4.37	2.16	2.04	0.41	1.90	5.90	6.75	3.37	1.53	0.16	2.28
-2.82	0.29	1.35	-1.85	2.83	6.23	4.53	5.07	3.80	-1.06	1.05	-3.08	-2.01
-8.21	3.21	6.40	4.96	4.20	2.60	0.93	3.69	6.93	2.73	0.89	1.10	0.13
-0.16	2.87	6.82	0.13	1.91	2.91	2.12	1.49	-0.23	0.62	-0.04	-0.33	-1.97
0.33	-3.95	0.46	2.38	1.89	4.75	2.29	2.24	4.80	1.35	4.11	4.13	0.62
0.49	0.17	-1.73	-4.28	-2.11	4.11	4.21	2.07	4.50	4.67	7.70	4.26	1.22
4.96	-0.79	-0.79	3.26	3.59	3.17	2.82	3.08	1.50	3.39	1.82	0.12	-1.71
4.39	-0.17	-1.08	0.36	1.03	3.04	2.11	3.00	2.24	3.18	3.70	2.26	-1.51
-1.32	2.70	3.86	3.52	2.26	-0.96	0.97	5.10	1.31	-0.78	1.25	1.92	0.61
-3.35	0.84	2.61	2.05	1.01	1.36	-0.71	1.03	4.70	0.95	4.98	0.12	1.10
-1.46	1.61	1.96	9.63	4.08	3.42	3.88	6.64	0.49	1.04	2.98	-3.20	-2.54
-0.25	4.03	7.75	6.90	-0.06	0.12	1.53	3.89	2.28	0.78	-1.44	-1.26	0.22
2.71	5.50	7.37	5.64	-0.05	1.31	2.08	2.50	-1.60	-1.47	-0.82	-2.00	-1.88
4.91	7.30	9.37	5.53	-0.51	3.99	4.58	1.84	-1.87	-2.34	1.54	-3.96	-3.71
0.48	1.67	4.33	8.89	0.98	-0.95	3.26	1.54	1.67	-1.59	0.92	-1.79	-4.26
2.74	4.00	3.67	4.47	1.37	2.14	1.75	0.25	1.19	-1.21	2.88	1.95	-1.70
-0.24	1.03	2.94	3.64	0.53	4.25	1.53	-2.47	-1.11	0.29	2.00	4.56	3.57
3.77	5.40	2.07	3.13	-1.15	2.36	3.94	2.08	0.13	1.09	4.93	2.24	0.95
-4.86	-0.79	-1.08	-0.26	-4.42	-5.26	-1.53	1.61	4.48	5.06	3.17	-0.34	-0.31
9.44	0.58	-2.79	-0.37	-1.04	0.94	3.61	1.79	3.45	2.80	1.19	0.30	0.60
11.24	-0.24	-8.65	-7.19	-4.31	3.40	1.74	0.13	0.33	-3.36	-2.83	-4.80	1.59
13.74	0.48	-7.98	-2.98	-3.34	5.60	7.61	3.19	-1.64	-1.63	-4.94	-5.30	0.50
13.18	0.81	-8.20	-7.90	-6.42	-0.40	3.17	0.13	-1.51	1.07	-0.45	-3.37	-0.15
7.84	-1.78	-6.96	-2.65	2.27	5.94	5.53	2.22	1.43	-4.25	0.24	1.21	1.64
14.62	5.00	-10.53	-5.59	-4.92	0.99	-0.25	0.97	1.66	-0.40	3.58	-2.72	-0.95
6.92	9.11	1.07	-4.58	-0.34	3.01	1.43	0.84	1.40	-1.77	-0.27	0.04	-1.28
-2.07	-0.60	-5.91	-4.30	-0.83	3.28	0.83	-1.65	1.89	-0.48	0.66	-5.04	-5.87
-1.28	-1.22	-3.27	-0.94	1.56	3.89	-1.31	-2.75	-1.05	-4.13	-4.92	-1.76	0.73
8.33	-0.41	-2.23	-3.64	-2.60	-1.95	-3.96	1.67	-0.47	0.41	5.37	1.74	-0.52
12.69	3.00	-4.81	-0.34	-1.75	0.41	-2.19	0.28	3.62	3.66	3.04	-0.16	1.30
8.91	3.29	-2.18	-2.92	-2.34	5.31	-1.40	-4.24	-3.58	2.72	2.59	2.19	-2.51
2.98	0.71	-1.03	-5.11	-0.28	3.22	-0.64	-0.96	3.66	0.16	-0.93	0.30	-0.16
10.85	1.81	-4.72	1.88	0.37	6.34	0.22	0.92	4.64	0.81	1.49	4.07	1.02
9.41	1.99	-0.64	2.00	-0.85	3.19	-0.71	-3.49	-0.13	-0.61	2.02	2.51	-0.35
4.20	3.12	0.31	1.42	-3.12	-1.82	-0.66	3.03	1.66	0.23	-0.20	-0.73	0.36
3.54	5.49	-1.00	-2.67	-6.03	-1.92	-1.30	-2.85	-2.60	-3.21	-0.96	-1.96	-1.83
7.68	0.13	0.29	-0.10	-4.95	-0.18	-1.87	-2.72	2.74	2.92	5.84	5.58	1.31
8.35	0.87	-1.80	-3.07	-5.21	-1.02	0.21	0.70	0.93	1.03	3.52	-1.75	-1.34
2.48	1.73	-2.23	0.92	-0.13	-1.27	2.30	-0.46	-2.10	-2.89	0.60	0.52	1.14
4.34	-2.02	1.57	-2.05	-3.26	0.98	-0.64	-1.46	-1.09	1.54	4.21	0.90	-2.80
1.83	0.48	4.89	5.00	3.46	7.43	0.84	-3.70	-3.59	-1.96	-1.70	0.06	-1.59
4.69	1.65	-0.06	1.50	1.37	5.94	5.27	7.25	1.80	-0.63	0.67	-3.94	-5.10
-9.73	-0.72	-5.88	-1.07	-2.75	-3.67	0.14	-2.87	-2.20	-2.84	-2.17	-2.82	-2.90
-14.33	1.29	1.35	1.50	-0.13	-2.81	0.00	4.55	-1.87	-1.52	-1.57	-2.28	-1.60
-21.32	1.95	1.33	-3.17	0.68	3.48	-0.01	2.73	2.14	-4.70	-3.57	-4.76	-2.28
-15.65	-4.92	3.24	-6.67	-3.79	4.00	0.76	0.93	0.67	-0.09	1.35	-0.97	1.86
-5.06	-3.68	7.58	2.43	-2.07	3.31	5.99	3.13	-1.39	0.14	-0.91	-1.38	0.34
-5.90	-2.43	1.07	2.09	-2.38	0.71	2.18	1.08	-4.42	-0.82	2.79	1.02	3.08
5.24	-0.02	3.30	8.01	3.36	4.08	8.88	6.77	3.27	-2.41	-4.21	-2.64	3.35
7.44	2.86	5.01	10.77	4.53	-0.78	6.24	11.93	7.43	-2.00	-5.65	-3.87	3.83
-1.17	-4.04	9.16	13.08	7.04	-1.33	-5.15	5.25	7.47	-2.39	-5.41	0.20	2.73
-3.50	-17.61	8.02	13.43	2.44	4.53	-5.46	1.76	2.84	-5.51	-1.56	-1.86	2.11
3.71	-25.28	16.77	17.25	3.45	8.69	-6.59	0.30	10.06	-7.74	-0.27	-1.84	-1.04
10.09	-27.78	17.85	16.61	1.25	11.31	-8.53	-1.45	11.14	-6.01	0.89	0.40	-3.06
9.78	-26.18	16.78	17.29	2.35	13.86	-10.03	-3.76	9.32	-3.13	-0.31	0.30	-4.54
3.31	-8.93	7.63	5.90	-5.25	5.37	5.10	1.00	0.32	1.61	2.39	-0.97	-1.52
4.37	-7.54	-0.17	3.53	0.01	4.46	2.12	5.59	8.70	0.07	-1.42	6.09	5.47
-15.17	-28.80	15.53	6.57	-7.71	12.77	-1.79	0.47	4.15	-2.88	5.25	-2.61	2.37
-8.60	-22.50	14.35	9.70	2.71	9.52	-4.63	0.10	6.85	-4.02	2.69	-4.31	-0.19
11.67	-29.64	23.01	13.14	4.44	13.83	-10.09	3.95	10.12	-7.16	1.79	0.33	-2.39
-12.24	-9.85	12.42	7.59	-1.14	1.65	-3.11	4.85	4.64	-3.96	-1.30	1.54	-2.49
-14.09	-13.80	19.24	10.54	-3.71	3.10	-3.06	0.38	3.42	-3.53	0.58	4.19	-0.31
-8.96	-28.93	31.14	18.60	-11.20	18.12	-6.87	8.98	6.75	-3.77	-0.81	-3.07	0.31
-15.98	-22.44	32.94	14.16	-9.84	15.02	-5.13	7.89	7.52	-2.35	-2.05	-2.28	-0.49
-13.76	-19.10	33.89	13.17	-14.32	13.15	-4.62	6.64	8.45	-4.35	-2.14	-3.23	-0.45
-17.74	-18.31	35.21	12.65	-9.91	16.18	4.29	8.33	5.79	-8.41	-7.44	-4.62	-0.91
-12.60	-15.68	36.13	8.15	-13.19	14.01	0.75	10.33	4.59	-7.73	-6.11	-3.68	1.62
-7.94	-17.18	34.81	6.79	-13.24	10.69	3.10	9.08	5.27	-8.42	-4.45	-0.95	0.15
-9.65	-12.43	24.21	5.54	1.51	5.97	1.12	9.44	7.38	-4.08	-1.14	2.14	0.54
-11.51	-14.60	26.39	4.23	-2.00	3.04	-0.01	3.39	4.81	-0.96	0.69	-0.67	0.26
11.09	-9.62	9.25	9.76	6.27	3.43	3.70	14.90	4.23	-11.56	-5.75	0.26	-2.30
14.97	-8.96	6.93	11.16	5.40	2.19	1.54	12.60	3.25	-11.28	-3.68	0.47	-1.37
16.44	-10.57	7.56	8.53	5.63	1.61	0.30	14.08	4.43	-11.05	-2.47	0.41	-2.16
14.01	-11.31	8.53	8.73	6.69	2.50	2.57	14.29	4.91	-10.00	-4.64	-0.94	-3.41
17.49	-13.84	8.78	9.56	5.72	3.45	2.04	14.54	4.48	-10.71	-2.58	0.62	-3.00
18.01	-17.59	10.42	10.44	7.69	3.49	2.53	17.10	3.15	-7.85	-4.85	-3.00	-3.83
15.60	-14.73	9.69	11.93	5.41	2.90	0.99	10.96	3.15	-9.12	-3.32	2.10	-2.41
8.56	-11.79	7.33	12.17	9.69	1.23	1.71	10.39	1.42	-7.12	-2.88	0.18	-3.84
-7.89	0.77	1.60	4.82	3.34	2.29	2.75	3.15	1.36	2.08	3.62	0.44	-2.09
-9.84	-2.04	-1.01	3.62	2.88	1.52	1.78	2.90	1.50	1.09	2.32	3.44	3.13
13.35	-14.37	8.00	6.60	9.03	4.37	3.29	9.32	-0.65	-8.73	-0.78	1.25	-1.57
13.69	-13.89	7.27	9.41	8.95	5.20	2.60	8.53	-1.04	-9.92	-2.92	2.91	-2.62
10.63	-16.04	9.26	-1.34	4.17	7.91	-4.71	3.97	1.71	-6.55	7.11	1.25	1.15
15.81	-20.46	10.13	-4.74	5.16	10.76	-8.62	0.75	5.17	-4.02	10.70	-1.73	-2.91
16.09	-22.03	11.62	-5.24	1.27	8.51	-11.47	1.07	3.71	0.11	6.19	-1.86	-2.56
10.14	-32.25	12.85	-9.13	2.68	8.19	-11.31	2.42	1.03	3.96	6.11	-1.17	-2.06
-1.95	1.89	4.15	-4.25	3.72	6.12	-4.98	2.42	2.27	-0.02	0.97	-1.72	2.07
2.61	-4.04	-0.30	-4.22	0.56	2.57	-0.98	-2.15	-1.86	0.73	2.69	1.72	-2.24
-4.62	-8.53	-7.86	-5.34	-0.19	5.21	1.23	-2.29	2.41	4.83	5.69	5.32	0.32
-7.04	-6.56	-9.48	-8.68	-5.59	-1.42	1.28	-3.53	0.03	5.96	4.29	-1.08	-0.32
-0.77	-4.53	-12.28	-8.48	-8.27	-2.45	0.58	-1.52	4.09	-1.25	2.00	1.95	3.76
-2.50	-4.32	-11.40	-10.47	-9.52	1.51	6.16	-0.89	4.56	4.29	1.11	4.33	2.75
4.59	-1.33	-5.40	-5.13	-5.45	2.08	0.71	-2.59	1.23	-1.04	1.76	1.12	-0.46
3.07	-4.33	-6.94	-0.76	-7.36	1.57	-0.39	-5.94	-1.93	-0.83	2.66	1.55	-0.84
-1.67	-8.25	-11.36	-8.63	-3.79	0.04	2.52	3.03	1.80	2.96	4.57	-0.75	-2.01
4.43	0.14	-6.72	-4.78	-3.19	1.34	5.98	4.65	0.39	-0.23	5.67	-2.94	1.08
8.32	-1.52	-6.28	-4.06	-3.40	-5.55	6.41	6.17	3.82	2.55	-0.74	-1.77	2.55
4.79	-3.45	-7.30	-5.62	-7.23	-1.33	4.38	2.62	4.28	0.47	-5.62	-6.54	0.41
6.32	-1.33	-3.98	-2.87	-3.61	2.82	5.85	6.67	1.63	-2.79	-4.84	-2.18	0.51
5.41	2.07	0.99	-6.67	-1.20	5.96	7.57	3.13	3.30	-2.52	-2.46	2.44	1.50
8.67	-2.78	-6.34	-2.22	-4.64	4.28	4.13	4.79	-2.26	-4.16	-1.29	0.47	-0.92
7.35	-2.94	-5.40	-4.64	-6.48	2.28	5.91	5.85	1.10	-4.46	-0.20	0.54	-1.63
8.95	0.74	-3.01	-7.15	-7.74	-0.61	5.71	2.85	5.09	0.28	1.06	2.81	2.00
-8.77	-2.73	-6.69	-6.82	-6.91	-1.56	5.02	6.93	5.00	5.14	4.59	0.94	0.40
10.42	-5.52	1.06	-2.51	-8.58	2.69	1.02	2.25	2.56	4.32	2.92	0.78	-4.13
9.57	-2.55	-0.44	-3.13	-3.46	2.98	6.04	3.73	1.67	-1.76	3.19	-0.20	-3.02
8.87	-5.18	3.54	2.95	-8.23	2.07	0.92	1.20	-0.71	-4.08	2.92	3.52	-2.04
6.87	-5.64	-1.25	-2.35	-10.69	0.64	7.72	4.24	-3.23	-3.36	1.85	4.09	-1.89
4.51	0.50	4.25	-0.19	-4.39	2.00	5.49	0.53	-2.84	-7.37	-5.19	-2.11	1.47
11.13	-0.15	1.68	0.21	-8.47	0.48	8.18	1.70	-1.06	-3.45	-0.37	0.39	0.72
-1.33	3.09	1.23	0.50	-4.57	-2.61	-0.50	0.90	-0.29	-2.01	-0.22	0.59	0.69
8.29	-0.13	1.39	0.66	-7.06	-0.56	2.12	6.69	2.22	0.71	-2.51	-1.22	-1.65
2.35	-8.86	0.67	0.29	-6.04	3.55	0.71	-2.46	0.10	1.16	-0.81	-3.97	0.59
5.23	-7.36	-0.60	1.90	-4.59	-1.43	-0.87	0.12	-0.30	0.19	-1.73	-2.80	4.07
10.58	-5.55	-4.60	-1.86	-4.41	-0.94	-1.67	5.94	2.58	0.09	-6.22	-4.79	2.18
0.87	-10.43	-1.64	1.98	0.11	0.60	2.63	2.43	-1.78	0.88	-1.52	-6.90	-0.50
2.89	-7.02	-0.36	-2.63	-7.77	-4.82	-3.92	0.89	0.27	3.65	-2.56	-6.55	0.12
5.38	-5.65	-0.54	-2.73	-2.30	-3.36	-4.75	-3.18	-8.10	-0.74	0.48	-8.29	1.14
-4.19	-1.28	-0.89	-2.69	-4.13	-1.68	-1.70	0.90	1.44	-1.53	-2.17	-1.98	1.45
-5.81	-0.68	-3.59	-3.18	-3.08	1.94	1.83	4.98	5.84	2.75	2.03	0.39	-2.06
3.22	-1.97	1.08	2.01	-4.77	2.54	-1.95	-3.21	2.11	0.21	0.82	2.82	-0.73
4.20	0.04	2.82	5.19	-3.71	-0.97	-3.50	-3.18	1.68	3.78	3.74	-0.27	-3.33
9.19	-2.21	2.55	4.92	-0.92	-2.39	-5.51	0.41	1.59	1.24	3.30	-0.40	-3.39
-1.65	-4.42	-0.69	2.48	-0.27	-2.61	0.84	0.45	-2.90	-1.72	1.24	-1.42	-2.14
-3.60	-2.77	5.18	6.81	3.12	2.99	-2.64	1.83	1.67	2.28	-0.15	-2.97	-2.07
8.05	0.88	1.61	7.75	-1.22	-4.60	-4.73	-3.29	0.89	5.83	3.40	-0.93	0.54
-2.20	3.80	3.98	4.42	-4.31	2.48	-0.68	-0.33	0.67	-2.75	-2.53	-2.03	-1.04
6.35	0.64	7.16	3.90	-0.49	0.61	-1.37	0.05	1.86	0.30	-0.06	1.59	0.25
4.39	5.27	2.73	0.65	3.24	1.52	-5.27	-1.35	6.98	6.87	-0.81	1.01	0.29
-3.62	-1.53	-0.59	1.25	6.89	3.35	1.54	3.08	2.92	2.46	2.16	-1.37	-0.89
1.25	2.33	2.64	1.28	-0.53	-0.26	2.96	4.56	8.92	5.20	2.25	2.90	0.78
0.63	1.09	0.34	1.83	3.22	2.65	-1.49	1.05	1.74	4.39	-0.86	-2.05	1.02
-0.25	0.88	0.46	3.23	1.94	0.89	-2.22	-2.44	-0.44	-1.09	-2.95	-2.20	0.06
3.49	-3.26	0.98	4.77	-0.90	-0.42	-2.25	2.41	2.36	2.92	1.71	0.04	-0.47
-16.32	10.99	-11.86	12.11	-4.24	4.59	-4.07	-3.12	0.02	-1.65	-0.76	3.49	-2.70
-8.12	8.99	-5.73	9.13	-1.65	2.98	-2.10	-0.01	0.50	-1.79	5.84	1.10	-2.16
-2.42	4.86	-1.08	4.97	5.41	6.92	1.57	-0.85	2.58	-1.19	7.11	2.38	0.12
-0.48	-6.05	-0.67	2.87	-0.80	-3.04	0.94	0.36	1.96	2.12	2.70	2.93	0.87
-8.65	-4.79	1.39	-1.96	3.90	-2.55	-0.16	3.17	1.33	4.47	2.05	0.05	-4.07
-2.43	-9.60	-0.07	-0.16	-1.03	-3.56	4.02	4.66	0.89	0.00	2.94	3.99	-0.38
-23.90	-5.34	10.62	-6.07	6.84	1.47	4.32	6.47	4.23	2.10	2.52	-1.18	-0.32
-27.09	-9.51	-0.07	-7.28	5.76	-1.58	4.52	2.47	4.72	-0.59	2.50	0.90	-0.91
-8.48	-9.07	0.20	3.07	4.19	-2.59	4.49	6.25	5.10	-0.00	3.92	1.93	1.49
-0.84	-5.99	1.59	4.45	-5.18	-1.59	0.74	1.40	2.73	-2.03	-0.18	2.80	1.57
-9.22	-8.79	-1.39	1.69	-2.92	-3.19	1.92	-1.17	3.02	0.41	0.36	1.29	-2.30
0.68	-5.00	-5.07	-3.53	-6.69	-6.29	-2.42	-1.93	4.94	-1.00	-0.26	1.86	0.84
0.32	-7.38	-2.43	-1.41	-8.37	-4.51	-6.80	-2.35	5.60	-0.13	0.46	-1.74	-2.77
2.67	-3.18	-4.28	-3.69	-11.49	-1.55	0.74	1.26	1.23	3.10	2.43	-1.87	0.95
6.50	-4.82	-8.49	-2.56	-8.00	-1.01	2.21	3.29	5.82	1.95	1.76	-0.41	-2.17
10.76	-1.25	-3.99	-1.49	-7.45	-5.25	1.30	1.60	6.56	1.84	-1.79	-1.69	-0.75
4.37	-1.44	-6.87	-6.88	-10.29	-3.32	-1.55	0.22	2.52	2.32	-0.32	-1.97	-0.61
-4.17	-0.53	-3.19	-1.16	-2.54	0.46	1.47	-0.00	0.39	-0.49	-0.46	-0.52	-0.78
-5.60	-0.81	-6.72	-4.99	-1.23	2.92	-0.50	-2.37	-3.11	-2.12	-2.51	-2.16	-1.74
5.98	2.20	1.31	3.17	1.85	5.00	0.56	2.45	2.97	-2.89	-4.28	-3.12	2.98
2.68	3.96	-0.44	-3.17	-10.12	-4.68	3.19	-3.23	-3.44	-5.59	-6.22	-4.18	1.49
11.62	-1.30	-4.27	-3.34	-10.42	-6.66	-0.51	2.37	0.49	-2.43	-4.21	-0.41	3.33
12.54	-0.56	-6.07	-3.48	-6.69	-1.02	-3.10	1.68	4.55	-1.48	-3.16	-0.81	0.80
-1.48	4.91	-1.68	-4.47	-5.97	-9.23	-1.80	-0.33	-4.54	-3.68	-1.14	1.18	-2.21
8.09	0.89	-0.09	-0.20	-5.27	-2.75	-5.11	-4.85	-1.13	-3.40	-4.30	-4.46	-3.09
-9.56	-8.87	5.29	-2.38	-5.33	-3.36	-7.68	2.08	7.24	3.42	9.55	4.81	2.57
-9.59	-15.36	5.21	-0.33	-8.78	0.36	-4.26	-0.08	3.37	-1.18	-0.96	1.04	0.01
5.51	-0.84	-6.66	-0.15	-4.26	-6.02	-6.61	-0.92	2.77	4.67	2.98	-0.25	0.75
0.70	-2.30	-6.49	-1.77	-3.34	-4.76	-2.97	0.82	1.00	0.26	2.96	-0.12	1.31
5.99	0.90	3.96	6.05	1.57	-0.26	0.41	4.61	7.94	3.21	-2.18	-3.70	1.25
16.19	5.10	5.23	11.45	6.06	1.80	4.71	7.40	4.66	-3.17	-4.15	-5.21	3.95
11.66	9.09	1.88	9.96	6.98	5.84	7.58	8.25	9.22	-2.57	-2.28	-6.58	-0.96
12.67	11.03	1.09	9.21	7.62	2.36	7.54	4.30	7.18	-0.93	-1.50	-6.29	-0.51
12.90	-6.86	6.32	15.27	0.37	0.50	6.01	2.74	9.10	-2.11	0.41	-1.83	-2.22
4.82	-17.55	7.48	22.64	2.52	-2.69	3.87	2.08	14.93	-2.26	-2.36	1.53	-2.88
4.16	-21.72	14.25	22.20	5.62	4.00	-4.37	3.49	8.72	-4.77	-4.30	0.81	-4.32
12.66	-24.83	8.82	11.24	1.97	1.73	-3.12	2.37	3.10	-1.25	-0.60	2.69	-0.37
23.30	-30.61	12.38	21.81	-1.59	12.06	-6.03	1.64	8.76	-4.44	1.11	-0.46	-5.62
11.91	-21.13	14.71	20.30	2.70	9.18	-4.41	-7.09	8.76	-2.20	2.55	0.79	-6.20
7.46	-14.67	14.06	9.17	-3.10	8.21	5.49	-2.77	4.84	-1.98	-1.85	0.04	-2.75
1.92	-22.92	14.95	6.69	0.24	8.16	5.57	-5.06	4.13	-2.88	-0.38	0.51	-1.82
2.53	-17.59	11.97	13.23	8.76	5.35	-0.35	-0.13	10.82	-3.97	1.70	2.79	-4.64
8.10	-26.47	20.89	14.75	5.70	7.37	-6.59	4.39	14.13	-8.55	-0.56	1.39	-7.31
11.84	-32.96	24.70	18.77	-0.65	7.40	-6.81	6.53	15.01	-12.62	2.68	0.55	-6.03
0.19	-28.40	26.40	18.17	-1.43	5.77	-4.26	9.53	9.46	-8.42	1.46	2.95	-5.18
3.35	-9.59	11.66	4.29	-3.28	8.19	-4.28	2.81	5.52	-6.54	4.36	2.30	-3.10
-12.22	-10.17	20.42	7.27	-1.99	7.64	-0.01	6.44	6.67	-2.26	1.63	2.72	1.86
-12.28	-9.35	29.25	12.87	-11.20	14.03	-1.24	10.08	13.32	-9.62	-0.96	-1.54	-2.42
-6.62	-5.41	24.60	13.74	-7.78	16.92	-0.47	6.61	9.59	-11.84	-1.64	-3.23	-0.03
-8.50	-12.26	29.81	15.09	-13.17	15.23	0.70	6.21	10.87	-11.16	-2.26	-0.40	0.02
-10.70	-10.16	31.31	10.62	-13.44	14.40	-1.67	8.52	10.19	-10.60	-0.70	1.46	1.77
-5.62	-13.41	34.23	7.71	-10.01	11.26	-2.68	9.09	9.14	-14.20	-0.63	-0.17	0.48
-8.36	-10.41	27.86	10.51	-10.07	8.66	-1.38	9.44	5.54	-12.79	-0.06	1.14	-2.21
-2.35	2.89	1.54	2.46	3.59	4.00	0.14	-0.17	-0.19	-1.37	1.47	0.42	-0.52
-7.41	-10.76	1.23	1.15	-0.59	-1.77	-6.57	0.37	1.28	-6.93	-3.54	1.97	0.89
15.30	-18.76	7.98	11.93	6.69	1.28	-2.66	15.76	6.86	-11.89	-2.47	1.89	-7.82
13.31	-10.19	3.83	12.64	9.94	-1.06	-1.77	14.52	4.98	-10.23	-1.61	1.79	-5.35
8.65	-13.64	5.80	12.90	8.75	-0.62	-1.59	11.40	3.98	-8.75	-1.14	2.32	-6.14
11.33	-14.35	5.16	12.82	9.38	-2.70	-1.96	11.28	2.43	-7.90	-0.59	2.65	-3.47
4.60	-16.56	4.86	12.84	9.34	0.82	-0.85	12.65	1.21	-8.43	-2.06	2.07	-6.08
5.61	-17.15	3.06	11.58	9.90	-0.64	1.94	13.29	-0.55	-8.82	-3.08	1.80	-5.06
7.42	-16.87	1.88	12.26	8.83	0.48	2.17	14.35	1.23	-7.38	-3.04	1.61	-4.20
1.13	-20.96	5.78	10.46	13.52	2.15	6.76	16.20	2.18	-7.33	-4.70	-0.41	-6.07
-11.19	-3.28	0.53	2.47	3.96	2.73	2.19	3.72	-1.27	-1.85	1.88	2.00	-0.52
1.55	-12.54	3.87	7.64	6.60	-0.56	-1.96	7.08	0.34	-0.64	2.98	0.95	-1.93
-2.64	-19.94	8.73	3.68	14.38	4.07	3.58	13.65	-0.18	-6.63	-3.81	-0.25	-2.53
-1.11	-16.40	3.80	5.82	12.23	3.73	-0.79	11.27	-2.85	-6.10	-2.46	2.05	-0.41
-1.06	-19.10	7.17	3.61	9.25	5.62	-0.64	7.91	1.60	-5.31	-2.26	3.04	-0.28
-3.31	-18.69	8.74	-1.55	6.61	9.90	-6.27	-2.93	5.21	-6.70	7.24	2.55	2.19
10.15	-29.46	13.50	-11.72	3.72	8.54	-12.19	-0.54	0.79	2.04	4.61	0.14	-0.98
12.30	-27.62	9.79	-8.64	1.95	5.74	-7.89	-1.80	1.54	2.89	4.60	0.53	-1.21
14.26	-26.68	6.74	-5.34	-0.79	7.78	-6.63	-3.28	1.09	2.85	2.95	-0.07	-0.44
15.11	-26.30	6.79	-8.95	-0.33	5.66	-8.09	-1.02	1.25	1.92	1.59	1.48	-0.95
-7.32	-3.51	-2.63	1.26	-0.85	-1.34	-2.01	-1.28	0.34	2.07	1.99	0.38	-0.36
-8.22	-8.39	-4.99	-4.17	-2.24	3.53	-0.01	-1.73	2.64	3.62	3.45	4.32	1.69
1.98	-9.80	-7.02	-1.74	1.44	0.52	-0.35	0.23	3.51	5.66	-2.04	1.48	2.37
1.68	-7.61	-6.12	-0.93	2.94	0.36	0.84	1.63	-3.36	0.19	-1.80	3.60	0.44
3.57	-2.25	-2.79	0.89	2.46	-1.19	-0.44	1.08	1.49	-0.63	-1.39	1.06	2.14
-3.91	-3.86	-3.82	-0.11	4.40	2.82	0.14	4.73	4.71	-1.33	-3.93	-2.81	-0.74
-7.12	-5.12	-2.07	6.25	3.92	1.47	2.05	5.29	-1.33	-3.13	-2.73	-0.95	1.40
-3.78	4.19	5.27	5.18	-2.36	-1.37	3.59	1.78	0.23	-0.66	-0.62	-1.78	-0.50
-2.66	2.34	4.37	2.05	-0.42	6.03	3.32	3.95	1.51	-1.24	-2.88	-0.71	0.41
-9.43	-4.19	-1.37	1.26	-1.79	3.55	1.89	3.58	3.69	1.69	5.82	2.17	1.29
-7.13	1.73	3.51	2.02	-4.52	5.12	-1.79	1.85	4.05	0.06	0.70	-2.56	-2.03
-8.55	2.06	9.25	8.05	-3.00	1.74	-1.73	1.53	9.59	3.01	-4.89	-2.44	-1.88
-8.16	1.04	1.53	-1.42	0.69	3.79	-2.13	3.86	8.59	4.20	0.08	3.15	1.14
-6.69	-5.17	-0.37	5.43	5.17	6.73	0.11	-4.96	-0.65	3.96	6.60	1.68	-1.09
-1.62	-2.14	0.42	2.27	0.04	7.64	-4.51	-6.52	-1.15	2.31	-0.75	-4.06	-1.33
-3.77	0.04	-0.92	2.67	4.02	2.90	1.63	-4.39	-3.59	2.31	2.95	-2.58	-0.62
-1.51	-0.17	-0.47	6.63	-0.02	4.08	0.50	-2.24	2.17	3.87	4.69	1.60	0.48
-7.29	-4.69	-2.54	3.93	-0.20	6.09	2.19	-0.98	-3.23	2.82	5.65	1.17	0.04
-3.89	-0.89	-0.12	4.34	-0.40	2.03	2.07	1.14	-1.22	4.37	4.53	-0.40	-1.38
-10.01	-0.25	1.78	3.37	-1.48	-0.90	-2.63	-0.59	3.71	3.47	-1.86	2.11	1.15
1.32	0.07	0.60	3.81	-1.55	1.62	0.50	-1.35	-3.22	1.71	3.36	1.17	-2.98
2.69	-1.39	-0.37	2.28	1.13	1.48	-3.27	-8.41	-5.52	2.81	6.06	4.06	-1.96
0.88	-0.97	-2.43	5.79	2.64	3.19	-2.73	-6.22	-1.17	0.34	3.38	1.55	1.32
-1.41	1.08	-2.88	1.25	1.55	1.52	-2.17	-6.04	-3.17	4.46	5.72	2.39	2.01
-0.52	3.72	5.19	-0.90	-4.02	0.46	-3.36	-5.57	-1.16	1.11	4.56	5.35	3.72
-8.30	1.88	-4.89	-2.07	-7.01	3.93	-4.83	-6.76	2.51	0.98	4.26	8.13	2.93
-7.72	2.28	-0.78	-0.61	-0.44	4.09	-2.28	-4.50	-0.77	-1.20	4.21	1.10	-3.45
-7.82	0.56	3.25	2.02	1.33	4.92	-3.35	-0.85	1.73	2.13	2.94	0.63	1.25
-9.47	0.93	-1.21	0.64	-1.67	0.42	1.09	1.32	-0.64	0.77	0.30	-0.13	0.39
-11.32	0.43	-0.67	1.66	1.36	1.39	1.20	0.51	-0.64	-0.95	-0.38	0.05	-1.27
-9.00	4.87	4.61	3.47	0.39	-1.07	-3.66	-6.14	-4.04	-1.53	1.32	-1.69	0.69
-7.08	4.31	1.83	0.42	-2.29	0.39	-1.00	-4.56	-1.40	-2.84	5.69	1.93	1.86
-7.27	1.55	4.55	1.16	-1.08	1.95	1.31	-0.69	1.86	2.40	1.36	0.11	2.01
-6.21	1.71	-1.19	0.82	1.38	-3.35	-0.08	-2.61	1.20	1.88	0.05	-2.65	0.18
-6.96	2.88	4.19	4.52	-1.95	-3.97	-1.95	-5.23	0.02	1.14	3.45	1.46	4.55
-12.63	2.62	7.51	3.83	-6.01	-3.36	-0.25	1.50	-0.23	0.80	2.33	-0.95	4.17
-16.46	3.80	0.29	0.49	-4.18	0.61	0.35	-4.52	3.20	3.80	6.66	0.71	3.92
-13.71	-1.21	3.13	2.55	-1.51	-1.84	-1.44	-0.60	3.22	3.78	7.16	3.73	3.69
-10.35	-1.26	-0.86	-1.22	-0.04	-2.05	0.12	1.34	-0.14	2.45	0.68	0.05	-1.46
-11.80	-0.72	0.18	3.23	0.16	-6.12	-5.79	0.16	6.10	5.06	-0.10	2.95	-2.21
-7.90	-2.59	-0.80	-1.64	-2.15	-2.38	-5.66	-7.96	-0.53	-2.47	-2.61	-3.90	0.42
-5.09	5.14	2.50	2.28	-2.84	0.26	-5.35	-5.71	-1.94	0.61	0.96	-0.66	0.41
-3.02	4.97	4.47	7.95	-0.96	-3.45	-3.30	-4.74	-2.88	-3.34	6.90	3.99	2.19
-1.61	3.20	2.04	5.79	-0.42	-3.03	-7.51	-7.14	-0.28	1.53	6.79	2.90	2.77
0.47	7.58	4.27	2.75	-3.47	-1.55	-3.88	-4.90	0.14	3.23	4.93	1.24	0.96
-3.61	1.88	1.51	1.82	1.12	-1.25	-5.93	-6.78	1.18	-1.45	2.77	0.73	2.54
0.28	3.41	-1.29	1.17	0.32	-4.21	-5.47	-5.63	-0.92	-2.88	-0.35	-2.95	3.24
-9.21	-0.21	3.39	8.34	0.22	-7.19	-6.26	-9.98	-2.70	-3.21	-2.68	0.32	3.00
-7.35	0.38	-4.01	0.05	-3.18	-4.58	-2.80	-0.24	1.59	2.84	6.11	0.71	1.69
-0.15	-0.58	-0.98	2.16	-1.17	1.39	-3.22	-3.21	-3.14	0.24	3.78	0.17	-1.54
-4.00	-9.26	0.65	2.21	0.56	-1.14	-9.88	-7.27	-3.29	1.63	2.44	-0.59	-2.67
2... 1... GO!
0.41	-0.42	8.48	15.18	4.54	-0.07	2.84	-4.29	-6.82	-5.15	-1.70	-4.64	-3.89
-3.04	-4.06	7.90	12.45	5.59	-1.92	-2.78	-0.45	-7.33	-3.31	0.36	-2.18	-8.58
-6.11	-5.20	10.23	16.69	7.18	-0.49	-0.14	1.92	-4.09	-6.14	-4.74	-9.05	-9.99
-0.98	-3.81	8.60	19.23	7.23	-0.86	3.26	-1.93	-8.31	-2.12	0.75	-6.09	-7.97
-5.73	-3.73	10.47	13.04	1.59	-2.60	-2.05	-1.07	-4.23	-0.80	4.02	-7.25	-8.79
1.92	-0.88	6.85	9.17	2.51	-0.99	0.73	2.02	-4.49	-4.34	-2.93	-7.94	-5.15
-7.09	-3.36	5.85	10.40	5.37	5.56	5.08	-1.82	-9.68	-8.59	-4.01	-8.38	-11.73
-1.99	-2.53	5.00	12.64	2.10	-0.40	-0.67	-2.99	-1.69	-2.24	-0.42	-4.99	-8.89
-5.54	4.07	4.14	7.21	0.91	-6.45	-2.47	0.64	1.59	1.95	-1.33	-4.57	-7.81
-4.38	0.39	1.10	4.40	1.05	-6.15	-3.60	2.16	0.76	-0.62	-2.77	-1.54	0.14
-1.49	0.71	3.86	3.71	0.96	-2.02	-0.38	2.46	-4.38	-6.52	-0.99	0.48	-0.40
2.88	1.59	1.71	4.82	3.49	1.80	-0.33	1.08	-1.39	-2.49	0.35	-3.17	-4.52
-5.15	-5.89	4.82	4.65	-5.72	-0.14	-1.58	3.04	0.76	-0.48	2.23	0.84	-1.31
3.07	1.39	1.01	2.54	0.74	-1.01	-0.90	2.70	-0.25	-2.92	3.43	3.03	-2.54
4.35	5.17	8.04	7.83	-2.62	-0.57	2.60	1.04	-0.84	-6.57	-1.75	-0.71	-4.30
3.87	1.20	1.19	1.67	-4.73	-1.23	-3.73	-1.03	-2.54	-8.76	-1.13	-0.07	-3.65
5.71	7.77	6.28	5.13	-1.28	0.85	1.11	-0.13	-4.60	-5.86	-0.13	2.60	-0.38
1.09	1.97	5.79	3.00	-0.21	-2.21	-3.28	-2.35	-2.04	-4.90	0.97	-1.44	-3.13
3.45	2.23	3.70	7.10	-3.09	0.93	4.34	-1.23	-3.00	-3.52	1.10	-1.91	-1.22
1.94	-1.14	1.02	3.77	1.90	2.45	-2.77	-5.43	-7.67	-2.28	1.41	1.88	-3.76
0.50	-2.07	0.83	6.08	5.22	3.52	0.19	-4.16	-3.56	1.79	4.63	-0.23	-3.31
-6.51	-2.65	1.43	3.14	-4.28	-2.50	0.59	-5.30	-4.86	-2.25	7.08	2.90	0.10
-7.22	-2.26	0.28	7.44	-3.68	1.15	3.49	3.71	1.77	3.86	6.59	-0.86	-4.51
-9.28	2.32	-4.92	6.84	-3.64	-3.45	-6.85	-3.35	-2.80	-3.32	3.65	1.53	-1.40
-11.85	4.23	-0.12	11.57	-1.19	0.76	-1.57	1.38	-0.39	-2.73	0.97	1.86	-0.97
-4.26	9.14	0.46	10.00	-7.03	-3.62	-2.43	0.87	-1.95	-4.80	0.83	2.99	-1.70
2.86	15.78	-0.82	5.89	-6.20	-1.24	-0.63	3.62	-1.68	-8.33	-5.72	-3.47	-1.77
5.01	12.06	-0.53	9.05	-1.98	0.81	-4.49	-3.07	-2.82	-11.48	-0.52	0.83	1.74
9.10	6.17	-7.48	0.28	-6.40	0.96	-3.24	0.97	-2.12	-10.30	-6.00	-3.99	-4.86
3.55	6.87	-6.70	0.58	-7.17	0.69	0.15	-0.33	0.48	-8.22	-3.55	0.61	-4.25
7.97	-0.19	-3.65	2.30	-1.81	4.33	0.38	-3.42	-1.01	-10.79	-5.13	1.89	-1.35
7.88	-2.92	0.05	11.04	3.88	7.42	-4.90	-3.83	-4.08	-10.41	-7.02	0.08	-3.33
8.94	0.75	-1.10	2.34	0.10	1.32	-10.10	-2.54	0.63	-7.00	-1.20	5.68	-1.92
5.12	-0.09	-0.03	-0.11	2.34	5.93	-5.99	-4.60	-3.81	-8.33	2.30	5.03	-5.32
1.28	-6.23	1.06	7.52	1.55	7.02	-3.05	-5.12	0.05	-13.22	-1.83	-0.64	-12.83
4.39	-3.92	2.18	4.68	2.56	0.14	-11.40	-8.19	1.83	-7.01	-2.78	0.36	-6.54
1.57	-5.49	3.51	5.44	-1.40	4.60	-5.44	-2.29	0.47	-4.42	2.97	3.51	-3.13
-1.98	-10.99	-1.90	-1.31	-3.46	4.73	-0.20	-1.65	3.09	-3.35	-1.00	0.07	-5.33
-3.46	-11.05	2.86	1.08	-2.47	3.44	-1.60	2.38	9.92	-4.09	0.25	4.27	-4.95
-3.97	-12.86	3.48	8.73	-2.95	2.79	-7.27	1.17	4.26	-1.96	3.45	1.66	-6.95
-5.75	-4.59	0.00	3.00	3.44	1.25	-9.66	-3.38	0.59	-2.76	-0.47	-0.13	-0.47
3.06	-3.32	4.42	6.46	0.78	0.28	-7.45	-2.34	0.19	-3.11	3.89	-0.65	-4.18
-0.78	-0.11	9.97	5.59	2.73	5.78	-7.19	-3.22	-3.57	-8.09	-1.85	-2.09	-5.13
-5.27	-1.26	4.77	0.88	2.47	0.51	-8.02	-1.80	-0.61	-6.17	-1.76	-0.98	-1.59
-7.66	-6.22	7.91	9.43	3.35	-0.65	-5.53	-0.71	-3.16	-8.17	-3.64	-5.22	-3.02
-8.17	-6.07	1.34	4.74	-1.65	1.05	-5.56	-3.16	-0.59	-5.05	-1.34	4.03	0.06
-6.51	-2.01	5.26	2.17	-1.23	2.58	-1.61	1.69	5.33	-5.45	-1.46	0.53	0.23
-3.34	-0.16	4.68	4.67	-0.19	3.39	1.41	-3.24	0.82	-0.16	1.09	-1.16	-2.32
-9.85	-1.32	10.16	7.36	0.70	0.48	-4.43	-4.98	-3.91	-4.31	2.52	1.74	-1.20
-10.83	-2.36	4.97	2.84	-1.14	3.70	1.72	-1.53	-1.04	-4.40	-0.81	-0.70	-3.45
4.43	2.38	4.74	7.55	-0.81	-1.02	-1.07	3.35	3.71	2.79	4.20	1.61	-2.49
10.31	-13.87	2.13	9.20	1.45	-4.38	0.50	13.92	3.09	-1.68	8.75	0.60	-3.73
10.81	-13.89	4.65	10.69	4.61	-4.60	0.52	12.83	0.43	-5.11	7.62	-0.63	-5.40
6.12	-12.60	5.00	12.09	1.28	-7.40	-0.14	14.21	1.31	-7.47	7.48	-0.05	-7.64
4.78	-11.84	8.36	14.66	-0.06	-5.30	-2.63	17.82	3.65	-4.01	6.70	1.57	-6.36
-4.36	-20.97	-3.56	-3.74	5.00	3.76	-1.60	3.05	-6.36	5.69	4.01	6.18	0.06
-0.13	-14.57	15.87	10.32	-1.24	-2.33	-6.32	0.32	-0.22	-3.96	2.68	-0.13	-6.81
-11.94	-21.15	16.37	8.21	2.15	5.91	-3.59	-5.24	-2.10	-4.65	-2.44	1.13	-0.24
11.69	-29.95	20.02	13.28	-5.16	10.33	-2.02	-6.30	0.43	-4.83	3.34	4.73	-4.15
1.87	-31.14	11.70	12.04	-4.14	9.49	0.79	-3.33	-0.38	-1.64	4.51	4.58	-2.99
1.60	-35.91	17.02	9.30	-0.37	6.14	0.17	-2.94	0.60	2.09	1.68	5.19	-5.72
3.94	-39.17	23.00	14.93	0.34	9.38	-1.28	-1.72	3.73	0.42	-0.11	2.44	-7.34
3.24	-40.81	29.21	17.66	-2.39	6.93	-3.98	0.75	7.22	-4.62	-0.99	1.08	-4.54
5.30	-46.72	35.42	16.73	-3.19	6.17	-5.90	4.80	8.61	-7.06	-1.92	0.85	-2.95
-21.07	-19.53	10.70	7.22	1.01	0.34	-3.95	1.32	2.48	-3.67	-3.31	-0.10	-1.48
-18.07	-25.65	18.86	11.65	-4.04	4.31	0.37	6.97	6.67	-4.61	-0.94	0.96	-4.45
0.26	-44.63	42.13	11.24	-1.69	4.23	-5.02	9.28	5.24	-8.37	-0.67	2.75	-4.64
-12.41	-34.84	37.68	15.63	-1.55	3.48	-2.55	10.31	5.38	-9.08	-0.79	3.38	-4.38
-19.10	-29.99	32.96	18.01	-0.57	4.27	0.04	10.66	5.86	-8.29	0.41	4.16	-3.92
-7.91	-40.39	41.58	15.27	-1.14	4.42	-1.23	12.66	4.67	-7.15	-0.32	5.27	-4.70
-10.02	-40.17	40.75	14.51	-3.11	3.58	-2.17	10.94	4.29	-7.38	2.74	4.08	-2.80
-9.32	-39.50	38.07	12.55	-4.86	6.23	-0.44	11.37	4.91	-6.35	3.86	3.43	-3.43
-5.31	-26.91	17.34	8.23	-10.87	2.90	-3.36	4.55	1.77	-10.09	4.15	1.79	-5.28
-3.62	-22.77	15.30	8.60	-8.41	3.32	0.04	4.47	1.44	-5.87	3.17	1.17	-3.28
-0.22	-34.37	35.51	7.79	-12.59	-1.81	-1.46	7.45	3.40	-12.70	3.26	1.70	-5.58
5.11	-36.70	35.66	6.75	-11.43	0.79	-7.17	9.64	4.75	-12.58	2.66	0.48	-3.28
9.53	-30.68	23.52	2.14	-3.76	2.23	-8.45	5.24	9.56	-7.75	2.21	-1.64	-2.61
14.11	-23.90	11.49	6.10	5.22	-1.66	-6.39	11.85	3.11	-5.73	8.90	-1.81	-6.28
12.20	-27.03	9.74	7.14	4.44	0.95	-6.28	12.03	4.29	-2.63	10.48	-3.08	-4.94
10.75	-23.44	10.28	4.85	4.30	-1.19	-8.24	8.06	-0.34	-4.00	6.40	-4.79	-4.85
-8.71	-5.35	5.52	6.93	2.73	-1.32	-2.59	2.68	1.91	-0.28	0.76	-2.08	-2.15
-7.41	-18.74	3.77	5.49	3.89	1.73	-4.48	4.98	3.56	-0.12	5.86	-1.36	-5.02
0.81	-19.15	7.79	2.63	4.15	2.26	-8.46	6.56	2.52	1.60	8.09	0.22	-0.58
-3.28	-19.43	7.74	3.97	7.76	5.31	-6.13	6.68	3.88	-0.95	8.18	-0.83	-1.81
-6.23	-19.37	6.31	11.61	5.31	1.36	-1.31	-0.30	7.88	-0.91	3.03	2.12	-4.04
-7.52	-10.03	8.48	0.04	-3.00	-0.49	-1.78	-6.33	6.78	-1.35	-0.61	4.15	0.89
5.39	-6.20	8.62	-4.09	-6.76	-2.61	-13.23	-8.85	9.98	1.68	-0.63	1.38	1.48
4.71	-10.95	6.73	-5.37	-5.86	-0.09	-12.39	-7.19	7.47	1.52	-3.03	-0.36	-3.30
-12.35	-0.58	6.35	3.68	-1.17	3.64	-0.73	0.63	5.35	1.26	-1.22	2.78	1.08
-11.06	-4.98	2.65	-0.94	-4.82	6.09	-7.30	-3.90	7.70	-0.55	-0.98	0.21	-2.17
-15.30	4.20	5.37	7.25	5.79	-0.47	-3.45	-1.15	4.86	-0.53	-1.09	-1.74	-2.47
-13.54	2.38	2.98	9.40	6.11	-3.03	-1.82	6.45	4.54	0.31	3.79	-2.84	-3.07
-18.06	0.81	0.47	7.46	3.23	0.59	-4.46	4.36	2.67	3.76	4.82	-2.29	-1.18
-20.91	0.48	2.97	9.05	3.20	0.80	-0.88	1.48	0.90	-1.06	2.72	-0.38	-1.19
-18.73	-2.37	-0.82	6.14	-1.16	-7.62	-3.97	0.60	-1.34	1.80	0.15	-1.36	-2.02
-17.70	8.12	1.61	5.86	0.36	-5.46	-3.89	8.70	4.46	-2.40	-0.24	-3.21	-6.57
-19.54	-2.30	-0.84	5.26	1.88	-3.26	-0.39	4.13	3.84	2.93	-1.75	-3.50	-1.03
-18.54	2.85	4.89	3.97	0.73	-3.38	-3.73	2.25	-2.66	-1.45	2.36	-2.83	-4.85
-22.46	3.70	5.82	7.67	2.06	-2.66	-2.03	-0.52	-6.80	-6.63	-0.87	-2.13	-0.32
-17.55	1.14	1.88	4.91	0.73	-0.36	0.23	4.66	-2.32	-3.19	-2.22	1.15	-3.26
-19.24	3.48	1.08	7.37	6.37	2.11	0.64	3.62	2.31	4.41	3.09	-0.77	-1.95
-15.16	0.25	2.41	3.25	3.65	0.29	-4.90	1.79	-1.07	0.72	2.09	0.56	-2.22
-18.47	-5.28	-3.18	3.66	1.22	-5.63	-4.59	3.84	-1.68	-2.17	2.17	2.59	0.47
-15.72	2.41	-1.40	10.19	7.17	3.16	-0.85	2.54	1.04	-0.56	0.62	-0.97	1.01
-10.30	-2.03	-3.27	3.53	6.41	-0.17	0.48	2.95	1.49	1.01	-0.77	-2.84	-1.25
-12.18	-0.30	-3.80	-4.30	-1.89	-4.42	-2.81	2.34	-1.49	1.10	1.56	1.12	3.10
-16.36	-3.38	1.94	6.35	-0.02	-4.61	-4.88	0.69	-3.29	-1.50	-0.29	-3.92	-0.91
-19.76	0.45	-3.27	1.81	2.59	-0.69	-0.25	5.23	2.08	1.87	-0.53	-2.23	-2.56
-11.06	5.51	0.35	1.20	2.37	-2.13	-2.87	-1.82	0.40	0.74	-0.32	1.39	-4.07
-10.65	4.64	5.61	4.01	-2.26	-7.36	-9.32	-0.16	0.14	-2.24	2.22	1.32	-0.35
-11.78	0.06	-1.49	-0.83	-3.31	-7.99	-8.16	-0.91	0.16	3.57	4.62	1.75	-0.75
-13.42	-2.84	-4.55	-2.07	-2.00	-12.12	-11.39	-4.35	-4.71	-1.88	2.69	-0.72	-1.53
-12.45	0.27	3.02	0.42	-1.33	1.26	1.52	1.69	-2.87	-1.93	3.15	3.93	4.78
-6.07	-4.21	-1.94	-1.42	-0.39	-1.14	-3.93	-0.83	-3.39	-6.25	1.79	-0.09	-0.30
-1.19	-6.02	-0.22	2.37	1.25	-5.00	-9.20	-1.39	-1.49	2.92	4.35	1.37	-1.55
-2.10	0.51	2.07	5.09	-1.93	-7.15	-5.47	-2.90	-1.12	0.51	1.86	-0.84	-6.04
-1.62	-0.82	-1.27	1.45	1.44	0.85	-4.28	2.50	-3.75	-1.46	2.79	1.97	-4.77
-3.18	1.72	2.06	3.51	1.68	-4.11	-8.58	-2.12	-2.50	-0.91	2.53	-0.85	-3.57
-3.13	3.63	2.65	1.34	-1.90	-3.02	-6.55	-3.50	-2.09	-2.67	1.64	-0.64	-1.24
-1.12	0.37	2.68	2.06	-3.64	-1.50	-6.21	-3.63	-4.85	-0.06	3.94	0.17	-3.81
-0.85	4.10	2.21	5.22	2.95	-5.91	-6.96	-2.98	-9.88	0.67	4.09	0.32	-1.03
-1.09	3.92	3.71	4.96	-1.17	-2.26	-6.12	-6.10	-3.86	1.99	2.29	-1.67	-0.41
3.35	2.26	4.83	2.86	2.45	0.86	-7.30	-1.15	-2.20	-4.47	-0.97	-0.94	-1.79
-1.68	5.52	9.01	2.26	2.61	-2.29	-3.63	-5.93	-6.62	-4.57	-4.37	-3.51	-2.31
-6.45	1.66	4.56	0.80	-3.09	-7.07	-7.67	-7.22	-4.51	-7.83	-5.80	-2.90	-1.42
=== END OF SAMPLE ===
Next sample in: 3... 2... 1... GO!
-13.03	4.12	-0.39	1.93	1.34	2.79	1.50	-0.90	0.03	4.21	1.94	0.33	-3.69
-17.04	2.89	-0.91	-2.47	0.45	-3.46	1.56	-0.11	3.59	1.70	0.99	-1.82	-1.95
-15.55	0.05	-2.33	4.54	-2.12	-1.13	-0.90	2.80	2.64	-1.79	-3.45	-1.19	-1.77
-11.68	4.50	6.82	3.17	0.03	0.41	3.83	3.53	1.37	1.60	4.65	1.86	0.16
-8.33	3.44	5.37	3.89	-3.24	-0.01	2.53	3.25	0.67	0.94	1.18	-2.84	-4.21
-20.34	-4.97	3.80	11.19	4.66	-0.22	6.81	4.53	0.78	1.95	3.64	0.19	0.74
-16.10	-3.22	2.57	3.78	-2.22	-1.44	2.38	-0.21	-0.48	1.12	-0.12	-0.46	-0.60
-17.44	-5.71	3.36	4.85	-4.54	-3.34	-2.10	0.55	-6.98	0.53	3.49	-4.44	-6.71
-12.89	1.84	1.38	-1.05	-1.94	-0.42	-0.46	-2.26	-2.77	0.34	0.77	-1.44	-0.95
-10.52	-0.80	-0.62	-0.79	-2.99	0.82	0.19	-1.68	-2.50	-1.12	-1.78	-2.00	-1.61
-17.00	-2.24	11.67	2.43	-2.38	-0.51	1.47	9.95	-0.49	-0.50	0.79	-2.66	-2.40
-15.66	1.77	14.19	4.60	0.30	1.81	2.64	8.21	-1.37	-2.43	-0.83	-2.05	2.21
-15.68	-2.72	9.66	5.86	0.88	2.03	-1.27	4.94	-0.20	-2.14	-0.70	-2.86	1.34
-41.37	-5.06	10.63	3.05	2.16	6.70	2.07	2.70	0.70	-5.76	-2.32	9.26	-0.06
-20.41	-0.02	14.23	0.14	1.52	6.88	-1.43	-1.29	0.03	-5.46	0.68	7.09	0.48
-6.05	0.80	9.13	1.05	-3.50	4.27	3.13	-2.26	-2.95	-1.31	-0.93	-4.05	1.39
-4.50	3.12	2.74	3.55	-4.79	-1.57	3.53	-0.50	-1.91	0.72	-1.72	-1.09	0.32
-9.85	2.80	4.13	0.10	-0.70	0.82	0.95	1.14	-2.09	1.75	-1.00	1.00	2.56
-13.43	0.90	1.76	2.95	-0.99	5.10	-0.43	-0.66	0.37	-0.93	1.45	-2.41	-0.85
-14.69	3.39	3.58	6.02	-2.62	-6.99	-1.49	3.71	3.44	-0.56	-3.13	-4.26	-2.64
-18.20	2.96	2.13	6.65	0.66	-1.01	0.71	1.27	0.28	3.11	1.52	-2.77	0.89
-22.66	1.15	1.50	6.63	-0.87	0.90	2.69	-2.28	2.58	-0.89	4.20	1.91	-3.16
-21.49	0.45	-1.02	3.32	-1.42	-1.22	4.63	1.31	1.64	-0.39	1.04	0.88	1.53
-24.23	-4.93	-5.05	-0.33	-2.48	0.60	-0.39	-0.75	6.40	7.57	5.98	2.06	-0.74
-14.77	-0.09	-2.57	-0.16	-2.39	-1.21	1.76	1.98	0.17	1.25	0.13	-1.63	1.28
-12.39	2.62	-2.44	-0.12	-1.31	-1.11	2.84	1.12	0.69	-0.48	-1.70	-1.96	-1.20
-9.90	9.35	4.43	-0.22	2.10	0.60	-4.19	-5.49	-1.36	0.02	1.56	0.94	1.32
-8.73	8.39	4.52	3.79	-0.72	-3.17	-4.21	-5.58	-5.94	-2.96	-0.87	-1.26	-1.22
-5.64	8.39	8.51	8.44	2.22	-2.98	-0.49	1.27	-3.44	-3.20	-1.67	-3.96	1.20
-7.61	4.05	-3.46	3.89	1.21	-6.28	-0.38	-4.45	-0.14	-1.93	-1.40	2.13	0.58
-6.94	9.81	4.24	6.29	2.36	-1.31	-3.22	1.61	-1.34	-2.43	-2.30	0.56	0.61
-7.67	-1.41	5.66	7.00	3.61	-0.25	-4.54	-4.52	-1.22	2.29	-2.87	1.48	-2.48
-10.30	-0.18	1.10	1.74	-1.62	-2.59	-1.30	0.88	0.22	-0.63	0.82	0.46	-0.90
-11.17	-3.47	2.47	11.62	8.36	-0.47	0.41	2.19	-0.86	1.44	-1.86	-0.20	1.96
10.60	2.69	10.61	11.95	-0.29	-2.48	-1.56	9.40	2.69	-0.25	1.73	3.88	-3.50
9.79	-4.08	8.64	15.28	2.44	1.89	-1.62	10.63	2.32	2.16	3.31	3.43	-5.05
7.90	-1.21	9.20	18.07	1.93	-4.78	-4.71	10.86	5.32	2.81	7.03	5.58	-3.93
7.74	-5.20	7.91	18.66	5.62	2.34	-1.20	6.68	2.27	-0.98	1.16	5.07	-3.28
7.28	-12.77	9.82	11.13	2.24	2.01	-1.46	4.41	4.22	0.87	-1.45	7.99	-2.49
2.08	-10.19	8.06	9.85	2.51	3.49	-0.89	0.48	4.52	1.26	-0.27	2.81	-2.21
-1.29	-13.54	6.77	5.78	6.23	6.05	6.42	2.33	4.08	5.25	-5.79	0.00	-6.26
-8.04	-16.02	9.87	5.17	8.02	5.06	3.63	1.56	1.83	2.91	-6.58	0.51	-5.07
-1.21	-18.53	9.25	13.77	2.43	2.72	-2.32	1.64	3.60	-2.55	-1.64	-0.97	-6.25
4.96	-15.68	12.75	10.79	3.55	2.00	-4.25	-1.78	1.26	-2.99	-2.81	1.64	-4.85
22.98	-33.64	23.75	12.52	3.61	6.13	-7.45	3.31	2.46	-4.03	-2.92	-1.15	-5.50
23.68	-36.62	20.48	14.04	2.22	7.06	-2.84	-0.22	4.55	-4.54	-0.04	-1.41	-7.06
8.63	-30.70	12.21	7.65	-3.63	7.32	1.54	-1.87	5.01	-1.56	4.82	4.46	-3.33
10.25	-34.56	21.33	10.32	0.42	11.02	-3.30	0.91	5.78	-3.13	2.29	-0.26	-5.46
0.43	-31.77	24.11	9.81	5.68	-0.13	1.03	3.04	7.81	-4.74	0.87	-0.65	-4.88
6.76	-41.92	31.64	12.37	-0.26	5.19	-4.61	5.00	7.18	-8.05	-1.13	-1.73	-6.12
-16.29	-28.61	25.87	13.81	-3.10	1.94	-3.11	9.35	8.33	-5.94	-3.75	-3.78	-5.69
-13.55	-22.54	28.30	11.68	-4.45	-1.10	-5.18	4.26	2.04	-7.24	-2.75	0.39	-0.90
-3.41	-38.78	44.73	9.46	0.42	1.85	-2.00	9.88	3.75	-5.97	-1.80	0.55	-3.09
-8.04	-37.85	45.76	7.75	0.41	0.36	1.74	9.55	4.47	-6.09	-0.82	2.71	-4.24
-9.29	-38.18	45.22	8.28	0.82	1.88	2.59	10.88	5.35	-6.86	-0.29	2.92	-3.92
-10.40	-40.39	44.87	8.49	-1.95	3.17	0.68	11.16	4.89	-5.01	1.03	1.78	-2.09
-12.80	-35.50	41.72	9.64	-3.84	5.07	1.21	9.48	4.63	-4.62	1.74	1.44	-2.45
-34.57	-13.28	13.66	12.82	-6.58	1.99	3.48	0.08	4.23	0.25	2.68	5.98	-3.34
-17.53	-17.94	19.19	5.83	-9.01	2.56	1.14	4.06	1.10	-4.67	1.43	1.98	-2.01
-21.56	-11.76	26.77	9.19	-10.95	-1.04	3.34	6.91	0.11	-5.47	2.39	1.55	-3.63
-7.88	-29.69	41.78	6.47	-12.07	-0.83	1.62	11.82	0.86	-8.24	2.41	0.01	-4.60
-1.38	-31.58	43.04	4.42	-12.89	-1.65	0.37	11.31	0.21	-10.64	1.81	0.51	-2.73
4.47	-31.90	39.68	3.48	-9.77	-2.34	-3.10	11.68	1.23	-11.08	1.53	1.21	-2.35
6.61	-27.60	31.10	2.47	-6.00	0.59	-8.99	9.33	3.25	-6.65	0.63	-2.46	-0.43
12.04	-26.96	11.84	7.68	1.12	-1.38	-2.01	10.53	5.50	-4.06	7.22	-3.99	-4.36
8.55	-24.82	8.03	10.14	0.67	-0.88	-4.51	9.52	3.86	-1.89	7.97	-6.85	-5.65
-4.05	-20.09	7.42	9.65	3.45	-2.90	-4.08	6.81	4.15	2.11	3.95	-4.69	-4.72
-6.77	-15.40	4.92	5.80	2.29	-0.10	-3.10	6.48	0.86	0.10	4.42	-5.25	-4.69
6.79	-24.01	7.59	10.51	3.82	0.77	-6.33	5.66	2.40	-1.96	10.38	-6.48	-3.07
9.30	-24.01	7.05	8.10	4.48	0.50	-4.66	3.21	3.05	-1.41	10.16	-4.93	-2.30
7.51	-23.51	5.40	8.97	5.00	4.01	-3.08	4.62	0.33	-0.08	9.84	-3.20	-3.76
10.83	-28.62	6.68	7.82	8.15	3.53	-3.19	5.43	-0.44	-0.98	8.78	-4.90	-4.12
12.13	-25.44	5.24	5.32	6.19	3.80	-5.42	3.65	2.22	0.57	11.92	-0.49	-0.30
12.27	-21.86	3.63	9.05	4.97	2.75	-1.72	0.68	2.22	1.30	7.13	-2.07	1.37
11.00	-11.87	3.18	11.62	2.66	0.37	0.40	-3.50	0.50	-2.55	4.01	-0.35	-0.09
-7.49	1.67	5.34	2.99	10.94	-3.33	2.57	-10.06	4.92	-7.19	1.79	4.83	-1.30
-4.45	-5.49	6.92	0.44	3.32	3.60	-8.18	-10.74	0.38	1.30	-0.29	-0.03	-0.59
-8.63	2.30	2.47	0.21	-1.17	-3.45	-4.14	-0.46	1.26	1.21	-0.66	-2.66	-2.37
-2.01	-5.40	2.90	-2.75	-2.30	3.67	0.07	-7.42	5.77	0.51	-4.73	2.51	0.40
-6.39	-4.50	1.29	-1.09	-1.12	1.25	2.66	-3.40	3.77	-1.59	-6.66	-0.10	-5.02
-12.34	1.04	-3.32	-1.86	-1.60	-2.91	-2.34	-1.21	1.19	3.10	-2.52	-3.64	-6.03
-14.80	3.11	2.56	-0.76	0.27	0.35	-0.57	6.64	1.69	-4.20	-5.07	-4.44	-4.91
-17.71	5.46	-0.77	-4.21	-3.72	-4.03	-2.59	3.80	-1.49	-5.07	-5.69	-6.44	0.77
-11.30	5.61	1.68	0.56	-2.76	-4.64	-6.45	8.29	5.00	-3.55	-5.13	-4.60	2.11
-14.75	5.26	6.52	1.43	-2.83	-2.35	-3.43	8.47	2.57	-3.22	-3.34	-3.33	-0.58
-20.97	2.10	4.89	1.65	-1.10	-1.54	0.27	5.85	-1.75	-0.56	-0.09	-3.02	0.03
-13.96	3.17	4.66	5.46	3.74	3.29	-2.00	8.97	-0.78	-7.27	-4.68	-2.02	0.13
-15.96	5.67	5.21	-0.13	-2.53	-0.22	-3.52	3.81	0.07	-3.75	-2.19	-2.19	1.66
-23.39	-0.05	0.96	4.99	0.40	-0.14	-5.21	2.70	-0.95	-3.00	-2.22	0.46	4.98
-23.71	4.23	4.99	3.32	-3.29	-3.09	-4.42	3.02	4.86	3.07	2.97	3.41	2.95
-18.90	6.42	4.89	5.40	1.59	-0.42	-3.82	4.97	1.83	-2.97	-3.08	-0.57	1.60
-20.24	1.84	2.69	1.65	1.41	-0.79	-4.71	1.48	0.54	-1.48	-0.84	-1.00	1.57
-12.34	4.93	2.05	6.52	2.72	1.03	-0.07	1.73	-1.14	-2.76	-1.60	-2.62	-2.65
-15.72	-1.27	3.45	7.26	3.56	2.30	1.42	5.95	2.20	-0.94	2.20	1.10	1.65
-13.40	4.23	3.00	0.71	-1.57	-1.69	3.35	5.67	2.17	-0.28	-0.83	3.11	2.79
-18.39	2.40	8.98	9.26	0.33	3.25	2.11	-1.87	-5.69	-3.69	-0.56	1.06	1.38
-14.88	1.42	3.91	4.81	3.32	2.36	5.44	3.85	-0.80	0.27	1.88	-3.06	-4.53
-5.76	-4.29	3.65	4.55	-2.26	3.85	0.18	3.03	0.87	-1.33	4.52	0.27	2.62
-6.89	2.57	3.68	3.56	0.04	-2.39	-3.35	8.50	2.70	0.89	4.17	0.78	-2.73
-5.59	3.12	7.28	10.63	2.48	-2.43	1.00	3.59	4.55	0.15	4.37	3.11	1.47
-9.36	-4.29	4.19	5.57	-0.53	2.53	3.23	1.33	1.92	2.00	0.47	0.41	-5.73
-13.24	-0.48	5.10	7.94	-3.45	-3.39	4.32	3.92	1.29	-2.07	-0.06	-2.30	-3.28
-11.39	1.31	2.98	2.29	2.09	0.74	-3.63	0.28	0.01	-1.00	-0.37	-1.65	2.01
-10.89	-3.62	0.24	0.38	3.58	-1.14	0.92	4.28	2.40	1.65	-0.67	1.12	-1.03
0.08	2.29	-0.14	-4.16	0.21	-0.37	-0.46	7.56	-1.47	-3.77	-2.42	-2.18	0.60
-9.30	4.97	-1.17	1.18	0.23	-2.13	0.78	2.23	1.04	-1.58	-5.03	1.46	-1.50
-9.42	5.92	-2.91	-0.97	5.52	2.54	2.99	5.18	2.56	3.02	-0.90	-1.28	-3.90
-16.79	5.25	3.48	1.42	2.19	-1.28	1.27	6.46	1.88	7.12	0.76	3.20	1.00
-20.67	3.66	2.14	4.21	2.89	-4.31	-2.22	-0.61	1.83	-0.71	-2.25	3.00	-1.01
-24.50	3.23	5.99	2.59	1.24	0.32	-0.29	6.18	3.82	0.41	1.67	4.33	-2.06
-15.77	1.88	7.76	0.57	2.01	1.31	0.52	5.67	4.78	-1.64	0.49	-2.10	-1.66
-26.25	6.65	9.46	4.36	5.87	0.80	4.77	5.59	5.14	-0.34	0.89	0.03	-1.05
-13.18	1.68	1.94	1.86	1.09	1.80	1.98	0.37	1.68	3.42	-0.39	-0.37	0.71
-15.00	-1.51	-0.21	-0.84	-3.27	1.09	1.98	-1.75	-3.77	-2.06	-0.06	-2.17	-4.02
-20.14	-3.58	8.00	4.76	1.06	-1.32	-0.45	1.11	1.15	-1.33	2.84	1.94	-0.43
-14.99	-2.01	4.66	5.52	-2.21	-2.30	4.32	5.48	0.61	2.00	-0.86	1.17	1.42
-4.92	-1.19	9.55	0.34	-0.65	-2.10	1.38	5.81	4.70	0.84	-0.99	-2.10	-0.92
-24.79	-4.82	7.37	1.65	-4.49	1.71	-0.50	6.89	3.03	-2.14	2.66	-1.89	0.70
-13.44	-1.02	5.79	0.02	-2.75	2.35	-0.59	3.58	2.37	-1.60	-0.41	-1.37	1.41
-13.82	-11.59	2.56	3.68	-2.27	1.30	5.77	4.37	2.10	0.87	-1.88	2.13	-3.95
-16.90	-1.98	0.76	-0.63	0.82	1.80	-2.00	1.70	-2.28	-2.58	2.12	-1.72	-2.44
-12.20	-0.53	-0.18	-0.54	-3.15	-0.71	1.12	0.56	-0.78	0.21	1.36	1.77	0.46
-13.71	-2.48	1.31	-2.29	0.01	2.64	3.28	1.81	-0.27	-5.33	-3.71	-3.60	-3.95
-12.96	-2.53	6.46	3.80	4.82	2.26	1.20	5.67	2.07	-3.05	-0.68	-1.08	-0.74
-18.26	-2.17	4.29	6.41	4.09	0.95	-2.69	0.70	0.27	-4.29	-2.25	-1.83	-1.43
=== END OF SAMPLE ===
Next sample in: 3... 2... 1... GO!
-22.97	-2.18	1.85	-0.50	3.00	0.52	-2.63	2.92	-0.68	-2.11	-1.67	-0.80	0.59
-12.81	0.71	-1.70	-0.78	3.98	1.24	-2.87	0.18	1.64	3.07	-1.69	-1.00	-0.16
-11.26	9.17	4.37	-1.18	1.13	2.57	-0.36	-1.99	1.34	1.71	1.11	-0.77	-0.38
-8.70	6.12	3.37	-0.35	3.03	0.88	-1.01	-0.69	1.33	0.85	0.51	0.18	0.47
-6.73	9.15	6.67	-2.87	-3.57	1.47	-2.07	0.95	1.46	0.61	-0.38	1.67	-0.52
-8.84	6.99	4.46	2.52	1.77	1.41	-4.97	-5.93	2.40	-0.71	-0.63	1.63	1.86
-22.11	7.78	3.14	1.30	-4.17	-3.68	-4.23	-2.22	1.26	-1.10	2.68	-2.77	-0.69
-21.27	4.66	3.31	-0.21	-4.22	-3.76	-0.10	2.44	1.85	-3.51	-1.60	-3.80	-2.37
-6.32	5.20	5.04	6.16	3.40	3.05	1.88	1.12	-0.64	-0.37	-0.65	-1.04	-2.14
-11.71	1.18	1.51	3.85	0.48	0.40	-0.90	2.17	-0.36	2.53	2.61	0.63	-1.63
-4.97	6.55	3.48	2.04	-0.24	1.13	0.79	1.59	1.86	0.78	4.78	4.71	1.02
-4.32	6.66	1.89	-0.68	-1.49	-1.03	-3.77	1.26	-1.62	1.71	1.45	1.46	-1.16
-8.90	4.40	7.55	1.93	0.01	3.52	-1.86	-0.84	0.97	1.03	0.96	2.10	5.00
-11.63	4.10	5.86	1.03	-10.46	-4.70	1.55	4.00	-0.08	-2.99	-1.16	2.79	1.15
-12.32	0.31	-1.06	-4.01	1.62	-0.81	-2.69	-0.37	-0.59	2.38	0.79	0.42	-0.20
-4.78	4.62	1.47	-0.17	1.64	0.34	-3.32	0.82	5.41	1.48	-4.27	1.26	1.15
-3.10	1.47	3.91	6.52	4.67	-1.87	-1.51	4.67	-2.50	-2.82	-2.32	2.64	0.32
-4.65	2.58	5.67	10.82	6.33	-2.01	-2.48	1.02	-1.35	-0.64	-1.61	-0.92	2.67
-9.57	0.02	-2.46	2.68	2.20	0.23	-0.24	4.46	3.23	1.10	0.11	-0.72	-1.07
-2.89	2.26	-2.66	5.04	6.73	1.27	0.94	1.67	0.73	-2.05	-3.00	-4.84	-3.39
-4.54	3.94	5.43	2.92	0.12	0.04	-2.27	-0.97	1.22	-0.70	-0.30	-0.56	-1.74
-9.09	5.98	5.23	9.35	8.20	-0.93	1.19	3.20	0.78	1.35	-0.50	1.02	-0.15
-5.11	3.16	-1.13	-1.17	-0.43	-0.39	0.56	-1.96	-2.13	-1.78	-0.99	2.72	0.05
-10.10	4.45	3.72	3.76	6.41	3.07	-3.56	-0.06	2.12	1.83	-0.31	-1.48	-0.68
-14.76	6.84	4.13	1.74	-0.62	1.36	2.72	-1.87	-2.88	-2.32	3.27	-0.01	-0.68
-8.83	11.09	7.04	4.75	0.63	0.39	3.89	2.52	-4.10	-6.68	-2.69	1.98	0.49
-6.74	10.87	-5.58	-0.85	-2.94	-1.51	-1.49	-1.83	-4.60	0.53	-1.58	-1.43	2.35
-4.03	7.44	0.56	1.86	1.01	-0.55	0.62	-0.78	-4.28	-3.00	-2.96	-2.24	3.35
-6.85	10.15	-1.81	-1.08	-0.99	-6.80	-6.09	-2.63	3.63	-0.85	-4.46	2.43	4.59
-4.97	9.09	-2.45	-1.88	0.32	-0.87	1.83	5.01	0.90	0.77	-2.11	-0.54	2.52
-9.21	9.40	1.11	4.49	-3.10	-2.32	4.60	3.84	-2.76	-6.55	-1.78	-5.09	1.37
-7.70	7.86	5.08	0.84	-1.10	0.40	-1.02	1.86	2.01	-3.62	-4.93	-3.81	0.66
-12.25	4.26	2.86	2.16	-3.04	3.53	1.23	0.42	0.23	-2.12	-4.37	-5.27	1.70
-16.92	8.01	2.70	0.30	0.30	3.01	6.62	4.96	1.88	-2.71	-4.93	-2.32	-1.03
-12.74	1.93	4.81	1.99	0.55	2.23	4.34	6.92	-1.36	-2.04	-0.40	1.80	-4.88
-12.87	7.56	4.04	0.58	-2.12	0.47	4.66	-0.52	-2.20	-6.49	-2.34	-2.14	-0.23
-13.95	2.95	2.25	1.82	2.83	3.24	1.67	1.80	-2.70	-3.30	-0.47	0.96	3.16
-13.14	3.29	2.45	3.88	2.39	3.36	6.43	0.09	-3.06	-1.54	-1.30	0.96	1.78
-10.87	8.34	7.46	-0.15	-0.18	-2.18	0.04	-1.14	-6.48	-3.46	-3.87	-2.71	0.28
-9.24	3.99	4.92	6.82	3.88	0.22	1.20	-1.55	-1.23	-2.43	-3.90	-2.17	-1.16
-9.83	10.89	7.35	2.79	3.92	1.24	-0.42	0.52	-1.92	-2.50	-2.99	-4.67	-3.71
-5.72	6.33	9.10	9.70	3.70	-1.09	-2.03	1.26	-1.27	0.85	-2.30	-3.41	-1.13
-9.75	-1.25	-1.16	1.21	0.57	1.48	0.38	1.20	1.11	0.77	-1.10	-0.04	0.52
-6.82	3.58	1.66	2.28	2.20	-0.61	-0.76	1.66	-1.13	-0.56	-1.02	-2.18	-2.25
11.05	-1.75	4.04	5.71	3.45	-4.12	-4.06	10.17	2.58	-3.21	-1.79	-2.17	-2.92
12.35	-1.33	1.69	10.62	5.32	-3.65	-7.61	9.51	7.22	-1.84	0.87	-3.03	-0.14
9.14	-4.00	3.16	11.04	2.49	-3.57	-4.93	15.71	8.47	-0.25	3.35	0.17	-2.50
14.09	-6.64	3.05	10.61	2.84	-5.57	-2.07	13.59	6.10	-1.98	3.16	2.17	0.99
12.90	2.95	6.97	13.59	1.04	-4.82	1.25	8.76	4.37	0.81	-0.11	-1.27	-0.65
12.84	-2.29	8.22	13.82	0.84	-5.63	1.35	15.41	-0.90	-3.74	-1.49	2.52	0.86
14.74	2.57	2.14	13.37	-0.44	-6.05	-0.82	12.43	1.16	0.74	2.14	0.46	-2.62
9.83	4.75	5.32	12.65	3.51	-1.90	-2.03	3.43	2.20	-2.81	0.20	3.96	1.34
-8.64	-5.70	-7.93	-7.25	3.34	2.84	-6.96	1.27	1.26	-0.50	-3.63	1.70	-0.45
-13.29	-23.63	-15.60	-15.16	-4.70	2.50	1.03	6.77	-0.71	4.43	3.77	-1.92	1.51
7.10	-6.68	-4.69	-9.03	0.97	7.97	-4.32	4.03	-9.80	1.63	-2.57	-9.33	-7.11
19.94	-13.44	12.60	3.40	0.68	7.84	1.01	7.47	-4.11	-0.64	0.17	2.05	-2.17
27.25	-29.09	20.94	4.84	-3.32	14.96	-5.29	6.98	-2.65	-7.03	1.71	-1.55	-5.67
31.90	-35.32	24.14	5.04	-3.25	13.68	-4.81	1.83	0.98	-6.36	-0.92	0.29	-5.36
22.78	-26.62	7.53	6.73	-5.55	14.43	3.18	-5.16	-4.45	-2.11	-1.27	2.73	-0.49
17.69	-27.50	-2.21	1.76	-0.75	16.86	4.13	-5.45	3.05	-0.92	-0.51	5.98	2.25
0.40	-33.45	16.33	3.68	3.32	6.14	1.08	-1.25	0.06	-3.92	-1.59	0.25	-0.63
0.61	-24.52	9.02	2.00	-2.24	3.87	-4.14	-0.69	1.63	-5.36	0.57	5.66	-3.94
13.13	-45.67	32.24	13.26	-0.53	12.34	-6.61	5.76	2.35	-6.75	1.84	1.63	-2.92
12.72	-49.14	39.94	10.07	-1.29	6.73	-3.56	4.52	3.74	-8.27	-0.40	0.33	-5.22
7.84	-46.05	38.92	11.69	-4.18	7.63	-4.85	6.75	2.89	-7.79	-0.52	-1.03	-3.51
6.58	-44.62	43.22	9.79	-1.21	4.58	-3.32	7.77	2.39	-4.77	-3.46	0.87	-3.88
-3.01	-39.46	39.71	14.37	-0.23	6.49	-1.61	10.65	5.95	-5.59	-1.44	-0.25	-3.70
-5.34	-38.62	40.34	15.06	-0.56	7.96	-0.79	12.16	6.83	-5.55	-1.11	-0.44	-2.24
-24.44	-15.43	22.99	16.23	5.33	1.62	-0.96	5.89	4.21	-3.44	-1.30	0.66	-2.00
-10.09	-28.81	30.35	12.71	-9.54	6.91	-0.13	5.53	5.83	-6.07	1.23	0.91	-3.60
-1.14	-42.53	42.00	11.68	-7.07	8.20	-6.42	9.38	1.65	-3.63	-1.06	-0.38	-1.38
-3.19	-41.86	43.13	11.29	-2.86	5.89	-3.74	10.40	1.62	-2.15	-2.49	3.63	-3.51
-6.94	-41.19	45.82	11.25	-0.96	5.35	-2.58	12.53	2.56	-1.64	-2.21	4.82	-2.59
-8.08	-42.51	45.66	12.98	-2.83	7.00	-2.66	14.41	2.84	-1.12	-1.30	4.32	-1.44
-11.44	-36.67	40.65	13.32	-7.02	5.16	-1.51	11.57	6.32	-4.81	2.08	-1.14	-2.08
-1.20	-36.93	42.02	10.78	-9.49	0.04	-4.41	10.35	2.78	-6.20	1.57	-1.00	-3.63
-9.95	-20.24	25.81	10.91	-9.58	-1.90	-3.86	8.03	3.51	-6.93	1.10	-0.91	-3.04
-7.38	-20.05	13.71	9.46	0.30	4.07	-2.88	8.19	5.75	-5.32	4.55	2.79	-2.92
18.55	-26.07	9.90	12.41	3.43	-2.12	0.42	12.53	5.68	-3.09	7.26	-4.06	-7.48
20.74	-24.57	7.74	14.12	3.27	-0.63	-1.07	11.06	2.75	-2.50	7.35	-4.85	-7.86
18.42	-25.84	7.12	11.69	3.96	0.71	-0.89	11.61	2.42	-1.74	7.45	-5.74	-6.69
16.67	-23.12	8.18	11.03	2.25	-1.09	-2.58	6.73	0.76	-1.23	6.81	-2.55	-5.97
12.42	-18.13	4.75	10.70	4.21	-1.82	-1.86	7.21	-0.13	-1.45	7.99	-2.13	-6.72
16.26	-21.97	4.51	8.28	5.79	-0.08	-0.91	7.71	-0.79	-0.23	8.25	-2.48	-6.45
-14.64	-8.50	-0.89	6.72	2.14	-3.68	-3.39	-0.07	-0.39	-1.37	0.69	-0.49	-2.52
-6.61	-4.29	1.46	7.02	-0.22	-0.18	1.17	3.73	0.61	-2.91	0.70	0.98	-0.35
1.98	-8.34	-0.12	8.38	4.60	3.17	-0.31	-4.09	3.71	0.55	3.15	2.91	-1.69
4.63	-1.85	5.13	8.49	5.28	-0.42	-8.00	-5.25	7.03	0.78	4.26	4.18	0.25
5.50	-16.96	6.22	0.95	-0.88	7.14	-3.23	-3.67	4.09	6.31	6.15	4.98	0.40
6.34	-17.02	6.18	-1.47	-7.33	0.60	-9.55	-7.93	3.23	4.18	-0.14	0.86	0.81
4.85	-15.13	0.13	-2.83	-11.64	-2.38	-6.40	-2.98	4.87	2.91	-2.27	-1.59	3.31
-0.90	-10.56	-10.03	-0.80	-2.94	-2.98	-7.51	-0.45	0.70	1.96	-1.28	3.42	5.61
-18.75	-12.04	0.52	5.76	-2.82	-0.32	-2.94	5.68	5.95	1.84	-0.19	1.49	-2.48
-14.77	-7.02	-2.30	7.47	3.09	1.85	-3.65	0.28	-0.00	-0.14	-0.41	-1.32	1.02
-23.44	-11.71	-2.79	11.59	5.24	2.13	0.50	2.88	1.15	0.70	1.24	-0.54	1.75
-25.39	-6.54	-0.25	5.93	1.38	1.61	0.49	7.33	2.71	1.49	0.59	-1.06	-2.74
-24.41	-5.30	-1.30	9.51	2.50	-2.45	0.28	-1.53	-1.48	0.49	-4.40	-3.19	2.41
-22.31	-5.29	-2.51	7.17	2.17	-4.22	0.16	2.10	-1.10	0.33	-2.61	0.44	2.22
-26.47	-9.31	-8.40	2.16	-0.68	-2.67	-1.50	5.46	-2.36	-1.40	-1.18	1.11	1.80
-25.74	-3.22	-2.82	4.34	-0.45	-4.74	-1.75	1.51	-2.22	4.76	-4.41	-3.64	1.27
-27.81	-6.99	-0.52	14.06	5.84	-4.32	-3.52	-3.19	-4.33	-6.80	-4.89	2.27	5.57
-29.10	-8.83	-3.90	2.83	-3.65	-7.44	-2.32	1.25	-3.55	-3.61	-0.29	-1.93	0.80
-27.35	-4.32	-1.16	1.64	2.43	-4.24	-3.90	2.11	0.23	-1.80	-1.53	-3.33	-0.97
-22.72	-8.05	-5.76	3.19	3.04	0.88	0.23	3.91	3.07	-2.63	-0.11	-2.52	-0.13
-27.91	-8.06	-1.85	2.35	3.03	-7.53	-1.82	2.16	3.92	-0.18	-3.95	-2.77	2.14
-24.21	-5.60	-0.65	7.37	3.42	-2.49	-0.04	6.28	0.64	-1.18	0.72	3.75	0.84
-29.69	-7.81	-3.33	4.65	1.93	-1.15	0.63	5.73	-0.14	-2.63	-3.70	0.14	-0.79
-24.92	-2.24	-0.33	2.65	-1.75	2.01	1.47	3.36	2.90	-0.09	-3.12	-4.06	1.57
-23.73	-4.46	-3.74	3.76	2.41	-0.10	0.08	3.34	-4.54	-2.58	-3.59	1.04	-2.63
-22.95	-7.74	0.32	4.81	0.07	-2.32	-0.60	0.87	-3.56	-1.65	-1.01	-1.86	0.13
-20.57	-7.79	-6.48	4.36	1.54	2.60	-0.56	2.26	-2.46	0.47	-1.85	-0.71	-2.35
-14.60	-4.15	-7.95	0.96	0.56	-1.58	-0.16	-0.36	-3.16	-1.28	-0.95	-2.06	-0.12
-13.86	-1.14	-8.50	-3.10	-2.89	-2.53	-2.12	2.16	1.74	3.46	1.04	-4.00	-2.99
-15.58	0.76	-9.26	-11.00	-7.52	1.18	-1.42	5.55	3.38	5.50	-0.04	-1.99	0.87
-14.58	-5.76	-8.81	-0.50	-0.53	-1.81	0.18	2.43	3.02	3.93	4.57	1.94	1.13
-10.12	-1.99	-6.88	-4.88	-3.69	0.63	2.65	5.77	0.36	-0.36	-4.56	-2.50	0.49
-2.88	-6.55	-13.09	-3.36	-5.44	1.26	2.16	1.71	1.90	3.04	3.44	-3.58	-0.17
-4.87	-3.34	-6.05	-1.58	-4.81	1.90	0.33	1.69	0.39	0.31	0.28	2.53	-1.81
-9.80	-5.96	-4.17	-2.24	-4.55	2.22	-1.66	2.61	-0.73	-0.13	-4.11	-2.55	1.65
-5.98	-1.10	-5.61	-3.40	-0.20	6.12	2.64	0.92	-5.76	-1.17	-2.59	-0.34	3.95
-9.90	-4.63	-8.92	-2.20	0.27	10.07	3.94	3.82	-3.05	-5.78	-5.61	-1.86	-1.68
-8.16	-6.48	-9.07	-4.40	-2.36	4.82	4.93	6.46	-0.29	-3.63	-4.26	-0.55	-3.95
-4.45	-7.04	-9.66	-2.24	0.94	6.19	6.31	1.20	-3.68	-5.20	-2.84	-3.96	-0.57
-8.52	-5.00	-14.24	-5.40	-1.57	3.71	-2.68	-1.00	-2.89	-4.14	0.71	-0.48	-0.04
-5.79	-3.90	-5.47	-0.17	4.48	6.67	-0.51	-3.17	-2.48	2.27	0.19	0.49	-0.03
=== END OF SAMPLE ===
Next sample in: 3... 2... 1... GO!
-1.25	-3.05	3.22	1.24	-5.22	-3.28	1.11	-0.09	-2.32	-2.38	0.82	-3.60	-1.77
-2.65	-4.94	2.28	1.15	0.21	5.98	1.47	3.52	-0.60	-0.25	3.52	-1.05	0.24
-3.20	-1.52	0.86	-0.40	-5.18	4.02	3.05	0.73	-6.34	-0.04	6.99	0.59	2.16
2.57	-4.75	3.91	1.83	-8.45	-5.62	6.02	6.24	-3.37	-3.69	5.43	2.04	5.50
-0.06	-10.39	5.05	4.48	-6.12	-1.28	2.66	3.23	-5.17	-4.59	1.98	3.90	0.33
1.78	-1.41	10.02	6.38	2.43	-0.75	-0.21	2.83	-3.81	-4.11	-0.91	-2.69	-1.08
8.24	-5.44	5.98	7.45	-2.22	-2.52	-2.75	-4.04	-7.88	0.74	-0.39	-0.29	4.05
3.79	-3.16	6.29	6.75	-3.76	-4.51	-3.70	-0.34	-2.57	-1.69	-1.29	-4.21	1.80
7.42	-4.40	-0.08	6.39	2.95	2.45	-1.92	-8.27	-6.05	3.26	3.71	-1.36	-2.20
-0.77	-1.43	0.39	5.46	6.97	1.80	-6.24	-7.81	-2.28	-0.75	3.37	1.93	-3.76
9.25	-3.92	-3.48	-3.26	3.48	1.98	-6.55	-7.78	-6.91	2.63	3.38	-2.18	1.28
9.32	-1.15	-1.83	-2.10	3.16	-0.24	-7.48	-8.45	-6.40	2.20	2.05	-1.00	0.62
4.36	-0.68	-3.98	-1.82	2.05	-3.97	-6.21	-7.62	-8.82	1.05	4.90	-0.57	-1.34
6.87	3.60	-3.39	-5.44	2.30	0.89	-7.71	-8.05	-4.39	5.61	0.40	-3.27	-1.58
1.44	-1.04	0.43	-0.30	6.12	-2.55	0.16	-7.25	-8.86	0.71	3.93	-3.78	3.13
2.22	-1.81	-2.82	1.03	2.26	-4.54	-2.94	-6.07	-5.18	1.63	6.37	-2.36	-1.05
2.77	0.64	5.21	7.37	2.80	-0.19	1.93	0.83	-3.30	-0.96	5.45	4.50	1.23
1.89	0.45	1.02	10.09	2.51	-3.66	3.68	3.56	-0.91	-1.83	2.75	2.62	-5.77
3.16	-4.88	9.16	16.17	3.68	-2.03	10.27	7.28	-2.30	-3.25	2.49	8.00	0.77
2.89	-6.87	7.74	14.92	1.13	-1.88	8.22	7.95	-0.81	-2.81	4.25	2.30	-6.91
7.90	-5.37	11.35	14.64	-1.80	-1.63	3.96	4.72	-2.83	0.79	5.71	3.66	-5.44
8.21	-10.25	7.53	7.05	0.33	6.35	6.80	8.98	6.29	-5.55	6.48	8.73	-5.64
6.33	-10.47	15.72	9.01	-3.25	7.97	1.35	5.87	7.78	-9.04	4.25	8.08	-5.75
8.87	-4.73	12.57	4.59	-2.86	10.77	0.66	5.76	7.93	-10.81	1.69	2.20	-6.42
6.22	-3.95	12.05	-3.82	-5.23	7.97	2.90	6.78	-0.16	-4.32	1.53	0.64	-7.01
4.02	-9.51	-1.16	-16.63	-6.99	3.06	5.01	12.19	-6.01	3.06	-0.14	-1.64	-3.88
7.83	0.25	0.93	-5.93	-3.18	4.95	1.51	3.53	-0.19	-5.49	-2.45	-3.48	-2.73
15.03	-0.75	4.99	-4.68	-0.46	3.67	0.32	4.02	-3.02	-0.52	-1.17	-3.69	1.83
35.14	-13.49	17.07	-3.97	-5.96	12.59	6.84	7.78	1.21	-9.22	-3.25	-1.75	-2.59
28.95	-23.40	19.82	-3.36	-11.91	16.72	6.81	3.85	1.39	-10.63	-2.76	2.62	-4.95
25.79	-22.14	11.42	-2.34	-11.62	19.73	13.58	-2.62	-0.60	-3.26	-4.44	1.65	-5.78
13.32	-8.70	-1.47	-10.04	-6.70	18.54	12.63	-4.08	-2.78	-0.56	-0.16	0.58	2.67
2.90	-5.87	-6.39	-12.99	-3.19	17.90	10.63	-5.18	-2.45	-0.53	-0.35	1.14	-1.47
-2.62	-9.34	-5.94	-10.78	0.70	16.35	13.49	-5.57	-1.08	0.50	-3.24	1.57	-0.28
-2.81	-27.84	18.03	1.00	-0.47	7.63	2.02	-0.23	-0.53	-6.75	-2.03	0.46	-0.00
-8.12	-22.20	18.14	0.48	0.15	8.47	4.54	1.58	2.38	-3.07	-0.28	1.58	-4.08
9.25	-35.90	26.71	2.94	-7.87	13.63	5.93	6.01	2.49	-9.06	-1.47	3.99	-1.28
5.98	-34.42	31.79	5.60	-13.80	10.55	4.98	8.12	2.23	-10.96	-1.52	4.13	1.11
7.25	-36.03	30.39	4.16	-11.25	12.43	5.81	8.12	0.15	-9.62	0.05	3.93	1.14
9.77	-40.04	36.27	1.31	-11.91	9.18	6.64	7.87	1.06	-10.18	-0.47	3.72	1.97
8.06	-40.05	34.96	3.72	-11.45	12.02	5.00	7.80	1.55	-9.30	-0.69	3.60	1.67
6.38	-39.61	35.72	5.07	-10.56	12.90	5.69	8.06	1.87	-9.50	-0.34	3.66	1.88
9.61	-45.38	41.73	2.73	-7.96	11.53	7.22	9.29	0.02	-8.19	-0.26	5.54	2.02
3.42	-41.80	38.79	5.77	-9.81	13.05	7.01	9.86	0.83	-7.39	0.58	3.99	3.40
-33.81	-11.39	6.88	0.26	-3.76	3.63	4.18	-0.11	0.37	2.93	3.42	4.55	4.26
-33.04	-12.16	21.49	9.04	-6.53	1.96	4.44	1.33	-0.84	-2.65	-1.52	0.86	1.05
-9.09	-31.71	32.49	6.96	-13.16	12.38	9.16	5.58	-0.48	-7.36	2.46	5.45	3.23
1.66	-40.28	37.77	4.12	-12.67	13.98	7.34	6.93	-0.54	-8.42	2.58	5.43	3.37
2.90	-42.22	40.46	2.19	-10.52	12.88	7.81	6.64	-1.46	-7.61	1.71	7.09	3.58
-0.41	-40.25	37.84	5.91	-13.16	14.83	8.34	6.96	-0.18	-9.38	3.61	6.89	3.28
-0.36	-44.25	40.79	5.25	-11.36	16.82	8.06	7.98	-1.19	-8.59	3.64	7.04	4.20
-8.01	-40.46	34.55	10.55	-13.65	20.18	6.97	6.35	1.46	-8.79	4.94	5.67	2.36
-4.69	-37.78	39.35	7.79	-15.00	16.71	5.12	6.09	1.65	-8.12	3.48	5.74	0.91
1.27	-38.73	33.52	5.22	-12.45	14.71	6.33	0.83	4.48	-6.46	-0.03	6.23	-3.03
-13.62	-1.40	6.29	3.21	-2.18	1.14	3.60	2.97	-2.16	-2.97	0.80	-0.94	-3.26
6.78	-18.71	9.84	9.97	-4.45	0.81	1.34	5.32	3.40	-1.63	2.38	0.49	-3.61
10.96	-27.95	15.13	8.17	-7.00	-0.17	-2.98	10.61	0.68	-2.77	6.05	0.10	-3.90
14.04	-31.45	15.35	9.53	-5.62	1.25	-4.39	12.58	-1.37	-1.49	6.71	0.16	-2.82
14.20	-31.49	15.44	9.38	-2.28	1.83	-0.74	12.19	-0.48	-4.13	5.50	-4.02	-4.75
13.63	-30.28	15.50	10.85	-0.46	-1.02	-4.47	8.71	0.31	-1.27	6.83	-4.49	-3.89
9.92	-30.43	10.76	11.51	-2.44	0.31	-2.47	10.05	0.45	-0.19	4.66	-5.97	-3.62
9.19	-30.59	11.53	11.90	-0.57	2.44	-0.18	9.84	0.62	-0.12	6.27	-8.58	-4.46
4.36	-27.50	8.12	8.80	-1.16	4.62	1.20	5.54	0.74	3.32	5.88	-6.36	-2.54
-4.53	-21.11	7.43	12.13	-0.18	-1.21	-0.70	2.59	1.15	-0.07	2.86	-2.74	-3.09
12.34	-32.85	10.51	8.92	1.66	5.88	-1.26	8.92	-0.11	1.29	8.69	-6.40	-2.06
12.75	-35.14	13.03	3.93	-2.13	9.02	-5.08	6.71	-1.12	-0.88	5.37	-2.77	-1.89
13.40	-30.67	18.13	-5.71	-6.39	16.06	-11.60	0.10	-0.30	-9.22	0.29	-0.35	2.52
26.94	-28.12	14.33	-8.31	-9.24	12.28	-7.91	-0.86	-2.84	-4.62	-2.32	-1.42	4.05
24.09	-21.78	6.84	-6.05	-8.87	9.24	-5.29	-4.02	-0.72	-0.71	-3.95	-0.47	3.00
22.96	-22.56	10.88	-8.95	-7.66	7.70	-4.76	-8.09	-2.57	-1.10	-2.65	-1.36	9.03
1.71	-0.58	4.45	-0.18	-3.57	5.58	-2.30	-9.47	-2.50	0.45	-0.61	4.77	4.02
23.71	-6.59	4.49	-9.23	-8.17	12.86	-0.53	-9.15	4.42	-0.11	-1.21	-2.67	1.97
2.89	-10.41	-0.34	-11.72	-13.33	6.06	-1.68	-5.41	5.25	3.48	-2.26	2.26	9.51
9.01	-5.12	-1.78	-7.44	-4.85	7.20	-0.30	-6.49	0.14	-2.25	-5.06	0.91	6.27
1.13	-10.81	2.27	-6.23	-3.29	0.36	-3.96	4.68	3.28	0.27	-3.57	-2.64	3.81
-7.01	-0.55	2.07	2.39	-3.38	-3.53	0.93	3.28	4.02	-1.92	-3.28	-4.21	-1.11
-15.72	4.59	0.99	3.10	2.78	-6.48	-9.97	4.00	0.57	-2.50	6.49	0.50	-0.17
-12.56	5.21	1.64	6.68	1.33	-2.07	-1.02	3.23	1.55	-2.53	2.28	-3.47	-1.59
-6.37	2.15	3.42	7.24	-1.63	-4.49	-3.02	7.46	0.87	-1.96	2.69	-1.87	-0.79
-17.27	3.68	1.25	2.50	-0.93	-1.34	-2.15	3.52	1.21	4.08	6.14	3.56	6.97
-10.02	7.83	7.53	8.17	-3.35	-4.09	-6.67	2.08	0.04	0.41	3.00	0.11	4.26
-16.45	2.86	6.01	9.03	-2.21	-3.31	-5.00	5.02	1.29	0.14	7.00	-1.04	4.49
-20.64	-3.17	9.49	13.23	-1.48	-6.93	-8.21	4.04	0.58	1.56	6.56	0.79	6.22
-22.22	1.54	7.68	13.49	-0.31	-4.58	-4.76	5.21	-1.02	-2.36	5.43	2.47	7.06
-17.43	1.82	5.40	8.16	0.73	-5.45	-4.76	3.73	2.13	-0.99	4.03	0.87	6.44
-15.71	4.63	6.34	9.25	0.86	-0.42	-8.07	5.02	0.47	-1.52	3.44	-1.52	3.37
-20.45	-3.39	2.76	10.86	1.17	-2.16	-4.34	0.26	-5.30	-1.87	1.80	0.70	3.02
-19.18	-3.94	0.92	6.07	-2.78	-3.63	-4.20	0.17	-1.97	-1.57	-0.11	-4.42	2.11
-20.95	-3.33	4.99	7.61	-3.67	2.83	-1.63	4.91	3.81	-1.66	1.81	-4.54	1.25
-17.06	-0.02	6.45	8.27	0.44	1.04	-3.17	4.57	2.74	-2.67	3.75	-4.24	0.10
-17.36	0.90	-0.56	9.76	2.83	0.01	-4.30	5.53	4.98	1.52	4.84	2.79	5.86
-15.89	4.53	3.82	5.41	-0.66	-0.89	-1.26	3.94	0.89	-1.29	6.63	1.36	4.73
-15.86	1.74	2.59	7.55	-1.76	1.29	-0.20	4.80	1.96	-0.16	6.00	5.00	3.31
-18.13	0.02	-0.21	9.08	-1.70	-4.77	-5.89	2.81	1.56	-1.00	4.35	3.00	4.88
-21.30	-0.56	0.81	4.49	2.01	-4.91	-5.40	3.62	-0.27	-0.75	3.29	4.68	3.50
-15.03	1.87	1.91	3.76	-1.52	-6.75	-7.38	2.42	-2.22	-2.86	5.58	1.91	2.38
-16.68	2.32	5.16	7.24	-0.54	-6.91	-4.39	-0.90	-2.21	0.93	3.61	3.12	1.89
-11.95	-1.87	-3.11	2.43	1.96	-2.13	-2.22	5.22	1.42	-0.93	-2.19	-0.71	0.27
-1.46	4.54	-5.56	0.52	-4.20	-0.38	-1.48	-0.61	-2.38	-1.37	0.94	1.41	-0.42
-3.65	-1.53	-5.09	-2.30	-6.66	-2.81	-8.10	-3.27	-3.48	1.65	6.65	2.25	-2.76
-2.90	-9.38	-5.99	-1.65	-5.49	-4.79	-8.23	0.34	-3.88	4.02	7.04	4.12	-0.93
-2.02	-12.04	-1.96	-2.66	-8.97	-10.51	-11.82	-5.71	-4.09	4.08	8.16	2.05	-6.34
-0.37	-11.65	1.64	-0.30	-9.46	-12.39	-11.18	-3.74	-1.90	3.46	8.74	4.48	-3.83
-1.09	-10.13	5.42	2.27	-8.85	-9.11	-9.09	-2.33	-4.36	0.32	6.43	3.75	-2.27
-0.04	-6.82	-4.10	3.58	-2.10	-7.55	-2.39	1.27	-2.97	1.41	4.54	0.62	-1.99
-1.92	-8.01	-4.91	-1.45	-5.20	-10.33	-9.45	1.12	-0.26	0.74	-1.23	-2.86	-1.53
-0.76	-11.15	-2.34	6.91	-7.17	-12.40	-9.63	0.80	-0.15	1.10	0.41	-9.27	-2.03
0.52	-11.22	1.13	9.35	-6.34	-12.14	-11.13	-6.73	-6.00	0.38	2.19	-8.22	-6.03
-1.63	-4.78	0.54	-0.56	-3.95	-10.13	-16.99	-6.04	-0.46	1.06	-0.19	-5.77	-3.03
0.23	-7.33	1.85	6.49	-4.37	-7.71	-11.46	-2.79	-1.44	-0.42	-0.11	-6.29	-3.86
-13.90	-5.71	0.48	4.51	2.70	-0.55	-0.53	-0.27	-0.77	1.28	-1.94	-3.20	1.15
-12.82	-10.89	-2.09	3.23	-4.37	-4.94	-2.26	1.05	2.92	3.05	2.04	-4.82	-0.48
-17.09	-8.21	3.82	3.56	-5.97	-4.43	-7.09	2.63	0.31	3.07	4.19	-1.79	0.35
-25.20	-6.60	0.92	6.40	0.93	-1.01	-3.53	2.13	0.75	-2.03	0.79	-3.45	-2.65
-16.32	-9.74	0.22	3.66	2.61	-2.12	-6.73	-3.82	-0.49	0.75	-2.84	-3.38	-2.00
-11.35	-1.52	9.06	0.80	-5.16	-7.27	-6.82	-3.96	-0.94	0.57	-0.21	-2.62	2.00
-15.27	-1.19	6.64	4.68	-1.34	-4.77	-7.99	-2.33	-1.25	-3.16	2.77	-2.41	0.10
-6.63	-6.06	-2.74	1.41	-5.19	-3.07	-5.48	0.69	1.59	-4.96	-1.14	-5.59	-0.39
-7.17	-4.34	-4.05	-0.53	2.27	-3.67	0.91	-0.73	0.15	1.06	-4.72	-2.24	-0.71
-10.58	-6.89	-4.32	0.41	-2.68	-0.63	-0.34	1.12	-0.28	1.72	2.87	-2.38	0.29
-5.21	-7.38	1.00	5.03	0.72	2.43	0.76	-0.08	0.18	-1.35	-1.11	0.25	-1.23
-11.02	-1.98	3.41	3.78	-1.03	-5.43	-4.11	-0.29	-1.36	-2.14	1.59	0.85	2.17
-13.05	-0.02	3.89	4.73	0.57	-0.07	1.98	3.52	0.52	0.53	0.75	-2.70	-1.54
-9.18	-3.27	0.55	-0.66	0.01	-4.85	-4.48	-1.63	-1.96	2.94	3.24	0.10	3.32
-6.55	-1.23	5.02	6.38	-1.56	-3.64	-4.20	-3.62	1.53	0.95	-0.93	-1.84	-1.71
=== END OF SAMPLE ===
Next sample in: 3... 2... 1... GO!
-6.11	4.82	-3.35	-4.35	2.01	3.05	-0.67	-0.96	-2.32	-0.87	-0.27	-0.55	-1.82
-9.68	8.18	1.15	4.05	2.19	3.25	3.69	-1.39	3.53	2.21	3.79	0.60	-1.92
-7.72	7.29	-1.78	9.41	4.20	3.56	1.81	-0.45	-1.82	1.75	2.40	-0.47	-1.04
-4.23	5.67	-0.52	2.51	2.44	1.37	0.67	2.45	3.08	1.79	0.13	-3.62	-5.12
-11.36	-0.67	-3.24	4.91	4.04	2.15	-1.77	-0.15	0.72	1.22	4.93	4.83	3.36
-12.79	-3.81	-3.56	6.50	5.01	2.57	4.67	1.42	4.73	2.05	2.24	-0.50	-2.28
-7.83	-2.21	-5.04	2.99	5.92	4.08	2.14	1.27	4.02	5.59	1.98	0.45	-0.09
-8.35	-1.68	-4.44	3.84	7.71	5.52	4.35	6.47	5.78	3.83	2.23	-3.02	-4.72
-2.92	2.45	0.61	2.66	5.81	3.67	1.04	-4.41	-1.95	1.88	2.08	1.76	-2.77
-6.82	1.13	-1.80	-0.05	3.82	1.98	-3.86	-2.05	4.00	-0.01	1.66	2.41	0.17
-12.09	-4.49	-3.74	-1.93	4.52	0.37	-0.95	3.50	-0.96	-0.24	1.02	1.36	0.41
-15.91	-0.31	3.02	4.29	8.92	2.55	1.40	2.64	0.50	0.92	-0.52	-4.15	-5.31
-9.19	5.92	3.49	2.87	10.29	7.03	-0.58	0.85	-0.82	-0.07	3.87	-0.44	-0.61
-8.81	4.79	-0.22	0.70	5.45	3.27	4.97	-0.80	-1.19	0.40	-3.07	-5.90	-1.47
-15.75	1.54	0.73	1.94	7.10	-0.15	2.47	3.12	-0.17	-0.90	-3.77	-3.86	-3.20
-11.86	4.91	-1.97	-2.51	9.61	-0.25	-0.69	-0.81	2.96	-1.31	-1.93	-3.64	-2.11
-11.57	3.31	6.24	2.72	8.21	5.20	1.59	-3.86	-1.31	-0.32	2.17	1.08	-0.69
-6.92	7.46	-1.22	4.27	10.23	5.01	4.86	1.49	0.80	-1.21	-3.84	-1.62	-4.19
-9.52	0.56	2.26	4.20	0.60	-0.45	-1.21	-1.43	-1.74	0.55	-0.51	-1.99	-2.82
-4.48	8.26	6.37	-2.31	4.52	1.06	6.23	-0.06	-2.62	1.99	-2.61	-3.23	-5.57
-11.05	10.48	2.71	3.04	12.59	5.32	4.39	-2.65	-0.02	-1.21	-1.89	1.21	-3.54
-10.61	-6.64	5.51	-13.63	0.17	-1.50	-0.23	4.65	2.57	-1.96	2.38	-0.46	-3.65
-16.46	-12.08	0.58	-23.02	-7.59	-7.77	-3.05	6.24	4.03	-2.62	2.08	0.10	-2.16
-17.32	-0.06	2.93	-15.54	-4.23	-3.32	1.96	8.47	1.43	-2.82	2.31	-0.67	-5.44
-14.88	-11.98	14.49	3.26	-2.95	-2.49	3.92	12.78	8.26	-2.29	-0.20	4.68	-3.98
-10.94	-29.25	24.56	0.40	-4.54	2.23	2.40	8.15	6.38	-5.89	2.86	2.47	0.05
1.51	-31.31	18.84	5.91	-7.84	5.65	1.97	2.35	8.89	-7.01	0.25	-1.72	-2.48
-3.36	-26.48	5.75	8.15	-4.08	3.80	3.38	-1.98	5.03	-3.89	-0.31	-1.02	-3.78
13.68	-47.01	6.75	7.68	-4.85	6.50	1.81	-3.39	9.17	-0.34	4.27	0.33	-3.59
8.62	-44.93	6.13	6.74	-4.52	5.86	0.42	-1.59	6.65	3.36	6.07	3.49	-2.03
3.33	-45.88	14.63	7.68	-0.32	7.29	4.94	0.19	8.32	1.50	2.52	2.52	-1.07
2.55	-43.14	17.53	9.51	-2.48	4.23	5.21	-3.19	9.26	-0.85	2.35	2.23	-0.75
2.83	-43.37	19.23	9.84	-5.86	6.30	2.09	1.61	7.27	-3.52	3.13	-0.07	0.52
3.82	-45.70	21.78	7.86	-4.81	6.36	2.98	-1.14	9.75	-5.81	3.55	1.06	-1.35
-1.70	-42.08	21.53	5.05	-5.91	6.95	-0.37	1.11	9.54	-4.53	7.45	4.70	3.29
-10.40	-31.19	16.83	9.83	-4.04	6.39	2.82	4.27	6.64	-3.54	0.94	1.30	-0.94
-3.80	-45.97	25.38	10.34	-5.34	8.71	0.27	3.30	10.50	-5.35	7.59	2.27	0.90
-6.88	-43.15	24.42	9.83	-5.87	8.22	0.08	4.81	8.81	-4.44	5.37	4.98	-0.86
-8.62	-42.12	24.04	9.52	-6.95	7.54	-0.81	4.08	10.20	-4.61	5.47	5.60	-0.40
-12.89	-39.16	22.52	9.53	-6.10	6.30	-0.50	6.73	8.31	-3.42	4.35	6.24	-0.09
-9.83	-42.19	24.75	7.76	-5.13	4.81	0.47	5.05	8.91	-4.22	5.71	5.34	0.28
-6.40	-42.23	28.15	7.89	-5.90	6.98	0.00	6.86	7.34	-6.18	5.44	5.48	0.55
-18.79	-32.65	24.34	7.60	-1.31	5.45	4.11	8.06	4.12	-5.55	-4.35	-0.78	0.72
-28.42	-27.75	27.09	9.63	-3.94	3.46	4.77	9.39	4.98	-2.88	2.38	5.08	-0.15
-11.09	-48.24	28.76	7.61	-7.69	8.37	1.34	3.97	10.30	-3.89	8.84	6.75	1.60
-11.14	-47.46	25.96	9.42	-8.63	7.61	2.29	4.47	10.00	-0.71	8.00	5.91	3.01
-7.91	-43.51	26.88	12.90	-4.86	4.20	2.43	2.85	6.42	-1.51	4.47	4.06	1.50
-10.14	-44.76	22.82	16.64	-4.48	5.68	1.28	0.72	3.76	-0.90	5.98	4.47	-1.76
1.36	-27.55	17.04	13.43	-2.16	3.31	-2.30	8.44	10.05	-1.72	4.18	3.00	-1.92
-1.50	-23.29	11.82	8.20	0.36	1.92	-6.28	7.54	9.55	-3.08	3.78	0.33	-4.94
-12.64	-17.99	3.59	5.81	4.45	1.69	-4.72	5.57	4.02	-0.92	6.23	1.24	-4.81
-3.48	0.09	-3.30	2.04	4.60	2.91	-0.73	2.16	1.01	-0.89	1.27	1.71	-1.12
3.65	-28.49	7.97	1.31	5.01	5.83	-9.40	3.03	5.30	-1.03	9.72	3.24	-5.55
4.79	-20.89	4.08	0.10	1.60	9.19	-3.24	3.21	5.71	2.43	11.65	4.26	-4.67
5.85	-15.92	4.74	6.72	3.94	7.62	-6.31	-1.30	3.49	0.47	7.53	1.87	-1.28
1.83	-19.51	1.56	9.36	3.55	5.44	-2.43	-1.74	0.30	0.35	7.33	1.96	-2.38
4.66	-17.22	1.59	3.05	3.32	4.87	-5.80	1.09	-0.56	0.71	6.20	2.65	-3.54
1.70	-13.96	3.94	11.19	1.98	0.72	-2.21	4.11	2.65	0.07	3.79	3.83	-0.83
-5.47	-15.36	2.17	10.54	0.21	4.59	-0.74	0.48	0.55	-1.73	0.71	2.03	-1.41
-5.03	-11.87	0.16	3.94	-2.81	-4.12	-4.39	-5.73	-4.96	-3.72	-3.01	-3.58	-2.31
-13.24	-17.19	-1.90	-10.86	4.32	6.70	-1.51	-9.62	4.10	5.68	6.49	2.98	0.58
-15.98	-13.17	-2.22	-9.78	2.53	10.54	4.23	-11.03	1.45	0.73	-2.13	-3.33	-1.21
-8.35	-13.14	-3.84	-4.61	5.07	4.30	-2.62	-4.72	6.28	1.50	-3.43	1.03	0.22
-7.44	-15.23	4.60	-4.98	1.39	1.96	-1.59	1.23	5.67	3.16	-1.74	-0.54	-2.70
-9.88	-10.92	-0.46	-4.03	6.58	1.58	-9.90	-3.09	0.46	-2.02	-2.74	-2.27	-2.64
-14.46	-2.48	2.59	-1.14	7.38	0.92	-0.61	1.52	2.63	-0.22	1.94	-1.53	-6.67
-10.17	1.97	8.83	2.05	2.06	1.04	-5.24	1.07	1.67	3.93	0.29	1.31	-1.05
-14.16	-4.40	6.66	1.91	4.97	-6.82	-6.59	0.71	3.08	4.37	-1.36	-0.31	0.78
-16.91	-2.61	1.09	1.65	3.69	1.29	-1.01	0.99	0.42	-1.65	-1.58	0.47	0.48
-10.43	3.09	0.92	-0.35	-4.86	-4.23	1.41	-1.76	0.08	2.05	0.16	1.70	-1.63
-15.45	-4.63	-0.03	-1.03	4.27	-6.63	-5.82	-1.07	1.85	-0.12	-1.09	1.32	-2.47
-17.85	-9.01	7.21	-4.54	0.76	-5.36	-8.75	3.37	1.69	-1.53	0.08	3.38	-2.64
-15.34	-3.75	5.93	-6.57	-2.16	-5.00	-9.42	4.66	4.26	0.75	-1.40	2.02	-1.86
-10.33	-2.41	2.34	-9.90	-2.58	-6.79	-8.37	2.98	0.15	1.73	-0.46	5.74	0.49
-12.84	-7.51	5.03	-2.19	4.77	-3.37	-4.23	-3.74	-0.15	5.55	-0.66	-1.23	-6.10
-10.38	-1.00	3.12	-4.48	4.28	0.21	-4.81	1.18	1.60	3.40	-1.80	3.47	1.73
-15.75	-2.99	5.50	-3.23	0.62	-0.25	5.34	2.86	-0.36	4.43	1.97	5.78	3.87
-15.36	-0.58	4.79	-2.17	8.19	0.50	-5.35	1.09	-1.02	1.98	2.96	6.93	1.31
-5.33	-0.86	4.05	1.47	6.79	-2.32	-8.77	2.10	-0.50	2.12	-1.52	5.05	0.68
-7.10	-4.66	5.15	-2.78	-0.19	-1.77	-5.23	-0.97	0.98	-0.88	-3.56	1.53	-1.03
0.38	-1.71	10.36	-2.02	3.69	-2.24	-6.06	-2.30	-1.07	3.90	0.04	2.10	-3.40
1.30	1.62	8.36	-3.80	0.89	-3.53	-8.00	0.07	-1.77	-0.33	-0.14	0.94	-0.04
0.95	-3.65	2.03	-11.21	-6.93	-7.96	-7.53	1.46	-0.74	-1.15	-1.11	-1.02	-0.87
3.52	-0.48	5.13	-9.53	-6.93	-5.85	-6.48	3.25	-1.62	-2.81	-2.42	-1.07	0.81
2.47	-2.96	6.96	-5.40	-5.05	1.64	0.97	6.38	-1.91	-4.20	-0.42	-4.86	-4.29
6.68	-0.15	8.32	-7.68	-8.87	-2.04	-1.73	4.00	-2.17	-5.07	-0.42	-8.12	-3.78
7.79	2.13	13.23	-10.77	-11.93	1.30	-2.89	9.20	-3.68	-4.37	-3.22	-3.40	-3.30
2.46	0.95	13.11	-7.93	-8.31	1.62	0.27	10.49	-3.47	-3.66	-1.62	-6.86	-5.66
4.54	-4.44	15.99	-3.87	-7.02	6.66	-0.13	3.47	-2.91	-3.00	3.96	1.25	-0.08
6.65	-3.87	14.57	0.34	-7.48	7.62	3.54	3.83	-11.61	-4.59	2.64	-0.77	-4.19
-1.43	-10.98	8.32	-10.61	-10.17	5.08	-2.79	-0.76	-6.60	-5.92	-2.65	-3.04	-6.86
-1.05	-5.22	7.39	-4.92	-5.07	9.66	-1.18	-2.82	-4.00	-1.19	5.01	3.09	-3.50
-5.53	0.60	4.34	2.14	-3.44	7.57	3.12	-1.84	-4.85	-8.79	-0.06	-1.29	-7.22
-4.39	-4.22	5.74	3.51	-0.47	6.26	-1.81	-1.83	0.24	-6.65	0.98	2.59	-7.84
-1.11	-1.38	6.46	6.15	-2.19	5.76	2.85	-1.66	-1.43	-3.34	-0.71	1.60	-1.22
5.36	-4.92	5.34	9.74	-2.43	1.91	-0.06	-1.18	-5.10	-3.14	1.05	-1.40	-1.34
2.47	-5.60	3.97	8.66	-3.71	2.78	-0.80	0.24	-1.62	-3.99	-0.61	-1.04	0.27
-5.12	-13.91	-2.49	2.28	-4.66	2.25	0.84	-5.23	-4.47	-3.08	4.06	2.77	-0.10
-2.75	-13.11	-1.19	0.28	-0.45	9.56	1.47	-0.85	-4.38	-6.07	3.66	5.40	2.10
-2.53	-11.72	2.78	-0.93	1.80	3.54	3.47	3.42	-1.84	-2.58	4.97	4.62	1.46
-4.50	-6.85	6.61	2.11	3.52	3.57	-5.77	-3.14	-3.71	-5.61	0.76	4.82	-0.79
-6.48	-8.00	4.87	-1.59	0.60	3.96	-2.34	-3.49	-5.45	-4.34	0.64	0.70	3.65
-6.65	-8.19	3.72	-7.22	0.58	0.47	-7.44	-0.38	-7.68	-5.14	5.85	-0.93	2.26
-10.38	-6.99	2.52	-10.98	-1.06	-4.94	-8.33	-3.05	-9.41	-3.42	6.10	2.48	-2.16
-6.06	-7.92	2.70	-11.24	-3.20	-3.39	-4.26	-1.35	-11.05	-5.18	7.88	3.79	1.27
-2.62	-4.48	1.11	-3.60	0.11	-1.68	-4.83	-5.21	-9.32	-8.04	7.62	4.12	-0.97
-4.86	-8.12	-0.34	-7.22	2.63	5.28	0.85	3.00	-2.58	-4.29	5.97	2.89	1.14
-1.55	-6.40	0.82	-8.15	4.19	6.03	0.16	2.05	-5.81	-3.72	4.61	3.40	0.63
0.36	-2.93	0.60	-4.96	3.54	6.01	-2.44	-5.51	-1.31	-3.58	2.09	-1.38	-0.42
-3.31	-1.05	1.44	-2.65	2.08	3.41	0.67	-0.02	-6.46	-1.31	7.97	1.15	-3.21
-2.56	-7.02	1.25	-3.72	1.21	5.30	-4.78	1.90	-0.95	-0.72	7.00	2.97	0.23
-1.80	-3.94	1.99	2.38	0.71	0.33	-0.56	3.14	-0.85	-2.67	1.22	-0.14	-2.65
0.98	1.71	2.70	-2.86	-0.86	-0.06	1.51	-1.33	-4.22	-7.07	2.23	0.54	-2.34
-0.64	-0.14	1.02	-7.67	-0.75	-4.21	-4.73	1.91	-8.32	-7.69	0.44	-5.22	-4.26
-0.88	-1.23	4.05	-8.71	-0.17	-0.86	-1.23	0.97	-5.75	-2.19	4.59	-1.80	-2.45
-0.08	-6.06	5.30	-3.87	-3.63	1.33	0.15	2.12	-5.09	-2.72	9.58	2.95	1.16
-0.29	-12.17	0.51	-9.36	2.72	4.78	-0.75	4.61	-3.69	0.01	9.81	2.72	-2.07
2.24	-2.42	2.09	-3.41	1.95	5.97	-3.17	3.66	-0.49	1.46	5.94	2.43	1.41
5.24	-11.16	2.07	-6.18	7.73	7.02	-3.27	3.19	-3.54	-1.88	5.25	0.39	-6.82
-0.49	-10.61	8.57	-2.88	2.86	4.74	-8.83	0.53	-2.94	-3.29	4.64	3.07	0.19
-4.49	-11.74	4.74	-2.36	4.03	4.11	-9.49	3.65	-0.78	-2.99	7.28	6.17	1.87
-5.01	-11.06	-0.88	-1.94	6.02	5.07	-4.87	0.43	-2.67	1.30	9.15	1.56	1.65
1.18	-5.23	2.11	0.46	4.07	2.44	-7.11	-2.53	-3.29	4.47	8.04	2.15	4.26
-3.59	-8.58	3.31	-1.57	4.51	3.58	-3.38	1.00	-5.43	0.20	6.62	5.13	1.26
1.93	3.24	3.02	-1.04	4.62	7.75	-0.73	-0.55	-1.24	-2.00	2.04	2.82	1.27
=== END OF SAMPLE ===
Next sample in: 3... 2... 1... GO!
-4.45	-3.89	-3.08	3.14	0.80	-0.17	4.54	0.78	-1.60	3.10	6.42	4.88	0.37
-5.51	-3.72	-0.66	4.16	-0.23	0.87	1.18	-1.48	-6.18	-1.70	0.17	-3.94	-4.49
-7.95	-1.36	2.39	2.24	-2.86	6.69	-0.55	-0.92	-1.09	0.16	-0.65	-1.51	-1.81
-6.64	1.40	6.33	2.53	-7.36	2.63	1.37	1.50	-0.06	-2.28	2.48	2.10	-2.79
-4.80	-1.92	2.32	7.49	1.99	5.59	1.31	2.52	-2.22	0.69	2.92	1.02	-0.75
-23.61	-0.47	-3.14	4.23	4.54	5.38	3.71	2.01	-2.44	-2.90	-0.89	-0.10	-2.83
-13.50	-4.20	4.32	10.64	3.28	8.45	8.50	5.36	0.94	-1.87	-2.10	1.99	-2.74
-4.25	-5.97	1.92	4.08	-3.52	3.68	3.23	-2.55	-3.20	-3.38	-1.28	-3.62	1.30
-2.80	-0.79	2.46	4.51	-4.15	3.26	2.23	7.98	-1.25	-1.00	-2.01	1.59	5.22
3.51	-3.69	-3.50	-0.48	-8.28	2.68	6.84	7.34	-1.16	-6.48	0.32	-1.21	0.03
2.84	-2.76	0.70	-5.26	-6.31	1.54	-3.73	1.63	-1.93	-8.24	-2.52	-2.06	1.37
6.64	-3.79	-0.74	-6.47	-11.72	-1.67	-1.60	3.41	0.41	-4.10	1.01	1.13	0.54
7.08	2.12	-0.95	-5.73	-8.80	1.80	-2.81	3.61	0.25	-8.02	-2.15	-1.79	0.95
8.33	2.48	-1.07	-0.13	-2.84	4.87	-0.13	3.94	0.01	-6.42	-7.75	-2.61	0.02
11.33	-3.58	-2.88	-3.20	-4.64	-4.62	-1.21	3.54	-3.65	-6.19	-2.12	-3.04	1.31
8.65	-0.35	-3.64	-2.41	-2.89	0.69	6.31	8.72	0.97	-3.53	-3.51	1.49	-1.00
0.01	-1.52	-4.25	5.77	1.93	-0.42	0.66	2.78	-0.92	-3.15	-0.26	0.39	2.75
-6.04	-1.54	-3.12	3.37	-1.63	-4.51	2.15	8.73	3.69	-1.41	-2.30	0.09	0.37
1.72	1.21	1.46	3.39	0.20	-0.00	0.63	2.37	1.24	1.18	3.56	0.65	1.05
0.89	5.82	1.18	4.47	0.92	2.43	0.81	2.05	-0.67	-2.01	-0.28	-0.76	0.16
2.02	5.94	1.15	3.31	-5.52	-2.34	-1.28	1.97	0.37	-7.17	-2.82	-4.92	-2.21
-2.93	2.04	-0.76	2.60	-3.08	-3.43	-0.75	0.65	-2.96	-0.49	0.00	3.51	7.03
-0.93	0.57	-1.02	-1.17	-2.07	-0.70	2.39	5.70	3.70	-0.26	2.09	0.97	3.18
-2.02	-2.20	-1.73	0.38	-4.96	-2.73	-0.46	-1.11	-2.44	-2.67	-0.76	0.16	1.06
-5.52	2.32	0.01	-0.97	-2.52	-2.34	-3.14	0.86	2.01	3.05	1.85	0.28	-1.39
-8.50	-0.77	-2.12	-0.08	4.29	2.84	0.84	-1.12	-3.27	-2.31	-3.68	-3.71	-2.71
-3.73	-0.63	3.37	3.58	3.92	-1.76	-4.55	2.72	2.07	-0.31	-0.20	-2.57	1.80
-0.05	2.56	7.12	1.66	-1.77	1.91	0.29	5.01	0.49	1.48	0.87	-3.72	-0.45
-2.01	3.33	5.22	-2.05	-1.51	4.32	-0.03	4.39	-0.25	3.13	3.05	-1.71	-2.14
-11.37	-6.99	-0.59	-7.33	-2.41	3.93	-0.14	9.53	5.13	-3.55	0.10	3.87	7.63
-8.90	-2.27	-1.75	-4.06	-2.12	1.49	4.85	3.44	-1.26	-2.51	-0.77	-5.03	0.73
-6.38	2.27	1.51	-0.31	2.03	5.26	4.03	1.78	2.63	2.29	0.70	-4.36	-5.01
-9.43	4.41	3.39	-0.22	-0.49	1.01	-1.62	-1.19	0.28	0.44	-0.78	0.57	1.10
-4.16	0.50	1.79	5.91	-4.08	-2.23	-1.94	1.98	2.57	5.07	5.02	-2.25	-3.87
-6.45	1.60	-3.47	2.77	-5.38	-3.40	4.21	4.84	-3.39	2.94	3.80	-0.11	3.09
-4.15	10.46	1.96	2.82	1.03	-0.42	-1.46	0.02	-0.52	1.96	6.93	3.08	1.44
-8.38	10.24	4.91	4.42	-2.36	-2.09	-2.83	-1.02	-3.86	-0.89	0.77	-0.73	0.98
-5.91	10.56	3.85	2.13	1.91	-0.74	-2.61	-3.77	-5.71	-1.41	3.06	3.26	1.31
0.07	1.46	2.94	4.96	4.49	3.13	-0.55	1.08	-1.23	-3.03	-0.73	-0.44	-0.82
-7.27	1.52	-0.12	1.98	0.86	-0.67	-3.31	-2.85	-5.68	0.30	0.42	2.93	2.08
-12.32	-2.25	-3.60	-1.97	-2.32	-1.64	-0.84	3.18	3.66	1.89	4.68	5.29	1.53
-1.75	8.10	5.41	3.09	0.90	0.92	2.69	1.04	0.65	-3.01	-1.09	2.92	1.87
10.15	1.41	6.84	14.31	4.44	-10.96	2.42	13.59	6.38	-0.17	4.00	0.54	-6.71
7.60	2.61	5.89	14.20	4.72	-5.16	4.22	7.96	3.68	1.59	3.91	0.19	-6.79
7.56	5.77	6.73	8.22	2.75	3.54	10.47	8.36	1.97	1.70	5.09	0.35	-3.73
2.83	11.51	4.99	4.73	5.11	4.11	7.59	2.64	3.66	6.31	5.49	1.46	2.28
-1.29	8.88	7.12	3.95	-0.37	0.58	4.40	0.89	2.96	6.44	4.21	2.83	4.02
-2.18	4.83	5.37	3.24	-1.36	2.81	6.08	3.88	0.87	2.96	2.13	2.37	-0.69
5.49	-13.61	-5.33	3.06	9.09	8.15	1.79	-1.24	-0.47	4.97	3.08	-3.30	-0.81
-0.93	-25.55	-13.04	2.00	14.48	10.21	0.98	-0.13	-0.40	4.77	1.22	-8.70	-1.87
-2.73	-8.57	10.98	11.10	4.61	2.04	-4.33	3.56	6.29	-3.66	-1.33	0.20	-5.50
-6.88	2.61	8.14	7.11	3.54	0.14	-2.07	3.08	1.39	-4.40	-3.42	-3.31	-3.31
26.36	-30.28	21.25	14.24	4.59	8.49	-8.44	2.85	7.30	-5.25	1.64	-1.07	-7.09
31.32	-35.95	21.79	16.35	0.19	12.48	-9.23	1.58	8.06	-4.41	1.82	-2.19	-8.17
19.40	-29.37	11.36	14.19	1.19	9.31	-2.46	-1.83	4.81	-0.63	0.50	-2.94	-9.89
15.98	-34.37	17.08	15.10	-0.96	9.25	-4.71	-0.66	7.70	-0.56	1.65	-0.86	-5.82
24.78	-41.88	25.64	14.63	-2.03	8.54	-7.75	0.43	8.68	-5.97	-0.11	-2.33	-6.64
21.70	-39.86	29.74	16.41	-2.69	8.40	-7.86	3.34	8.69	-6.67	-0.25	-1.78	-5.99
-11.56	-18.61	19.01	10.21	-2.52	0.98	-4.10	3.35	4.14	-6.72	-2.90	-0.10	-6.14
-3.72	-23.83	27.92	14.63	0.95	-0.20	-4.45	5.12	7.33	-5.33	-3.77	2.68	-2.62
8.37	-37.12	33.16	14.92	-4.85	6.55	-6.13	5.92	8.56	-9.50	1.85	1.07	-5.54
2.17	-34.36	30.97	14.47	-4.27	5.00	-4.71	4.63	7.89	-8.35	0.16	1.48	-6.47
4.46	-39.02	34.92	13.62	-5.97	6.20	-5.45	5.33	8.08	-9.61	1.83	-0.39	-5.33
7.97	-41.62	38.51	12.24	-4.67	4.67	-3.02	3.28	9.44	-10.33	2.44	1.35	-5.38
-2.10	-35.73	36.09	15.34	-3.58	6.40	-1.27	7.24	8.84	-8.25	1.96	2.30	-6.54
-0.78	-39.45	41.70	13.86	-3.78	5.77	-2.00	8.53	8.62	-8.19	4.05	2.65	-5.45
-20.02	-13.90	14.01	12.48	3.48	-1.16	-0.64	7.04	0.85	-4.99	2.18	3.11	-2.16
-25.10	-21.98	24.17	9.00	-3.58	7.90	4.49	8.43	5.66	-5.39	0.75	2.95	-3.78
6.41	-35.31	38.72	8.38	-13.00	5.24	-6.15	7.36	4.84	-9.19	3.90	0.31	-4.23
6.11	-34.17	36.94	8.59	-12.98	5.45	-5.16	9.43	5.22	-9.94	4.98	-0.03	-4.63
5.73	-31.58	34.89	8.93	-12.13	4.19	-3.96	9.95	6.64	-9.68	4.67	0.21	-5.63
14.09	-32.81	29.86	6.64	-7.86	4.10	-6.69	9.57	7.93	-7.82	3.16	-1.04	-3.72
14.50	-25.78	13.43	7.41	0.60	3.51	-7.67	11.19	9.61	-2.16	5.31	0.37	-7.65
13.60	-19.69	6.75	11.16	1.22	0.29	-2.51	7.58	6.31	-2.96	6.91	-0.29	-9.00
1.40	-14.19	0.40	7.20	2.68	-1.61	-1.77	6.16	0.73	-0.31	4.70	-2.85	-4.15
-1.41	-16.75	7.16	6.94	-0.33	0.36	-5.42	2.79	1.15	-0.64	8.94	-1.56	-9.74
17.42	-20.30	3.91	8.27	5.66	0.37	-5.28	8.00	3.24	-1.38	8.20	-5.65	-7.25
9.98	-12.57	1.25	9.02	6.39	-1.25	-3.44	6.02	1.90	-0.28	4.76	-2.25	-4.75
10.60	-16.10	2.74	6.28	3.80	1.11	-3.42	4.37	3.59	1.85	6.11	-0.14	-5.45
15.47	-18.26	3.24	7.53	4.14	0.61	-1.32	3.81	2.63	1.95	5.07	-2.95	-5.81
10.74	-19.96	12.36	12.12	5.71	-5.33	-2.47	5.03	-0.13	4.61	3.53	-3.05	-2.08
14.59	-8.56	3.24	7.11	4.37	1.61	-2.92	4.35	1.76	0.33	4.66	-2.87	-1.45
-10.31	-3.98	-2.68	0.39	-1.02	-0.53	-0.64	1.14	2.79	4.15	2.62	-1.44	-4.91
-7.13	-3.57	0.57	4.50	2.34	0.38	-3.01	-2.29	1.64	2.84	1.45	-0.56	-1.72
-3.44	-7.00	-3.74	-1.23	-2.26	-5.53	-4.43	1.53	-0.39	-1.04	0.73	-2.18	1.17
-6.34	-3.50	-1.19	-4.45	-0.16	-1.58	-5.63	4.08	0.29	1.31	3.05	-1.12	4.05
-12.13	-2.02	0.75	-1.81	0.98	-1.39	-3.59	-2.96	-8.11	-3.82	0.21	-2.68	0.89
-12.40	-3.46	2.43	-0.42	1.97	-2.65	-7.28	-0.56	-7.45	-6.77	-1.76	-4.19	0.00
-16.67	-5.29	3.19	-1.56	3.91	2.27	-4.06	8.24	-6.32	0.32	0.72	-1.50	-0.39
-18.98	-9.01	0.68	-4.74	0.01	-2.63	-1.16	10.05	-3.51	-0.73	0.11	-4.17	-1.03
-19.74	-3.25	1.45	-3.81	-1.10	-4.88	-2.19	4.55	-1.94	0.27	-0.57	0.59	3.03
-25.67	-6.53	-1.46	-5.08	-0.84	-6.08	-4.27	6.05	-2.94	-0.66	1.47	-0.85	5.09
-23.42	-6.33	1.99	2.70	-1.19	-7.85	-7.54	-3.03	-5.80	-2.05	-0.94	-3.80	-1.11
-25.54	-11.67	1.11	3.45	4.58	-4.31	0.06	-2.83	-2.65	2.99	2.93	2.17	1.84
-19.75	-8.45	0.13	1.31	1.32	-2.25	-3.00	0.47	-2.69	-1.09	-0.08	-1.74	1.40
-17.43	-1.72	-0.47	-0.76	7.26	-3.25	-5.75	0.80	-4.36	-3.41	-1.12	2.44	1.79
-14.82	-0.65	-4.40	-7.56	2.59	1.37	0.37	5.30	-0.88	1.31	4.48	-0.23	5.25
-14.25	-1.30	2.43	2.32	-1.67	-1.41	-0.16	2.70	-0.14	-0.59	1.98	0.75	-1.47
-16.14	-6.98	-6.05	0.36	0.18	-7.22	0.48	-0.83	-1.53	1.70	0.28	2.25	2.02
-11.69	-4.11	2.56	5.07	-0.36	-3.27	-6.23	-2.59	-2.84	0.83	-1.24	0.07	0.04
-12.07	-3.44	-0.07	-0.27	-0.78	-5.70	-1.62	2.49	-1.52	1.55	1.10	0.59	-0.75
-14.24	-3.89	0.39	-2.67	-2.55	-6.70	-4.86	1.13	0.02	-0.62	2.48	2.95	-0.74
-9.77	0.58	2.26	-2.58	2.39	-1.89	-1.13	2.07	-3.45	0.75	4.23	0.63	-1.38
-15.64	-5.22	3.96	-5.53	-1.37	-5.63	-2.80	-2.43	-3.56	0.58	0.18	0.27	0.29
-9.60	0.35	-1.15	-0.08	-0.42	-0.14	1.20	-1.38	0.64	0.85	-0.05	0.40	0.73
-10.67	-1.17	-1.69	-0.23	-0.29	1.53	1.28	0.85	0.71	0.04	-0.98	-0.30	-1.62
-10.87	-1.86	-0.35	3.37	0.75	0.60	-2.83	-3.39	-3.26	-1.71	2.26	1.16	0.19
-6.16	0.31	3.01	0.61	3.84	1.03	-5.46	0.22	-1.40	-4.50	-4.10	-1.78	-0.02
-15.56	-0.47	1.39	3.98	2.63	4.88	-0.79	2.31	-1.44	-2.08	-1.20	-1.89	-1.75
-10.44	-3.55	-3.43	0.05	-2.70	-2.35	-1.41	-2.27	0.06	-2.10	-4.20	-2.37	-0.47
-12.00	-1.42	-0.90	1.44	-0.28	0.35	-0.29	0.42	0.21	-2.05	-1.39	-1.90	-2.86
-10.37	-0.44	-0.82	-1.17	0.07	0.05	-1.04	0.64	0.62	0.79	1.23	-0.63	-0.52
-8.34	1.56	-0.74	1.17	-0.53	-0.14	0.27	-0.29	-0.08	0.50	1.95	1.49	1.79
-9.42	0.96	0.60	1.22	0.70	-0.61	-0.15	0.36	0.02	0.62	0.03	-0.45	-0.84
-9.00	1.56	-1.21	-1.61	-0.13	1.23	1.57	1.99	0.97	0.38	-0.40	-1.00	0.15
-9.70	1.82	0.28	-0.87	-4.63	-1.19	-1.13	0.89	0.42	0.61	-1.71	-1.37	1.71
-10.14	5.84	2.27	3.66	-2.17	1.79	0.68	-1.47	-2.53	-3.35	-2.92	-0.10	1.70
-12.84	0.11	-0.57	0.81	-0.18	3.53	-0.02	-2.29	-1.24	-2.16	-1.08	-0.78	-2.55
-14.19	0.41	0.58	-0.50	-0.53	-0.51	-0.85	2.83	2.30	0.52	-0.03	0.34	1.91
-8.69	0.49	-1.24	0.21	0.19	1.65	1.12	-0.18	-0.66	-0.08	-3.04	0.25	0.68
-13.85	-0.29	3.05	0.26	-2.48	-0.97	-2.09	-1.11	0.04	0.41	3.06	5.68	4.91
-11.19	0.28	4.30	0.59	1.67	2.01	-3.23	1.94	3.16	-0.04	5.35	0.37	1.82
-21.86	-4.89	1.73	-2.98	-2.43	6.49	-3.26	4.99	7.74	4.57	5.34	0.16	5.62
-18.11	-4.49	1.59	-4.26	-4.40	2.66	-0.88	0.12	8.32	5.04	8.43	3.22	5.99
-13.96	1.39	2.00	-4.13	-4.09	-2.06	-2.54	2.18	-0.00	1.22	2.68	2.63	2.50
=== END OF SAMPLE ===
Next sample in: 3... 2... 1... GO!
-5.14	4.50	2.46	3.15	2.01	1.86	0.62	-0.69	0.87	0.74	-0.36	-0.64	-0.38
-7.77	0.47	2.07	3.16	0.33	-0.61	0.48	0.01	0.27	-0.16	0.80	-2.69	-3.89
-3.02	-4.41	-2.10	4.67	2.25	5.92	3.65	-5.99	-1.46	2.14	-1.17	-2.56	-3.61
-3.85	-7.75	-4.07	0.07	0.85	-3.00	-5.24	-7.17	-4.98	2.84	3.12	-1.17	-1.80
-5.06	-1.19	-2.18	4.16	1.47	0.43	0.57	-0.94	1.30	0.73	3.57	2.82	0.87
-0.74	2.94	0.38	6.44	1.31	6.36	0.62	-0.38	4.23	3.49	-2.04	-2.94	-3.53
-10.67	-1.84	-1.42	3.01	3.18	1.97	-3.58	-2.85	-5.15	-4.33	-1.23	-5.43	-3.55
-16.82	-3.29	2.72	-2.33	0.12	5.23	-3.19	2.01	0.93	0.91	2.09	-1.71	1.42
-10.95	0.19	-1.17	0.29	-0.20	0.67	0.39	0.64	0.36	0.07	0.02	0.06	0.08
-10.41	0.47	-0.45	0.12	0.14	1.46	0.80	0.60	0.94	0.72	0.63	0.29	-0.76
1.87	9.78	10.29	7.08	2.68	5.19	3.02	1.13	0.59	-0.11	-1.25	-0.89	-2.23
-19.04	-2.86	7.76	1.22	-0.48	3.61	1.03	3.02	-0.86	-0.66	2.33	-1.03	0.30
-11.85	-1.13	-0.87	0.31	-0.68	2.03	1.39	0.32	0.59	1.13	0.72	0.49	-0.92
-12.04	-1.80	-1.22	1.08	-0.03	0.98	0.39	0.94	0.55	1.22	1.50	1.12	1.36
-11.69	-0.82	-0.37	1.32	-0.69	1.62	0.94	0.46	0.24	0.96	1.16	1.54	-0.07
-10.66	-2.93	-3.63	-0.24	-0.66	3.17	2.98	1.27	-1.65	1.05	3.18	2.58	0.99
-0.07	1.92	-4.55	-1.75	-2.09	3.74	2.68	-2.53	-5.05	-1.71	1.50	2.74	-2.12
-3.51	-1.52	0.19	-2.90	-0.94	2.93	0.58	3.15	-3.78	3.01	3.75	1.37	-1.73
-9.90	1.71	0.89	1.92	0.41	1.00	-0.56	0.30	0.06	0.06	-1.24	-0.61	0.20
-7.46	2.05	0.23	1.36	1.64	0.74	-0.34	-1.09	-1.34	-1.57	-1.66	1.13	0.37
-7.85	-0.78	-0.22	-2.37	0.58	3.35	2.33	1.30	-0.59	-0.57	-0.06	0.29	0.81
-9.78	-1.09	-2.14	0.25	-0.28	0.27	-1.24	-0.74	-2.73	-2.19	0.41	0.37	1.16
-8.09	1.36	0.22	0.28	0.95	0.98	-0.46	0.27	-0.56	-0.40	-0.04	-0.93	0.45
-10.78	-0.46	-1.39	-1.40	-0.52	0.37	-1.91	-0.27	-1.55	-1.09	-0.80	-2.39	-2.34
-8.81	0.97	-2.07	0.21	2.18	1.29	-1.25	-1.58	-1.11	0.63	2.43	0.88	-0.38
-8.13	1.04	-2.15	-0.30	0.12	1.75	0.51	-0.58	-0.69	-0.16	0.00	-1.74	-2.43
-10.98	0.69	-0.33	0.35	-0.79	-0.40	-0.48	-0.08	0.05	0.67	0.20	0.20	0.20
-11.04	-0.76	-1.92	-0.72	-0.66	-0.47	-0.14	0.53	0.34	0.65	0.61	0.01	-0.50
-6.14	12.68	8.25	5.51	5.39	5.41	0.20	0.26	2.63	-4.76	-2.41	-6.11	-0.21
-6.79	8.81	6.03	-2.57	2.60	6.67	-1.29	3.03	-1.50	-3.60	5.04	-4.87	-1.94
-9.57	5.91	6.52	-2.42	-1.73	2.36	-2.99	-0.42	-2.45	-5.42	2.75	-4.73	-2.27
-21.06	-2.36	4.59	-4.30	-3.11	1.58	-3.66	2.49	0.41	-5.11	2.65	-1.08	2.93
-20.44	-4.03	1.87	-2.66	-3.74	1.91	-0.80	0.58	0.19	-2.63	3.17	-4.58	2.03
-17.43	1.01	10.99	4.49	5.03	7.71	-0.02	1.75	0.77	-2.25	3.61	-3.88	2.99
-10.73	0.30	-0.92	0.35	-0.02	0.43	0.26	0.53	0.27	0.23	0.19	0.12	-0.04
-10.56	0.08	-1.13	0.26	-0.42	0.27	0.18	0.27	0.26	0.24	0.23	0.32	-0.13
-18.71	-3.33	3.17	-1.22	-3.31	0.14	-1.32	1.10	0.08	-0.97	1.03	-1.03	-0.82
-8.93	0.35	-1.96	-1.45	-0.99	0.66	1.12	2.18	1.47	0.02	-0.67	-1.58	-2.14
-4.92	2.02	-2.72	-3.27	-3.68	-2.18	0.19	2.79	2.58	1.41	0.09	-0.70	-0.41
2.05	4.87	-4.39	-4.22	-4.72	-2.21	-0.40	1.74	0.92	0.77	-0.88	-2.05	-3.00
6.75	5.48	-3.04	-5.53	-6.29	-4.33	2.05	4.42	-0.19	-2.28	1.71	-3.51	-1.03
7.36	3.63	-6.40	-10.97	-6.47	-3.41	-0.21	2.57	-5.55	-4.38	1.35	-2.32	-3.29
-12.25	0.13	-0.03	1.46	-0.06	0.00	-0.50	-0.01	-0.28	0.33	0.29	-0.22	-0.60
-9.47	-0.97	-4.40	-1.99	-0.57	1.21	1.34	0.92	-0.07	0.83	1.51	1.72	0.77
-4.48	0.18	-7.64	-6.17	-3.37	3.08	0.92	0.52	-0.23	3.04	6.43	4.80	0.85
-5.53	1.16	-7.21	-4.65	-3.83	1.63	-0.17	0.87	-2.10	1.03	3.13	2.94	1.48
-5.04	-0.79	-8.04	-4.17	-2.28	-0.46	-2.01	0.32	2.25	4.54	5.54	2.39	1.06
-7.25	1.31	-5.78	-2.50	-2.44	0.37	-0.39	0.36	0.36	3.08	3.33	2.17	-0.03
-7.01	0.28	-6.27	-3.19	-2.68	2.32	1.53	1.07	0.78	2.02	3.37	2.25	0.80
-5.01	2.33	-3.87	-2.98	-1.90	0.10	-0.42	-0.35	-0.79	0.81	3.02	1.18	-0.28
-4.55	1.64	-4.59	-1.71	-0.90	-0.12	-1.47	-2.03	-1.81	-0.16	1.75	1.68	1.09
-3.45	3.83	-1.32	1.02	-4.53	-2.23	-3.10	-1.03	-1.74	0.64	2.16	0.97	0.23
-14.04	-6.47	-5.25	-5.42	-1.77	2.04	1.71	0.75	2.96	2.84	3.09	4.19	0.77
-7.83	1.57	-4.25	-1.73	-2.39	0.21	-0.97	1.93	1.57	4.42	6.46	4.01	3.12
-4.14	-6.21	1.77	4.22	0.58	4.33	-2.91	-7.81	-1.53	5.18	3.34	3.78	2.49
-1.79	-5.47	-0.74	2.49	6.52	8.16	0.46	-0.24	-1.50	0.42	0.33	0.02	-0.59
-12.18	-10.78	0.29	2.85	1.83	0.37	2.70	4.79	-1.02	-0.81	2.77	1.50	-2.84
-13.91	-19.82	-2.10	5.05	6.11	0.84	1.60	6.94	-4.02	-2.75	1.96	-0.19	-5.97
13.59	18.58	13.50	5.10	-0.80	-4.07	-6.19	6.07	-3.18	-2.36	5.26	1.71	-1.32
-2.58	3.97	9.00	7.60	3.59	1.93	0.19	3.34	-3.84	-0.16	2.60	-1.95	-1.54
-4.63	-1.47	-0.00	3.62	1.02	2.03	0.47	-0.96	1.43	2.46	0.65	0.81	-0.55
-7.67	2.16	-0.10	1.46	0.01	-0.34	0.13	0.09	-1.11	-0.88	-0.91	-0.48	-0.31
-4.11	-4.43	0.81	3.58	4.87	8.48	1.45	-0.81	1.94	0.97	1.57	2.46	-1.06
-3.61	-9.52	2.89	4.48	6.28	10.08	-0.63	-2.07	1.37	1.56	3.16	0.12	-3.52
-1.07	-15.27	6.11	11.77	5.02	7.26	-0.51	-0.03	3.99	-0.96	-0.07	-1.04	-6.69
-0.43	-17.07	13.63	11.89	2.19	6.71	-0.99	4.51	3.86	-6.98	0.49	-1.18	-10.05
2.53	-21.30	19.35	15.12	2.95	8.69	-0.53	7.81	6.32	-6.60	3.45	0.81	-10.15
9.09	-29.05	24.41	17.84	3.25	7.36	0.78	9.16	5.29	-9.12	3.36	2.54	-8.91
-17.23	-10.57	6.38	12.93	5.66	2.37	7.65	13.11	3.97	-3.37	2.90	3.50	-3.91
-12.86	-15.81	13.12	11.26	-3.11	-1.49	-2.40	5.47	5.71	-4.53	1.53	5.05	-4.06
0.50	-41.47	31.83	13.71	-6.34	3.28	0.22	10.19	4.15	-9.50	-1.81	6.22	-2.55
-5.74	-36.59	30.95	15.19	-6.26	1.45	1.67	11.01	5.11	-9.37	-1.85	7.07	-1.69
-5.46	-33.68	30.57	15.85	-5.23	0.25	-1.22	9.36	7.59	-7.23	-1.37	8.10	-0.54
-7.58	-35.66	34.07	15.82	-8.09	0.95	-1.64	11.74	10.14	-7.25	-0.16	6.43	-0.51
-13.30	-32.78	30.35	13.63	-9.57	1.47	-1.80	11.33	7.91	-7.77	0.42	4.15	-1.81
-6.32	-37.90	39.10	11.82	-13.41	-1.17	-5.27	11.19	6.64	-6.51	-0.06	2.95	-1.14
-18.53	-25.18	24.98	13.79	-8.22	1.59	-2.66	3.65	2.60	-8.68	1.37	5.32	-0.58
-10.04	-28.73	29.39	10.49	-11.08	0.48	-0.94	8.71	2.97	-7.12	1.68	5.90	-1.56
-4.28	-38.89	37.92	5.79	-18.64	0.67	-3.69	10.68	2.56	-11.85	3.38	4.66	-0.95
-2.59	-42.49	37.47	4.32	-16.87	-0.21	-3.47	11.25	5.57	-10.93	3.75	4.18	-0.23
-1.89	-38.66	31.74	5.40	-16.74	2.07	-5.95	12.05	4.81	-10.40	2.37	4.64	0.33
4.22	-38.99	26.44	4.47	-15.35	1.42	-5.59	9.29	10.83	-9.85	1.44	4.75	1.49
0.14	-32.13	17.60	5.75	-4.03	1.62	-9.65	9.08	13.49	-5.96	2.22	5.21	-0.76
1.24	-29.82	12.46	7.24	-0.72	-1.33	-3.29	12.58	8.70	-6.59	1.40	3.67	-0.92
-9.95	-1.63	-3.22	0.69	0.44	-0.65	-0.50	1.22	0.97	0.38	0.89	0.35	-0.24
-16.16	-4.14	1.77	4.12	-1.57	-0.95	3.51	2.56	-2.34	-2.30	0.41	0.44	-1.79
3.74	-6.94	8.71	11.24	1.27	3.38	-0.94	-0.96	-1.45	-1.98	4.17	-0.57	-5.34
-1.67	-4.33	6.13	9.93	2.45	3.53	-1.07	-2.97	1.08	2.61	4.67	1.11	-3.38
-7.38	-3.39	1.68	6.49	4.73	5.52	0.33	2.89	2.09	0.92	3.48	0.23	-2.92
-6.22	-0.06	2.24	6.38	3.59	4.87	1.08	1.49	1.36	1.24	3.85	1.06	-2.52
-7.53	-4.19	3.57	4.69	3.87	4.98	0.64	2.10	1.46	0.41	4.55	1.25	-1.88
-16.33	-2.54	3.57	0.65	-0.18	2.62	0.10	1.20	-1.01	-1.63	1.95	-1.27	-1.69
-10.64	0.44	-0.97	0.25	-0.10	0.62	0.36	0.51	0.46	0.33	0.15	0.11	-0.25
-11.59	0.15	-1.74	-0.57	0.26	0.95	-0.07	0.00	0.57	-0.68	-0.32	-0.04	-0.20
-16.44	-8.20	5.79	-0.63	-0.06	-1.63	-7.28	-1.99	-1.54	0.65	2.62	0.68	-3.47
-24.93	-6.74	9.23	-1.53	0.76	2.14	-3.59	1.81	-2.33	0.02	0.49	0.60	-1.13
-26.83	-2.61	4.66	1.60	5.98	6.00	-4.46	-3.00	-2.25	-3.45	2.80	2.76	-0.90
-25.72	-5.11	2.07	-0.35	3.65	3.55	-1.03	2.27	3.75	-1.38	-0.45	2.33	-0.54
-17.76	-0.64	3.17	0.22	-1.10	3.63	0.88	2.52	2.57	-0.84	1.24	0.41	0.23
-15.88	-2.25	0.67	2.93	0.82	-0.46	0.42	3.17	1.97	-0.80	-1.40	1.32	0.77
-11.40	-0.85	-3.01	-0.53	-0.20	-1.68	-2.21	0.36	2.00	0.10	0.33	-1.23	0.55
-15.59	-2.26	-1.67	-1.75	-1.53	1.39	0.38	-2.74	0.28	2.76	0.84	0.01	1.16
-12.05	-1.00	-0.33	1.85	0.29	0.39	-0.04	1.70	1.30	-0.10	-0.24	-0.33	-0.68
-12.15	-2.21	-0.63	0.15	0.49	-0.91	-1.05	1.21	-0.03	-0.24	-0.32	-0.46	0.12
-13.08	-1.55	-0.47	0.90	1.10	-1.34	-0.68	1.32	0.90	-0.53	-0.80	0.62	-0.17
-12.55	-2.33	0.20	0.83	1.06	-0.59	-3.09	2.14	0.47	-1.48	0.12	-1.96	0.27
-12.49	-2.08	3.97	0.86	0.21	1.50	-0.37	1.03	1.84	1.49	3.43	-0.18	-0.43
-11.52	-1.18	-0.37	1.54	1.17	0.42	-1.95	0.19	2.64	-2.48	-0.81	-2.24	-2.16
-19.05	-3.20	1.25	5.71	1.89	-1.48	-1.48	-0.16	-1.64	-3.92	0.67	-2.22	-1.32
-10.12	0.12	-1.64	3.26	2.20	-1.72	-1.26	0.19	-2.15	-1.46	0.23	-0.28	1.73
-20.55	-3.65	0.61	1.72	5.60	8.49	-2.13	0.13	2.61	0.69	-0.41	-0.61	-1.17
-16.99	2.10	1.43	1.37	0.72	9.42	-4.64	0.04	4.75	2.44	2.67	-1.77	0.60
-19.35	2.19	-0.52	7.63	7.05	5.92	0.44	2.42	2.49	0.98	4.20	-1.67	0.95
-8.33	5.32	9.87	10.89	-0.00	6.47	1.76	2.64	6.40	0.89	0.74	-0.26	2.26
-16.78	-2.94	4.74	2.45	-1.80	2.69	0.63	0.46	2.65	-0.33	0.11	-0.37	1.63
-19.13	1.71	4.12	5.75	-4.33	2.10	0.22	-1.02	1.76	-0.19	-0.97	0.96	-1.98
-19.62	-2.18	0.27	-0.35	-3.25	-1.07	-1.45	-0.52	1.21	0.78	-0.26	0.50	-0.15
-17.45	-0.59	8.08	0.89	-2.45	0.48	-2.02	1.01	-0.78	-1.45	1.87	0.47	1.23
-10.69	0.50	-0.90	0.36	-0.47	0.15	-0.27	-0.19	-0.47	-0.50	-0.47	0.01	-0.01
-10.13	0.84	-0.10	0.91	0.40	0.84	0.80	0.88	-0.03	-0.47	-0.78	-1.13	-1.29
7.57	13.00	6.71	-1.40	-8.06	-1.78	-3.44	-1.66	1.34	0.31	1.28	-0.01	-1.26
7.68	12.07	8.35	-0.68	-10.07	-5.61	-5.24	-3.67	-1.15	-1.68	-4.22	-3.69	-0.55
5.07	11.86	5.83	2.28	-10.14	-4.88	-3.60	-1.28	3.06	-3.64	-0.95	-1.86	-4.60
4.67	8.80	2.84	-2.05	-8.47	-7.06	-3.61	0.99	2.92	2.98	1.68	-2.43	-3.92
2.80	6.97	4.66	-3.84	-10.05	-5.10	-2.72	3.46	4.20	1.04	0.44	-2.70	-6.17
=== END OF SAMPLE ===
Next sample in: 3... 2... 1... GO!
-6.76	-8.24	-3.59	-2.28	-2.43	6.75	5.37	6.70	3.46	-5.41	3.16	0.79	2.77
-5.10	-4.43	-2.08	-5.43	-6.69	4.85	3.70	1.84	-0.62	-3.39	-2.27	-0.43	0.83
-4.55	-1.11	-2.52	-7.14	-4.27	0.49	0.63	1.47	-1.97	-3.22	3.70	2.36	1.30
2.69	-4.80	-3.54	-1.73	-1.34	1.56	3.68	1.33	2.43	-1.03	3.13	-0.99	-0.90
1.65	-0.45	-4.46	-6.13	-5.32	3.43	3.13	0.42	-2.40	-0.77	1.49	-0.60	1.16
1.57	-0.87	-3.77	-4.01	-1.79	0.34	3.48	2.44	-0.08	0.17	0.14	2.15	3.90
-1.69	-1.85	-3.88	-7.58	-6.81	3.21	2.82	2.19	-0.03	-1.66	1.78	3.76	0.50
-1.98	-4.10	-4.12	-4.07	-3.29	3.01	-3.65	-1.09	1.26	0.27	1.71	3.68	0.81
-12.24	-3.68	-2.81	1.33	-0.97	0.79	1.98	0.66	1.47	0.59	0.62	1.68	1.66
-3.68	-1.79	-2.24	-1.17	-0.25	3.33	-0.75	-3.48	-2.86	0.17	-0.05	4.83	0.27
-1.25	-3.82	-0.30	0.15	-2.44	-3.90	-5.92	-3.97	-3.51	-2.65	0.66	0.03	-1.16
2.56	0.78	-4.60	1.42	1.75	-0.84	-3.36	-0.33	-1.19	0.88	4.36	2.10	0.54
-1.01	-5.87	-5.11	3.54	-2.45	-2.98	-3.19	-4.08	1.29	0.76	-1.69	-3.92	-2.62
-4.24	-1.67	1.72	5.19	-1.43	-3.25	-2.71	-0.08	3.60	1.12	2.45	2.08	-1.28
-3.78	-2.40	-4.99	0.36	-4.63	-3.33	-2.16	-0.15	-0.15	0.99	5.40	3.49	1.45
-0.93	-0.87	4.02	1.08	0.72	0.24	-5.00	-3.28	-4.23	-3.81	3.25	1.51	-0.67
-8.07	0.50	-2.26	0.06	0.23	-1.89	0.56	3.34	-0.45	-2.63	1.19	-1.41	-1.96
-8.54	2.82	-1.07	3.72	4.75	0.85	-1.04	1.84	-1.56	0.12	3.74	0.83	-2.70
-4.99	-2.77	-6.09	-1.72	-0.58	-5.81	-5.10	-2.13	-2.31	-6.70	1.90	1.42	1.47
-11.00	1.40	-6.87	-10.72	-1.05	-6.75	-2.96	-3.23	-4.23	-3.18	-0.29	3.39	2.61
-15.00	1.71	-2.46	-4.33	0.76	-3.29	-0.21	1.32	-0.49	-4.10	0.91	-3.69	-3.98
-11.84	2.01	-3.00	3.87	-1.83	-3.25	-2.16	-1.91	-1.66	-5.48	5.51	5.47	2.16
-2.83	7.45	-1.94	4.05	-1.39	1.50	0.33	-2.22	-0.42	-7.67	-5.13	-2.54	-0.94
-3.99	7.67	-0.73	5.67	-1.58	-0.58	2.36	-1.46	-2.93	-7.79	1.40	4.49	2.09
-8.38	0.70	-2.51	-2.46	-1.63	2.16	1.35	1.17	2.19	-0.56	0.20	1.82	0.79
-11.22	3.72	-3.57	1.22	0.49	2.05	-0.49	-1.18	-1.22	1.62	2.91	4.92	1.42
-11.16	4.86	-0.92	-4.90	-4.36	3.16	1.77	2.77	-2.08	-6.06	2.68	3.58	2.05
-12.78	-5.60	3.99	-0.72	-3.66	9.80	4.08	-0.99	1.93	2.17	0.28	2.10	-2.61
-8.83	-2.15	-0.70	-0.63	-2.54	0.79	1.99	4.95	-0.37	-0.15	5.15	-0.88	-2.42
-2.98	-6.62	-0.21	4.13	-5.90	-0.75	-1.06	-1.60	-4.46	-5.93	1.60	1.95	-1.53
-10.36	-16.05	-0.98	6.15	-0.15	6.19	5.55	3.88	1.51	-4.01	1.59	-0.53	-3.00
-5.05	-7.55	-0.22	1.66	-0.58	1.19	2.74	3.14	-0.55	-2.37	0.02	1.77	-0.88
-14.65	-10.01	-3.62	-0.25	-3.78	0.15	-4.43	-1.87	-3.15	-2.94	-1.64	3.28	-0.36
-9.96	-7.08	5.36	0.44	-2.45	-1.71	-0.67	4.34	4.82	3.59	3.81	4.19	2.19
-4.18	-3.75	12.70	7.24	1.29	3.07	-1.64	1.15	2.49	0.80	1.11	1.33	-1.68
-0.85	-1.01	6.53	-2.14	-5.85	3.20	4.77	-0.47	-3.14	-0.05	3.40	1.01	0.78
1.70	-0.18	1.83	1.88	1.16	7.43	6.54	3.27	0.87	3.90	3.15	-1.72	0.27
-3.54	-0.17	3.75	1.60	5.58	6.58	4.38	3.04	6.11	2.92	-0.07	-1.95	-2.98
-10.92	-7.89	0.72	5.55	3.84	4.11	-0.25	-0.26	1.45	3.79	1.47	1.84	-2.63
-6.60	-0.16	3.25	-0.78	3.70	2.41	-0.89	0.21	0.72	2.70	2.69	0.58	-4.49
-11.34	0.01	-0.41	-3.72	-2.02	-4.40	1.53	-0.57	1.13	0.26	-0.76	1.86	1.70
-11.18	-4.70	-0.98	-0.09	-1.62	0.47	2.24	2.87	-0.68	-4.28	1.45	5.62	0.66
-7.51	1.70	-0.31	0.13	2.33	1.35	0.80	3.15	5.45	2.14	1.04	3.16	1.58
-6.37	-2.23	-0.81	-0.06	-0.13	2.20	2.03	-1.18	-1.37	3.69	2.11	-1.34	0.35
-9.85	0.67	3.50	0.38	-5.45	-4.47	-1.80	0.74	4.15	3.54	1.06	-4.90	0.67
-7.01	0.45	4.64	4.19	-3.64	-5.81	-2.03	-1.89	-1.20	4.72	7.06	3.61	0.36
-8.66	-3.89	-0.19	-3.63	0.57	-1.68	0.58	1.53	6.19	6.22	4.83	-0.64	0.07
-4.54	4.33	3.12	-3.37	1.31	-0.55	0.95	-3.27	0.80	5.43	2.30	0.16	-3.11
-15.71	-3.26	0.96	5.16	2.40	-3.46	-0.33	1.13	3.19	4.71	5.40	-0.17	-1.63
-11.09	-4.86	-6.16	1.66	-2.98	-2.24	1.40	2.96	2.62	5.22	3.35	3.17	3.02
-11.75	-6.90	-2.61	1.32	-5.40	-6.81	-3.53	-4.86	-6.58	1.58	2.74	2.00	2.60
-5.07	-2.58	4.50	5.18	-1.99	-2.72	-1.35	-0.81	-0.62	1.99	0.13	2.30	2.71
-5.16	3.82	5.08	4.17	3.19	-4.05	-6.10	-6.01	-4.74	-3.20	0.56	1.97	-1.54
-5.44	-2.42	-5.60	2.12	2.44	-6.67	-4.81	-2.76	-1.51	-3.72	5.49	2.42	3.83
-6.29	-0.70	-0.09	2.44	0.70	-2.33	-3.27	-3.19	-2.98	-0.31	0.73	2.24	3.07
-7.42	0.53	1.17	2.03	1.03	1.33	-0.64	-3.30	-1.20	0.37	-1.87	0.66	-0.25
-8.93	1.18	-2.09	-3.26	-2.84	0.19	-1.22	0.62	-0.71	2.60	2.46	-0.55	-0.43
-5.91	-0.71	-2.59	-1.96	-0.90	1.41	-1.01	0.94	2.48	-0.49	-1.20	1.48	0.96
-4.77	-3.44	3.15	3.80	-2.32	-4.27	-6.40	-6.95	-4.85	-2.11	0.84	-0.35	-2.58
-8.65	-2.55	10.25	6.75	-8.30	-9.96	-7.78	-0.73	1.19	-2.74	-2.01	-0.97	1.78
-11.76	1.40	3.20	2.57	-0.42	-4.67	-3.02	1.21	-0.02	0.39	-1.61	2.35	1.82
5.82	3.46	3.90	8.06	3.44	-7.87	-0.87	4.01	3.89	1.69	1.10	1.48	-3.25
12.72	2.69	5.27	4.64	-1.12	-2.39	-1.82	7.51	3.16	1.35	4.37	-0.82	-3.68
15.70	-0.85	4.00	13.19	0.94	-5.49	0.68	9.07	-0.63	-3.57	2.99	3.77	-1.37
-4.91	0.46	1.17	4.68	-1.06	-2.71	2.44	4.25	-0.02	-1.43	-0.03	1.12	-0.96
13.77	-7.16	11.65	17.61	2.30	-1.67	-0.91	3.33	1.71	-2.20	-2.24	3.32	-2.73
-2.54	-2.43	5.42	14.29	4.54	-4.44	2.22	10.55	5.35	-0.20	2.89	3.35	-0.89
-6.47	1.37	5.41	13.95	5.13	-5.74	2.38	7.29	4.66	0.45	4.61	3.81	-1.96
-13.21	2.51	3.87	11.02	3.78	-1.85	-1.19	4.91	3.37	0.82	2.70	1.73	-0.25
-10.99	-13.65	6.21	4.34	0.73	4.32	-0.62	0.47	-1.25	3.74	2.79	0.87	-2.60
-14.10	-17.42	-0.08	-0.30	0.66	-0.49	-4.91	0.38	-2.16	5.06	1.29	-1.43	-3.96
-6.74	-18.84	4.18	9.52	8.22	0.57	0.67	5.50	1.30	-0.12	-1.77	0.57	-1.99
-10.52	-17.62	14.43	16.98	3.01	-0.63	-4.09	1.88	2.62	-5.85	-1.65	1.74	-4.49
-12.59	-16.77	8.60	10.54	-1.15	-2.69	-4.91	0.24	2.18	-5.04	-2.60	1.44	-3.91
3.12	-31.12	20.71	17.55	0.73	4.61	-8.14	0.62	8.98	-6.21	-0.63	0.92	-4.74
-5.99	-21.46	4.28	12.07	-2.55	9.84	1.27	-1.94	4.02	-2.34	1.64	6.14	-2.47
-9.18	-26.38	4.80	8.45	-2.96	7.01	-2.11	-3.42	7.46	-0.84	4.70	9.87	-0.96
-5.73	-27.66	12.95	13.55	1.62	8.11	-5.32	-1.06	8.59	-3.87	4.38	3.52	-6.07
-3.29	-35.14	21.30	15.28	-2.79	6.51	-7.70	2.78	9.32	-6.11	2.63	1.81	-2.32
1.05	-42.25	29.82	14.59	-3.06	6.44	-8.16	8.99	7.56	-7.16	0.67	0.47	-4.88
-1.47	-43.09	32.38	14.81	-3.66	4.19	-6.96	9.30	8.14	-8.48	1.55	-0.84	-4.15
-3.30	-31.12	26.23	13.00	-6.80	0.55	-6.83	5.84	2.54	-7.09	-1.49	3.28	-1.63
-5.16	-38.79	37.14	16.76	-2.39	3.64	-2.54	8.77	7.46	-8.38	1.30	1.49	-3.68
-6.71	-39.75	37.70	15.89	-2.89	3.85	-2.58	10.16	7.35	-6.31	1.25	2.36	-4.11
-6.56	-41.19	39.62	14.74	-3.15	4.17	-4.49	11.34	5.55	-5.85	1.04	2.28	-3.57
-9.53	-38.57	35.83	14.39	-3.79	3.28	-3.98	9.65	6.40	-5.62	1.46	1.65	-2.26
-7.99	-40.33	36.74	13.69	-4.14	3.84	-4.15	9.29	4.38	-5.63	-0.61	3.52	-2.94
-11.90	-37.71	35.85	14.39	-5.09	3.62	-4.51	8.89	4.80	-7.07	1.65	1.64	-1.34
-11.74	-40.99	36.60	15.46	-1.45	3.79	-7.38	6.42	2.97	-4.14	3.46	4.22	-0.04
-7.83	-29.83	31.89	12.41	-5.05	1.12	-1.15	7.62	2.77	-8.59	-0.71	0.63	-3.51
-11.25	-37.94	40.54	14.84	-2.54	3.07	-1.22	11.62	7.10	-7.39	1.15	1.76	-2.82
-11.49	-39.69	41.12	14.85	-3.13	4.39	-1.99	12.61	5.65	-5.92	0.33	2.63	-2.33
-14.10	-38.83	40.12	13.93	-4.53	5.08	-3.17	10.51	5.87	-6.52	3.26	2.95	-1.07
-13.25	-39.85	40.46	12.97	-5.33	6.19	-2.34	10.00	5.53	-6.22	2.54	1.74	-2.50
-13.78	-36.79	38.00	13.25	-7.82	3.69	-2.77	8.70	5.85	-6.12	2.30	0.91	-2.78
-9.67	-37.76	37.89	11.38	-7.26	3.25	-3.51	7.96	4.62	-5.40	1.44	1.18	-4.10
-10.45	-32.53	26.16	10.51	-8.23	4.38	-2.37	6.91	5.08	-4.88	6.03	6.38	0.94
-9.47	-28.23	23.89	11.19	-5.26	3.61	-1.79	9.10	4.48	-6.98	4.57	4.37	-0.22
-7.42	-34.39	39.19	10.59	-5.95	3.10	-1.78	10.06	4.44	-7.54	2.93	3.94	-1.94
-4.11	-33.60	40.58	9.97	-8.66	2.92	-4.67	11.46	3.22	-6.29	3.28	3.17	-2.17
-6.83	-30.04	35.71	11.94	-10.05	2.73	-3.82	10.97	3.42	-8.03	2.96	2.12	-1.66
-4.98	-31.44	36.93	10.67	-8.37	-0.21	-2.02	8.77	3.35	-7.73	2.19	2.64	-4.23
-4.37	-30.87	38.58	10.97	-7.68	2.17	-3.89	11.72	1.48	-6.25	3.55	2.91	-3.77
-4.97	-28.43	38.42	13.72	-7.24	2.50	-2.95	12.22	5.33	-8.51	5.77	3.77	-2.12
-15.11	-9.61	22.15	20.66	-1.31	-3.30	0.38	4.26	1.62	-3.81	1.78	4.17	-1.31
-12.49	-18.47	21.71	9.81	-6.53	1.75	-0.71	8.57	6.00	-4.72	2.24	1.91	-2.54
0.66	-28.16	35.47	12.91	-9.00	2.44	-1.24	8.42	3.82	-7.49	4.89	0.89	-1.03
-8.15	-23.22	32.50	12.42	-4.19	1.03	-1.10	11.34	3.42	-3.45	4.73	5.42	0.22
-1.32	-31.78	39.77	13.22	-7.32	3.11	-2.85	12.16	3.46	-7.33	5.11	3.18	-0.96
-1.73	-27.85	37.28	12.25	-6.07	1.80	-3.58	10.85	3.86	-5.85	2.21	3.69	-2.43
-0.62	-22.94	34.55	11.56	-6.23	-2.55	-0.17	8.06	2.76	-5.87	2.96	3.82	-2.61
-1.60	-22.43	31.00	11.06	-7.63	0.07	0.36	8.28	-0.74	-4.74	4.73	2.54	-3.42
-7.52	-12.10	15.07	8.31	0.05	-0.28	-3.89	0.49	-0.22	-3.96	1.48	1.24	-2.07
5.07	-22.84	15.09	9.06	-0.19	-1.77	-0.75	5.96	-1.22	-5.80	2.20	0.65	-2.00
0.78	-21.06	37.43	11.67	-8.43	1.43	-0.33	7.25	2.01	-4.93	2.16	3.18	-1.91
-5.55	-17.41	38.84	14.45	-10.80	-1.32	1.83	9.59	1.53	-4.68	2.14	4.01	-4.18
-10.02	-19.88	40.52	16.44	-11.48	0.26	1.90	9.49	2.46	-4.63	3.86	3.64	-2.84
-4.40	-22.68	39.94	12.57	-6.80	1.93	-0.21	9.56	3.07	-5.75	4.32	3.74	-1.51
0.87	-27.43	39.84	11.59	-10.50	1.77	-3.79	12.28	4.21	-7.38	2.43	5.08	-1.59
4.55	-25.85	39.95	8.06	-11.95	1.26	-4.99	8.73	2.35	-5.08	4.53	4.41	-1.31
-13.59	-15.69	23.16	9.17	-5.56	-2.16	-3.49	1.21	-1.08	-5.23	1.12	1.49	-0.63
-7.08	-24.16	23.18	7.56	-6.29	-0.19	-3.99	3.05	1.12	-5.22	0.38	1.02	-5.06
7.23	-26.70	33.02	10.84	-7.74	1.20	-2.19	8.03	6.62	-7.47	0.55	2.90	-1.78
2.40	-18.90	19.08	10.38	-3.86	1.88	-7.41	5.80	12.32	-1.13	6.96	7.38	-0.94
5.68	-18.28	15.76	11.30	-2.24	-1.36	-5.57	8.48	4.07	0.33	5.89	1.52	-2.09
=== END OF SAMPLE ===
Next sample in: 3... 2... 1... GO!
-19.53	-4.33	-6.05	6.08	6.07	2.92	0.94	1.63	2.03	-1.41	-3.50	-0.62	-0.30
-17.86	-5.11	-11.28	-1.97	5.68	2.22	2.07	0.01	-2.41	-3.03	-6.39	-4.20	-1.54
-19.65	-6.62	-0.79	0.05	4.56	4.80	3.35	-0.84	1.37	1.54	-2.94	-0.81	-0.63
-19.92	0.00	0.86	1.66	4.37	0.10	5.83	-1.85	-1.67	-4.53	-3.10	-0.63	3.57
-20.38	-2.26	4.18	3.32	7.50	6.55	3.99	0.55	2.23	-3.43	-7.04	-0.65	2.71
-22.58	-7.70	-1.17	4.68	3.99	0.07	-0.41	1.78	0.98	-1.75	0.15	-0.70	2.85
-23.43	-3.62	0.96	3.12	-1.84	-3.18	-1.17	-0.42	-1.61	0.40	-2.96	1.15	4.58
-12.59	4.98	1.95	4.52	3.90	2.13	0.03	0.21	2.62	2.92	-1.18	-0.78	1.50
-14.36	-0.04	7.11	7.17	0.98	1.64	-2.38	0.18	-1.84	-4.46	-1.57	-2.22	2.40
-7.57	2.47	3.72	6.18	-1.05	-3.27	0.10	-0.88	-0.25	-2.57	-1.65	-0.92	3.85
-11.60	3.52	6.82	8.94	4.34	-1.40	-2.34	-0.87	-0.75	-0.37	-1.87	1.09	6.41
-15.01	0.62	4.10	8.49	4.21	0.33	1.43	-0.36	-0.91	-4.45	-0.98	0.83	2.12
-10.70	-1.50	8.71	9.47	6.08	3.27	4.38	-1.52	0.96	-0.88	-2.64	0.80	0.45
-11.51	-1.65	4.70	10.45	3.16	4.65	5.58	-0.64	0.76	-1.25	-1.25	1.89	4.52
-14.27	-0.94	9.61	12.44	2.83	-0.28	-0.57	0.77	0.14	-0.55	-1.67	-1.32	0.77
-17.72	-2.04	11.27	9.70	6.00	1.37	2.76	4.01	1.50	1.80	-1.32	-2.63	-1.67
-9.95	-0.27	8.43	7.39	0.41	3.59	3.84	2.71	5.24	-2.07	-4.08	-0.47	0.49
-9.56	2.70	4.78	2.86	-0.10	0.09	-1.03	-0.13	-1.56	-0.20	3.27	2.44	-0.56
-8.32	1.86	7.18	9.47	3.67	5.91	1.07	-1.48	1.18	3.35	-0.92	2.07	3.30
-13.39	5.39	2.91	7.66	1.67	2.29	-1.11	0.58	1.78	1.79	0.08	1.15	3.30
-16.13	-0.81	2.84	4.66	-4.21	1.03	1.85	-3.32	-1.06	5.06	3.99	-1.64	-1.31
-11.25	-0.47	-0.48	0.43	-2.44	3.79	5.86	1.78	0.26	4.62	-0.23	-6.80	-6.01
-12.87	-5.17	5.81	1.38	-5.67	1.39	0.53	2.69	5.08	3.51	-0.81	0.45	-0.17
-11.26	-2.86	1.85	3.38	-2.63	2.13	1.28	6.03	0.91	-3.28	-2.72	-2.88	-5.14
-7.47	-3.46	-3.93	0.52	-0.46	2.42	0.74	-2.40	0.06	1.84	0.41	1.70	-0.93
-9.26	-1.65	-3.08	2.25	-1.22	-3.11	0.60	2.39	1.27	2.96	-3.02	2.41	4.06
-4.29	1.76	2.35	2.51	1.61	0.48	1.82	0.87	-4.21	-3.51	-1.23	-2.63	-1.32
-12.29	-7.46	2.86	2.64	1.08	0.48	1.33	-0.78	-0.59	0.31	-1.65	-0.53	0.01
-15.05	-7.56	0.62	6.38	-3.73	-4.71	-0.48	2.10	2.03	1.91	-1.70	0.99	1.63
-9.97	1.14	3.95	5.29	0.59	-0.81	0.46	1.49	4.42	4.06	-0.74	0.59	-0.76
-11.88	-4.20	1.80	6.47	4.70	8.91	3.97	1.38	0.98	-2.57	-3.21	-1.45	-3.86
-10.63	-2.41	0.44	6.25	1.72	0.36	0.41	2.36	-1.84	-1.84	-1.18	-2.00	-1.75
-15.73	2.98	3.22	4.98	-0.35	2.39	-1.14	-0.21	1.32	-0.23	-2.84	0.06	2.23
-19.05	1.01	5.73	3.72	3.99	0.09	-2.83	0.49	-1.11	-0.34	-2.27	-2.05	-1.34
-20.86	4.69	1.98	6.12	4.57	4.71	8.10	-0.10	2.90	1.56	-0.04	-0.17	-1.86
-16.90	-0.23	7.50	8.50	4.24	5.30	4.83	0.33	-1.39	0.10	-2.79	-0.83	-2.40
-20.71	-3.06	0.19	4.03	0.31	3.22	-1.18	1.43	-0.94	1.97	1.42	-0.90	2.69
-19.74	0.75	1.28	4.99	2.21	2.46	3.92	3.70	0.93	1.17	-0.19	-1.76	-0.91
-14.67	1.96	4.38	3.61	0.61	4.82	2.79	-3.60	-3.44	-2.79	-1.42	0.42	3.39
-19.75	-2.30	6.64	2.80	-3.57	1.99	-1.00	5.23	4.44	5.47	2.56	-1.53	4.23
-10.37	2.07	7.18	3.11	-0.13	-6.14	-0.07	-0.79	0.11	0.74	1.79	2.26	0.28
-8.13	0.63	-0.58	6.53	0.03	-1.59	4.08	-5.66	-3.82	0.33	1.06	1.96	3.18
6.02	5.31	0.79	8.60	7.43	-2.61	1.01	1.03	-3.63	1.54	-2.14	0.67	2.23
2.87	10.02	0.76	5.00	10.09	-3.90	0.87	3.40	1.87	-2.22	-3.99	-4.36	1.90
-2.37	3.31	3.01	11.17	8.66	1.92	5.14	5.04	2.29	-4.60	-3.68	-2.33	2.14
4.47	-11.67	-0.20	7.03	-2.24	4.03	-3.15	0.97	4.68	0.61	-1.06	3.92	0.39
-11.14	-10.38	2.89	14.86	6.83	-1.08	-1.29	-3.93	5.87	0.38	-6.76	2.47	4.02
-4.78	-16.73	3.90	12.95	9.08	1.49	-3.32	-4.11	7.17	-2.80	-6.60	0.45	-1.13
-8.90	-7.24	0.68	6.16	1.15	-0.96	-4.04	-2.33	3.28	1.68	-1.27	-1.14	-2.69
-8.84	-9.87	3.94	10.02	6.32	7.77	-0.77	-2.36	2.46	-0.51	1.39	5.86	-0.03
1.35	-14.31	5.59	11.50	5.18	14.46	3.63	-4.02	0.27	-2.78	-1.32	1.58	1.21
-19.20	-23.45	15.44	2.25	6.89	5.94	-2.38	-7.50	4.61	-7.97	0.88	0.34	0.76
-12.98	-16.54	11.44	6.09	12.88	8.37	-0.55	-2.95	4.52	-3.64	-0.61	-3.25	-0.69
9.07	-30.12	19.11	12.25	6.82	9.00	-9.26	2.18	6.49	-2.31	-1.46	3.99	-5.37
6.56	-30.34	20.24	19.42	4.43	9.10	-7.05	3.30	7.06	-4.89	-2.73	3.17	-7.40
3.53	-33.54	23.23	20.18	3.12	7.65	-3.89	3.70	6.80	-6.70	-1.73	-1.31	-5.87
-3.39	-27.20	27.66	13.25	-4.42	7.47	-2.55	-2.08	4.90	-7.35	-4.49	-2.02	-1.53
-11.59	-13.62	14.38	6.84	-7.25	4.08	-0.86	0.57	2.73	-0.62	-0.44	-0.18	-1.15
-10.82	-26.28	30.30	16.99	-5.17	14.03	-2.84	4.89	10.45	-1.33	-0.72	-1.13	0.24
-9.29	-25.51	29.34	17.21	-4.91	12.08	-1.52	3.04	8.48	-2.10	-2.09	0.21	1.60
-10.20	-16.15	27.45	15.17	-6.08	7.83	-1.42	1.09	8.81	-5.60	-4.51	-2.35	1.74
-1.90	-20.09	29.17	16.83	-12.46	9.25	-1.91	4.86	8.38	-5.45	-4.23	-0.94	3.28
-0.69	-18.51	27.10	17.64	-12.45	8.02	-1.93	4.09	8.31	-9.73	-0.38	-3.60	4.76
-0.79	-15.77	27.19	16.02	-11.42	5.86	-3.26	8.91	6.60	-6.64	-1.98	-2.71	1.63
0.01	-20.07	16.32	8.35	8.05	0.89	2.42	9.09	10.06	-2.47	-2.18	-3.81	-3.46
-2.02	-13.22	2.77	7.33	2.36	2.88	-0.26	2.48	4.77	-2.76	-0.38	-0.81	0.78
23.78	-10.43	3.22	9.87	12.71	3.82	-0.28	11.43	7.29	-8.09	-8.94	-0.68	-3.30
21.48	-10.78	1.60	10.55	12.38	1.34	0.56	11.32	3.92	-5.61	-7.65	-4.33	0.86
20.56	-7.23	-0.46	8.82	12.32	-3.45	-1.23	10.09	3.60	-3.27	-7.00	-1.59	2.03
17.73	-4.69	-1.66	9.89	13.03	0.11	-3.77	9.38	5.55	-6.03	-4.91	-0.46	-1.23
14.84	-8.52	-2.23	12.21	11.30	0.75	-2.78	7.44	4.92	-4.56	-3.26	1.15	-1.30
14.80	-8.71	-3.33	15.07	16.32	1.28	0.23	8.35	0.80	-5.97	-3.75	2.12	0.36
10.36	-8.29	-0.81	7.61	12.36	1.32	-1.72	8.13	1.45	-1.71	-0.90	4.43	3.98
1.26	0.38	0.55	2.23	1.11	0.37	0.66	3.59	0.53	-1.89	0.54	0.10	0.80
13.50	-9.83	-3.40	6.15	20.61	3.00	3.06	11.37	-0.29	-3.75	-4.31	4.08	0.78
15.59	-11.88	-4.11	10.22	19.36	0.33	6.23	11.89	-4.34	-1.62	-5.04	1.03	1.51
16.70	-13.46	-2.83	10.14	15.53	2.38	2.01	11.41	-2.31	-2.59	-1.46	2.25	3.23
20.41	-10.43	-5.83	11.83	16.42	0.30	1.49	10.32	-4.81	-1.48	-4.02	0.23	4.29
0.59	-8.84	3.60	1.25	14.81	7.32	4.57	-1.87	-3.00	-5.03	2.37	1.43	3.83
14.72	-8.56	5.39	-7.96	6.76	8.29	-5.63	-6.12	1.91	-4.03	6.36	2.63	-1.57
6.42	-7.27	-3.67	0.88	2.61	4.98	-4.06	-7.10	0.22	2.92	4.73	4.09	-2.77
10.50	-12.81	0.51	-0.86	2.90	4.47	-8.81	-9.90	-2.12	0.04	5.86	4.43	-1.31
22.21	-16.98	1.21	-2.02	2.08	6.70	-8.75	-4.27	-5.14	-1.07	7.30	4.54	-2.98
23.17	-23.19	4.38	-1.99	-0.52	7.96	-5.24	-6.38	-4.73	-0.54	6.10	1.88	2.30
22.97	-16.64	3.51	-2.20	-0.84	9.17	-1.83	-5.86	-3.56	1.18	2.05	3.90	2.34
13.11	-18.43	8.50	1.87	-0.63	10.27	-2.78	-7.15	-0.09	4.37	-2.04	2.50	3.39
9.81	-7.87	-6.36	-3.61	4.63	10.14	1.40	2.52	2.95	2.70	-2.69	-0.82	5.26
0.16	0.33	-1.81	4.20	4.61	2.51	-1.52	0.39	-1.42	-1.62	-1.79	-2.05	0.01
-6.22	0.33	-0.21	-1.34	-1.30	0.47	1.25	2.63	-0.80	-4.18	-2.16	-1.92	-1.36
-5.54	0.56	-3.44	-0.61	1.44	0.26	2.56	4.88	-2.78	-5.65	-5.65	-3.44	-2.11
-3.02	4.55	-3.20	-1.71	-1.58	-1.32	-1.66	1.15	3.00	3.79	5.94	-1.95	-4.32
-8.66	0.86	-4.76	-3.79	-1.67	0.05	-2.99	1.68	5.36	2.74	-1.41	-4.92	-0.52
-0.78	2.62	-3.52	-0.19	0.62	1.65	0.32	-0.57	-1.23	-0.33	1.63	-1.94	-1.23
-1.21	5.23	-2.19	-0.36	-1.61	-0.87	-0.92	4.21	0.50	1.84	0.24	-5.51	-3.23
-2.01	2.52	0.84	-0.20	-5.20	-3.81	-0.79	-1.03	0.89	-0.39	-3.11	-5.25	-2.92
1.10	3.22	0.22	1.08	-5.85	0.52	-4.15	-3.12	1.45	4.85	0.95	-4.09	1.05
-10.58	-1.94	-3.32	-2.05	-2.04	1.35	4.76	2.75	0.68	0.84	2.54	1.84	0.86
-7.05	2.29	-0.38	0.11	-0.86	1.25	5.43	2.62	0.79	-0.82	-3.11	-2.45	-2.23
4.88	-1.10	-1.46	-1.41	-3.57	-3.17	-2.07	-0.55	-1.45	-1.88	0.84	4.61	3.06
8.73	2.68	-5.15	-0.41	-4.09	-4.27	-3.90	0.01	-3.66	-3.11	-4.66	-2.32	2.48
7.38	4.34	0.80	-2.75	-4.64	-2.19	-7.80	-5.06	-4.19	1.90	-5.98	-6.29	-0.06
5.67	-2.82	-0.16	-3.63	-2.79	1.30	-2.51	-3.65	-4.98	1.28	-3.46	-5.37	-1.67
3.67	2.09	-2.16	-0.27	2.59	4.58	2.54	1.68	-3.92	0.52	-2.20	-3.40	0.56
2.72	-4.01	-6.94	-4.24	-0.47	10.98	9.04	-2.29	-3.07	-0.42	2.90	-0.27	-6.70
2.86	-0.01	-1.43	-5.66	1.04	3.40	-0.93	-0.31	2.61	2.62	1.57	3.64	2.37
0.98	1.83	-0.29	-0.04	-1.91	1.64	-4.08	0.51	3.25	2.16	1.57	-0.29	1.07
3.22	2.16	-2.51	-4.56	-4.70	0.34	-1.82	-0.52	0.12	1.85	1.00	2.94	3.88
2.66	2.51	-1.60	-2.06	-6.48	-0.25	-1.22	-6.23	-5.29	-0.35	1.22	2.05	-0.46
4.26	-1.65	-7.17	-4.84	-5.65	-3.56	-3.74	-5.81	-1.65	0.74	-1.27	0.02	-2.69
2.70	-4.40	-7.14	-7.56	-8.07	-0.80	0.76	-1.07	-0.55	2.05	0.98	0.43	-1.49
1.73	4.08	-5.79	-4.07	-6.52	6.47	-3.01	-1.65	-1.38	3.85	2.23	-1.02	-1.31
0.77	-0.10	-4.17	-5.57	-3.81	1.12	1.61	-1.16	1.06	2.14	-2.55	-1.28	2.72
-2.12	-0.23	-3.40	-9.18	2.17	5.96	-2.14	-4.13	-5.15	0.95	5.60	-0.26	1.29
-6.51	2.62	-2.10	-7.24	-3.19	-1.09	-1.71	2.61	0.65	0.42	-0.42	1.18	5.04
-6.48	-0.26	1.88	-3.08	-2.53	3.17	1.44	3.20	-2.03	-3.19	1.89	1.80	1.32
-6.79	1.49	-1.28	-0.80	4.84	5.73	0.42	2.23	3.64	-0.25	0.61	4.75	-1.97
-11.15	2.34	-0.85	-6.12	-0.50	9.28	1.61	2.26	1.72	2.55	-2.42	1.57	-1.75
-19.98	2.20	1.33	-0.30	-2.60	3.61	0.36	-1.69	0.77	-0.94	2.17	1.45	0.07
-10.54	-3.12	-1.25	-3.78	-3.62	1.75	3.23	-2.52	1.29	7.18	7.73	3.77	1.92
-9.91	-1.04	-4.57	-1.90	4.57	4.76	5.99	0.70	0.44	-2.83	0.61	3.27	-1.59
-5.92	3.40	0.62	-2.70	-1.66	5.85	4.75	1.97	2.19	-0.81	-0.54	-0.84	-0.27
-5.79	2.03	-2.05	-1.74	0.27	1.36	-3.02	-1.48	-1.40	0.58	2.21	0.76	0.75
-3.17	2.54	-3.91	-7.99	-1.92	1.76	2.14	-2.58	-4.76	0.93	4.50	3.37	-0.52
-2.84	-2.23	1.43	1.31	-3.20	2.28	2.21	-1.54	-1.83	-2.22	0.14	-2.26	-3.95
-4.93	-2.36	-1.32	-0.66	-2.78	-2.63	0.26	0.59	-3.18	-1.31	-1.97	-3.73	0.56
=== END OF SAMPLE ===
Next sample in: 3... 2... 1... GO!
-16.57	0.53	4.59	-2.37	0.27	2.35	3.04	7.35	4.00	0.52	-1.97	-1.81	-0.79
-14.91	-1.48	1.98	-2.59	-2.73	-0.10	-5.20	2.78	5.75	2.84	3.18	-1.57	0.82
-16.11	5.25	6.41	-0.09	-1.21	-0.02	0.30	-0.50	5.09	2.02	5.64	-2.08	-1.59
-18.60	-8.05	3.80	0.53	4.06	5.38	-2.19	0.56	1.98	-2.57	-0.94	2.49	0.71
-18.40	-5.63	4.36	2.14	0.66	0.08	0.23	-1.52	7.17	0.33	-0.07	-0.89	-1.64
-24.01	-0.60	8.25	2.93	-0.77	-1.08	-1.30	1.61	9.65	3.71	1.36	-1.95	-3.54
-18.40	-3.70	3.39	1.80	-1.15	-0.22	-4.18	0.96	1.50	3.70	4.37	1.50	-1.37
-17.59	-4.00	1.97	1.80	-0.47	-0.50	0.76	-3.55	-0.73	2.13	5.87	-2.36	-1.08
-10.20	3.03	5.05	3.43	0.11	2.27	1.34	2.52	0.84	-1.54	0.80	-1.48	-2.92
-12.09	4.74	8.76	5.13	1.65	2.53	-0.69	5.02	6.20	4.07	-2.06	-4.07	1.85
-14.76	6.28	4.23	1.56	0.99	0.48	2.61	0.78	-4.38	-3.42	1.32	-0.91	-0.64
-12.92	4.74	3.63	-0.09	3.02	4.09	5.28	0.90	-3.17	3.34	0.40	-4.16	-3.38
-7.39	5.95	3.50	0.05	0.14	-0.21	2.10	5.23	4.74	1.96	-5.05	-3.71	-2.74
-2.39	2.90	0.83	5.53	5.79	0.59	-1.61	7.03	6.10	2.39	-3.22	-5.17	0.67
2.11	8.34	4.45	4.79	6.33	2.98	5.67	8.55	7.62	1.49	-5.35	-6.12	0.15
2.46	11.13	3.79	4.53	2.56	1.36	1.82	4.95	3.80	-1.62	-5.57	-4.58	0.06
8.84	7.15	1.91	8.52	7.54	-0.54	-0.32	7.18	7.09	-1.56	-7.83	-1.90	6.34
7.91	6.88	0.82	9.49	9.83	-4.11	0.07	8.40	8.68	0.03	-5.34	-2.77	5.00
-12.04	-13.59	6.29	12.91	4.14	0.75	-2.60	-1.72	4.94	-0.60	-2.56	3.49	-3.11
-7.09	-12.46	4.05	13.40	8.39	-3.15	-4.13	1.08	5.70	-2.32	-3.72	1.52	-0.23
-3.40	-19.23	10.97	18.02	10.21	1.35	0.38	-2.64	10.88	-0.65	-2.52	4.90	-2.91
10.94	-35.61	24.32	16.37	6.00	9.37	-12.83	2.17	6.72	-1.90	-3.36	2.22	-1.48
10.60	-34.77	22.33	9.86	8.18	13.55	-16.75	4.28	7.77	-3.26	-5.97	5.27	-1.60
10.30	-36.33	20.18	17.04	2.85	11.24	-9.65	-2.17	9.30	-0.67	-1.28	2.61	-1.95
15.27	-31.00	11.72	13.20	0.78	12.23	-3.27	-6.51	4.96	-0.88	-3.18	4.26	-0.55
10.22	-9.81	5.37	13.00	2.64	7.33	-4.30	-3.75	7.88	-1.77	-3.54	2.36	0.85
-5.86	-15.01	13.87	17.74	1.17	2.16	-1.97	2.14	6.96	-1.84	-3.47	2.53	-0.56
-8.41	-13.04	8.86	10.48	-6.73	-3.09	-0.32	-1.14	1.46	-3.87	-4.25	1.12	-2.29
2.91	-32.55	27.45	22.10	-2.09	10.09	-4.81	6.17	6.36	-1.74	-3.11	5.51	-1.81
-3.38	-30.82	29.65	20.58	-3.72	11.37	-5.13	7.55	3.83	-0.16	-3.19	3.53	0.71
-6.32	-27.49	30.31	19.55	-5.82	10.16	-4.07	4.45	3.98	0.40	-3.20	2.93	0.91
-8.40	-27.41	27.84	24.14	-9.50	17.60	-4.14	5.76	2.66	-1.23	-4.70	0.03	1.79
-7.76	-21.93	26.05	23.60	-9.71	16.24	-5.07	3.39	4.48	0.99	-4.86	1.99	1.36
-9.37	-25.73	26.27	17.99	-8.43	13.48	-0.66	6.19	5.13	4.15	-3.59	0.92	-0.98
-14.19	-12.75	28.85	15.17	-6.15	7.51	4.18	7.27	3.37	-0.69	-7.13	-2.13	0.06
-16.17	-8.41	22.86	12.59	-7.15	-0.22	6.14	6.90	3.00	-5.25	-2.30	2.11	1.04
-2.09	-17.92	17.97	11.81	1.77	2.25	3.49	6.99	6.03	-2.70	-4.94	-1.79	-1.07
13.24	-11.47	6.57	11.66	6.72	0.90	2.73	7.59	6.96	-3.74	-8.60	-0.55	0.22
13.72	-9.96	3.40	11.36	10.09	0.64	0.32	8.47	4.77	-6.58	-7.02	-1.23	1.22
17.89	-10.70	3.17	11.12	8.33	0.59	-0.39	8.34	4.13	-6.90	-6.49	-1.50	1.94
14.28	-13.20	3.60	13.39	10.95	2.72	1.01	8.91	4.64	-9.41	-7.83	-2.66	0.39
13.11	-14.96	1.40	12.22	12.11	2.50	2.98	11.09	5.17	-6.69	-7.38	-1.08	0.00
17.69	-19.30	2.75	11.89	10.54	0.90	3.49	8.92	5.05	-4.18	-8.68	0.03	1.15
20.34	-18.70	0.48	11.66	8.48	-0.88	3.85	7.43	6.17	-2.36	-4.93	2.16	2.04
19.83	-11.39	2.73	1.85	6.22	-0.17	2.81	3.99	-0.78	-0.63	0.31	-0.86	-1.60
-10.89	-1.91	-1.75	1.58	0.80	0.14	0.62	1.58	1.23	-0.18	-0.76	0.82	1.90
17.97	-14.67	1.07	7.17	7.28	1.68	-0.84	5.60	0.59	-4.59	-1.25	-1.29	0.91
17.79	-11.80	0.83	8.08	8.71	3.20	1.79	6.11	0.09	-4.97	-3.67	-2.51	0.77
20.91	-17.59	0.60	9.79	10.45	4.36	2.71	7.51	1.25	-4.10	-3.05	-2.24	1.15
14.31	-16.40	1.13	8.16	11.89	5.96	3.72	9.17	2.01	-5.01	-2.07	-0.26	-1.23
11.12	-9.89	-0.65	6.28	13.19	1.34	1.76	8.93	0.29	-1.45	-1.52	4.14	2.12
9.44	-6.95	6.00	1.75	9.91	8.88	-2.00	4.43	0.23	-6.58	-2.87	-0.26	0.06
-9.22	-2.88	7.25	-2.62	2.57	11.12	-2.08	0.59	4.48	-2.13	2.51	-0.19	-2.79
-2.90	-3.07	3.43	-1.74	3.18	5.58	-7.05	-4.53	0.74	-0.22	1.37	-0.51	-1.63
14.64	-13.64	4.72	-0.80	3.05	7.25	-9.11	-4.61	-5.23	4.62	6.52	-1.30	1.23
15.51	-12.09	-0.11	0.12	1.24	8.60	-6.62	-4.03	-3.94	2.59	9.83	-2.54	0.07
11.84	-12.18	1.87	-1.30	-2.28	12.50	-6.99	-5.01	1.29	0.37	6.26	2.71	-1.81
20.70	-16.75	-6.37	-2.08	3.94	7.33	-4.50	-4.32	-2.38	3.28	2.87	-0.03	-0.71
5.40	-7.75	-1.40	-0.38	0.63	6.43	-0.09	-3.56	-5.73	4.88	-0.41	-1.14	1.09
-3.27	-6.43	-6.34	3.29	8.10	10.10	-3.17	-4.54	-6.12	-1.55	-5.04	-3.28	0.96
-4.31	-4.19	-6.35	1.61	-3.39	1.90	-3.17	-2.07	-6.13	-2.05	-4.30	-3.51	0.87
-6.97	0.17	-4.51	3.44	-3.04	-0.50	-4.41	1.80	2.55	2.92	4.67	-0.30	1.15
-6.22	1.39	0.05	6.81	3.31	1.80	-0.43	-1.04	-0.87	-0.32	-3.12	-2.71	1.89
-6.76	0.76	-0.87	-0.50	-0.61	0.82	4.37	1.61	-4.19	0.73	1.57	-0.66	1.61
-11.11	2.05	1.80	2.88	1.76	3.37	5.52	3.46	1.02	-0.61	-0.97	-0.05	-0.41
-6.65	8.94	1.34	2.83	-0.01	-3.12	-0.48	0.36	-2.30	-4.05	-1.57	0.63	1.19
-7.59	9.10	2.57	4.44	2.94	2.24	0.23	-2.68	-3.11	-1.34	-1.54	0.51	-0.67
-15.45	5.94	-1.79	0.44	3.11	2.44	1.89	-1.22	0.00	-1.01	-1.41	-0.42	-6.09
-14.37	1.46	-1.07	2.62	0.39	1.69	5.10	0.92	4.17	0.18	-0.16	0.49	-3.47
-16.43	1.24	-4.57	5.46	3.27	-0.77	0.44	-1.15	-0.13	-1.63	0.34	0.31	-2.69
-15.98	3.16	3.26	3.36	4.42	-0.69	-1.18	5.79	1.62	2.45	-0.86	-1.25	3.98
-16.50	3.82	6.95	1.51	4.13	0.23	-1.01	2.60	-0.17	-3.53	0.24	-3.93	-0.04
-17.24	4.29	8.47	4.82	3.48	1.52	-5.28	4.42	2.05	-5.19	-3.43	-3.13	-0.44
-17.90	2.31	13.14	8.45	4.52	5.00	0.91	6.89	-1.66	-3.40	-0.49	-5.86	1.60
-11.86	4.20	10.21	7.10	0.85	1.12	-1.47	-0.08	-5.51	-2.67	1.13	1.51	3.90
-7.13	-0.38	3.55	3.21	-2.90	-3.40	-2.38	1.47	0.63	0.91	-5.34	-2.66	-0.67
-13.74	-0.71	0.43	-0.56	-0.90	-1.29	-2.11	-0.91	-0.13	0.27	-0.65	0.75	-0.15
-12.48	-0.26	0.45	8.36	3.34	-0.72	1.13	-2.04	-2.73	-0.06	3.54	2.76	1.42
-2.45	-3.28	7.53	5.96	2.49	10.05	5.51	-0.75	0.15	-5.35	-2.79	-1.14	2.36
-6.55	-1.61	4.55	9.51	6.03	5.00	3.03	0.44	-1.94	-0.45	6.25	3.59	4.46
1.27	0.58	3.13	9.81	2.85	5.72	4.58	-1.44	-1.98	0.82	-3.37	-2.58	-2.19
-0.70	-1.46	4.68	7.26	-0.59	3.00	-2.46	1.75	5.18	0.29	-5.31	-2.90	0.29
-3.16	-2.13	3.53	5.16	10.12	6.71	0.29	2.71	3.29	-0.60	-6.04	-4.54	-2.90
-0.86	1.48	5.25	7.53	5.15	-0.63	-2.95	-3.20	-2.17	0.48	-3.74	0.86	0.25
-5.04	2.85	1.84	1.77	0.25	-2.36	0.23	1.42	0.99	3.73	-0.48	-0.92	-1.26
0.82	-2.15	5.78	10.36	2.89	0.92	-2.75	1.34	-2.20	-1.58	4.03	-0.03	-2.85
-1.16	-6.06	4.49	7.65	-0.42	2.27	2.46	3.65	-1.26	-0.89	-1.29	-7.94	-5.52
-6.84	-7.64	2.25	5.94	1.56	3.05	-0.89	-1.81	-0.02	0.14	-0.56	-0.45	-2.64
-2.75	-3.76	1.25	0.32	-4.14	1.77	-1.01	-1.21	-3.29	-3.98	0.88	2.29	-0.29
-4.41	-1.30	4.89	6.26	-3.25	0.81	2.02	2.22	-4.04	-3.10	1.87	-0.16	-0.12
-4.04	-7.23	2.67	8.96	-4.29	-0.83	1.55	3.85	-0.81	-0.08	-2.28	-5.60	-4.31
-3.34	-5.47	-2.46	0.97	-4.75	2.67	1.98	-3.27	0.46	3.96	-0.24	-5.62	-1.99
-1.29	3.29	3.30	6.17	3.89	2.76	6.32	-1.26	-1.12	-0.20	-2.62	-7.00	-4.18
1.90	4.67	0.39	0.35	-1.15	-3.84	2.73	1.33	-1.21	-0.87	-2.93	-4.51	-4.44
3.80	1.11	-0.62	1.73	-1.52	3.38	-0.29	-1.19	-1.34	-1.01	-1.04	-4.52	-2.41
-0.32	-1.33	2.36	1.71	3.80	5.20	3.24	-0.64	-2.45	-2.68	-3.97	-1.06	-0.49
4.55	6.40	5.34	3.05	0.02	-1.82	-1.34	-0.32	-1.76	2.34	0.92	-0.55	-0.67
-5.08	3.46	4.41	4.95	-3.30	3.08	2.37	1.49	2.07	-0.70	-1.04	-2.73	-1.78
-2.38	2.44	1.48	3.45	3.57	3.64	-0.44	1.93	1.19	0.87	-1.38	-6.31	-0.82
-0.22	0.95	4.77	3.32	-0.62	-3.96	1.46	-0.92	3.18	0.62	-3.20	-4.97	-3.36
-7.17	0.78	-3.60	-1.39	4.62	0.50	0.18	1.32	-3.14	-0.99	-2.66	1.20	-0.61
-8.62	1.23	-3.77	1.13	2.70	-1.53	-2.91	-5.32	-1.17	0.87	2.73	2.76	-2.83
-2.93	3.67	-3.24	-0.67	-0.09	-2.75	0.02	-0.11	-1.23	4.54	0.18	-1.04	2.85
-0.38	-0.88	4.53	7.65	2.15	-5.65	-4.48	-2.00	0.59	1.09	-0.66	-3.55	-0.03
-6.20	-3.95	-0.63	1.21	-0.56	-2.97	-3.63	-3.29	-2.04	0.78	-2.08	-0.96	1.84
2.14	2.85	2.20	-0.37	0.01	-2.46	-5.41	-5.81	-1.60	-0.54	1.98	-0.15	-0.41
-1.57	-1.49	-2.39	-4.25	-2.25	-0.70	1.61	1.91	-2.21	3.21	1.01	-0.86	-1.36
1.02	2.68	-3.63	0.05	2.46	-0.91	-0.01	-5.05	-0.71	2.69	-0.25	-1.20	1.52
-10.70	-3.25	-3.44	-1.84	-1.92	0.75	1.41	0.98	0.76	2.48	2.06	2.40	1.45
-9.29	2.83	-1.37	-0.86	-0.56	1.06	-0.13	-2.33	-0.46	2.27	-0.67	-1.39	-0.86
-2.69	1.00	-6.45	-1.89	0.34	-2.61	-1.15	-1.09	0.74	2.46	2.02	-2.99	-1.09
-6.26	0.02	-2.12	1.58	-4.58	-3.01	-3.78	-3.42	-0.86	1.29	0.50	0.95	1.03
-7.28	1.17	-3.85	2.07	-1.28	2.98	4.45	1.79	3.92	4.01	0.97	0.06	1.90
-0.84	7.41	3.53	0.64	-0.73	3.22	3.05	-1.57	-3.13	2.71	-0.25	-3.59	0.04
-1.04	2.88	3.14	-2.18	-5.43	1.26	0.25	-2.64	2.76	3.57	-0.39	-4.26	1.52
-5.22	5.65	3.76	-3.54	-3.98	-2.68	-2.26	-4.10	-3.14	1.98	3.36	-1.77	-1.48
-10.17	1.12	0.49	-0.41	1.02	-0.76	-1.79	-1.08	0.12	1.22	1.87	-1.35	-2.18
-7.42	6.79	7.25	0.11	-5.93	7.03	4.12	-2.27	-0.65	1.41	3.67	-0.10	2.96
-11.94	6.52	5.55	1.90	-3.50	-3.78	1.79	-1.35	-4.35	-0.33	-1.94	-2.92	0.06
-12.31	2.43	-0.11	-2.19	-1.19	3.41	-1.00	-1.17	-3.52	-3.42	-5.03	-1.71	-0.57
-12.19	2.41	3.46	-4.73	-3.71	0.65	0.38	3.12	0.53	2.91	0.11	-0.68	1.91
-5.63	10.62	4.62	-2.57	-0.40	7.33	1.21	0.50	-2.64	1.37	-1.27	-0.45	-2.88
-7.72	9.72	6.06	-3.73	-1.57	2.37	-3.55	-3.65	0.53	1.67	2.06	-0.57	-0.95
-1.26	11.75	2.48	1.38	1.82	-0.13	-0.29	0.51	-2.10	-1.55	-2.42	-0.37	-2.99
-8.95	3.69	0.96	5.65	4.31	2.88	2.28	-1.45	-2.39	-1.02	-0.75	-0.17	1.12
=== END OF SAMPLE ===
Next sample in: 3... 2... 1... GO!
-14.01	2.14	0.49	8.60	-0.78	0.92	3.58	-0.08	0.69	3.25	2.26	0.94	-3.51
-15.14	3.33	1.99	3.75	1.68	6.65	-0.31	-2.86	2.50	-1.78	-3.29	-3.70	-4.31
-7.35	3.33	7.32	5.26	2.27	1.20	0.57	0.37	-4.55	-3.90	-1.85	-3.34	-1.46
-12.48	-0.35	1.36	0.28	4.35	1.41	-1.31	1.04	-4.02	0.26	-2.29	-1.94	-1.94
-5.75	0.53	8.31	4.31	-4.61	-4.57	-2.31	0.22	1.37	2.05	-0.40	0.99	-2.65
-5.26	-0.63	0.39	1.48	-2.53	-0.45	0.92	1.80	1.57	-1.36	-2.66	-3.72	-0.68
-15.69	6.26	2.41	11.03	-2.11	0.73	-1.53	-0.12	0.24	-1.10	-2.92	-2.95	0.20
-16.91	0.80	2.10	4.67	7.16	0.47	-2.06	-2.78	0.36	-0.73	-3.00	-3.39	-1.80
-12.02	-3.27	1.08	7.96	-2.28	-3.01	2.87	0.63	-0.19	1.24	1.07	-2.05	0.21
-15.65	-3.84	1.49	2.08	1.11	0.26	0.60	2.08	-0.46	-0.39	1.26	-2.53	0.95
-21.35	-1.96	11.04	10.35	6.24	2.13	-1.58	-1.62	-4.90	-1.41	-4.60	-6.97	-2.86
-15.62	-1.51	9.29	3.58	3.86	2.27	-3.38	0.19	-1.28	-3.44	-2.55	-8.30	-7.48
-8.89	3.09	8.40	7.59	0.23	-2.99	-2.28	-0.67	-0.45	-4.02	-5.13	-4.00	-7.26
-5.78	5.09	8.55	4.19	-3.57	2.28	-1.91	-2.89	-5.33	-1.19	-1.78	-3.68	-8.01
-10.37	4.66	6.21	6.87	2.84	-1.39	-3.06	-6.06	-4.59	-2.68	-2.54	0.03	-0.47
-3.38	4.87	5.69	6.38	0.02	-4.24	-3.03	-3.07	-5.09	-7.59	-0.99	-0.10	0.63
-12.85	2.91	0.75	-0.74	-5.74	1.43	-2.56	-3.24	-4.48	-0.62	-7.74	-4.03	-2.43
-12.24	2.58	0.58	2.04	1.47	0.59	-2.52	-2.32	-1.46	-0.16	-1.47	0.02	-1.10
-11.07	-2.69	-0.42	2.93	3.82	-6.01	-0.99	-2.30	-4.04	0.11	-4.09	-4.11	-5.47
-11.25	-3.62	3.48	4.79	2.75	-1.22	-5.55	-0.10	0.26	1.15	-1.27	-1.80	-4.66
-12.09	-1.82	0.43	2.53	2.64	3.33	-2.77	-1.14	2.55	5.33	1.70	-1.03	1.36
-17.34	0.72	2.26	4.23	5.69	-2.73	-5.99	1.50	2.96	1.34	-0.04	-1.03	-5.52
-13.73	0.98	6.70	9.09	1.90	-4.47	-4.04	-3.79	0.03	3.41	-1.98	-6.27	-5.26
-18.15	3.19	2.65	6.84	3.86	2.84	1.26	1.01	-3.57	-1.54	-2.65	-4.95	-4.99
-9.17	-2.58	0.99	1.26	1.73	1.78	2.36	0.85	0.29	1.81	1.90	0.55	0.69
-10.57	2.20	-0.13	1.81	-1.09	1.98	4.70	2.74	1.09	1.61	-0.56	0.93	0.21
-15.30	4.77	5.94	2.70	-0.05	-1.31	2.18	-4.54	1.41	4.74	-2.70	-0.28	-2.61
-24.24	1.17	4.52	5.35	1.49	3.18	3.93	-4.90	-4.00	1.39	1.17	1.34	1.00
-23.65	5.92	-2.62	0.87	6.48	1.74	0.44	1.77	4.55	1.72	0.64	-0.20	-2.34
-26.58	-2.08	3.88	3.01	-0.56	1.13	-1.17	0.33	4.18	3.18	-0.24	0.59	-0.86
-16.56	1.31	3.07	6.19	5.38	4.13	1.09	-2.10	-3.63	-1.11	4.51	-1.09	0.15
-24.25	-2.26	1.02	1.97	3.36	1.44	0.61	-4.05	2.97	5.19	0.89	-0.67	-1.69
-15.92	2.25	5.97	0.17	-1.48	-3.34	-1.37	-1.82	4.80	1.16	-1.36	-0.26	-0.88
-19.22	-4.24	3.31	0.52	-2.49	-1.67	0.21	-4.37	-0.44	0.44	-0.69	-1.78	-2.79
-7.12	-2.22	5.28	-1.41	-4.71	-0.81	1.65	-3.23	-4.49	-0.77	0.45	3.20	0.43
-6.15	-1.96	-4.32	-4.18	-5.33	-0.97	0.63	0.01	2.33	0.64	2.04	3.90	1.87
-5.65	1.42	2.95	-3.48	-6.87	0.75	-0.18	-2.10	-5.10	-4.42	-1.26	2.94	2.93
-7.55	4.04	3.39	-4.56	-4.78	-1.50	0.21	-1.71	-0.81	-1.68	-0.96	4.42	3.66
-6.41	4.32	1.06	-1.91	-8.06	1.82	-1.25	-0.21	-2.39	-4.46	-1.72	4.34	2.96
-6.88	3.18	-4.02	-4.97	-4.20	-0.78	-5.61	-4.14	-0.91	0.80	0.94	-0.62	1.51
-8.32	0.90	-9.11	-2.68	-7.54	-1.21	-1.01	-0.04	-3.76	-2.22	0.21	4.76	5.59
-6.07	1.06	-6.74	-10.68	-9.08	-0.86	-0.16	-3.60	-4.75	0.21	2.94	-0.30	-3.18
-2.49	-11.13	-4.70	11.06	8.97	-3.14	3.27	1.66	1.87	3.36	-1.92	0.09	-2.38
-6.48	-7.10	0.95	8.28	5.87	2.32	-1.89	-0.50	9.20	-0.34	-1.97	4.47	-4.38
2.71	-12.08	9.22	13.70	10.84	2.35	-1.54	0.10	9.40	-1.67	-4.16	5.98	-0.36
9.28	-19.49	9.57	18.05	7.30	3.18	-2.81	-0.89	7.58	-2.47	-1.32	3.50	-3.01
17.11	-30.36	17.74	19.47	1.83	10.74	-11.15	0.69	6.73	-1.77	-2.97	5.19	-4.57
18.35	-36.25	21.54	14.28	3.88	11.97	-11.23	0.91	6.48	-2.68	-2.13	5.35	-6.55
19.85	-36.43	21.87	15.50	3.83	11.55	-9.23	-1.80	6.09	-3.71	-0.69	5.52	-5.41
25.70	-38.78	21.66	16.68	3.30	16.54	-8.80	-1.20	6.45	-3.77	2.18	2.10	-5.41
-5.78	-0.25	1.19	5.01	3.08	0.93	-0.84	2.25	4.30	0.66	-1.46	-0.43	0.01
-2.68	-8.05	4.04	10.82	2.15	-0.52	-1.74	2.12	4.28	-0.07	-0.71	1.17	-1.36
11.21	-31.36	19.16	20.94	-0.28	8.62	-8.92	5.48	9.06	-3.69	-1.44	6.94	-3.15
8.04	-35.21	26.43	19.15	-0.47	7.67	-7.23	6.83	9.45	-3.92	2.11	7.20	-1.72
-0.23	-25.59	23.06	21.42	0.74	9.02	-3.77	11.49	13.42	-2.33	0.80	6.56	-0.77
-8.32	-27.41	28.48	24.18	-0.53	16.28	-5.60	9.67	10.85	-2.79	2.12	8.70	0.16
-9.06	-27.40	32.41	22.16	-0.67	17.27	-5.56	9.50	4.86	-4.96	2.22	3.81	1.01
-12.32	-20.58	29.22	22.38	-2.88	17.88	-4.61	11.68	2.49	-3.86	3.47	4.01	0.39
-10.16	-1.29	13.50	4.38	-2.38	1.49	0.37	2.88	2.19	-2.51	0.36	3.68	0.66
-2.81	-16.32	31.05	16.56	-10.14	8.55	-4.51	8.41	-0.11	-6.35	-1.15	0.24	0.09
1.04	-19.50	30.33	9.25	-4.08	2.24	-0.58	8.52	7.44	-9.21	-3.10	1.12	-1.83
9.69	-19.70	26.27	8.77	-1.86	1.87	-0.57	7.57	7.00	-7.10	-3.95	1.18	-0.85
13.11	-15.56	10.84	9.38	3.29	5.36	-2.69	8.09	10.35	-5.22	-4.04	-2.46	-2.78
22.61	-12.46	5.58	11.35	8.49	1.09	-1.35	9.42	8.10	-9.27	-4.76	0.37	-4.14
21.88	-12.38	6.86	7.28	7.18	2.40	-4.41	10.59	7.19	-9.58	-2.97	-0.16	-4.17
21.27	-9.39	5.07	4.96	9.58	2.69	-3.34	12.77	5.69	-7.01	-3.04	-1.49	-2.89
12.45	1.05	4.22	0.50	6.22	-0.17	-4.13	9.96	4.84	-1.31	-3.68	-2.03	0.12
-3.46	3.56	-2.57	-0.84	2.60	0.71	0.65	6.02	4.04	-1.30	-0.35	3.91	3.33
13.53	-6.33	3.78	2.31	12.20	4.58	0.95	8.95	2.84	-3.32	-5.51	-1.89	-0.08
9.13	-5.34	5.84	-1.57	15.06	5.12	0.36	8.07	2.13	-0.19	-6.16	-0.57	-0.92
6.34	-14.56	2.44	2.75	13.70	2.17	2.47	10.24	0.31	-1.41	-1.61	1.89	-0.71
10.22	-11.89	1.59	1.37	13.81	3.15	2.55	7.43	-5.05	-1.46	-0.03	2.68	0.25
7.23	-7.81	5.41	2.72	12.26	2.30	0.73	7.80	-0.52	-2.70	-2.11	0.72	0.17
13.59	-5.00	3.28	-0.98	14.27	2.88	1.27	4.77	-2.05	-0.23	-3.99	3.40	-0.41
10.65	-9.02	6.25	0.24	18.05	9.41	-0.19	5.38	3.07	-3.67	-5.90	1.94	-1.67
0.68	-13.78	11.63	-0.59	7.33	12.80	-2.82	-5.56	-0.57	-5.70	5.88	1.19	-0.85
-0.96	-3.06	8.56	-6.80	-1.83	9.57	-5.15	-5.05	1.44	1.57	3.47	1.84	-2.83
-2.18	-3.50	10.12	-1.07	0.78	7.29	-5.82	-8.37	-2.96	3.52	1.09	-2.41	-3.09
5.22	-1.61	6.98	-10.23	-5.15	13.45	-6.05	-9.56	-2.52	5.74	6.33	-1.05	-3.35
-0.19	-30.09	8.08	0.44	-3.33	4.61	-5.60	-4.28	-1.58	2.99	5.08	2.51	-0.78
5.36	-17.46	2.37	0.10	-2.80	3.09	-3.17	-5.54	-1.64	2.49	5.52	-2.90	-1.83
7.02	-7.86	1.95	-2.47	2.13	2.57	-5.35	-5.38	1.64	5.05	3.32	-2.55	-1.17
0.29	-6.28	2.23	-0.39	0.69	2.35	-3.56	-6.64	-3.54	5.03	2.54	0.82	-0.21
-0.35	-0.18	0.98	0.71	0.54	6.42	-2.07	-7.52	0.15	0.93	3.24	5.53	1.36
-7.92	-3.51	-5.55	-2.38	-3.31	-0.02	1.01	4.16	1.67	-5.01	-2.14	-1.28	-1.11
-5.98	-3.36	-2.44	2.10	0.75	3.36	3.62	1.08	1.77	-5.58	-1.60	2.76	2.29
-16.71	-6.76	-0.05	5.75	4.59	-0.50	-3.78	1.37	2.45	-3.72	-0.55	2.52	1.30
-13.59	-0.42	2.04	0.02	4.25	0.40	-3.08	3.01	2.68	1.37	0.84	-0.52	1.04
-11.24	1.34	5.15	5.36	2.62	-1.38	-0.83	1.07	1.38	-2.35	-2.55	0.98	-2.94
-12.51	1.26	3.61	5.11	3.90	0.46	-0.42	-0.16	-3.98	-0.00	-1.70	-2.93	-3.17
-9.19	0.32	5.75	2.91	1.02	1.10	-1.26	2.81	2.78	1.21	1.83	0.88	-0.17
-12.24	2.30	0.22	-4.20	4.99	0.97	-2.86	2.27	5.18	1.72	-0.95	-2.02	-0.47
-9.91	8.21	4.35	-2.25	1.65	3.02	2.82	3.63	2.90	0.62	-0.20	1.66	0.51
-10.31	3.51	1.82	4.27	1.20	6.01	3.07	0.40	-2.61	-4.26	-3.33	2.60	1.33
-6.02	6.49	3.21	-1.03	0.27	0.24	5.25	0.77	-0.66	-0.18	-3.31	0.97	-0.36
-0.02	1.70	1.08	1.20	1.92	4.20	4.03	0.50	-1.27	-1.36	0.87	0.90	-2.52
-3.88	9.87	4.86	4.56	4.78	-0.11	-6.01	-1.18	-2.49	-4.06	-8.57	-0.13	1.68
-9.89	5.49	5.31	-0.62	-1.69	0.82	-1.46	-1.10	-3.24	-1.32	-3.84	-1.80	-1.00
-9.42	4.15	4.93	2.28	2.76	2.52	3.94	-0.65	-3.60	2.11	0.22	1.80	-0.03
-17.76	4.73	4.42	1.38	7.84	-1.14	-3.45	-2.58	-4.72	1.01	1.28	3.74	0.34
-19.94	5.32	4.58	-1.18	1.84	-1.99	0.69	0.36	-4.35	-0.97	-3.78	1.75	0.55
-28.58	-0.16	1.84	-3.14	2.42	-1.88	0.59	1.01	0.75	0.23	-1.63	-0.62	-2.41
-22.73	1.44	5.88	-1.09	5.34	3.90	1.17	-0.81	-3.57	-2.63	-6.47	-2.78	-1.38
-20.97	2.82	6.21	-2.88	2.62	-0.40	-3.25	1.90	3.47	1.11	-5.84	-1.01	1.33
-16.47	9.57	7.71	3.74	12.09	1.79	-4.59	-0.51	-2.23	-4.71	-8.12	-6.37	2.62
-16.18	5.38	7.26	3.39	10.36	4.62	-2.43	3.36	1.71	-1.01	-7.93	-5.88	-1.94
-14.93	4.14	5.39	3.73	8.76	4.15	-1.79	-4.05	-2.03	-0.99	-6.16	-3.57	0.50
-10.54	-4.78	4.29	5.34	4.42	-2.45	-1.87	0.51	-3.77	-2.84	-2.98	-2.15	-1.96
-11.25	-1.07	8.64	5.60	5.75	-1.68	-10.61	-6.87	0.92	0.67	-4.65	-1.32	-0.56
-9.78	-2.85	-2.76	0.22	3.36	-3.86	-7.86	2.83	0.74	-0.47	-4.56	-2.63	-0.45
-7.72	-2.04	-2.54	-0.82	-2.12	-2.80	-4.01	-4.23	-1.06	-0.16	-1.51	-2.79	-2.02
-8.36	2.28	0.97	-0.57	-0.63	-2.43	-4.60	-4.15	-1.77	3.20	1.67	-4.08	0.07
-7.18	1.56	3.53	7.65	9.25	-0.09	-1.61	-2.90	-5.68	-4.67	-5.63	-7.51	-0.96
-14.15	3.67	4.15	11.83	10.86	4.03	-3.06	-2.77	-0.05	-3.16	-5.64	-6.16	-2.64
-15.45	4.36	1.51	4.00	2.25	1.78	0.35	-2.60	1.96	-3.05	-3.56	-4.49	-5.67
-9.45	1.62	2.09	3.77	-2.43	-0.23	2.26	-3.91	-1.28	-0.65	-5.56	-3.20	-2.56
-10.58	6.52	7.57	5.24	-3.78	-1.71	0.58	-4.66	-0.66	-2.07	-5.38	-2.27	-2.00
-10.34	4.87	7.00	5.49	3.19	-1.10	-1.69	-3.79	-0.86	0.53	-2.33	-3.03	-2.81
-13.42	1.48	0.35	0.38	0.77	-3.46	-6.53	-2.60	1.46	-1.37	-2.68	-2.09	0.58
-8.56	0.62	-2.74	0.15	-3.85	-6.14	-3.87	-5.56	-1.42	-0.54	0.30	-0.01	-4.25
-15.38	4.78	2.94	9.77	8.24	1.08	-2.64	-0.98	-0.83	-1.15	-5.00	-5.69	-2.08
-11.03	4.50	4.70	6.68	4.42	1.39	-0.52	-0.73	4.99	0.01	-1.01	-3.90	-4.04
-13.38	-0.30	2.17	6.38	1.51	-2.00	-5.01	0.59	4.01	0.43	-2.35	-2.39	-0.67
-15.56	1.78	-0.13	1.58	-0.84	2.90	0.80	1.45	2.95	2.33	-0.44	-3.47	-1.11
-9.08	5.54	4.40	1.84	0.64	1.60	1.72	3.17	0.01	0.26	-3.16	-2.21	-3.15
=== END OF SAMPLE ===
Next sample in: 3... 2... 1... GO!
-0.74	1.43	4.20	0.71	-8.38	-3.46	-0.35	3.79	1.43	0.31	-1.48	-1.72	-0.35
-1.73	4.53	3.59	0.33	-4.46	-2.15	1.27	1.47	1.99	3.94	-4.28	1.07	-1.31
-4.13	3.93	2.08	2.31	-0.20	3.15	1.17	3.14	2.86	2.41	0.53	-0.26	0.13
-3.40	1.32	7.99	-0.22	-10.55	-1.77	2.21	8.31	5.95	3.85	5.34	3.41	1.94
2.64	4.98	10.62	1.88	-5.70	-4.68	-2.99	5.55	6.17	1.40	1.28	1.78	-2.99
1.87	6.35	14.89	5.60	-3.59	-2.58	-2.58	1.99	8.85	-0.95	-0.02	0.40	0.40
7.61	0.55	8.27	7.14	-3.50	-3.71	-2.68	1.05	1.13	-2.31	3.42	3.46	-0.75
5.61	0.83	7.77	4.77	-3.07	-3.99	-1.40	2.38	0.43	-5.56	-3.37	3.25	-0.29
-1.94	-4.36	3.12	1.92	-3.70	-2.64	-4.74	-0.84	1.08	-4.55	-0.51	4.32	0.26
-7.30	-9.98	-0.67	1.98	-0.97	-3.54	-3.28	-3.07	-2.87	1.66	4.98	2.70	-0.22
-3.07	0.02	18.26	9.66	-4.11	-4.30	-3.77	1.65	4.45	-0.40	-0.35	-0.23	-1.98
-4.38	2.26	3.61	3.74	1.04	0.11	-0.80	-0.09	-0.77	-0.65	0.83	1.13	0.36
3.51	3.42	9.03	4.86	-1.07	-1.29	1.43	-1.43	-0.47	-1.35	0.13	1.22	-2.20
4.40	1.01	6.53	6.78	-1.16	-1.20	2.08	3.58	2.44	1.87	1.27	1.40	-0.42
0.92	-1.81	6.84	0.77	-3.88	-3.49	-3.16	3.25	0.66	3.78	0.49	-0.42	-1.46
5.43	-0.96	5.88	-4.44	-1.41	-3.15	-2.23	-0.27	-2.50	-3.27	3.04	1.73	4.87
-5.55	9.24	10.30	1.77	-4.64	-6.08	-0.64	0.77	-1.66	3.21	3.08	-1.84	0.31
-5.86	11.11	9.99	-0.69	-3.65	-6.43	3.74	-0.05	-2.02	-1.41	0.72	-2.48	0.33
-21.08	15.64	4.24	3.57	-1.95	-1.20	-0.51	3.55	2.49	0.40	2.85	1.36	-1.32
-26.10	1.00	10.46	3.43	2.75	-1.59	-2.51	6.12	5.36	1.43	1.01	0.56	-2.32
-2.28	-1.79	10.52	2.22	-7.66	-3.95	-4.42	-0.42	1.97	-2.48	0.40	-1.53	-1.43
-2.83	-0.99	5.86	6.81	1.81	-0.17	-3.98	0.69	5.94	-2.12	0.65	-3.22	3.37
-6.70	-0.55	5.76	-0.82	-4.00	0.01	-3.82	1.23	2.45	1.85	3.76	1.75	2.11
-5.35	-4.19	11.56	1.65	-0.71	0.59	-1.85	3.63	5.77	0.58	-0.54	-1.29	2.95
-1.60	-9.33	4.52	1.54	-0.12	4.00	-3.42	2.20	5.06	-0.06	-0.64	-1.36	2.87
-2.97	-0.76	1.97	1.88	4.87	5.89	-1.23	-1.25	5.24	-0.87	1.85	-0.02	-3.36
-6.49	-2.98	-5.19	-2.72	0.47	0.31	2.99	6.02	5.00	3.88	3.64	2.30	-0.20
-9.96	-0.51	1.69	2.43	-1.15	-0.71	-0.18	0.06	2.31	3.62	-0.66	-3.39	-2.07
7.63	1.99	3.98	2.03	-2.46	1.08	-1.41	-1.10	0.24	2.28	4.72	-1.96	-5.42
8.43	-0.28	9.48	2.81	-3.65	4.48	0.50	-4.03	4.85	1.42	4.32	-1.39	-1.78
2.94	-5.56	8.45	2.29	-5.24	0.90	-0.25	1.83	2.60	0.09	2.60	0.40	-3.94
7.07	-4.10	9.99	2.69	-1.90	6.78	-6.77	3.48	7.42	5.42	1.20	2.09	0.46
6.74	-4.52	6.55	2.15	-0.59	2.37	0.39	4.00	4.34	0.46	4.49	0.61	-1.06
4.81	-7.27	3.07	-0.87	-1.68	4.03	0.85	4.11	4.28	-1.00	3.88	0.00	-1.01
2.36	-5.74	7.12	3.44	1.23	5.78	0.68	3.23	1.35	-1.50	1.78	-3.62	-7.12
-2.79	1.85	13.32	6.42	-1.10	4.17	3.87	7.17	5.01	-2.43	2.22	-0.84	-5.91
-6.71	1.19	5.40	4.15	-0.61	3.99	-1.12	1.45	-2.16	1.42	2.36	-2.49	0.97
-10.07	0.23	2.52	4.30	0.16	-1.06	2.96	2.52	2.97	0.63	-0.42	0.21	3.66
-14.76	3.62	6.64	2.93	1.47	0.27	0.82	2.42	-1.04	3.26	0.45	-1.87	-0.39
-11.08	4.05	9.83	6.92	1.57	-1.92	-5.98	-0.45	0.73	3.32	2.55	-3.69	-2.34
-14.10	2.75	10.51	9.16	2.36	-1.78	-0.58	4.16	2.03	2.21	0.15	-3.48	-1.05
-17.69	2.45	13.21	5.72	3.26	-0.72	-0.12	4.83	-1.45	4.74	5.53	1.68	0.91
-12.38	3.77	9.74	4.88	-1.47	-0.50	0.98	2.71	-2.75	-0.84	-3.33	-1.87	0.55
-0.97	1.17	11.65	7.15	0.55	2.61	3.17	6.04	0.53	1.58	-3.13	-7.75	-0.07
-0.13	5.59	13.49	4.18	0.78	1.22	3.72	5.65	0.77	-0.08	-2.93	-5.85	-1.84
1.69	4.62	13.22	6.75	-2.34	-2.49	3.99	7.60	2.55	2.63	-5.39	-4.78	-0.78
0.90	2.95	6.35	2.99	6.50	2.11	2.12	8.81	3.63	3.50	0.53	0.89	-0.21
-0.13	2.35	-4.94	-5.83	-1.63	4.20	3.41	5.67	7.36	1.93	1.04	-2.86	-4.41
2.23	5.51	-1.32	-6.67	-4.55	3.06	9.52	11.88	9.36	5.27	1.34	-4.82	-6.17
-6.44	3.52	6.70	3.39	-6.00	-2.07	1.00	6.68	2.85	1.34	0.18	0.87	-0.39
11.01	4.03	-2.37	-12.89	-20.02	6.88	4.99	6.34	1.79	1.51	0.16	5.02	-1.71
-4.20	1.02	-4.97	-7.09	-15.30	12.48	6.45	4.43	1.98	1.29	-3.19	1.24	-1.51
13.91	7.89	-5.07	-3.95	-17.61	9.35	3.75	7.27	1.72	1.26	-0.68	-1.22	-4.89
4.67	10.01	4.03	0.64	-18.76	2.64	7.02	4.19	1.98	-0.19	-2.41	6.51	-4.84
-0.73	3.08	-0.45	4.42	3.74	3.45	4.84	3.29	1.97	1.43	1.03	0.73	-0.22
2.35	5.36	2.18	1.58	-0.24	4.59	6.98	3.98	-1.17	-1.63	-3.13	-3.50	-1.93
15.19	9.55	10.87	7.06	-13.32	0.85	17.83	8.66	3.22	3.67	0.69	0.44	-3.48
15.57	10.73	6.40	5.25	-11.15	2.49	16.97	9.08	4.87	5.37	-1.41	-2.99	-6.08
20.96	12.32	9.30	4.43	-10.86	-0.91	15.46	7.40	-0.27	-2.07	0.97	-1.02	-4.81
24.79	8.36	7.50	8.30	-12.43	-1.07	14.48	6.67	-3.14	-2.10	-2.99	-3.78	-3.46
22.97	7.77	6.26	5.31	-9.55	0.54	8.32	5.69	-2.86	-2.23	-3.93	-3.59	-4.69
26.71	8.00	8.90	5.43	-13.57	0.62	8.37	3.66	-3.68	-3.47	-2.66	-6.17	-5.00
4.11	3.29	-0.92	4.50	3.29	5.31	2.65	-1.97	-5.81	-3.13	-1.22	2.28	2.78
14.67	-1.04	1.12	3.17	-0.00	8.99	8.57	-0.25	-7.93	-3.13	-2.27	-2.15	-1.14
17.19	-7.78	5.82	4.74	-10.15	20.48	5.83	0.05	-14.41	-4.03	-3.02	-0.92	-6.71
7.11	-12.11	6.69	12.66	-4.22	18.63	6.33	-7.50	-9.95	-1.23	-0.03	-3.80	-10.81
4.62	-11.47	9.56	6.98	-4.81	13.41	0.12	-7.78	-3.95	1.01	4.44	-4.88	-10.19
6.21	-13.03	10.41	8.45	-6.83	11.18	-5.89	-2.52	2.59	-1.42	1.06	-8.51	-7.34
2.34	-10.97	17.05	4.76	-8.48	6.54	-6.98	2.00	0.72	-4.33	0.62	-7.94	-1.68
2.64	-11.89	22.02	7.35	-9.88	4.00	-6.83	3.30	-3.31	-1.72	1.00	-7.22	0.99
-3.63	-13.09	20.31	13.15	-8.18	0.93	0.99	6.68	-2.44	-0.44	-1.18	1.57	-3.42
-8.52	-4.35	21.68	11.42	-9.60	0.08	5.82	10.09	-0.64	-3.86	-0.50	2.30	-3.23
-6.49	-11.11	21.85	9.18	-10.63	1.02	8.97	11.55	-1.54	-4.50	-2.89	3.14	0.41
-7.58	-12.11	22.64	5.94	-13.16	-0.96	8.58	8.43	0.31	-1.01	-3.55	6.95	-1.48
-8.26	-10.23	19.09	8.97	-12.97	1.28	5.56	8.87	1.68	-2.97	-2.25	4.33	-0.89
-11.93	-12.29	17.04	9.23	-11.40	0.63	9.94	4.01	2.06	-1.12	-2.52	5.31	0.63
-14.26	-10.57	17.37	8.58	-10.00	0.83	11.59	8.17	2.88	-3.77	-4.50	2.37	1.52
-11.70	-12.89	15.63	9.15	-10.80	-2.17	11.65	8.62	3.60	-2.91	-3.11	2.79	1.83
-14.90	-6.10	14.72	5.86	0.30	-1.16	-0.59	4.16	2.84	0.19	0.82	3.95	1.20
-12.07	-15.69	8.46	3.93	-12.65	-0.05	4.89	0.11	3.04	-2.96	-3.07	0.71	-3.54
-15.17	-18.34	21.23	7.84	-11.45	0.87	6.34	5.88	7.14	-3.76	-2.24	2.11	-0.69
-9.37	-18.17	24.24	9.86	-5.35	2.48	7.28	3.86	0.95	-7.31	-5.52	-1.92	-2.02
-7.00	-14.39	22.95	9.58	-9.39	-4.54	3.32	1.62	3.36	-10.53	-0.47	0.09	-4.82
-2.55	-12.67	17.26	11.24	-10.14	-1.39	0.33	5.25	1.18	-7.74	-1.66	3.80	-0.87
0.63	-14.67	13.12	8.85	-4.70	0.70	-0.82	6.22	3.19	-6.35	-2.30	2.61	-1.26
2.30	-10.16	7.59	5.72	0.96	-0.36	-1.03	0.44	2.02	-4.93	-0.87	1.64	-0.72
-0.95	-1.03	-0.05	7.18	7.10	0.62	-1.89	-0.41	-1.40	-0.03	0.01	0.20	2.70
0.93	-1.84	-0.96	-0.19	3.04	1.71	-3.51	0.88	-0.37	-3.45	0.05	0.08	0.60
11.10	-14.65	1.52	2.01	9.30	0.79	-2.62	8.99	0.38	-1.85	-0.54	1.82	1.37
8.93	-16.96	1.45	2.80	9.45	0.25	0.25	9.60	1.47	-1.51	-1.30	-0.42	-0.62
9.99	-14.70	6.44	3.93	9.38	1.30	-6.92	7.64	-1.41	-1.69	2.75	-0.93	-0.72
12.54	-11.14	10.33	6.48	9.40	4.50	-8.16	1.45	-7.01	-5.89	2.57	-0.87	-0.73
12.68	-14.48	8.45	3.83	4.90	3.98	-9.11	5.39	-0.86	-2.40	2.43	1.37	-0.10
14.24	-8.36	7.77	6.45	8.18	6.00	-9.39	2.49	-5.62	-5.76	2.37	2.91	1.54
12.66	-7.12	7.98	1.64	3.28	1.87	-8.61	6.59	-1.42	-3.50	1.66	-1.86	1.94
10.08	-15.18	1.39	-1.99	4.82	3.15	-10.15	11.00	-0.79	-0.59	9.96	5.86	1.22
-5.37	1.73	3.98	3.70	2.89	1.23	0.63	6.19	2.72	1.25	1.71	-2.42	-2.05
3.82	-4.81	3.03	0.72	3.37	3.31	-3.78	1.94	1.35	-0.09	3.93	1.17	1.33
13.69	-11.00	5.14	-0.70	7.60	3.62	-9.07	4.21	-4.77	0.14	0.44	-1.30	1.74
8.21	-15.08	4.82	-0.68	5.05	6.56	-4.77	7.09	-2.09	0.92	3.09	0.16	3.11
8.66	-13.20	6.26	-0.25	7.44	5.41	-3.15	10.28	-4.01	-2.34	2.75	-1.86	2.36
9.13	-7.02	11.64	-3.22	5.84	3.15	-5.50	8.74	-3.75	-3.01	-0.71	-1.51	2.46
2.71	-1.11	0.17	0.76	6.24	3.74	1.42	-4.05	3.00	-5.06	2.18	-3.97	3.70
10.58	-7.58	0.48	-2.04	5.40	4.25	-0.78	-3.39	1.34	-0.29	4.88	1.22	-2.41
7.66	-9.76	0.41	-5.10	8.63	0.45	-2.54	-1.68	0.25	3.87	6.00	2.16	-3.47
6.62	-10.27	1.02	-5.27	6.27	0.74	-4.99	-2.90	0.69	1.50	6.64	2.16	-3.63
10.65	-9.38	1.19	-4.34	6.35	3.72	-1.43	-1.69	-0.33	0.59	7.68	-2.02	-6.55
9.86	-10.70	-1.63	-1.77	5.50	1.80	-0.08	-2.39	-2.73	1.53	7.19	-1.66	-3.35
11.80	-11.02	2.69	-4.51	2.93	4.80	-3.27	-1.12	-3.93	3.88	7.78	-0.16	-1.52
14.95	-13.17	1.50	-3.76	3.20	4.75	-2.29	-1.29	-3.00	3.37	8.57	2.42	-4.30
11.02	-11.56	-0.77	-2.78	5.04	5.88	-4.78	-0.86	-0.87	2.67	6.55	1.94	-2.55
7.90	-12.04	1.86	-4.08	4.43	3.02	-5.44	-1.77	2.52	3.18	6.93	0.83	0.47
2.32	-10.65	6.76	-3.43	2.08	5.87	-3.76	0.54	-0.27	3.47	4.65	6.35	0.13
1.17	-10.01	6.10	-0.18	0.18	4.30	-5.47	1.68	1.71	7.50	5.07	0.16	0.37
-15.72	-5.93	-2.62	-4.06	-3.35	-1.59	-4.04	-3.32	-1.64	-4.18	-5.13	-0.61	-2.99
-3.62	1.85	4.23	2.80	0.42	0.97	-2.38	-2.24	-1.33	-4.97	-1.51	4.79	-1.47
10.88	-0.52	5.20	-0.42	-3.32	5.02	-5.74	2.69	-1.65	-7.35	-0.56	-2.39	-3.89
9.36	1.63	11.08	2.80	-4.31	0.56	-5.13	2.48	2.48	-4.75	-1.62	-1.00	-3.28
7.86	-1.92	9.72	0.58	-6.70	3.13	-2.94	-2.04	0.69	-6.15	-1.18	-0.32	-2.92
10.59	1.45	9.05	-0.64	-5.67	0.12	-3.42	1.20	2.78	-4.50	-4.05	1.18	-2.35
7.85	1.81	8.30	1.52	-7.35	1.84	-6.06	-2.70	1.39	-3.71	-4.31	-1.57	-1.36
7.83	5.88	9.89	-0.48	-4.79	3.84	-8.29	-8.41	1.74	-1.01	-3.62	2.07	-0.13
-0.57	3.67	5.39	-1.37	-2.11	-0.30	-4.64	-0.02	3.19	1.22	3.25	0.03	-4.71
4.68	-0.28	8.05	-2.77	-3.90	0.97	-4.79	-1.19	-1.91	-2.86	-2.03	-1.14	0.80
-5.69	-1.36	6.96	1.28	-1.83	5.74	-0.09	0.98	0.86	0.25	-1.47	-1.92	-6.88
=== END OF SAMPLE ===
Next sample in: 3... 2... 1... GO!
-2.81	-1.60	1.65	2.89	-0.83	6.90	4.51	-0.02	1.69	1.17	4.95	-1.08	-2.59
-2.82	-3.27	0.75	2.40	-4.14	0.53	1.28	0.82	1.00	0.30	-2.44	-3.04	-3.32
1.64	-1.74	3.83	1.91	-4.76	-0.97	-0.44	0.88	1.73	0.65	1.22	-3.02	-4.42
1.04	-5.27	-0.17	2.22	-6.92	-2.50	-4.83	-4.54	3.02	2.62	5.18	0.77	-2.90
-4.23	-0.95	-1.66	2.02	-3.46	-1.66	-0.96	-5.68	-1.38	3.47	3.51	-2.07	-3.72
-2.95	3.25	2.66	2.46	-2.53	-1.48	-4.78	-2.40	-0.43	-0.36	-3.34	-6.02	-5.41
-3.38	-3.41	-6.27	-0.62	1.13	-0.73	-0.43	-0.68	4.04	0.99	2.92	0.85	-2.24
-16.12	-17.36	9.43	-4.04	-0.35	7.04	-3.61	0.14	-0.79	-0.33	1.20	-2.06	-1.22
-9.25	-13.37	-2.43	-3.08	0.37	-2.10	-5.06	2.05	3.70	-1.88	-3.84	0.85	0.61
-5.56	-7.75	4.57	1.62	-5.02	-2.88	-1.88	1.65	2.66	-2.05	-3.08	-1.15	-3.23
-6.74	-6.42	4.29	-1.06	-3.57	0.38	-1.49	-2.59	4.44	-0.70	1.52	4.80	1.65
-9.11	-8.43	1.61	-0.51	-3.48	-2.32	-2.67	5.17	5.72	-1.67	-0.48	2.95	-1.16
-7.29	-7.08	4.35	-2.56	-3.76	-2.87	-3.82	-3.38	-0.17	4.25	1.52	2.51	0.70
-5.48	-1.69	8.01	-2.16	-5.17	-0.05	-3.50	-0.90	6.59	5.38	4.14	2.54	0.23
-4.08	-3.04	4.11	-0.41	-0.13	2.06	-0.05	4.06	3.90	1.89	4.92	1.14	3.23
-9.97	3.29	7.22	3.91	-0.53	-0.94	-2.50	-5.15	4.25	-4.38	-0.66	-3.02	-1.10
-13.95	-0.76	4.12	4.92	-0.58	4.04	4.41	-4.02	-1.02	-2.75	0.37	-0.79	-1.06
-16.08	-1.89	4.31	7.35	-4.29	-3.08	5.23	-1.93	1.51	-5.50	-4.77	0.32	-2.30
-12.80	2.61	6.47	5.60	-0.20	-0.83	2.22	1.25	2.07	-1.18	3.93	4.65	-0.34
-19.91	-1.52	9.28	5.94	1.99	3.82	5.57	0.94	-0.64	-4.10	-2.29	-0.38	-3.14
-18.35	-7.03	5.33	2.12	-3.42	1.80	5.10	4.40	2.33	-6.18	-4.93	-3.20	-0.96
-25.26	-7.90	0.27	-0.82	0.56	9.54	4.34	6.00	-0.64	-1.16	4.66	2.51	0.84
-14.50	-6.80	6.74	8.61	3.43	0.31	3.48	4.36	1.80	0.09	7.52	3.35	3.83
-12.95	-6.09	8.83	9.33	2.59	0.07	4.25	8.88	8.05	-5.08	1.10	5.49	2.33
-12.83	-10.57	10.12	11.02	-3.98	-6.19	4.29	8.15	7.86	-3.70	4.58	3.42	-2.39
-12.79	-9.17	9.76	13.02	0.97	-2.84	4.75	6.64	5.60	-4.81	3.53	9.10	0.82
-12.21	-7.30	2.52	1.54	0.69	1.82	2.49	8.93	0.13	-5.95	1.86	0.96	-5.05
-3.55	-0.19	9.64	7.43	-3.07	-2.11	-2.86	3.98	3.73	-2.35	-0.13	3.11	-0.94
-1.11	1.99	10.53	2.64	-4.77	-3.53	-0.25	4.20	6.18	-1.61	2.80	4.34	0.09
-0.48	-5.20	6.58	6.05	-4.91	-5.03	0.18	4.55	2.65	-1.36	-1.97	5.01	0.57
0.89	-2.85	4.93	2.35	-6.00	-2.55	0.62	4.72	5.76	-1.78	-0.05	3.44	-2.92
-4.64	-0.51	9.25	-4.37	-9.41	-2.78	-2.65	7.06	6.33	-0.98	-2.80	0.10	-5.11
-5.16	0.46	5.99	-4.09	-8.11	0.25	-0.82	6.11	7.04	-0.31	-2.08	-0.60	-4.99
-9.20	-3.66	4.73	-3.50	-5.09	-0.24	6.44	7.22	8.75	3.54	-0.74	-2.55	-5.03
-2.14	2.31	6.90	2.41	0.61	-0.82	-3.40	2.63	3.10	-0.16	1.39	-3.65	-4.50
-7.34	-0.49	1.42	2.17	-1.10	-3.09	-1.68	3.15	3.59	-2.95	-3.90	-4.86	-3.17
-13.15	-5.87	8.09	9.05	5.43	-0.32	-5.78	2.63	3.92	-1.77	-1.00	-5.26	-6.47
-8.83	-5.39	9.57	7.82	2.20	-2.37	-4.76	1.77	2.45	-4.12	0.13	-2.74	-4.90
-7.59	-4.48	10.35	6.96	4.39	0.50	-1.45	5.40	0.97	-3.74	-2.70	-0.19	-3.35
-9.24	-7.25	8.51	7.06	2.98	0.52	-2.60	3.94	6.06	-1.47	0.97	0.01	-4.49
-11.85	-6.13	3.67	2.35	-2.05	-4.96	-5.45	3.76	7.99	-1.65	1.80	-0.99	-4.96
-9.58	-9.27	9.96	1.89	-1.32	-0.04	-6.34	5.85	6.22	-0.01	1.33	-0.25	-2.64
-10.21	-2.53	0.23	4.17	-1.25	-0.45	0.44	0.10	-0.57	-2.55	-1.80	-0.46	-0.37
-10.71	-0.23	3.98	-2.36	-3.33	4.50	1.86	2.30	5.36	0.46	2.17	2.16	-2.25
-8.64	-5.07	16.79	0.49	-6.08	3.41	-1.86	4.38	6.76	1.27	1.49	1.54	-5.51
-9.46	-7.93	13.75	-1.79	-6.25	0.42	-0.19	9.39	7.25	0.98	6.09	8.38	-3.40
-8.01	-10.39	13.93	1.52	-5.15	0.31	-1.71	8.51	10.18	6.17	11.85	6.63	-7.60
-8.32	-6.88	10.83	0.28	-6.91	-5.21	0.49	6.99	8.12	0.06	6.40	12.31	-0.20
-12.59	-8.50	12.86	1.71	-6.13	-4.70	-4.40	6.28	8.04	2.39	8.84	10.30	-1.96
-13.01	-6.85	8.33	-2.13	-8.15	-3.00	-2.60	3.42	6.47	2.33	7.96	9.34	-1.12
-13.73	-8.06	6.49	-3.18	-7.82	0.15	-1.73	4.25	6.13	2.89	10.13	8.94	-3.63
-14.56	-12.26	7.80	-5.08	-6.88	2.42	3.19	5.19	2.18	0.66	8.52	8.78	-4.63
-13.22	-8.17	3.78	-2.71	-3.25	1.75	2.68	4.24	1.73	-2.60	4.33	2.95	-2.02
-17.35	-15.24	-0.58	-2.51	-3.70	2.57	2.02	2.68	0.39	2.52	6.11	1.15	1.68
-20.88	-4.50	0.47	-9.27	1.86	-2.07	5.17	6.16	3.33	2.91	-2.24	4.02	-0.77
-18.97	-6.89	1.34	-4.42	-2.48	1.91	4.57	5.52	4.10	6.09	1.72	6.16	-1.04
-18.76	-5.84	3.92	-1.17	-2.27	-3.02	-0.04	4.27	3.03	2.96	0.13	4.99	-2.93
-14.79	1.11	4.49	3.27	3.75	3.11	4.26	2.49	5.36	2.10	0.82	0.06	-2.11
-14.22	-0.94	4.04	1.34	2.90	2.15	1.44	3.44	2.92	1.69	1.85	0.48	-0.66
-11.77	-3.64	0.34	-0.53	3.08	0.90	0.37	1.23	0.42	4.56	0.41	2.25	-0.25
-3.52	-16.06	-1.77	-4.13	1.61	6.47	-2.41	-0.93	3.27	-1.62	-3.13	7.97	2.13
5.63	-4.82	5.87	3.01	6.25	11.42	0.49	-4.44	-3.41	-3.55	-0.66	6.27	-2.21
-1.02	3.02	-0.06	2.64	2.35	4.23	2.31	-0.46	-0.72	0.04	-3.22	-3.09	0.85
-2.86	6.53	-2.31	-5.89	-3.23	-0.23	-2.10	-1.35	-0.10	-1.39	-2.81	-1.82	-0.06
23.46	-11.04	0.29	7.57	4.78	9.77	4.69	7.55	-4.30	-5.88	-0.78	3.84	-0.72
26.37	-13.98	0.57	7.51	7.41	8.15	2.58	5.40	-5.27	-5.28	-1.17	2.21	1.02
29.73	-17.25	0.42	10.23	6.56	7.75	-0.56	3.58	-5.69	-4.83	0.92	1.44	-0.37
26.52	-20.76	4.27	11.82	8.07	9.48	-2.33	4.13	-3.35	-3.25	4.04	-1.61	-2.60
23.65	-20.48	1.83	17.34	8.54	11.70	-5.30	2.57	-2.31	-1.69	3.41	-0.34	-5.83
26.13	-27.67	9.85	19.08	7.20	9.28	-8.22	-1.07	-0.31	-1.02	3.68	0.48	-5.10
5.25	-21.56	13.41	14.29	-0.04	5.09	-8.50	-2.61	5.03	-3.46	-1.17	0.07	-4.54
-2.50	-16.62	8.25	12.93	5.46	6.53	-0.74	4.99	9.05	-0.22	-1.31	0.66	-3.20
10.56	-23.87	24.68	11.02	-6.13	4.40	-6.68	7.71	5.61	-8.36	-0.10	-1.76	-0.63
9.75	-21.99	25.34	10.18	-7.40	3.87	-2.98	4.85	6.01	-6.32	-2.14	-1.16	0.10
7.45	-16.35	26.48	7.85	-8.38	5.88	-1.01	3.14	3.54	-6.84	-0.18	-0.89	-0.21
6.72	-17.54	29.05	9.88	-6.80	4.13	-1.72	2.01	3.70	-8.54	-0.79	0.08	2.64
7.91	-12.96	22.16	10.08	-7.85	2.89	0.27	1.68	5.57	-6.33	-1.83	-1.83	1.50
7.58	-13.00	21.40	10.39	-7.07	1.58	-3.90	8.01	3.02	-6.73	-1.70	-0.89	-0.11
-2.62	-0.69	5.98	1.86	-6.49	5.70	-0.29	-3.38	6.06	4.68	-0.42	-0.53	-1.60
-9.22	2.74	1.93	1.59	0.45	1.38	1.52	2.23	0.35	-1.00	-1.15	-1.29	0.26
16.67	-4.29	3.02	4.48	10.99	3.79	-1.85	10.18	4.85	-8.54	-4.99	-0.28	-0.48
14.17	-2.94	2.37	4.88	7.66	3.20	-1.32	8.21	4.11	-5.54	-3.82	-2.45	-0.36
8.90	-4.26	2.73	7.14	7.00	4.32	0.93	6.67	3.67	-5.37	-4.19	-2.46	-1.68
7.61	-7.74	1.96	9.60	9.24	3.07	2.27	12.04	5.31	-6.93	-4.18	-1.64	-2.47
15.87	-5.51	1.56	7.39	9.36	2.49	3.41	9.28	2.20	-3.43	-4.15	-0.62	-0.64
13.50	-9.65	0.62	6.97	9.52	4.46	1.87	8.90	6.51	-3.41	-2.57	0.65	-1.47
6.55	-17.20	-0.07	7.90	9.57	4.23	0.46	9.25	4.51	-0.29	1.31	-0.36	-1.73
4.77	-4.03	0.32	2.98	5.10	1.56	1.25	4.81	1.94	0.94	3.67	1.08	-0.57
-7.88	0.87	-3.86	1.78	4.32	3.39	-0.44	1.69	1.91	1.01	0.25	0.11	0.15
-5.25	-1.22	2.86	0.06	0.41	-2.24	-1.13	0.44	-0.82	1.83	-1.29	1.31	-1.24
-3.70	-4.87	-0.99	2.07	-1.56	-3.77	-3.08	-4.83	-1.72	-0.19	3.31	2.17	-0.57
-8.39	-2.84	0.97	-4.63	-0.32	4.99	2.38	1.36	0.70	-3.42	5.75	2.89	-5.35
-2.04	0.09	1.37	-1.17	3.06	5.62	-0.52	-0.57	-1.07	-1.66	0.06	-1.72	-2.26
2.79	3.08	5.06	2.59	-2.86	1.33	-1.22	1.56	1.56	0.23	-0.97	-5.49	-6.03
-0.64	-6.51	-2.26	-8.28	0.56	12.99	7.43	0.84	-2.23	-8.57	-4.15	-1.13	-3.42
0.27	-2.05	-5.82	-7.51	-4.38	4.05	3.63	-2.22	-2.94	-4.55	1.88	2.77	-0.98
-10.73	-2.57	-4.16	-1.30	-2.42	-0.44	-2.71	-0.53	0.80	3.41	2.93	0.62	0.08
-9.74	-0.10	-0.60	-0.24	2.82	5.25	3.92	-1.55	0.95	3.01	2.28	-0.36	-0.19
-3.48	2.67	4.33	1.13	2.57	1.43	-2.74	-4.07	-1.79	1.20	1.84	-2.16	-1.76
-6.16	0.18	-4.09	-4.12	1.17	0.25	-3.30	-3.75	0.36	5.07	2.67	-2.42	-2.20
-6.00	-6.66	-4.40	0.27	3.16	-2.87	-3.25	-1.32	0.94	6.72	7.18	2.97	2.80
-2.22	-1.58	-1.15	-3.53	2.27	1.47	-4.27	-2.41	0.63	6.12	5.05	4.02	2.20
0.37	-1.73	-3.87	1.97	-0.37	-0.07	-5.93	-4.24	-1.62	7.30	4.88	2.32	0.69
-0.48	-0.93	-0.90	-3.88	-5.02	-1.82	-2.26	-2.27	0.71	2.39	-1.11	2.04	0.78
-12.64	-0.55	-2.61	0.32	-0.02	-0.36	0.79	0.07	-1.17	-3.29	-1.27	-1.45	-3.86
-7.93	-1.88	5.21	1.69	3.83	-1.17	1.50	0.32	0.36	1.10	0.94	-3.11	-0.12
-3.21	3.16	5.01	-0.19	0.45	-2.92	-2.56	-3.21	-1.39	3.33	5.54	4.82	-2.35
1.27	0.29	-2.46	2.33	2.26	-1.81	-1.93	-5.96	1.82	6.75	3.88	3.20	1.71
0.54	1.87	0.31	3.47	3.65	1.24	1.80	-1.27	-2.82	0.42	1.38	0.87	-5.02
0.44	5.89	0.59	1.44	2.02	-0.41	-5.96	-3.11	-1.30	1.68	1.85	-1.27	-1.00
-5.11	-1.77	1.75	2.77	2.64	2.07	0.91	-2.01	2.90	0.79	-0.37	0.90	-1.61
1.35	1.32	-0.88	1.83	4.70	6.64	1.52	-2.40	-1.57	-1.83	2.77	0.35	-3.25
-3.88	-1.08	-2.37	-2.00	0.94	4.65	0.37	-2.12	3.46	5.04	4.00	1.23	-1.79
-3.26	0.25	-0.51	3.86	-1.13	-2.18	-3.27	-4.63	1.08	6.23	7.88	0.44	0.78
-11.61	-0.27	-1.45	0.51	-0.49	0.27	1.77	2.14	1.20	1.34	0.23	-0.31	0.06
-9.18	0.97	-2.55	0.43	2.18	0.72	0.77	-0.24	0.40	-0.30	0.45	2.28	-0.93
-10.54	-2.33	-2.52	2.39	-1.00	4.17	2.45	3.14	1.57	4.44	3.52	-0.84	-1.05
-5.41	2.27	0.77	1.27	1.18	1.08	-1.43	2.34	1.55	-0.03	-2.19	-3.91	-4.20
-4.35	3.90	1.55	1.76	0.02	1.69	2.03	0.83	-1.16	-2.06	2.21	-1.72	-2.01
-3.61	4.46	1.85	1.92	3.21	3.13	-0.64	0.86	-0.64	0.63	0.85	-4.42	-4.70
-7.46	-3.39	-3.65	2.38	-2.05	1.25	0.72	-1.06	1.36	3.43	2.16	-0.06	-4.73
-10.48	0.05	-1.46	4.30	2.55	5.18	4.32	-3.52	-1.89	2.68	2.21	-0.85	-3.60
-12.94	-1.67	-1.35	0.09	-0.87	0.87	1.06	1.88	0.29	0.43	0.06	2.08	0.54
-13.27	-0.71	-1.28	1.81	1.37	0.70	-0.14	-0.12	1.02	-0.36	0.20	0.80	1.36
-10.53	0.73	-3.02	2.29	-0.89	5.58	3.36	-1.90	-2.19	-0.59	-1.96	-2.77	-5.55
