-3.17	-4.52	5.26	7.54	1.30	-4.80	-10.32	-3.30	-3.03	-2.16	-1.21	-3.04	-2.97
4.00	-1.76	6.56	4.98	-0.76	-4.34	-3.13	0.51	-0.05	-2.99	-1.41	-1.96	-2.09
0.03	-8.16	3.23	7.11	1.30	0.95	2.02	-3.82	-4.91	-2.34	-3.02	-4.69	-1.56
0.51	-7.98	4.84	9.68	0.07	3.48	1.87	-4.92	-8.25	-4.77	-0.35	-5.39	-2.05
-1.39	-8.13	4.48	5.90	-3.12	4.99	5.38	-1.68	-2.22	-5.64	-3.48	-9.42	-7.66
0.86	-3.77	4.26	6.38	-0.91	-1.59	1.76	-1.88	-1.04	-0.04	-1.27	-4.12	-5.83
4.92	-5.00	1.34	3.89	-3.30	0.16	3.94	-1.28	-2.92	-3.27	-1.17	-6.48	-6.55
3.19	-2.98	5.28	7.30	-1.02	1.56	1.54	3.73	-2.85	-5.81	-2.57	-2.95	-2.70
1.51	-3.83	0.02	0.16	-5.19	-3.07	4.27	4.21	-0.22	-1.27	0.09	-0.90	-1.61
0.77	1.78	0.66	2.11	2.65	-0.60	0.58	-0.38	-4.27	-5.77	-2.40	-2.26	-1.08
8.38	-4.50	3.83	0.44	1.48	4.14	0.98	2.55	-1.86	-3.41	5.54	4.24	0.31
8.86	-6.78	4.35	-0.74	-3.66	5.95	3.45	-3.38	-3.54	-1.75	7.35	-1.16	-4.77
10.91	-8.61	5.43	0.26	-4.39	2.81	1.23	-1.43	-3.34	-1.96	-0.36	2.43	-4.24
1.72	-11.32	6.36	1.28	-4.06	4.24	5.76	-0.55	-5.84	0.65	3.36	-0.08	-2.53
4.95	-9.86	6.91	-1.58	-7.81	4.48	-2.53	-3.89	-3.79	-0.96	1.22	-4.27	-3.75
5.62	-9.53	9.07	-0.34	-8.78	5.53	0.99	-3.12	-4.00	-3.98	-0.11	-2.81	-4.56
-0.37	-4.63	-0.43	0.11	-3.53	0.70	4.44	0.45	-0.83	1.65	0.89	0.39	0.44
0.76	-2.36	-1.10	-0.38	-1.32	7.49	4.32	-1.10	-2.07	-2.12	3.50	0.63	-3.14
5.24	-5.33	11.51	1.52	1.21	3.01	1.73	0.88	-2.27	-4.97	-1.43	-1.27	-1.10
5.34	-3.50	8.68	2.39	1.49	8.35	-0.57	-3.88	-2.48	0.07	0.60	-0.40	-4.29
6.34	-2.32	9.70	4.57	-3.97	4.57	4.42	-0.42	-1.93	-2.18	0.22	-0.41	-2.23
6.57	-3.27	8.74	2.48	-4.06	3.90	1.02	-3.75	-3.53	-1.52	-0.97	-0.17	1.99
6.81	-8.50	1.30	2.56	-2.27	6.41	-2.73	-5.08	-3.91	2.47	6.54	-0.58	-2.77
4.38	-8.00	1.20	2.73	1.08	3.40	-2.17	-4.50	0.34	3.35	4.80	0.36	-3.53
3.46	-10.69	-0.96	-2.76	-1.62	-2.39	-4.12	-3.53	-1.92	1.90	4.25	1.77	-1.62
3.11	-4.97	1.57	2.43	-1.67	-3.89	-0.83	-4.27	-4.96	5.08	3.82	1.32	-0.59
3.48	-7.76	3.67	-0.16	-4.94	-2.17	-2.64	-3.76	-3.51	4.48	5.57	1.83	0.94
6.12	-5.15	0.94	-1.99	-5.48	1.02	-4.57	-4.67	-6.37	1.01	4.31	0.61	-0.63
3.63	1.19	3.88	1.30	-0.34	2.20	-4.64	-9.35	-5.35	-3.78	1.39	3.27	2.82
10.33	-0.96	6.02	1.11	1.72	-0.08	-8.46	-8.17	-10.13	-0.99	3.97	1.60	-4.48
7.08	-0.15	3.14	0.88	-1.59	2.07	-7.28	-8.10	-7.22	-4.20	0.60	-1.57	-3.49
8.48	0.39	2.11	1.41	-4.60	-4.83	-2.87	-9.14	-6.20	-0.72	0.13	-2.39	-3.14
0.17	-7.67	0.29	0.61	-1.83	-0.52	1.11	-6.60	-5.17	0.25	3.30	2.78	-0.94
3.41	-5.19	0.04	2.58	-3.89	-0.02	-2.45	-7.37	-7.41	1.96	3.55	0.51	-3.31
7.57	-1.82	3.05	4.52	-0.71	2.93	5.36	-2.59	-5.15	-0.29	7.15	-0.83	-4.85
3.15	-9.37	0.55	2.71	-4.46	-0.02	-3.02	-6.92	-7.18	-1.81	3.22	0.76	3.55
8.69	-4.75	3.33	3.18	-2.38	4.48	-0.46	-7.13	-5.66	-1.82	-0.56	-1.62	2.12
7.99	-6.42	1.87	-1.51	-6.66	0.89	0.36	-9.27	-8.70	-4.23	-2.09	-5.29	-6.69
6.82	-9.14	5.04	-0.21	-0.04	2.89	3.23	-1.59	-4.85	-2.03	0.31	-1.17	-7.02
2.98	-5.30	3.97	-3.28	-2.90	2.60	-1.21	-5.58	-5.98	-0.42	1.01	0.09	-6.22
17.87	-27.93	11.69	-6.24	-3.08	11.08	-14.50	1.44	-3.10	-16.17	5.14	2.02	-3.80
-14.24	-19.01	-1.25	5.59	-1.18	2.95	-0.17	-2.30	-1.67	-3.18	3.09	5.58	-2.56
4.67	-15.97	5.40	-5.09	-2.75	7.96	-6.49	4.52	-1.66	-12.48	-0.14	6.44	-3.24
19.28	-23.84	14.22	-6.28	-0.86	11.25	-10.22	4.29	-5.38	-16.31	3.29	5.91	-4.67
37.95	-36.70	20.32	-7.82	-1.05	9.25	-16.34	0.69	-6.04	-14.62	4.91	4.65	-6.07
36.11	-32.39	17.88	-7.30	-3.62	6.86	-16.17	-2.63	-4.71	-12.86	5.71	3.09	-4.05
30.46	-27.86	17.71	-7.78	-5.13	4.04	-16.27	-1.44	-4.49	-9.75	5.93	2.19	-4.63
29.15	-23.60	11.32	-8.03	-3.25	2.71	-15.26	-4.66	-4.05	-4.69	5.20	0.82	-2.83
17.65	-24.72	10.16	-8.95	-5.36	-0.79	-9.89	-4.85	2.40	2.36	5.63	3.93	-0.62
18.28	-25.23	9.37	-8.71	-6.26	0.89	-13.85	-9.01	-1.92	-3.03	0.46	-0.87	-5.13
21.22	-27.89	14.12	-6.04	-4.04	-2.71	-19.01	-5.68	-3.24	1.99	2.85	2.99	-0.85
20.17	-29.44	15.66	-7.51	-2.96	-0.84	-18.66	-7.86	-1.57	1.05	1.78	3.36	-0.89
16.00	-32.03	19.42	-9.25	-2.91	-1.06	-18.01	-6.20	-2.85	-2.38	3.83	-0.03	2.01
16.32	-35.75	23.19	-8.22	-1.84	-1.03	-17.08	-5.02	-3.91	-1.50	1.80	0.35	1.37
15.26	-35.94	23.38	-7.29	-1.20	-0.94	-15.61	-5.17	-3.93	-0.80	1.73	-1.57	0.57
19.33	-35.50	23.01	-5.50	-1.58	-0.03	-14.61	-6.39	-3.87	-2.10	2.12	-1.06	-0.65
10.37	-28.11	18.28	-0.42	-1.93	3.46	-12.12	-3.52	-2.39	-1.07	2.80	0.91	-0.90
15.86	-27.70	23.89	-4.90	0.77	2.47	-17.38	-7.64	-4.95	-2.50	3.93	-4.60	-6.82
12.46	-27.56	8.04	1.57	-1.23	11.68	-6.91	-1.67	0.35	-3.39	5.96	-0.08	-3.39
13.34	-20.74	8.46	-8.19	-0.47	7.16	-3.68	-2.48	-3.95	-1.15	5.44	3.55	-4.50
7.27	-16.10	6.18	-2.86	-0.75	9.41	-0.34	-0.66	-0.38	-0.85	10.46	5.61	-1.46
-1.99	-16.87	3.11	-3.95	0.89	11.22	1.38	-0.77	-1.12	0.53	8.20	2.62	-3.11
4.76	-14.83	4.45	-5.06	-0.49	11.00	0.72	-2.19	-1.94	0.25	6.69	1.34	-2.06
1.25	-7.54	4.27	-0.30	-1.46	9.23	3.41	-1.27	0.58	-0.98	3.59	2.43	-2.97
-2.37	-0.01	6.35	3.05	-3.62	10.28	4.68	0.30	3.33	1.03	2.83	-1.12	-9.81
-5.86	1.77	2.43	1.87	0.61	1.49	0.92	0.38	0.61	0.06	-0.70	-1.02	-0.23
-0.02	8.74	2.24	3.77	-1.68	3.93	4.25	-0.25	-0.36	-0.70	-1.70	-3.51	-3.91
-27.52	-0.15	-1.57	-2.90	1.03	-2.08	4.89	-5.08	-0.76	-3.10	-4.28	-1.12	-1.52
-26.95	6.14	0.64	3.60	2.22	4.73	5.76	-2.95	0.76	0.27	-1.46	0.18	-2.56
-31.90	-4.28	1.15	3.83	3.82	3.95	4.54	-6.16	0.94	1.20	-3.65	-5.14	-1.51
-26.98	2.24	-3.85	4.06	-2.04	-1.49	4.27	-4.55	-1.92	2.71	-3.73	-1.77	-1.50
-18.50	-3.47	-1.76	4.71	6.16	2.17	1.95	-2.56	-3.09	-0.24	-1.71	-0.01	-2.74
-10.43	-1.74	6.53	3.89	0.47	4.68	-0.14	0.10	-1.87	-3.57	1.76	1.58	-4.95
-4.62	4.92	3.91	2.32	-0.47	0.65	0.71	3.25	-0.02	-0.83	4.03	0.41	-2.77
5.54	-2.37	4.44	5.20	0.33	6.14	0.23	4.49	-2.58	-3.43	1.49	-6.15	-8.58
6.63	-0.38	4.44	3.97	0.15	6.44	-1.11	1.38	-2.31	-3.22	-0.38	-4.62	-6.34
5.52	-2.53	5.07	-2.94	1.53	5.83	-0.79	-5.91	-6.57	-0.64	1.51	-4.45	-4.44
6.20	-9.34	0.65	1.31	1.02	3.26	0.94	0.73	0.21	2.62	1.16	-2.34	-4.70
8.11	-3.26	2.05	2.74	-0.82	2.83	-1.62	5.40	2.00	-0.27	-0.99	-2.41	-4.56
2.17	-7.40	0.23	5.64	1.23	4.26	2.67	3.69	-1.33	-0.67	-2.05	-4.75	-10.49
5.10	-0.75	3.43	6.58	2.01	0.51	0.16	3.80	0.56	-3.61	0.61	-2.08	-4.10
-9.05	0.69	4.96	7.35	4.32	5.53	2.79	4.63	1.31	-5.53	-3.04	0.61	0.32
6.58	-2.87	8.36	5.44	-1.36	3.40	-2.06	2.71	3.82	-5.52	-7.66	1.21	-6.31
4.10	-2.80	5.27	7.16	-2.02	0.93	-0.38	3.89	2.38	-3.50	-2.52	-0.73	-3.21
3.63	-4.84	3.14	5.22	1.56	3.91	5.26	7.72	5.55	-4.08	-9.85	-7.16	-4.99
0.17	-4.76	3.18	6.42	2.02	6.31	3.00	2.68	1.94	-4.80	-3.56	-0.35	-7.47
-4.05	-4.00	4.75	4.37	-1.11	1.14	1.56	5.10	2.80	-2.07	-4.77	-0.03	-1.07
-0.11	-2.86	5.33	-3.68	-7.04	3.23	2.49	3.94	-1.17	-8.26	-4.64	-2.96	-8.30
2.59	1.58	-4.30	-3.68	-3.18	1.75	2.02	1.39	1.04	-2.59	-3.80	1.38	-1.81
6.62	-2.90	0.51	0.16	0.37	2.83	-4.89	-0.59	0.30	-1.76	-6.38	-3.93	-2.18
6.45	-11.17	7.00	5.80	-1.64	1.29	-2.83	-0.60	-2.07	0.92	-0.94	-2.06	5.19
9.04	-11.90	4.07	1.84	-6.10	3.79	-0.38	-4.34	-1.55	-2.90	0.47	-1.91	2.63
5.38	-14.41	1.97	2.00	-4.29	-1.01	-4.13	-4.88	-4.24	-5.67	-4.08	-6.22	-0.75
2.37	-11.57	6.69	-1.05	-4.77	-1.03	-5.28	4.42	3.09	-7.92	-6.24	-8.59	0.33
9.18	-10.85	8.81	0.33	-3.44	4.59	-5.61	4.60	-1.01	-11.37	-5.12	-6.93	-1.05
5.73	-10.70	1.51	-3.10	1.32	6.84	-3.35	1.02	-0.07	-12.69	-2.34	-0.58	0.83
2.83	-6.51	3.47	-0.53	-6.31	-2.10	-1.01	-4.76	-6.61	-6.02	0.52	1.67	1.79
-3.57	-4.10	-1.49	-2.80	-2.80	1.80	0.68	-0.78	-1.99	-1.45	0.93	1.22	2.80
9.76	-6.62	2.30	0.74	-2.23	5.67	-0.82	-7.79	-1.44	-3.38	-0.44	0.92	-1.27
14.35	-8.91	-0.09	0.20	-5.84	1.86	-0.46	-5.16	-5.73	-4.07	-0.14	-3.27	-5.06
3.43	-7.59	7.49	1.97	-1.96	3.60	-3.07	-4.62	-5.14	-4.14	-4.16	0.17	-2.57
10.16	-5.12	4.69	7.41	-1.95	2.40	-2.88	-5.68	0.28	-2.34	0.21	-1.92	-2.59
8.73	-6.09	5.06	4.19	-1.12	2.57	-9.31	-8.76	-0.24	-9.48	0.31	-0.29	-4.89
9.18	-5.03	7.54	5.17	-2.17	2.95	-5.03	-4.36	-5.12	-5.25	-0.46	-2.94	-4.70
0.76	-4.51	8.53	9.02	-2.27	-1.08	-3.40	-3.44	-2.35	0.10	-0.57	-2.84	-3.85
-2.62	-5.26	0.52	-2.11	-4.83	-2.99	-2.45	-1.50	-2.37	-3.32	-1.31	-0.29	-2.89
5.76	-3.63	5.90	3.37	-1.89	0.80	-5.65	-3.53	0.81	-1.95	0.62	-2.54	-6.23
5.68	-3.52	4.34	1.30	-5.14	0.81	-4.27	-4.37	-1.89	-3.06	-1.87	-4.68	-4.73
7.33	-2.38	4.85	4.97	-2.78	-1.75	-5.79	-6.00	-2.57	-2.80	1.54	-1.05	-7.31
5.51	-2.37	2.14	-0.79	-3.05	1.90	-5.79	-5.31	-0.64	-2.72	2.70	0.30	-5.59
3.19	-1.01	10.85	2.93	-3.41	-0.24	-6.17	-8.64	-3.97	-4.28	4.15	0.40	-4.92
4.93	-1.66	4.31	1.77	-0.26	2.51	-1.30	-3.90	-0.58	-2.31	-0.66	-7.57	-9.41
7.66	7.23	5.55	2.45	-1.90	2.23	-5.05	-3.81	-3.18	-0.80	0.14	-2.60	-2.11
4.41	1.13	8.60	5.56	-0.97	4.48	-1.83	-3.46	-1.67	1.04	-0.73	-3.90	-4.65
5.28	-1.62	4.03	-3.34	-6.12	0.34	-5.45	-5.33	-2.44	-1.15	0.32	-2.40	-4.59
10.38	3.04	9.64	-0.94	-7.81	2.06	-1.65	-0.77	0.24	-3.17	-0.81	-3.73	-1.76
14.23	0.94	6.02	1.12	-5.53	-1.68	-1.26	-1.19	-0.86	-2.20	-3.54	0.03	1.78
13.39	-0.69	5.44	-0.26	-9.26	-4.08	0.06	-3.44	-3.41	-5.13	0.37	4.54	4.54
15.98	-4.64	0.17	-5.68	-7.89	-3.12	-4.17	-5.18	-4.64	-2.34	-2.43	0.41	2.30
12.81	-7.04	0.07	-4.17	-10.38	-0.11	3.10	-5.46	-1.64	-0.85	-0.31	-0.85	4.69
3.04	-8.89	0.51	0.49	-3.38	2.70	0.21	0.65	-3.05	-3.96	-2.65	-0.55	4.49
3.37	-4.56	-4.32	-4.38	-9.06	-1.72	1.66	0.97	0.11	-1.08	-0.29	2.78	3.66
6.55	-11.56	-2.09	-3.22	-4.45	-5.79	0.26	-3.00	-9.13	-10.18	-9.36	-4.42	3.84
4.22	-9.92	0.63	-0.80	-2.75	0.33	1.50	2.84	-0.25	-6.29	-2.78	-0.18	-1.76
5.97	-10.44	4.93	-4.11	-6.51	-1.35	-0.34	1.10	-1.03	-4.05	-2.41	3.41	0.96
-6.19	4.12	7.19	3.96	3.47	4.86	8.59	5.15	5.36	-2.51	-1.21	-1.69	-4.67
-2.12	1.77	9.23	2.84	0.36	3.65	1.13	1.78	4.07	-1.38	1.45	2.01	-1.42
-5.73	-2.49	9.47	-0.20	-0.31	3.59	2.19	2.20	3.17	-0.99	1.16	2.72	-0.72
-4.33	0.87	6.77	-1.86	-4.08	-0.29	3.87	1.08	-0.28	-3.11	1.84	1.53	-0.83
-4.85	-3.05	8.70	5.73	-0.32	-3.65	-1.70	3.48	3.47	-0.57	1.94	-0.02	-3.91
-2.74	-2.57	2.37	1.21	1.49	-0.14	1.19	4.13	4.56	-1.29	1.11	0.26	1.35
7.15	-0.25	6.59	2.12	-0.99	4.16	3.87	6.78	3.66	-5.66	-0.37	1.06	0.15
1.98	1.90	9.00	0.70	2.58	6.89	2.42	3.02	2.78	-4.91	2.75	0.60	2.57
0.17	-0.81	8.23	3.30	-1.76	1.04	0.39	2.99	1.75	-5.13	4.71	-0.43	-4.71
3.25	-0.66	5.23	-0.51	-2.71	1.80	0.15	2.97	1.59	-7.85	0.30	0.44	-2.48
-4.74	0.12	-2.95	-3.01	-2.72	-1.05	-3.42	1.34	2.52	-3.61	-0.88	0.96	-1.39
-4.78	1.88	1.47	4.46	4.43	0.59	-0.97	0.74	3.07	0.87	-2.92	-0.17	-1.14
2.00	4.07	3.02	-2.60	2.38	2.70	1.44	2.72	3.84	1.45	2.68	6.02	2.23
-4.81	-4.89	-6.06	-5.37	-0.82	-0.40	3.10	5.47	4.43	-0.76	1.52	2.97	0.85
-1.97	3.08	-1.83	-5.71	-0.78	-0.53	1.75	-0.17	-1.56	-2.05	4.31	2.83	0.90
-4.45	-2.10	-0.19	-6.58	-4.66	-4.43	2.63	-0.89	1.90	0.19	2.58	2.93	1.26
1.91	3.39	3.45	-3.54	-6.60	-1.16	3.25	1.13	0.87	-7.43	0.06	0.86	2.31
5.72	3.78	6.49	-1.26	-2.82	-0.99	3.29	3.75	1.26	-2.49	-0.97	0.77	-2.90
-5.51	7.98	2.93	-5.14	-4.93	-0.19	1.18	3.04	4.11	5.05	-0.10	-2.48	2.12
0.10	8.91	3.58	-0.12	-6.17	-1.85	-1.62	3.41	4.50	-4.54	-5.84	-0.66	-1.75
-4.70	6.30	1.98	1.42	-1.08	5.50	-0.49	1.36	3.21	-3.30	-5.12	-1.67	-1.11
-1.84	6.22	5.56	5.25	-2.05	3.26	4.98	1.05	1.83	-0.86	-5.34	-1.51	0.28
-3.62	3.95	5.32	3.13	-1.09	3.64	3.24	2.58	5.24	0.25	-0.72	-3.92	-4.30
-5.85	-3.28	8.68	2.90	4.39	9.23	0.58	5.43	6.81	0.40	3.82	-0.75	-1.68
-2.03	5.88	8.73	2.57	2.89	5.56	-2.47	-4.65	0.87	-3.70	1.49	-0.48	2.17
-1.41	2.07	5.90	-0.05	-1.40	3.48	-0.41	1.46	5.00	-3.17	-1.36	0.68	-0.25
-6.35	5.56	3.03	0.71	0.50	0.74	0.79	1.66	0.31	2.02	1.18	-3.37	-1.70
2.43	4.25	6.42	2.09	-0.44	5.19	-1.45	-1.08	1.87	-2.92	3.45	-0.78	-3.65
-0.21	-1.91	3.02	1.07	-1.54	7.46	2.84	0.27	0.03	3.10	2.16	-0.01	-2.29
2.03	-3.29	3.27	0.83	-1.38	1.08	6.03	0.34	4.12	2.15	-0.92	1.52	1.82
-2.31	4.72	6.04	-2.24	-3.45	2.33	4.10	3.02	0.64	0.33	-1.37	-3.36	-3.62
3.70	1.19	8.30	-3.61	-2.18	10.36	1.60	2.67	2.76	-1.64	-0.02	0.70	2.00
12.06	-8.08	9.66	-5.14	5.37	3.26	-8.73	-1.61	-2.93	-7.43	4.20	5.21	-4.13
31.62	-18.42	10.32	-1.11	0.64	0.43	-10.48	-1.63	-2.37	-9.25	2.99	1.62	-4.59
-5.26	-1.28	-1.62	-4.56	-4.60	0.51	-6.65	-7.06	-1.44	-3.68	-0.89	0.95	-3.73
2.23	-6.84	0.30	-8.64	-8.23	1.64	-0.61	4.03	-4.09	-13.04	1.41	4.91	-2.66
34.81	-27.42	15.19	-10.79	-0.40	5.21	-14.42	5.04	-9.00	-13.72	8.69	1.12	-3.83
28.86	-24.11	11.70	-7.15	-0.83	4.95	-16.35	0.36	-6.23	-11.75	7.28	3.04	-2.20
27.96	-23.22	11.16	-7.00	-3.49	3.82	-15.21	-0.71	-4.80	-9.01	7.38	1.88	-3.86
35.33	-29.48	14.20	-8.82	-4.86	3.14	-17.69	0.82	-5.09	-6.75	8.38	0.05	-2.56
33.52	-30.85	16.08	-5.84	-8.43	3.02	-21.60	1.40	-4.39	-2.51	7.32	-0.28	-2.47
34.34	-32.18	15.42	-7.27	-5.34	1.67	-22.05	-0.78	-4.75	1.05	8.14	-0.91	-3.23
4.97	-17.18	-3.71	-4.15	-11.58	-3.73	-11.13	-7.60	1.48	-1.91	3.48	2.50	-5.01
6.23	-21.83	5.18	-1.96	-5.47	0.29	-12.74	-5.18	-1.23	-3.51	4.19	0.98	-2.99
18.94	-36.94	22.30	-3.90	-3.79	-3.86	-19.36	-5.33	-2.07	0.02	5.06	1.95	-1.74
17.89	-38.16	22.89	-5.86	-3.47	-4.81	-16.99	-5.35	-1.93	-0.38	3.72	1.74	-2.16
21.01	-41.38	25.95	-8.81	-0.51	-5.97	-15.59	-5.60	-2.09	-2.14	3.12	1.15	-0.13
19.95	-38.87	24.29	-7.09	-1.80	-4.24	-16.49	-4.60	-4.40	-0.14	1.02	1.82	-1.96
8.19	-28.76	15.46	1.31	-4.34	-0.40	-13.60	-5.11	-2.33	-1.46	4.83	0.07	-2.60
-0.14	-11.02	5.52	1.86	-5.83	-4.61	-12.92	-6.37	-0.69	-2.09	3.08	-2.52	-7.25
15.14	-30.12	19.16	0.41	-1.90	-1.94	-16.69	-8.19	-7.99	-4.79	6.33	-3.86	-7.64
18.38	-29.48	20.88	-1.42	2.05	3.57	-11.08	-3.93	-5.27	-4.83	4.29	-3.00	-7.19
18.13	-27.03	16.48	0.07	2.69	9.92	-3.40	-2.88	-0.53	-7.76	4.83	0.51	-2.30
7.25	-18.80	0.90	-1.45	-2.24	8.40	-1.16	-0.86	1.55	-2.30	2.64	5.44	-1.94
9.78	-20.49	4.24	-4.23	-3.07	10.96	-0.95	-3.25	2.30	-2.46	6.66	3.75	-0.98
2.88	-17.83	1.25	-1.73	0.68	8.95	-3.89	-6.30	-1.02	-3.09	6.92	3.51	-1.80
-15.60	-5.23	-2.76	1.80	5.17	1.62	-3.84	-3.33	-2.65	-2.39	-0.40	2.79	3.58
-3.03	-4.30	-2.20	-4.18	-1.36	6.57	1.14	-1.10	1.81	1.64	4.60	3.64	-0.35
3.82	-20.78	0.30	-2.12	0.81	7.65	-3.50	-1.70	3.13	0.66	8.25	2.00	-1.71
1.41	-13.98	3.92	-2.40	3.60	7.96	-0.45	-4.03	-1.67	-3.61	6.62	1.61	-4.29
4.74	-18.38	7.07	-1.55	5.65	8.60	-1.96	-3.27	0.06	-4.97	8.06	-0.32	-4.66
-2.09	-10.83	4.29	1.26	5.56	10.01	-2.98	-3.88	1.96	-3.53	2.44	-2.47	-3.50
-3.68	-12.15	2.94	-1.13	2.96	3.18	-2.75	-1.70	2.43	-1.29	4.24	-2.99	-2.93
-8.01	-8.07	1.61	2.57	-3.48	0.69	2.61	-3.50	2.64	-0.10	1.07	1.15	-0.44
-5.70	2.57	2.94	-2.49	-0.00	1.49	-5.89	-3.33	-0.89	3.30	0.21	-1.65	-2.16
-2.81	0.95	4.79	-4.74	0.32	-0.39	-3.28	-1.75	-5.70	-0.37	-1.53	-3.39	-2.40
0.57	-3.84	4.44	-2.01	6.53	2.78	-5.73	-2.88	2.01	-0.44	2.84	-5.07	-6.65
-12.56	-13.16	-9.09	-3.86	-1.19	-0.07	-1.07	0.40	6.24	0.40	7.85	1.22	9.07
-6.32	-7.09	-6.69	-8.64	-1.24	3.11	-4.49	-0.62	4.79	-4.72	3.91	-0.17	1.21
-3.19	-7.47	0.55	4.75	-0.32	0.56	-3.39	1.91	1.38	-1.66	8.63	-2.31	1.69
-5.35	-7.60	4.82	4.95	-3.34	0.38	-6.30	1.68	8.19	-1.22	6.02	-1.65	1.07
-6.25	-10.89	4.97	7.55	2.55	1.41	-6.46	-0.43	0.85	-3.43	2.56	1.87	3.47
-7.41	-0.65	-3.43	1.95	3.80	-1.29	-1.46	2.00	-0.02	-1.43	-0.65	-1.13	-0.69
-9.04	-0.72	-1.06	4.25	0.04	-0.37	1.42	1.30	1.08	-0.76	2.35	1.35	0.09
-6.62	-12.42	6.02	9.11	-1.28	-2.72	-0.64	2.93	3.04	-0.70	3.54	-0.48	1.61
-9.38	-9.50	2.46	6.88	-1.77	-2.43	-1.06	2.50	3.37	-0.60	1.85	3.89	2.07
-7.35	-4.31	4.87	9.51	4.08	-1.97	0.45	5.20	0.02	-3.09	2.86	2.67	1.56
-8.95	-1.98	3.73	9.47	1.45	0.85	1.28	1.10	2.16	1.92	2.03	1.71	-0.52
-11.92	-0.99	5.71	12.56	1.54	-1.18	2.10	5.86	4.53	-0.37	-2.69	-0.48	2.97
-6.87	0.47	2.57	4.85	4.00	-2.51	-3.06	2.96	1.85	1.87	1.46	-0.19	-3.68
-17.65	-1.62	1.66	4.69	0.95	-1.34	0.09	2.08	3.23	0.09	-0.14	1.68	-3.00
-15.48	-3.39	0.48	4.76	0.21	1.44	0.13	1.31	-1.08	-4.77	0.23	-0.57	0.08
-9.16	3.08	0.44	1.07	-0.03	-1.70	-1.03	2.56	-0.66	3.46	0.48	1.80	-0.52
-9.26	-1.94	-1.67	3.79	0.54	-3.20	-1.00	0.12	-0.81	-0.30	-1.12	0.72	0.49
-12.03	0.44	-1.77	1.97	0.39	0.76	2.35	2.65	1.60	-0.63	-2.64	-0.32	0.36
-12.28	5.65	2.04	2.61	1.07	-2.78	5.22	1.77	1.15	2.54	-0.25	1.07	-2.93
-10.23	1.16	0.01	5.40	2.01	-2.21	1.19	2.06	1.09	0.61	0.59	-1.70	-0.80
-12.87	5.80	4.31	0.66	3.34	-0.04	1.30	6.38	5.22	3.43	-0.24	-4.90	-6.76
-12.32	4.52	7.00	4.12	1.79	-2.68	0.39	3.40	0.65	1.48	2.09	3.26	-2.51
-6.00	1.95	1.39	3.40	7.33	2.31	-3.56	-0.37	-1.08	-1.62	2.51	0.81	-3.26
-0.33	-2.21	-2.96	4.10	5.89	4.94	-0.96	0.28	-2.89	-5.16	-2.19	-1.68	-3.42
-6.87	1.71	3.74	7.63	5.75	6.03	2.67	-0.17	-1.74	0.35	-1.63	-1.23	-1.06
-3.25	-5.01	-1.75	2.18	3.16	0.44	-2.92	-3.33	-6.33	-0.65	2.97	-5.03	-5.98
-5.18	-5.21	2.84	5.58	3.34	-1.00	-2.26	1.92	-2.11	2.95	6.06	-0.88	-2.71
-5.50	-9.14	3.03	9.14	7.38	2.31	-3.34	0.29	-1.18	2.58	3.21	-2.14	-2.50
-9.90	-11.52	0.26	6.52	6.01	2.08	-4.68	-0.51	1.61	4.26	4.39	0.94	0.29
-0.06	-15.82	0.89	2.00	3.67	-1.89	-4.35	3.56	-2.02	0.18	-2.72	-5.97	0.33
-2.29	-9.73	1.00	8.52	9.64	3.29	-1.32	3.30	-4.38	-3.40	-1.11	-5.03	-1.85
-11.52	-0.64	-3.16	-2.74	-2.05	0.48	-0.93	-1.85	1.20	3.81	2.04	0.83	2.58
-8.43	1.90	2.46	-2.15	-0.35	0.22	1.28	-0.32	-3.28	-0.12	1.17	-1.19	0.37
-0.74	-2.18	0.04	4.91	7.32	4.71	-0.40	1.30	-2.07	0.25	3.58	-2.70	-3.57
-3.09	-3.30	-1.47	5.48	6.34	-0.92	-5.60	-1.00	0.47	2.45	2.50	-0.23	1.57
-9.35	-8.68	-3.03	2.38	5.49	5.65	-1.28	2.81	1.88	6.42	5.95	-1.70	2.68
3.02	0.20	2.22	7.72	9.76	5.84	-2.65	-1.04	-1.49	1.42	0.27	-4.79	0.23
-2.72	-6.41	-3.00	5.84	7.37	8.99	0.49	-0.61	1.22	4.84	4.83	-2.03	-2.27
3.53	-3.56	5.14	10.00	1.71	3.25	1.25	-1.83	-2.02	1.01	1.95	-1.38	2.08
-7.63	1.97	0.43	-2.27	-1.88	3.51	4.26	1.83	-1.95	-1.17	-1.29	2.30	2.83
-7.36	0.44	-3.21	-1.86	-2.60	2.03	2.59	-2.31	-3.19	-3.02	-3.02	0.38	0.96
-2.54	-5.98	-2.73	-6.61	5.33	9.18	-1.16	-3.39	-8.26	-0.00	6.47	4.60	1.45
1.02	-5.65	2.04	-5.13	5.62	11.87	-1.20	-1.28	-6.64	-2.18	6.21	7.19	4.78
-0.65	-4.57	4.15	-4.03	-0.81	7.06	-2.38	-3.71	-5.85	2.30	7.15	2.05	3.99
-1.70	-5.60	-0.33	-4.59	1.84	7.64	-5.43	-6.12	-11.15	-1.77	9.83	5.21	4.05
-1.79	-7.85	-1.85	-8.01	6.35	13.01	-2.02	-4.94	-9.22	-1.36	9.63	7.91	-1.08
2.18	-8.15	-2.77	-5.06	-0.69	5.17	0.69	-6.30	-9.62	-3.52	11.71	8.27	3.76
-1.29	-1.76	-2.21	-3.86	-0.84	-0.23	-6.13	-3.43	-3.77	-3.34	1.81	2.65	0.02
-4.27	-5.67	-4.94	-6.42	-4.39	-3.14	-3.22	-3.43	-2.58	0.86	4.39	5.90	2.49
-0.36	-5.60	-0.05	1.37	-0.53	1.80	-2.95	-8.90	-8.42	-1.12	4.25	6.94	5.05
-5.74	-5.92	1.88	2.20	-1.34	2.21	-1.87	-6.29	-5.19	1.38	8.13	3.93	3.49
-1.92	-4.66	-2.04	-3.35	-1.55	2.77	-3.22	-3.69	-5.23	-2.23	1.05	1.04	1.51
-2.49	1.32	7.25	0.67	-1.10	1.92	-3.90	-1.04	0.56	-1.11	-0.09	2.13	2.55
0.23	-0.50	3.65	-1.89	0.80	6.44	0.21	-2.80	-1.70	2.38	6.15	6.07	3.62
2.23	2.05	5.48	4.16	-1.66	-0.61	-1.57	-1.02	-2.30	1.68	6.07	5.00	4.81
-5.52	-2.23	-0.21	-1.15	-2.69	-0.59	-2.23	-0.89	0.43	1.51	1.27	3.50	2.57
-9.75	-5.88	-2.70	-4.73	-5.14	2.26	-2.26	-1.71	-1.90	1.07	0.34	-0.31	-2.26
-4.91	3.13	7.16	2.04	-0.12	4.57	1.86	2.78	3.06	-2.19	0.33	0.59	-0.65
-13.70	-17.98	-0.88	-0.40	6.16	0.97	-9.97	-3.28	2.08	3.03	4.81	1.23	-10.85
-16.84	-14.78	-1.42	3.07	6.55	5.39	-2.93	2.95	4.03	2.83	-0.86	2.86	-2.92
-15.11	-12.58	-1.73	0.33	6.13	4.20	-8.80	0.11	5.48	5.16	1.13	1.72	-4.48
-13.02	-14.79	-4.21	-3.55	8.69	5.09	-11.43	-1.34	3.96	3.33	-5.02	-0.22	-1.40
-14.55	-14.53	0.32	-0.91	5.01	1.75	-5.00	-1.84	3.11	4.85	5.80	0.45	-4.77
-11.09	-14.89	-5.54	-4.51	2.43	-0.59	-9.97	-6.28	3.75	2.17	6.41	5.31	-2.12
-9.09	-16.31	-1.18	-4.34	4.22	1.44	-9.97	-8.02	2.21	1.49	1.70	-0.97	-2.07
-15.25	-18.61	-3.45	-2.00	6.52	2.71	-9.63	-5.54	3.83	3.70	2.43	-0.18	-5.52
-6.92	-16.44	-5.71	-1.24	7.23	0.70	-5.13	-3.03	3.53	1.95	5.29	0.21	0.69
-2.34	-13.37	-3.69	-0.65	4.14	-3.59	-11.16	-6.56	2.94	4.75	1.69	-2.24	-3.23
-5.98	-6.74	-8.84	-3.49	2.37	-3.67	-6.11	-7.30	3.36	-0.13	4.54	5.94	2.14
-4.10	-8.77	-8.49	-4.89	-0.52	-3.17	-7.45	-4.55	6.22	6.07	5.38	5.29	6.94
5.24	-6.56	-6.23	-3.18	-0.50	-4.38	-7.91	-4.00	5.32	2.29	6.99	4.50	4.21
4.56	-4.08	-5.13	-6.46	-0.48	-1.64	-5.30	-6.21	3.76	3.52	6.34	8.75	3.42
7.99	-4.96	-3.07	-4.86	1.89	1.10	-2.22	-7.27	-2.07	4.02	7.47	5.26	5.48
5.09	-8.92	-4.31	-4.46	0.57	1.69	-4.07	-2.66	2.72	4.66	3.55	4.30	1.95
6.82	-5.72	-6.65	0.18	1.56	-1.18	-4.98	-5.50	3.62	-0.69	1.20	0.45	-3.44
-1.09	-2.62	-1.03	5.38	3.30	-0.22	-9.61	-6.46	-0.91	2.24	5.65	2.32	1.06
3.45	-6.42	-5.44	-4.87	0.00	6.84	0.17	-2.74	4.05	3.61	8.05	3.72	-1.79
2.06	2.01	0.83	1.42	6.38	-0.84	-7.49	-5.61	0.95	4.02	3.38	-0.69	0.25
-1.07	-1.32	-4.44	-0.79	4.65	1.30	-4.89	-3.43	1.94	4.19	2.90	-0.35	0.57
-0.50	1.24	-2.79	-1.82	0.62	3.93	2.57	-1.20	0.82	6.13	4.88	-1.72	-3.72
0.73	-2.41	-5.82	-3.36	1.30	-0.00	-4.04	2.13	4.06	1.26	3.02	1.52	0.15
0.50	3.57	-7.56	-7.20	-0.96	-1.51	-4.96	-3.34	-1.23	2.12	3.03	4.54	0.82
-1.05	-0.86	-0.48	-2.30	-2.86	-2.92	-3.81	-5.50	-7.91	-1.62	2.25	0.47	-3.08
-0.16	-0.88	0.22	-1.94	-2.84	-6.81	-7.78	1.87	0.43	-1.24	3.52	0.65	0.76
-1.96	0.18	2.62	0.91	-1.10	-2.41	-5.44	-2.66	-0.39	1.90	5.45	1.53	3.06
1.51	-1.58	-0.35	-5.28	-0.51	4.32	-0.91	-2.63	-3.46	-2.95	8.44	5.17	-1.05
2.71	2.85	-2.44	-0.23	5.47	2.22	-8.04	-1.03	-2.62	3.01	3.89	-0.05	-0.34
-9.01	-3.83	-0.17	-0.33	3.01	1.57	-5.16	1.51	-1.73	7.52	4.76	3.65	5.49
-9.50	1.51	-1.97	-3.06	0.32	2.78	-8.82	3.39	-1.05	-0.23	0.08	2.72	2.81
-15.33	1.49	-3.05	1.24	-2.31	10.17	-2.28	3.67	-7.07	3.81	2.84	1.03	-0.64
1.60	-9.15	0.28	3.32	-1.82	1.31	0.50	1.17	3.11	1.76	1.88	-1.97	-1.08
0.97	-5.64	0.11	0.36	-5.74	0.10	-7.82	-6.93	0.53	-1.46	2.86	2.56	-3.57
33.35	-28.65	12.50	-9.76	-0.52	8.42	-15.93	-3.96	-2.20	-7.53	2.70	3.94	-4.30
24.14	-8.01	-0.37	-1.85	5.21	3.88	-10.18	-0.71	-3.21	-9.13	2.51	5.24	-0.54
4.48	-4.67	3.77	-4.68	4.43	4.92	-6.27	1.01	-1.76	-8.12	-2.65	5.83	2.68
-11.61	-12.94	1.95	0.95	3.87	0.51	-6.77	1.39	-3.44	-5.02	-2.62	-3.75	-1.55
14.07	-3.10	6.64	-8.25	8.35	3.73	-12.13	1.73	-4.42	-5.37	-0.14	3.02	1.61
35.93	-26.48	12.42	-12.32	2.94	8.06	-16.56	4.46	-2.28	-10.97	4.32	1.63	0.04
14.09	-16.58	1.97	-8.11	3.94	1.52	-6.92	4.18	1.52	-4.56	0.69	1.59	-1.38
5.82	-9.83	3.47	-6.64	3.85	1.17	-10.28	0.41	-2.36	-9.55	1.03	3.13	-2.66
29.08	-32.58	13.08	-8.47	1.13	5.90	-16.62	3.87	-4.88	-12.87	3.87	0.12	-2.36
30.38	-23.62	6.51	-5.25	2.20	2.27	-16.16	3.50	-5.29	-12.29	4.26	1.05	-3.79
29.02	-22.14	9.30	-6.52	-0.57	5.53	-16.90	-0.40	-4.67	-9.23	6.19	0.29	-3.83
37.46	-27.86	12.19	-8.33	-0.17	5.08	-20.01	2.71	-7.14	-6.52	7.76	-0.39	-2.69
29.69	-21.53	12.59	-8.59	-2.40	3.49	-17.21	-3.57	-5.28	-2.22	7.81	-1.86	-2.23
29.66	-30.42	18.45	-8.47	-1.74	2.55	-20.16	-3.37	-5.61	0.61	7.69	-1.77	-0.20
7.71	-11.61	1.71	-3.18	-3.57	-2.61	-13.53	-3.79	1.76	0.06	4.03	-1.26	-2.63
1.40	-13.54	0.72	-3.53	-5.48	-3.46	-12.92	-5.88	0.91	0.00	3.26	1.18	-1.68
22.54	-32.81	18.58	-7.88	0.25	-3.14	-17.14	-3.40	-2.74	1.96	1.33	3.27	-1.14
20.42	-31.97	17.50	-6.49	-0.17	-3.26	-18.03	-3.73	-2.11	0.26	1.53	3.70	-1.47
19.68	-32.25	18.83	-5.56	-0.81	-2.78	-19.47	-3.27	-2.05	-0.06	1.07	4.51	-3.48
19.07	-32.62	20.01	-5.02	-0.86	-3.00	-21.38	-2.63	-4.00	0.32	1.60	3.56	-2.71
14.92	-28.24	16.82	-2.78	-1.86	-3.40	-21.62	-4.77	-2.80	-1.36	3.82	1.19	-1.72
21.88	-33.19	20.23	-6.02	-0.33	-3.94	-22.30	-4.75	-4.38	0.63	2.18	1.03	-4.29
8.71	-11.90	9.94	0.70	0.42	0.73	-9.35	0.16	2.99	0.58	0.72	-4.25	-2.13
-10.19	-8.05	5.87	1.55	0.92	-2.65	-11.27	-5.66	-2.15	-0.40	1.88	-5.80	-7.78
10.85	-21.47	5.34	2.46	4.10	10.60	-2.67	-1.51	-2.82	-4.82	5.30	1.35	-4.81
15.26	-24.63	9.22	-3.66	5.27	7.46	-0.50	-1.98	-2.12	-3.33	5.12	2.60	-4.03
4.04	-19.46	0.28	0.19	0.36	7.58	-3.47	-0.92	-2.30	-4.50	7.57	3.98	-1.52
-3.68	-16.10	-3.02	-2.63	3.65	5.78	-0.49	-3.02	1.48	-3.94	3.71	2.56	-2.22
-3.52	-18.54	-4.17	-3.91	4.92	6.38	3.12	-3.49	1.22	-0.98	3.62	-0.41	-6.98
3.04	-12.68	1.93	-3.36	0.63	11.22	1.43	-1.78	1.60	-1.46	5.56	-0.54	-6.47
-4.52	-10.86	-4.04	-3.75	-3.38	8.24	-0.56	0.12	2.58	-2.75	8.30	4.27	2.09
-9.19	-1.59	-1.84	1.23	5.98	4.50	1.95	2.46	-2.17	-1.33	3.93	-0.20	-3.36
3.45	-10.29	5.05	-4.68	5.34	7.05	-2.61	-1.27	-4.55	-3.07	7.04	2.85	-3.26
0.06	-7.67	4.76	-2.38	5.83	11.15	-0.32	1.76	-2.99	-3.59	4.32	-1.02	-3.63
-5.13	-0.56	-2.14	-2.23	-0.58	-2.92	-4.84	-7.36	2.82	3.45	4.19	-1.01	-1.50
-9.24	-2.42	1.43	-0.98	9.94	5.83	2.69	-5.29	-0.56	3.91	3.67	0.22	-2.92
-6.11	-12.06	9.41	-4.06	15.33	6.45	0.67	-6.44	-5.59	6.49	6.38	-1.26	-8.11
3.21	-6.62	15.11	-1.53	2.02	-0.06	4.23	-8.64	-6.22	2.86	5.11	-2.14	-5.76
-8.98	-11.82	8.00	2.17	8.66	-2.13	-5.55	-4.54	-3.34	5.03	4.21	2.26	-0.80
-10.26	-2.91	2.11	0.37	7.22	0.44	-6.42	-4.73	-0.23	1.44	-1.15	2.57	-2.39
-10.95	-18.49	-2.14	-11.46	1.17	2.34	-11.12	-8.89	-0.23	1.86	4.56	5.48	-3.44
-7.19	-15.75	-1.02	-13.31	-3.93	1.89	-9.39	-0.07	4.11	2.62	2.78	5.01	-1.79
-7.87	-5.59	8.22	-5.52	-7.87	-3.50	-16.29	-6.05	2.10	0.56	3.62	6.27	-3.39
-19.65	-14.97	7.84	-3.28	0.86	6.63	-13.12	-1.61	4.72	-2.20	0.55	2.71	-8.83
-9.11	-8.00	6.12	0.96	0.21	10.71	-1.16	2.77	5.31	2.88	4.33	6.17	-3.40
16.31	-17.19	1.03	-0.22	-2.38	1.04	-4.50	-3.30	-1.02	0.91	-4.41	-1.25	-2.84
-1.75	5.13	-0.53	1.67	-0.47	-3.12	-5.29	-4.40	-0.41	2.52	-2.65	-2.18	-2.20
8.28	3.26	-2.85	-2.81	-2.00	4.72	7.12	2.11	-1.31	0.16	-0.73	1.36	-0.89
-20.16	0.95	4.95	8.35	6.49	-1.91	-0.19	5.31	-2.35	-0.31	-2.83	0.49	2.52
-13.00	5.50	6.94	7.87	9.14	-0.09	-1.79	7.27	-1.89	-1.54	-1.84	-3.30	3.80
-20.18	-4.56	-2.32	5.96	2.63	-4.86	-3.19	7.52	3.77	3.54	-1.75	1.77	2.39
-23.05	-4.31	2.45	5.05	2.44	2.07	0.69	3.60	-0.29	3.49	3.09	6.85	3.34
-23.51	-1.44	0.34	4.93	5.17	-1.24	-3.83	8.64	1.45	1.38	1.49	1.33	2.07
-21.26	-3.58	-1.64	7.99	3.78	-3.79	-3.59	9.80	2.97	0.35	-2.71	-0.16	-1.06
-18.05	-2.31	-4.73	-2.38	-0.13	-2.21	-1.81	0.90	-1.04	0.07	0.57	1.20	1.95
-16.39	-1.84	-1.83	0.93	2.83	-1.52	3.91	8.77	3.92	1.11	-0.83	3.33	2.99
-14.60	-0.93	2.25	4.46	0.49	0.52	0.35	4.13	-1.05	1.06	0.93	1.62	1.29
-19.37	-0.71	0.50	4.75	1.56	-0.57	-0.09	7.75	-1.12	-1.60	0.85	0.75	0.06
-17.52	-0.84	-1.63	2.15	2.74	0.94	0.52	1.77	-2.88	1.22	-0.38	-0.63	0.84
-22.64	-5.20	-3.48	-1.61	-1.54	-1.03	-1.31	7.13	0.48	4.43	3.79	2.98	4.18
-18.91	2.55	1.10	2.25	2.70	-0.23	-2.63	0.62	-3.53	-1.54	1.55	-1.15	-0.02
-16.87	1.20	-1.02	-0.88	1.59	1.40	-0.43	2.08	-3.93	2.45	1.27	0.23	2.61
-11.90	1.49	-0.16	2.72	-0.48	1.15	0.44	0.13	0.64	-0.36	-1.38	1.44	-0.78
-12.27	-3.75	1.37	-1.51	-3.10	-0.49	-0.42	1.92	-1.79	1.03	-0.26	-1.56	-0.50
-18.77	-9.03	-0.58	0.80	5.71	2.13	-4.21	3.03	0.53	3.80	-0.45	0.85	2.65
-19.06	0.21	4.04	1.47	2.48	4.16	-0.07	5.33	-2.85	1.05	-0.82	-6.35	0.72
-19.63	-3.13	4.69	1.27	1.43	-3.72	-7.29	-1.76	-5.60	4.63	-1.17	-2.59	4.22
-20.37	-8.71	-0.00	2.71	2.45	-0.16	-3.57	1.41	-7.38	-0.67	-5.04	-0.97	2.67
-20.26	-3.22	-2.97	0.87	-0.96	-2.90	-1.27	3.72	-3.15	2.85	-2.55	1.19	3.56
-15.32	0.81	-0.36	-0.61	0.32	-5.21	-7.24	1.36	-2.29	-0.03	-4.27	-4.18	1.33
-12.58	-0.77	-0.86	0.66	-0.67	-0.08	1.23	2.16	0.43	-0.11	-0.39	1.82	0.06
-10.82	-3.35	-1.39	0.02	-0.95	0.41	-1.33	2.36	-1.12	-1.73	0.88	1.27	2.18
-14.18	-1.91	-0.12	-0.10	3.63	-2.46	-6.40	2.02	-5.16	-1.60	-3.93	-4.33	-3.01
-15.25	-3.00	0.10	1.34	1.45	-0.93	-1.74	3.38	-4.46	1.35	-2.20	-4.12	2.80
-17.21	-6.05	-2.16	1.27	0.64	-1.30	-5.77	6.87	0.89	0.65	-1.40	-2.43	0.37
-15.81	-2.90	3.10	2.63	1.03	2.26	-3.57	2.87	-1.47	4.63	0.62	-1.00	1.41
-17.38	-3.10	-1.09	0.05	1.67	-1.30	-2.23	3.80	0.05	4.73	0.63	0.62	3.85
-14.53	-1.61	-2.74	0.51	4.64	-1.43	-4.12	3.13	-3.27	1.74	-0.51	-1.52	1.92
-12.80	0.90	0.02	-0.75	-2.14	-0.81	0.57	0.99	-0.13	0.73	1.06	1.28	-0.51
-12.79	1.01	0.70	-0.27	0.45	-1.43	-0.31	2.23	-4.71	-0.99	0.79	2.73	0.59
-11.44	0.04	0.14	2.60	3.31	-1.65	-1.27	1.96	-0.34	0.90	-3.98	-1.39	-0.62
-5.54	0.86	-0.47	2.12	3.40	-0.20	-0.77	1.47	0.73	2.22	-1.25	-1.01	1.93
-9.32	-2.15	-2.33	-0.40	0.57	-2.03	-3.00	0.01	0.89	2.13	0.19	-0.15	2.29
-7.41	-0.18	-0.84	3.33	1.73	-1.67	-5.42	-2.15	-0.89	-2.34	-2.44	-0.85	1.94
-7.68	-0.72	-2.58	-0.27	-0.27	-0.01	-1.20	-0.59	-0.16	-0.14	-0.30	1.55	1.90
-6.05	3.34	0.46	0.24	0.86	-2.96	-2.16	0.08	0.00	1.21	-0.00	1.96	3.32
-7.40	-5.54	-12.00	1.58	4.46	-2.44	0.43	2.08	-1.06	-2.53	-0.17	0.72	2.51
-5.59	-7.68	-11.04	4.20	7.07	-0.45	-0.60	-2.75	-2.98	-0.28	-0.37	2.04	4.26
-7.58	-10.54	-11.85	1.87	6.06	-1.75	2.37	0.78	0.13	-0.39	3.26	2.15	1.16
-5.97	-11.05	-12.58	3.01	8.42	2.96	1.87	-0.28	0.01	-1.65	-1.45	1.29	0.50
-8.04	-9.86	-13.27	1.55	7.42	-0.11	-4.12	-5.11	-2.33	0.91	1.80	1.32	-1.33
-0.40	-1.15	-0.58	10.04	5.39	1.98	-0.76	-1.31	4.60	1.54	-1.26	-2.10	-3.08
-3.19	-7.90	-1.77	3.98	1.95	3.40	-5.76	-3.67	0.69	2.63	-0.82	-2.93	-4.73
-0.04	-4.99	-1.93	7.78	0.50	0.55	-4.70	-0.42	5.03	-5.84	-2.88	-3.65	-7.68
-1.01	-6.61	1.67	5.37	6.60	4.54	-2.33	-3.79	1.77	-5.42	-3.50	-1.19	-3.16
-5.82	-8.38	-2.86	7.99	3.53	2.22	-3.47	1.12	3.39	-3.56	-0.55	-2.43	-3.22
3.45	-4.41	-1.63	7.60	9.34	4.76	-3.55	0.53	4.53	-1.43	0.53	2.34	-0.88
6.25	-3.73	0.08	1.89	-1.06	2.64	-2.03	5.34	5.44	-2.47	2.57	2.95	0.35
5.42	-3.18	-1.24	5.26	3.64	3.84	7.00	1.38	0.72	-1.18	0.50	-0.51	-2.14
2.81	-0.89	0.59	8.01	1.06	2.57	1.37	1.61	-0.43	-1.52	-5.11	-5.55	-4.28
-1.30	-5.21	-6.09	1.36	5.21	1.23	-2.56	-0.50	-1.39	-3.71	-0.29	-1.66	-4.34
-0.09	4.41	-3.58	-2.42	7.70	7.04	2.33	-2.32	0.36	-0.85	-0.91	-2.42	-1.46
-13.18	3.07	0.54	7.04	11.94	10.96	1.10	1.30	0.95	-1.35	1.39	-0.83	0.35
-12.03	-1.41	0.28	4.68	3.54	5.65	-3.68	-1.69	5.95	-1.65	-1.57	-3.45	0.36
-9.24	5.65	-5.43	10.33	3.14	5.67	-4.72	-0.82	2.79	-1.93	-1.18	-2.84	-3.34
-10.59	0.00	-3.86	4.72	6.91	4.68	0.26	3.09	4.68	1.02	4.74	-1.33	-2.59
-16.54	0.18	1.57	12.27	5.19	6.32	0.84	3.91	3.74	-4.52	-0.93	-3.53	-2.99
-8.56	-1.63	-4.39	9.09	0.19	4.70	-0.40	2.58	0.07	0.61	1.65	-0.92	-1.43
-12.82	0.02	-4.29	8.42	2.67	2.51	-3.30	-3.88	0.05	0.32	2.21	2.26	1.13
-3.27	-3.77	-4.45	10.04	4.15	3.02	-4.07	-4.14	-2.28	-0.14	-0.83	-3.31	-2.36
-1.47	0.08	-0.96	7.51	2.94	1.78	-4.03	-5.37	-4.17	3.17	3.14	-3.64	-3.67
4.19	-2.57	-3.29	9.10	5.70	0.11	-5.22	-2.70	-4.35	-2.02	1.62	-4.10	-4.55
7.92	2.27	-0.80	5.60	2.66	-0.15	-5.78	-6.57	-4.67	-0.31	2.51	-1.39	-4.56
5.59	-0.16	1.19	5.73	5.79	-2.57	-6.30	-7.25	-4.67	-4.23	-1.26	0.46	2.12
9.55	2.57	2.39	3.71	3.11	-1.32	-5.75	-0.23	-0.76	0.11	1.84	-2.60	-3.12
8.26	-3.96	2.96	5.45	3.56	0.56	-1.96	-3.54	-0.57	0.11	2.84	2.47	-4.09
8.14	-4.91	-0.50	2.77	3.44	-2.70	-4.33	-2.41	1.28	-5.51	-1.56	0.02	-0.45
11.02	-0.13	0.43	5.19	5.57	3.31	-2.72	-3.76	-0.22	-1.34	-0.56	0.54	2.81
8.99	-3.50	-0.05	2.97	6.24	4.47	-1.45	-1.85	-1.95	0.94	-1.87	2.22	0.81
10.19	1.81	-3.35	1.18	3.21	2.96	-3.78	-4.34	-4.41	-2.46	0.65	-3.10	-4.63
6.76	4.58	5.94	4.67	4.26	1.63	-5.26	0.74	-2.37	0.82	0.26	-0.79	-5.78
-4.05	4.42	6.97	-1.87	4.48	0.20	-5.03	-4.30	-3.92	0.52	-7.12	-1.15	-7.10
-6.55	5.03	9.92	-1.82	6.89	2.64	-3.86	-7.86	-2.67	1.97	-2.84	2.59	-10.44
3.35	8.47	-1.97	-1.74	1.12	-0.97	-2.82	1.34	0.79	-2.36	0.76	1.99	0.87
0.79	2.23	-0.91	-1.06	2.08	1.78	-5.53	-9.85	-8.31	-1.91	0.77	0.36	0.22
34.88	-22.67	14.17	-5.05	-0.11	11.09	-12.66	-3.02	-1.57	-8.50	2.03	1.49	-4.86
38.30	-27.30	10.57	-1.04	-3.98	12.16	-16.66	-0.62	-2.82	-8.37	3.18	0.08	-5.08
37.08	-25.57	13.68	-4.81	0.67	10.07	-18.74	-2.92	-3.81	-4.96	3.71	-0.21	-2.46
34.79	-31.28	17.25	-7.51	2.74	6.11	-19.82	-1.09	-8.11	-3.94	2.80	-0.99	-2.08
27.85	-29.60	16.74	-8.70	3.20	4.51	-20.68	-3.48	-8.40	-4.30	2.57	-0.51	-2.81
25.87	-31.68	18.47	-10.43	2.49	3.38	-22.96	-3.26	-10.49	-1.34	-0.13	1.48	-4.29
22.38	-13.32	7.84	-5.54	4.14	0.45	-10.74	-5.78	2.58	1.98	4.99	1.39	-2.35
1.71	-17.38	7.85	0.57	-2.70	-1.47	-16.71	-9.34	-2.38	-5.15	-0.99	-0.66	-2.42
25.86	-26.88	15.37	-3.57	-0.87	0.45	-15.69	-3.57	-3.55	-0.34	-4.18	4.85	-3.18
22.16	-23.27	15.07	-2.53	3.28	-2.51	-15.90	-1.95	-7.67	2.03	-3.34	3.31	-1.50
26.26	-25.72	16.40	-4.01	2.15	-1.81	-16.82	-3.57	-6.21	2.20	-4.29	5.73	-4.62
23.68	-23.87	15.84	-3.91	0.11	-1.28	-17.57	-3.98	-6.18	1.08	-2.87	4.50	-2.44
23.32	-25.38	18.59	-6.61	1.96	-4.89	-19.44	-2.61	-8.58	1.72	-3.38	5.36	-4.46
16.82	-22.44	15.70	-4.55	-1.08	-5.26	-19.71	-5.81	-6.56	-1.43	-0.43	1.88	-2.49
-3.42	-8.74	-0.04	-3.54	-1.94	-0.42	-6.60	2.17	6.44	3.38	1.40	-1.20	-0.12
12.02	-20.14	15.88	-2.51	2.42	-7.30	-17.64	-5.90	-2.33	-3.25	0.85	2.64	-1.05
18.55	-24.18	23.41	-4.33	-0.25	-3.63	-16.07	-3.38	-4.51	-2.80	0.59	1.06	-1.38
12.22	-21.47	22.16	-5.40	4.63	-4.95	-16.09	-2.70	-6.23	-0.16	-1.45	1.49	0.04
15.74	-21.01	18.79	-4.24	3.14	-4.15	-14.07	-3.75	-4.11	-2.87	0.57	2.01	-1.53
18.33	-24.97	20.57	-4.63	3.01	-6.41	-14.73	-1.91	-5.41	-0.84	-2.83	4.25	-2.10
16.11	-23.17	19.16	-3.44	-0.57	-3.77	-18.80	-1.68	-6.28	-0.07	-2.26	3.15	-2.35
17.69	-24.36	18.48	-5.47	-1.58	-4.52	-19.15	-4.01	-4.65	-1.05	-0.75	0.82	-3.03
-0.10	-8.92	9.70	2.13	-3.42	-2.51	-10.70	-0.94	0.47	-8.55	-2.44	0.51	-0.35
1.00	-9.37	6.64	3.07	-1.76	-8.07	-14.40	-6.09	-0.50	-3.25	-2.52	-2.10	-4.47
15.22	-23.30	20.25	-6.38	2.09	-6.69	-12.72	-2.42	-5.39	-0.23	0.14	0.46	-2.53
21.35	-28.10	20.47	-5.72	1.80	-2.93	-15.04	-2.81	-5.39	0.76	1.19	-1.97	-1.79
22.53	-27.54	19.93	-5.63	3.05	-2.81	-14.91	-3.33	-6.71	3.09	-0.05	-0.67	-1.22
20.74	-26.35	19.51	-3.97	3.89	-4.38	-14.66	-6.70	-4.55	0.17	0.28	0.35	-2.75
18.49	-28.07	21.25	-4.96	5.29	-5.45	-16.47	-7.83	-5.71	-2.02	1.36	-2.49	-4.80
13.52	-27.72	20.80	-3.47	5.13	-3.41	-16.86	-7.33	-6.66	-3.56	2.26	-5.71	-7.02
-0.16	-6.87	6.98	1.80	9.95	-1.06	-11.49	-4.31	-3.33	0.82	4.62	-3.68	-6.46
-2.87	-13.52	9.24	1.00	2.95	4.17	-6.55	-4.52	-3.10	-1.06	2.79	0.94	-3.54
-3.34	-17.25	5.88	0.99	5.66	11.32	-1.49	-2.01	-0.80	0.70	10.23	1.55	-6.70
-2.94	-17.77	6.18	-3.18	4.96	9.77	-3.02	-4.22	-5.33	-1.22	10.08	2.50	-8.60
1.88	-17.64	11.65	-4.23	2.72	8.66	-3.98	-0.72	-3.99	-0.09	7.56	3.32	-7.07
2.22	-14.61	11.96	-3.60	1.32	10.02	-3.74	1.43	1.83	-0.03	6.61	0.37	-2.40
-2.93	-10.63	9.83	-4.45	0.69	6.57	-3.57	3.70	4.12	0.35	4.96	0.58	-0.71
-9.75	-3.28	6.34	-3.17	5.12	4.03	0.83	0.83	2.65	-1.31	2.42	2.82	-1.25
-11.04	1.78	0.23	1.20	-0.82	-0.46	-0.98	0.76	-0.43	0.60	0.40	0.80	0.15
-9.66	-0.60	-2.15	-0.43	2.67	0.68	-1.24	1.95	-1.39	-0.14	2.35	-0.33	-0.66
-8.75	5.99	2.30	3.06	2.10	6.49	-1.35	-2.25	-0.60	-1.09	3.08	-0.27	-4.54
-16.18	6.09	-2.06	1.79	4.95	4.62	1.89	0.48	1.35	-0.11	1.25	1.85	-2.26
-9.56	-11.08	-6.14	-0.42	6.33	-0.38	-3.07	-0.72	4.45	-7.45	4.02	-5.19	-0.63
-12.33	-6.79	3.45	-1.03	4.39	1.65	3.04	-0.15	2.29	-2.75	0.20	-7.25	-5.88
1.09	-10.26	21.52	1.24	10.06	2.88	0.08	-1.01	-8.07	4.56	2.33	-5.83	-2.52
21.13	-12.12	15.03	-2.73	1.09	3.30	-1.89	-0.87	-3.96	0.48	1.48	-2.06	-4.75
14.05	-1.49	14.40	2.48	-1.77	-1.96	0.74	0.67	-5.08	-2.20	0.64	-2.36	-6.23
8.29	5.59	9.25	-1.74	-0.69	1.09	1.23	-2.10	-4.30	-0.76	2.47	-2.46	-4.10
-4.92	1.83	1.80	-2.42	-3.08	1.28	1.60	3.91	2.38	3.77	-2.92	-6.03	-2.58
-6.54	2.69	-3.36	2.21	0.22	5.82	1.45	0.38	5.81	9.89	3.19	-3.56	-4.00
0.85	4.87	-1.49	2.40	0.95	8.21	0.83	-0.97	-3.75	-2.17	0.24	2.46	-1.03
1.29	2.03	-1.80	-1.53	-5.06	3.25	-0.93	-5.13	0.63	-1.29	4.33	0.25	-2.80
3.02	2.09	2.43	-0.70	3.35	2.92	-4.06	-0.19	1.93	1.50	-1.14	-2.88	-5.17
2.97	4.33	-3.28	-1.95	2.29	3.60	2.64	-4.09	-0.60	-0.86	0.48	-1.37	-3.09
-7.50	0.63	1.65	5.66	4.93	-0.73	-1.82	-0.14	2.62	-0.20	-3.07	-0.39	0.44
-8.29	2.59	-0.96	3.48	0.78	2.32	-3.38	-2.58	4.72	4.59	-0.07	-0.13	2.08
-4.80	6.61	-1.16	-0.39	1.20	0.30	-3.85	-4.85	3.00	0.01	-2.81	-1.36	2.23
-8.65	4.16	-2.77	0.24	-1.20	-1.67	-1.41	-0.98	-2.31	-1.96	-2.74	-0.17	-1.68
-10.39	4.00	-0.33	2.83	5.04	1.75	2.50	-0.39	-4.73	-3.03	-1.61	-4.45	-3.75
-6.46	9.10	-2.12	-2.00	-0.32	4.47	-1.30	-1.81	-1.94	-1.03	-1.77	-5.65	-7.65
-7.98	7.01	-0.49	1.30	-0.73	1.45	-3.32	-2.48	0.82	-0.10	0.21	2.65	-1.81
-6.59	6.61	-1.29	-0.40	-1.10	-1.26	-6.33	-2.36	4.46	4.31	2.96	-0.30	-1.98
-0.93	9.19	1.44	5.65	2.51	1.01	-1.99	1.95	4.36	1.71	-1.62	2.23	-1.54
-4.32	4.52	4.57	5.30	2.70	-2.28	-3.90	-1.13	0.57	2.55	1.86	-0.62	-3.85
0.65	9.66	3.47	8.85	3.25	-3.48	-4.25	5.34	3.78	-1.26	-1.61	-3.64	-1.28
-2.84	2.42	4.23	4.62	4.79	1.41	-1.09	1.59	1.59	-2.13	-0.46	1.12	3.00
0.25	-2.07	-2.34	3.66	3.62	1.79	0.63	-1.18	-2.48	-3.84	-1.73	1.35	1.03
5.98	-3.58	-4.43	-4.57	-1.72	0.38	-4.37	-4.84	-1.99	0.73	2.95	-0.04	0.99
-1.44	-6.63	-2.47	0.89	0.02	3.17	-0.98	-3.97	0.82	0.72	4.30	1.52	3.45
4.46	0.46	1.50	3.45	0.51	0.53	-4.70	-3.62	1.90	0.39	1.28	-0.65	-2.47
2.68	0.99	1.96	2.88	4.26	5.31	-2.80	1.29	1.18	3.83	-0.43	-5.63	-2.70
-1.89	-0.50	5.20	3.02	1.17	-1.30	-7.45	-7.18	0.36	3.08	0.43	-1.28	-0.58
1.94	-1.61	0.18	3.49	5.28	0.92	-2.84	-3.48	0.98	-1.27	-2.93	-4.00	-2.59
1.18	-1.84	1.74	0.99	5.43	3.17	-9.37	-7.64	1.84	2.55	-1.06	-6.25	-3.73
2.21	-0.53	4.47	3.15	2.18	2.77	-5.22	-4.07	0.79	1.84	1.01	-1.51	0.20
2.49	-1.08	3.07	5.92	3.85	-0.47	-2.53	1.28	3.27	3.55	-3.52	-3.36	-3.70
-0.83	-1.37	4.98	2.95	2.11	3.41	-1.20	-2.75	-0.45	-1.45	-1.95	-3.61	-0.04
2.77	-2.86	3.40	4.60	2.10	2.80	-0.24	-0.56	5.54	2.40	-0.26	-3.20	-3.28
-1.19	-1.50	0.09	3.24	6.66	2.16	-2.59	1.81	-0.73	-3.89	-2.65	1.56	1.94
6.52	0.03	-0.65	0.89	5.99	0.10	-3.48	4.39	3.19	-2.79	-1.57	-1.52	3.11
-0.63	-3.55	1.91	2.48	4.11	3.31	-1.13	0.82	1.51	-1.28	1.14	1.81	-0.38
-9.21	-7.80	5.02	4.90	3.97	1.57	-1.56	5.63	4.65	0.32	3.69	1.81	-1.39
-4.39	-3.12	3.70	2.66	1.75	2.34	2.25	6.01	6.83	-0.10	-1.68	-1.89	-0.26
-5.08	-7.36	0.39	9.82	3.79	1.08	-1.11	3.19	2.98	1.77	2.33	-1.41	-0.90
-1.15	-5.18	6.89	1.76	-1.62	2.46	-3.01	1.98	4.61	1.06	2.77	-1.17	-6.12
-0.60	-2.49	5.29	5.04	3.54	-0.66	-5.70	-0.03	2.41	0.80	5.73	4.50	-1.39
-2.21	3.11	7.39	1.09	-2.63	-1.01	-2.28	-0.64	0.85	-0.10	-1.23	-3.18	-6.73
2.31	1.05	4.96	3.24	1.23	6.30	-2.17	-0.54	0.61	-3.27	2.85	1.09	-0.68
3.93	-3.33	7.52	5.87	-1.31	-0.57	-3.62	-4.42	-2.92	-7.98	-5.47	-1.14	-2.36
2.50	-4.65	5.69	4.70	0.10	-0.01	-3.12	0.02	2.55	-2.91	-2.91	-5.56	-6.20
2.32	-4.49	5.01	4.02	-1.91	2.78	-0.45	2.43	0.87	-6.99	-10.14	-7.30	-6.89
0.43	-0.70	2.45	9.92	8.27	6.62	-0.71	-0.95	0.16	-1.78	-1.59	-2.12	-1.60
-2.86	-5.54	3.58	10.75	7.04	1.20	-2.96	1.16	6.16	1.90	-1.50	-2.08	-4.65
4.61	-1.74	1.36	9.00	0.70	-3.92	1.19	1.30	2.50	1.57	2.37	0.40	-3.92
4.07	-1.44	4.27	9.61	6.96	1.98	-1.75	0.46	-4.07	-1.81	3.91	-3.45	-8.34
-3.71	-5.19	-3.18	1.36	-4.70	-10.12	-4.53	-5.16	-1.32	-3.16	-3.58	-1.28	-1.71
-1.41	1.30	4.45	8.32	4.32	2.81	-1.94	-3.47	-1.09	-1.69	-1.01	-2.60	1.63
-0.80	-3.37	4.04	5.00	-0.36	5.68	-1.64	-4.27	2.83	-1.25	-0.85	-2.03	-3.17
-2.29	-1.54	6.23	6.81	5.81	-1.88	-1.38	-0.39	0.07	-7.00	-1.42	-0.49	0.22
-4.07	-0.80	-0.05	1.21	1.54	1.21	2.33	2.99	4.86	0.90	1.98	-1.05	-0.50
-2.26	-1.29	4.24	1.40	2.26	2.46	-1.12	1.04	6.52	1.94	-2.53	-2.44	-2.44
-3.92	-1.64	2.36	2.45	5.21	3.07	1.77	1.10	4.64	2.00	-3.39	-0.28	0.75
-8.20	-1.30	-0.74	3.53	7.70	5.63	2.08	0.19	1.14	-1.41	-2.37	-1.25	2.07
-5.76	-5.78	2.78	2.37	5.57	5.12	3.73	0.30	3.77	-0.90	1.76	-4.10	-2.53
-2.36	1.37	5.01	2.83	0.33	2.43	-1.36	-0.11	4.72	-1.75	-1.20	0.17	0.52
-3.71	2.98	1.21	2.08	2.85	-0.81	-3.77	-2.95	1.89	-2.78	0.41	4.16	5.06
0.15	2.30	2.66	-0.27	-2.42	1.23	1.31	-2.25	-3.27	-0.38	-0.80	-2.17	3.60
-37.67	-1.15	1.23	5.57	3.05	-2.34	4.47	-0.26	-0.75	-0.88	-3.34	-0.57	-1.20
-52.27	-14.90	10.15	6.89	0.22	-8.99	8.74	-2.08	-0.48	3.60	1.54	4.82	-0.51
-0.45	-2.33	-0.60	7.36	6.10	6.84	0.38	-0.55	4.88	4.87	6.30	1.81	1.77
0.80	-5.00	-0.35	5.06	3.92	2.00	-0.85	-3.10	1.30	5.68	0.14	1.94	-0.70
0.04	-6.94	-2.71	5.37	6.36	4.76	3.50	-2.63	3.78	4.24	6.79	1.72	-0.77
3.61	0.71	1.77	6.94	5.12	4.55	3.66	-0.46	3.17	-0.25	1.17	2.39	0.14
-3.05	1.56	7.11	11.04	11.77	7.01	2.55	-0.65	1.13	3.59	4.42	-2.52	-1.70
-0.69	-1.75	9.80	15.86	10.48	0.91	-3.26	-1.36	2.64	6.69	3.54	0.72	-1.42
-2.48	1.57	3.48	12.94	10.88	1.77	-2.07	-1.46	1.65	1.73	-1.62	-0.99	-5.19
-15.49	-4.71	0.95	6.30	6.02	-0.18	-1.33	-1.20	5.39	3.97	-0.85	5.99	-2.01
-13.48	-5.43	-3.26	5.80	10.16	4.05	3.61	-3.02	2.13	1.76	1.24	-0.15	-5.18
-17.90	-2.18	2.57	5.80	10.10	-2.53	4.63	-4.67	3.45	2.41	-1.15	2.19	2.29
-18.99	-8.75	5.72	-0.39	2.27	4.67	-6.00	-5.45	2.36	0.20	2.07	4.41	0.58
-8.28	-10.15	2.64	-4.36	1.70	4.57	-8.27	-0.46	-1.78	3.82	2.63	2.97	-3.38
6.37	-5.92	14.01	2.53	-4.79	2.43	-8.73	-1.29	-3.20	4.18	-1.48	8.18	1.48
14.66	-18.42	16.93	-4.67	-5.48	6.39	-12.89	1.93	-8.50	2.51	-1.80	5.08	-4.04
20.33	-29.46	16.09	-6.33	-7.41	10.51	-17.23	3.80	-6.96	1.45	1.62	2.87	-0.37
18.74	-22.45	14.49	-7.36	-4.85	5.39	-17.45	1.64	-8.08	-0.66	2.17	3.78	-3.64
16.97	-23.52	10.61	-4.30	-3.78	3.67	-12.30	-2.95	-5.26	-6.19	4.78	1.22	-4.03
24.22	-25.76	18.49	-9.51	-3.17	2.81	-12.53	-1.56	-6.76	-3.87	5.93	4.58	-2.87
21.48	-23.78	17.19	-2.88	-4.16	14.46	-9.17	-4.75	1.44	-15.32	2.68	5.17	-5.79
-5.65	-11.70	3.06	1.60	-1.27	13.17	7.19	0.75	7.20	-6.87	-3.66	2.56	-2.66
5.06	-16.60	9.01	-1.84	-0.12	12.21	3.04	3.55	1.66	-7.92	0.74	1.75	-2.39
18.42	-26.59	22.68	-7.16	3.24	9.76	-8.81	-2.46	-6.70	-14.45	5.73	2.95	-7.22
29.75	-38.08	29.66	-8.39	-0.83	9.80	-16.04	-4.89	-8.03	-8.66	7.41	-1.81	-5.02
21.07	-31.16	22.44	-4.33	-3.62	6.95	-15.40	-4.17	-5.87	-8.07	7.32	-1.83	-6.47
-2.71	-10.16	-2.67	-6.17	-8.38	-5.68	-8.60	-4.79	-5.35	-5.06	3.24	0.15	-8.26
-2.68	-13.10	5.15	-1.10	-5.01	-1.80	-11.64	-7.92	-1.92	-0.44	5.00	1.51	-3.05
19.16	-29.14	18.53	-5.50	-4.55	-0.29	-17.33	-6.87	-4.94	-1.86	6.54	-1.93	-0.26
22.54	-32.71	21.74	-9.49	-3.47	-1.58	-16.66	-8.32	-4.78	-2.68	6.26	-1.99	-0.49
16.94	-31.14	20.08	-9.59	-3.33	-1.77	-18.24	-9.09	-5.78	-3.00	4.85	-2.02	-0.87
14.30	-32.34	20.13	-10.03	-2.25	-2.33	-18.89	-9.57	-7.15	-2.66	3.13	-0.19	-2.94
-11.96	1.29	5.49	0.45	-3.28	-3.39	-5.40	-6.52	-4.00	-2.30	-0.79	2.20	1.26
-9.22	-10.29	11.15	-2.04	-0.17	-1.21	-11.35	-4.28	-4.28	-3.38	3.53	-1.34	-6.66
8.45	-21.37	18.59	-3.34	0.13	3.69	-9.89	-2.10	-6.27	-4.24	6.69	-3.06	-5.82
14.32	-22.05	19.07	-4.38	1.34	6.06	-6.03	-2.32	-7.22	-8.30	6.89	-0.91	-7.26
2.56	-15.23	12.80	-1.36	0.97	12.81	-2.72	1.70	-7.01	-9.09	9.13	2.98	-6.30
0.61	-6.66	3.03	-2.44	0.63	8.12	1.27	1.43	-3.82	-8.54	3.69	4.93	-5.34
-13.61	-2.81	2.78	7.23	0.32	-3.09	-0.42	3.89	1.59	0.77	5.32	2.36	-2.18
-14.31	3.25	-0.28	3.07	2.17	4.29	-3.10	2.56	0.34	3.29	-2.60	-2.29	-2.00
-3.20	0.76	2.40	4.53	2.35	5.02	-3.33	-0.07	1.78	0.53	6.35	2.15	-1.40
-3.95	1.85	5.98	2.49	2.69	2.80	-2.32	2.93	2.73	-0.48	3.40	1.70	-0.07
-3.93	0.60	4.19	4.71	7.01	7.40	-0.83	0.70	1.45	-2.06	5.05	5.63	-0.41
1.27	2.64	2.90	2.35	7.75	5.41	-0.09	-2.86	-1.34	-1.85	4.68	0.62	-2.56
-4.31	0.52	-0.35	3.03	9.09	8.83	0.24	0.77	-0.38	-2.73	-0.04	-1.24	-3.74
-3.90	0.86	0.54	3.41	7.24	6.50	-1.36	-2.91	-2.38	-1.75	4.95	0.81	-1.06
-15.78	7.44	-1.97	1.79	-2.97	-0.20	-0.02	1.90	-2.44	2.23	-0.39	-0.76	0.50
-11.69	5.64	-3.35	3.20	-1.88	2.63	-1.51	4.54	-3.44	0.63	2.21	0.14	0.93
-19.34	-2.60	-12.52	10.43	-8.21	6.80	-2.75	4.17	1.38	-0.30	1.30	1.17	-0.74
-15.68	5.89	4.16	0.76	1.56	0.16	-4.55	-4.57	4.35	-0.14	2.86	-3.72	-1.48
-11.40	-0.31	4.10	4.44	4.42	1.70	-0.00	-6.40	0.42	0.01	7.02	-2.94	-2.62
-7.11	-3.21	-0.82	-1.14	3.47	1.91	-0.36	-1.41	-3.33	-4.86	5.53	0.09	-10.35
-11.89	0.50	-5.60	-3.96	2.97	4.83	7.44	8.04	2.98	1.14	0.60	0.31	-1.60
-6.33	0.32	-5.59	0.44	-0.23	-5.42	-6.97	-2.34	1.50	1.16	0.51	-2.12	-2.72
4.91	2.33	-3.78	0.05	1.39	-5.24	-1.90	-2.20	-0.21	0.51	1.02	1.87	0.38
6.14	6.85	-4.91	-7.08	1.79	-3.03	0.10	2.16	3.23	3.00	3.70	0.31	4.77
8.11	2.47	-2.43	-7.69	-4.58	-2.19	2.89	1.68	3.78	1.47	2.37	4.54	1.98
7.71	-0.93	-5.00	-9.84	-6.58	-3.45	0.78	2.12	-0.39	-2.23	1.05	4.25	0.98
7.58	0.87	-6.60	-10.23	-7.46	-2.21	1.31	0.07	-6.21	-5.65	1.35	5.14	0.10
7.09	-0.28	-3.55	-6.17	-7.09	-6.94	-2.63	-0.93	1.07	0.71	-0.12	2.29	5.49
5.90	0.99	-6.07	-9.29	-7.02	-3.07	-4.22	-3.62	-3.12	-1.02	6.10	5.03	2.25
8.34	-0.46	-3.56	-6.53	-5.08	-6.35	-4.63	-4.71	-5.46	-5.94	0.40	-0.37	2.20
-10.87	-2.44	-6.64	-6.69	-0.38	-0.66	-2.17	-2.09	0.23	2.09	3.48	-0.38	-1.45
-11.92	-5.48	-4.42	-3.88	-1.67	0.98	0.58	0.05	1.35	0.35	2.20	1.26	-0.65
-1.93	0.34	2.96	1.95	3.84	-0.17	-4.04	-4.98	-3.14	-4.14	1.38	0.87	-3.93
-3.70	-2.43	-5.03	-1.47	0.52	1.22	-2.65	-1.42	0.94	3.57	3.57	2.59	2.94
3.92	-3.17	-2.22	-3.05	3.05	0.27	-4.75	-3.75	-1.35	-2.97	1.65	-0.73	-2.46
9.53	-1.69	-2.01	0.67	-0.21	-4.02	-4.40	-1.10	-2.70	-1.40	1.04	1.58	-0.68
6.59	-5.92	-3.59	-2.33	-4.97	-7.74	-5.76	1.53	-1.23	-4.20	-1.84	-0.40	1.01
2.73	-4.52	1.10	3.11	5.97	-2.04	-3.87	0.17	-2.61	-3.28	2.51	0.36	0.18
-8.60	-0.47	-0.73	0.03	-1.38	-3.35	-0.84	3.74	1.32	2.64	1.72	0.98	1.32
-1.22	-0.03	1.27	1.26	4.36	2.83	0.45	0.73	0.15	-1.16	3.32	-2.61	-6.47
-2.94	-2.53	0.67	-0.41	5.25	2.92	-2.57	4.51	5.30	-1.50	-1.56	-0.72	-2.14
-3.74	-6.33	-0.81	1.21	4.95	1.69	0.15	2.48	1.62	2.45	3.49	4.34	0.44
-7.55	-11.78	-3.40	0.36	5.06	1.68	-3.89	3.86	2.60	-1.13	-0.31	1.01	-1.75
-8.25	-4.14	5.80	3.17	2.48	-1.20	-0.52	5.24	1.91	1.85	3.79	4.36	1.20
-3.62	-8.63	-1.17	1.11	2.48	-2.47	-2.91	7.13	3.64	-1.11	3.36	2.89	-3.09
-0.97	-6.56	-1.67	0.45	2.97	-0.96	-1.99	4.50	-1.31	-6.38	0.57	-0.05	-8.10
-5.02	-3.86	3.71	6.07	4.11	1.55	0.68	3.29	0.10	-0.66	0.40	-0.29	-1.62
0.11	-5.13	2.93	4.20	2.67	1.37	-2.26	-0.08	-0.45	0.79	-0.08	-1.42	-2.48
0.79	-5.59	0.76	3.27	7.32	4.98	-0.43	-1.65	-1.69	-0.86	2.43	-0.41	-4.78
0.89	-5.18	4.84	3.48	3.76	2.92	-2.60	-2.59	-4.59	-0.67	5.29	1.52	-5.06
-2.52	-9.14	1.09	6.00	5.16	6.14	-3.10	-0.72	-0.50	2.51	5.05	1.66	-5.05
-1.88	-3.58	3.66	5.66	4.50	1.22	-3.49	0.90	-1.18	1.20	1.59	-1.36	-1.86
-1.33	-2.99	0.68	3.82	3.82	1.55	-3.72	3.25	2.13	0.14	-0.14	-1.36	-1.41
-5.01	-4.56	-1.47	1.96	2.12	1.73	-2.95	-0.77	1.96	0.17	1.10	0.15	-3.19
-5.76	-1.40	-8.35	-0.62	7.36	4.78	0.74	2.92	1.69	2.56	-0.79	-2.50	-4.85
-8.79	-1.67	-2.22	-0.90	0.11	0.83	2.21	-0.58	-4.28	0.34	1.85	0.52	-0.31
-4.28	-0.47	-3.46	4.92	5.35	2.65	-2.64	-5.18	-2.39	-1.05	0.35	3.89	-4.71
1.53	2.03	-3.09	2.97	8.73	-0.52	-11.87	-10.40	-4.70	-3.42	3.11	3.40	-3.20
5.33	5.38	-0.21	2.28	5.21	-0.18	-5.66	-8.01	-3.56	-3.21	1.08	2.51	-1.83
7.68	0.91	-1.25	-1.54	5.97	-2.90	-2.91	-2.46	-5.32	-0.63	2.19	-3.05	-6.43
7.77	-2.24	-7.20	-3.84	4.58	-1.42	-1.59	-1.61	-4.79	-2.26	-1.93	-2.82	-2.94
9.44	-4.12	-4.27	1.60	2.11	1.20	-3.68	-3.17	-1.35	0.85	-1.68	2.01	-3.63
10.19	-1.97	-1.81	3.71	-1.68	-0.85	-1.70	-1.60	-1.26	-0.32	1.55	2.96	-1.11
12.68	-2.09	-2.23	2.16	0.65	1.51	-6.34	-5.56	-2.77	-3.51	4.30	1.33	-0.61
8.74	-4.11	3.02	4.53	5.14	1.79	-5.37	-7.54	-9.50	-9.04	3.23	6.37	0.71
4.70	-5.61	2.76	7.01	8.65	5.88	-3.04	-4.64	-4.45	-3.92	-2.70	0.91	2.50
3.17	-5.22	-0.79	3.43	2.41	3.49	-2.63	-3.71	-5.53	-2.55	-2.46	-3.99	-2.16
2.75	-5.86	1.58	3.88	4.07	-3.91	-9.67	-4.55	-4.04	-1.43	-1.06	-2.21	-2.83
0.42	-8.61	-7.18	-3.57	1.87	5.39	0.92	-5.62	-1.82	1.69	1.47	-2.37	-4.84
7.59	-1.62	3.82	2.47	0.70	4.89	0.03	-3.37	-4.39	0.76	1.39	-1.00	-4.41
0.28	-3.20	-0.15	4.22	6.18	5.43	0.52	0.81	-0.97	2.75	1.27	0.21	0.69
1.33	-3.18	2.20	5.85	4.64	-1.73	-6.43	-8.01	-8.46	-1.74	1.68	-0.83	-2.74
8.99	-3.42	3.10	3.44	3.47	2.31	-2.83	-3.00	-4.57	1.09	1.89	-0.68	-2.45
4.62	-2.92	1.70	0.53	1.99	-3.43	-6.92	0.19	3.00	-0.72	-1.21	-5.54	-4.22
5.53	-3.81	7.76	5.01	1.12	2.17	-1.57	1.89	4.07	-0.81	-1.06	-3.09	-5.58
1.83	-2.53	6.78	4.64	-0.22	0.17	-1.18	3.67	1.16	-3.71	-3.09	-2.75	-0.20
0.93	-8.57	4.99	4.66	2.97	-0.54	-6.79	-0.97	2.50	-1.81	-2.83	-2.65	-2.23
-10.98	-9.93	4.13	0.16	-2.35	-0.62	-1.15	0.29	3.44	4.24	3.12	5.87	0.52
16.47	-12.75	-3.21	3.73	4.54	0.72	-1.96	-1.63	-2.45	-1.17	2.16	-1.86	-5.30
16.01	-31.17	13.79	-1.02	4.58	0.99	-7.77	2.30	-6.54	-1.77	2.78	-2.11	-2.74
16.13	-20.45	6.46	4.40	0.46	3.06	-3.38	0.51	-4.68	-3.80	4.25	-0.31	-3.62
21.44	-25.14	3.39	5.38	-3.05	4.31	-2.26	-0.31	-4.65	-5.26	3.66	1.17	-5.56
14.05	-23.42	4.93	9.17	-0.83	8.64	0.51	-0.83	-6.85	-9.95	4.21	4.95	-8.06
-5.18	-3.69	-3.19	1.42	0.69	1.37	-1.54	-2.27	-3.80	-2.08	3.11	1.75	-2.36
9.12	-20.41	0.12	6.97	0.18	3.53	1.19	-2.92	-4.78	-5.00	0.00	0.86	-2.95
31.42	-24.00	-2.07	8.21	-2.75	3.63	1.96	-1.62	-5.35	-4.11	2.66	3.73	-5.08
20.53	-18.61	2.10	9.30	-0.57	6.94	2.81	-3.56	-8.06	-9.63	5.64	2.92	-3.85
-2.47	-7.48	-2.72	12.40	-0.96	2.07	6.62	-1.46	0.47	-1.04	1.15	-3.30	-0.42
-6.88	-14.36	-7.33	10.54	-6.20	2.46	2.66	-6.95	1.49	-4.17	3.06	-3.15	-1.21
24.93	-36.08	8.35	5.69	-4.37	5.45	-4.68	-2.18	-8.58	-1.13	0.10	3.16	-4.79
33.24	-33.18	2.27	10.84	-5.66	3.56	-0.42	-2.21	-8.88	-3.13	1.45	2.26	-3.28
-2.17	-9.45	-1.95	7.63	0.24	-0.95	0.43	-0.99	-2.33	-1.01	1.98	0.28	-0.45
0.04	-16.34	0.61	5.59	-1.95	1.49	-0.94	-3.05	-2.65	-2.96	1.19	0.24	-4.39
27.50	-41.46	11.77	5.50	-5.78	6.67	-7.09	-3.17	-7.27	-2.97	1.40	2.72	-5.26
30.26	-40.32	10.38	7.73	-6.67	4.98	-4.92	-4.92	-6.43	-4.99	0.53	2.29	-5.78
30.95	-43.75	16.36	5.75	-7.14	11.63	-5.27	-3.56	-4.27	-7.41	1.82	3.10	-6.08
22.63	-36.55	14.43	4.30	-6.05	13.71	-2.49	-3.02	-2.35	-9.87	1.73	3.93	-7.75
13.98	-26.72	8.43	4.96	-6.59	6.36	-7.54	-6.74	-0.03	-7.03	1.07	2.57	-5.86
21.26	-29.60	9.64	5.64	-4.57	3.20	-11.26	-6.18	3.00	-3.89	1.65	2.92	-4.88
28.57	-37.44	13.56	5.00	-5.46	-1.05	-16.70	-5.23	-0.11	-2.29	-2.39	2.63	-5.01
27.97	-35.92	11.59	4.74	-1.39	-7.14	-15.39	-4.67	-3.43	-0.02	-5.24	4.52	-5.98
22.86	-37.07	15.88	2.02	-2.31	-5.42	-12.82	-5.35	-0.26	-0.92	-3.96	3.35	-4.64
25.00	-44.78	19.03	4.72	-5.35	-4.02	-16.68	-4.48	0.82	-2.35	-4.18	3.05	-5.89
27.27	-46.61	20.58	4.68	-3.03	-5.72	-15.82	-4.23	1.20	-2.78	-3.43	3.21	-6.32
16.78	-37.62	15.68	8.08	-4.80	-3.72	-15.62	-4.94	3.55	-5.30	-1.13	2.66	-5.82
18.32	-34.17	11.73	5.66	-1.64	-1.76	-11.04	-2.76	1.91	-4.61	-2.28	0.20	-6.26
3.58	-22.96	8.81	11.67	-0.24	-4.08	-14.43	-3.67	3.43	-5.00	0.13	0.46	-7.03
27.31	-32.44	12.11	9.65	7.08	6.59	-8.98	-1.93	3.79	-5.82	-0.41	1.75	-10.24
17.14	-21.93	3.53	8.70	4.09	12.82	-5.83	-0.71	2.93	-7.90	5.72	0.33	-7.55
13.52	-14.97	7.37	7.50	3.27	4.85	-8.55	-1.91	-0.63	-7.29	1.28	6.25	-2.85
10.66	-13.43	11.47	10.40	2.35	-1.49	-8.95	-0.08	3.68	-3.36	0.31	6.06	1.80
7.08	-10.75	9.82	8.39	4.64	0.74	-6.32	2.57	5.97	-5.09	-1.85	1.85	-1.87
7.81	-12.54	3.11	8.90	4.47	-0.61	-11.24	-1.33	4.17	1.93	0.27	2.94	4.85
-3.42	-7.77	0.25	7.91	5.02	4.19	0.72	5.58	6.37	3.96	1.21	2.52	-2.66
6.12	-12.28	1.89	3.63	-0.32	-1.58	-1.59	3.00	2.52	-4.30	-2.18	0.73	1.75
10.18	-10.62	2.61	3.94	3.47	-0.69	-6.63	1.47	-2.66	-2.37	3.42	3.04	-2.02
11.71	-5.63	3.55	4.68	0.93	2.08	-6.27	0.86	-0.76	-4.04	2.09	6.61	1.46
7.23	-8.44	6.66	8.41	2.69	4.40	-4.79	3.13	0.24	-3.15	1.37	3.79	-1.84
7.82	-0.87	9.54	7.45	-1.66	4.50	-0.14	-2.84	-0.82	-3.90	-1.64	1.72	-3.49
4.91	-5.13	6.36	4.81	-0.77	2.52	0.46	0.37	-3.14	-2.86	-0.13	0.30	-0.12
0.77	-5.34	7.74	7.09	5.75	2.92	-0.36	4.00	4.48	1.11	3.15	5.16	-1.38
-8.86	-3.21	0.18	2.61	1.11	3.10	5.40	4.55	2.81	1.44	-0.21	1.78	2.96
-0.59	-2.40	4.92	4.33	-0.74	3.20	-0.70	2.32	3.23	0.20	5.04	3.02	-1.00
-4.68	-7.06	2.54	1.55	-3.27	4.70	1.45	2.16	5.19	0.63	0.99	3.03	-3.72
-21.07	-8.18	4.22	-2.43	-2.29	2.25	2.50	-0.29	4.10	-1.44	1.82	-0.37	0.49
-31.94	-12.62	7.84	6.83	-2.79	1.55	0.99	-4.30	5.37	-4.64	-1.41	-0.68	0.19
-11.67	4.59	-4.87	1.78	-0.28	7.19	0.56	-0.73	4.10	-6.04	2.61	3.14	-2.62
4.55	-4.99	6.69	0.71	4.30	8.53	2.39	-2.25	4.78	-9.30	4.49	-1.84	-8.71
17.67	-14.10	13.44	1.88	8.37	14.57	-2.35	2.08	-0.14	-14.84	6.80	3.56	-9.10
22.16	-16.10	10.48	1.42	5.68	9.94	-3.06	0.28	-0.40	-11.17	4.97	-0.78	-8.61
21.38	-17.11	17.20	3.74	4.42	18.06	-3.46	-4.33	-3.51	-11.46	6.44	1.15	-11.23
16.60	-15.13	18.74	-0.59	6.84	11.35	-3.62	0.19	-7.53	-12.29	4.31	-0.42	-10.28
17.94	-15.00	8.27	-4.51	4.05	10.96	-4.41	6.21	-3.22	-8.35	7.00	4.40	-3.35
10.07	-2.63	10.19	7.76	7.30	6.84	-5.11	-3.73	-7.64	-8.02	1.73	-0.13	-4.49
7.93	-5.34	8.37	2.34	3.23	8.79	-2.62	-6.10	-2.97	-5.67	0.14	-3.03	-3.40
3.31	-7.63	7.89	0.49	1.43	6.20	-7.21	-3.92	-4.02	-3.11	1.61	-2.55	-5.43
4.43	-6.43	6.68	4.40	0.63	0.90	-6.52	-1.76	-1.27	-4.63	0.35	-0.14	-2.72
2.02	-4.89	8.57	5.98	0.68	4.43	-0.48	-1.16	5.67	-0.88	-1.00	-3.95	-9.78
3.42	-10.57	4.06	5.67	5.56	0.52	-1.95	-2.42	-2.15	-5.92	-5.51	-0.48	-2.37
1.73	-7.49	3.65	-4.55	-0.80	7.96	-6.38	-1.54	2.75	-1.01	-5.01	0.77	-2.39
1.77	-12.70	2.13	-1.54	3.09	11.76	-5.12	-6.22	1.83	1.37	1.48	4.12	-2.72
11.42	-11.40	0.07	-3.19	8.74	13.23	-1.30	-1.88	1.35	-2.01	1.15	3.51	-2.15
5.69	-11.86	-0.83	-8.51	-1.52	11.95	3.06	-1.76	0.01	-4.63	0.05	4.98	-3.89
14.43	-8.85	1.21	-6.50	-3.43	9.72	2.45	1.23	-0.79	-3.66	3.93	1.77	-4.53
11.54	-11.39	1.94	-6.71	-3.72	7.14	3.97	4.39	4.42	-2.40	1.71	5.29	-0.74
6.14	-16.52	-1.91	0.43	9.42	11.03	-0.14	-1.87	3.22	1.98	0.90	-0.96	-1.94
6.17	-11.40	-10.84	-3.07	5.91	8.83	-0.37	-4.43	0.43	1.15	2.33	2.59	-3.76
16.64	-13.26	-0.68	-0.43	7.59	12.95	-6.95	-6.36	5.50	6.36	8.39	0.45	-10.08
15.71	-20.31	0.36	2.76	7.98	15.52	-0.00	-6.63	-1.12	4.14	7.10	-0.14	-7.65
8.89	-22.91	0.16	1.57	2.59	9.22	1.46	-2.20	-1.06	0.49	1.26	-4.42	-1.74
8.79	-17.46	-1.93	-4.12	-0.40	10.03	3.26	-2.64	0.21	10.59	4.07	-0.87	-1.63
8.77	-13.58	6.98	-4.30	6.44	9.09	-4.20	-3.20	1.29	11.45	8.00	-2.40	-3.77
10.56	-16.76	5.57	1.73	9.38	14.71	5.12	-0.62	1.93	3.66	2.22	-2.36	-4.86
4.94	-0.52	3.11	1.85	-0.61	1.87	-2.71	-7.06	-0.24	6.83	1.17	-5.94	-5.56
-4.29	-8.26	-0.64	1.70	-0.57	1.07	-3.75	-4.18	-0.97	1.26	2.34	2.11	3.24
19.49	-7.88	2.42	-4.64	0.07	7.03	0.31	-5.68	-5.80	0.45	2.67	-2.67	-0.85
20.89	-8.17	3.66	-5.95	-7.12	4.33	-3.92	-8.77	-2.33	0.28	-0.53	-1.95	-0.76
18.32	-4.41	3.77	-7.70	-8.85	5.32	-3.21	-4.26	-3.61	4.63	5.10	-2.20	-1.34
19.97	-6.85	2.60	-2.41	-0.10	6.67	-1.67	-7.52	-6.26	1.80	3.27	-5.39	-2.85
20.51	-9.24	1.72	-4.56	-6.92	4.49	-1.56	-4.67	-4.83	-1.06	-1.43	-0.50	-2.99
18.53	-8.90	7.22	2.91	-2.06	0.94	-4.75	-5.28	-6.09	-0.55	2.67	-0.70	-2.42
8.50	-8.98	-2.36	-5.09	-4.67	-0.04	-0.17	0.58	-0.91	0.37	2.09	-0.36	-0.38
10.18	-7.48	-2.98	-1.22	3.29	6.00	-3.67	-4.68	-2.91	-1.99	-0.60	-1.44	-2.89
12.98	-2.83	0.54	-3.07	-0.59	4.34	-4.33	1.25	0.96	4.40	2.02	-1.01	-6.11
10.25	-2.71	-4.81	-4.35	-3.77	6.60	0.87	1.70	1.91	0.74	-1.18	-4.38	-3.27
5.01	-4.08	-0.53	2.22	-0.33	7.97	0.21	3.14	-0.04	3.67	-0.93	-7.91	-5.51
5.78	-1.05	0.01	1.67	-0.22	9.49	-2.99	0.05	2.23	2.62	-1.77	-4.73	-5.19
5.48	-2.36	2.00	1.49	-3.24	6.88	-7.42	-2.31	-1.36	-1.55	-2.62	-6.71	-5.88
4.73	-0.78	4.04	-0.34	-6.59	6.16	-4.30	2.72	1.68	-0.66	-0.63	-1.24	0.43
-0.67	1.93	0.14	-1.78	-1.02	3.17	-3.54	-3.78	-3.85	-5.23	-0.18	0.66	-1.39
-5.62	0.89	-2.05	-7.81	-0.64	4.39	-2.98	-3.50	-1.25	-0.65	1.55	2.22	0.32
5.94	-5.72	6.17	-8.10	-5.55	11.48	-1.02	-3.85	-0.14	-3.34	0.45	2.66	-4.11
7.68	-3.71	3.05	-11.05	-5.87	6.76	-2.55	-4.33	-2.09	-8.02	-4.09	-0.12	-2.57
8.21	-5.45	3.80	-13.35	-3.14	10.56	-9.06	-3.31	-0.41	-4.18	1.32	3.07	-1.23
2.52	-9.08	5.95	-13.98	-9.03	7.76	-3.20	-3.41	-0.60	-2.19	0.77	4.02	-2.20
2.76	-8.56	-3.55	-8.32	-5.81	6.60	-6.02	-3.80	-3.16	-5.38	0.65	8.85	3.69
2.69	-10.70	-1.34	-7.14	-0.54	8.24	-4.44	-4.13	-4.12	-4.65	6.55	10.05	-0.08
-5.93	-5.71	-4.17	-2.77	0.98	-0.82	-3.43	-3.51	-1.87	-5.22	0.60	2.51	1.01
-2.34	-11.94	1.14	-2.25	-0.27	2.73	-3.47	-0.28	-1.32	0.93	4.00	0.83	1.94
11.08	-8.35	3.41	-0.11	1.74	-0.78	-9.22	-1.73	-3.65	-3.19	1.65	-0.31	-1.77
5.57	-12.90	-0.06	-9.03	-2.60	7.28	-4.69	0.84	1.47	1.58	3.26	-1.50	-5.15
10.18	-12.94	-2.69	-5.91	0.50	3.01	-9.28	-2.46	-0.53	-0.55	-0.02	-2.65	-4.82
10.60	-15.00	-6.57	-4.15	-3.45	2.87	-4.19	-1.10	-3.20	3.38	2.01	1.08	-5.55
6.26	-18.28	-2.48	-4.90	-1.87	-1.03	-4.15	7.01	0.71	-2.31	1.08	0.70	-0.81
8.68	-16.31	-5.24	-1.72	-2.46	-0.02	-5.05	6.75	1.84	-2.26	2.67	-2.38	-2.43
7.93	-15.57	6.32	-6.67	-4.80	1.66	-3.76	10.37	3.22	-2.12	2.23	0.59	2.99
5.23	-14.09	1.70	-5.81	-5.23	4.84	4.46	4.43	1.90	-2.87	-2.89	0.50	-2.83
7.84	-16.14	-1.83	-15.75	-3.01	3.17	-5.79	1.75	2.67	-1.38	0.28	4.73	-2.77
1.50	-15.44	1.28	-14.76	-4.73	3.09	-5.38	4.86	-2.17	-2.45	-1.56	1.21	-5.12
6.10	-14.53	0.79	-11.80	-3.11	0.18	-4.01	1.95	0.07	-2.28	-2.64	1.86	-1.18
4.66	-11.17	8.08	-10.13	-5.30	-1.09	-6.20	-0.13	-3.84	-2.47	3.42	6.75	-0.41
4.50	-10.15	3.89	-8.58	-4.53	-0.06	-5.73	0.01	-6.41	-7.40	-2.82	5.44	4.95
4.32	-19.29	4.90	-7.06	2.21	1.90	-0.90	1.04	-1.43	-4.17	-6.49	1.94	-3.36
-2.43	-10.70	3.45	-2.28	-4.70	-4.32	-0.57	-0.19	-1.80	-5.52	-2.43	6.18	1.01
3.26	-16.88	2.01	-6.11	1.37	-3.89	0.36	3.39	-5.06	-5.72	-0.89	3.21	0.53
-0.40	-14.56	9.20	-4.79	-4.02	-5.99	-2.54	3.45	3.31	0.28	-3.19	2.35	1.80
-5.62	-17.06	6.06	-3.38	-5.38	-3.57	-0.39	4.62	0.41	2.63	0.99	5.29	0.43
-2.15	-13.18	6.38	-5.23	-2.19	-5.94	-7.69	-3.72	-5.89	-0.65	0.25	5.76	-0.15
-6.01	-16.81	4.87	-6.61	-1.55	-6.74	-2.49	-0.44	-4.86	-4.37	-2.66	6.02	2.70
-6.73	-10.39	9.71	-2.50	-5.85	-3.76	0.15	1.66	-1.80	-7.54	-4.31	-0.80	-0.33
-8.77	-5.63	3.55	-4.24	-7.03	-7.56	-0.73	-0.24	-4.93	-4.87	-2.88	2.09	-0.44
-3.43	-11.62	8.53	-0.42	2.49	-1.41	4.49	3.91	-6.63	-4.18	1.18	2.46	-5.57
-9.73	-4.26	-2.49	1.50	-0.29	-4.01	-3.89	-5.04	0.88	3.92	-1.92	-1.99	-0.16
-22.81	-1.12	-9.34	9.51	6.05	-3.55	-0.28	-0.59	2.64	5.29	4.02	-1.15	-2.48
-9.64	1.59	-1.92	3.60	0.97	-2.11	-4.19	-2.82	-0.89	-3.48	-0.57	0.33	0.98
-7.00	-2.29	-2.00	4.25	4.33	-2.77	-8.57	-8.02	-1.49	0.04	-0.35	-1.30	-0.28
-6.06	-2.34	1.41	-0.97	1.38	-2.21	-1.46	-6.86	-4.11	3.42	2.73	-0.41	1.77
-9.79	-6.63	-3.38	-2.03	-1.31	-3.12	0.46	0.20	-2.22	-1.50	-2.18	-0.86	2.91
-2.96	-1.38	-2.39	0.73	-2.80	-3.21	-1.13	-1.04	-1.77	0.03	1.09	-5.23	-1.00
-5.56	-1.46	1.36	-1.27	4.19	-4.88	-6.31	0.16	-2.03	1.51	-2.95	-3.35	0.56
-15.67	-0.51	-2.52	4.64	-0.20	0.60	-8.84	-0.93	-4.36	-4.07	-2.91	-3.06	-3.10
-15.06	0.31	-8.37	-2.00	1.98	-2.11	-9.62	-2.77	-0.00	0.11	3.64	-0.11	-0.18
-15.35	1.32	-6.29	0.07	2.59	-3.29	-5.68	-2.32	-0.42	2.08	2.94	1.34	-1.87
-16.29	-5.18	0.22	1.12	4.94	2.00	-7.30	-1.65	-0.32	-4.91	-1.96	-0.02	0.00
-15.29	-1.67	1.34	2.48	3.95	3.20	-2.47	-2.64	2.49	0.23	3.82	2.02	-0.99
-9.05	-0.89	-1.23	-5.78	-1.05	-1.42	-5.37	-4.20	1.20	2.48	4.96	2.33	3.23
-9.76	-2.80	-2.96	-2.84	-1.70	1.45	-2.78	-2.74	-0.49	3.72	2.80	2.76	-2.41
-10.69	-0.19	-5.01	-4.50	-1.63	-0.25	-5.41	0.27	2.50	4.65	-1.04	-0.27	-2.91
-11.70	-0.77	-6.01	-5.19	-8.38	-10.18	-0.25	-3.46	-4.94	-3.94	1.73	4.75	1.06
-14.60	1.93	-1.50	-1.87	-1.25	0.99	-3.99	-0.49	-2.65	2.20	-0.30	-0.60	-2.50
-8.02	-1.68	-5.50	-2.84	0.20	1.63	-3.99	0.32	-4.96	-2.35	-0.72	4.86	4.47
-7.15	-0.76	-5.49	-1.13	0.18	-3.62	-4.25	-4.98	-2.72	-2.06	4.53	5.22	3.54
-5.52	0.97	-3.81	-1.50	-2.66	-8.39	-8.97	-11.38	-5.77	-2.34	2.41	3.04	-1.70
-0.28	0.75	2.49	-0.27	-7.06	-9.50	-5.27	-0.33	-2.29	-0.51	2.52	0.01	-3.41
-0.17	-0.98	-1.43	1.40	-5.61	-8.70	-6.84	-1.34	-1.70	-4.16	2.62	0.71	-2.70
4.60	-1.67	-5.37	-4.00	-1.90	-2.79	-7.21	-3.03	-4.81	0.77	2.25	-0.21	-1.02
0.64	4.96	1.47	-0.42	-0.57	-1.66	-2.08	-2.46	-4.45	-3.19	-0.01	0.10	2.33
1.11	3.08	-3.08	-3.20	-7.22	-6.69	-2.19	-5.67	-4.48	2.52	1.70	5.20	1.17
4.40	-0.67	-5.71	-7.60	-5.86	-3.52	-2.23	-3.92	-5.64	-0.96	5.81	3.62	2.16
7.56	3.62	-7.08	-12.22	-9.83	-5.98	-5.83	-6.66	-4.91	1.31	2.04	-1.36	0.70
10.75	1.36	-13.25	-11.17	-9.41	-7.51	-5.10	-8.12	-5.64	-0.62	6.02	2.43	2.67
13.48	4.48	-8.42	-12.07	-6.43	-4.81	-1.85	-7.71	-8.17	-2.04	3.98	3.03	-2.10
17.25	6.62	-4.60	-11.27	-3.90	-3.37	-0.52	-1.97	-6.12	-3.61	5.76	3.24	1.12
17.17	1.80	-6.23	-12.44	-6.95	-1.72	-3.96	-2.00	-5.89	-1.52	7.42	3.38	1.75
1.43	-2.70	-9.48	-9.02	-9.22	-6.72	-4.55	-2.97	-4.42	-1.88	-2.61	-2.58	1.01
16.11	4.40	-8.37	-9.89	-4.03	-3.81	-0.41	-1.50	-7.52	-1.02	6.01	5.19	1.99
15.75	4.55	-8.32	-9.98	-5.75	-3.21	-5.97	-3.66	-6.88	-2.42	0.43	0.36	1.82
10.95	2.97	-1.45	-6.74	1.34	-2.82	-5.01	3.98	-3.52	-5.35	1.48	0.60	1.64
1.64	3.58	-4.94	-8.76	-2.54	0.78	-1.43	-0.91	-3.14	-2.17	-3.37	0.39	3.66
-5.39	-0.43	0.66	-3.90	-5.73	0.00	-3.11	-0.32	-4.01	-3.47	-2.36	3.10	-0.53
-5.11	-1.87	1.57	-0.83	-1.92	-0.87	-3.39	-0.84	-10.29	-5.17	0.53	0.77	-2.34
-5.41	-17.50	2.46	0.56	1.42	1.87	-6.34	-1.86	-5.95	-4.85	0.70	-1.55	0.18
0.17	-18.44	-8.70	3.84	-0.75	-6.75	-7.67	-6.98	-8.41	-5.99	-0.81	-0.84	-3.73
-15.07	-6.90	-4.65	3.55	0.98	-4.17	-3.54	-1.31	-5.16	-0.56	5.11	1.09	-1.27
7.79	-2.01	3.65	0.25	-3.54	-4.64	-3.52	-2.42	0.10	-0.41	3.00	0.29	-0.12
-7.67	-24.34	1.65	8.96	-14.07	-0.72	-0.17	-8.16	-0.67	-0.31	2.40	0.48	2.94
15.23	-14.06	7.90	9.36	-9.29	4.64	-0.79	-9.09	2.52	-6.28	1.79	-0.91	-3.08
26.59	-37.58	11.34	10.19	-9.15	10.20	0.67	-5.80	-2.19	-8.39	0.53	3.35	-4.13
10.79	-19.86	-3.07	4.12	-13.01	1.97	1.14	-3.94	-2.23	-2.08	2.62	4.03	-5.41
6.21	2.47	4.59	6.06	-5.98	-0.98	-3.45	-5.60	-6.47	-0.38	0.15	2.91	-0.93
7.54	-27.36	8.40	1.30	-7.19	4.52	-6.09	-8.32	-2.29	-6.64	1.53	3.67	-3.71
0.91	-18.98	8.60	1.38	-8.60	0.21	-3.67	-5.44	-5.01	-6.15	1.71	-0.41	-4.70
26.84	-41.09	14.17	3.68	-11.01	4.75	-13.87	-9.57	-0.99	-8.28	2.07	2.18	-5.84
28.71	-41.63	14.59	1.62	-7.08	4.18	-15.06	-7.61	2.13	-6.34	3.41	-0.30	-3.43
28.03	-36.03	10.43	7.65	-7.96	2.02	-13.49	-5.58	0.11	-3.04	-0.67	2.95	-2.99
20.01	-33.79	8.60	9.36	-8.53	0.16	-13.03	-6.69	0.85	-1.78	-1.92	2.56	-1.91
23.12	-36.14	9.96	8.55	-7.00	0.47	-13.39	-6.02	2.19	-1.83	-1.47	1.18	-1.91
20.57	-33.95	12.17	7.48	-3.11	-2.82	-13.75	-6.68	1.05	-2.22	-2.04	2.46	-2.05
-8.64	-13.88	3.54	9.36	-1.64	-4.68	-7.04	-2.38	1.46	-0.88	-2.63	0.01	-2.35
-5.08	-20.16	6.47	10.83	-0.91	-4.76	-12.34	-7.73	-1.50	-5.63	-2.25	1.15	-2.12
15.59	-19.67	3.30	15.96	2.01	-5.84	-11.49	-3.05	-1.97	-4.04	-6.05	-1.04	-6.28
17.45	-13.30	1.60	12.13	7.52	-2.25	-16.17	-0.59	-0.12	-7.79	-1.17	0.48	-6.97
14.21	-14.21	0.42	10.67	9.95	4.36	-8.35	-0.12	3.06	-5.30	-1.30	-0.53	-6.57
9.99	-4.38	4.94	7.89	6.76	9.86	-4.87	-2.71	4.26	-4.69	2.41	1.43	-7.27
5.96	-2.48	-3.01	7.69	5.93	7.47	-6.28	-6.06	-1.70	-7.44	-0.37	4.14	-3.73
-0.02	3.82	-2.15	0.38	3.22	-0.96	-5.49	-2.98	-2.71	-0.30	1.04	3.40	6.37
-2.51	1.24	-3.49	0.75	1.62	-2.42	-6.03	2.01	1.50	0.15	2.52	1.87	2.82
4.42	3.79	-0.75	-2.60	-2.03	-1.10	-0.62	-3.43	-3.71	-2.24	-0.30	4.04	-1.49
0.27	-1.28	-5.25	-2.14	2.66	-4.11	-1.17	-0.77	0.42	1.13	1.27	1.98	2.22
-1.49	3.36	-2.31	2.02	1.19	0.27	1.78	-2.74	-0.60	2.98	3.38	3.42	3.27
6.92	1.72	-3.82	-1.82	-1.16	-3.50	-3.98	-6.46	-1.62	0.84	1.10	4.06	1.50
5.35	1.27	-6.62	-3.45	-7.04	-0.87	-0.27	-2.07	-2.38	-0.54	2.10	5.80	5.16
5.69	0.52	-10.26	-2.96	-3.74	0.21	0.24	-2.71	-0.89	-0.14	3.87	4.18	5.04
8.54	0.72	-4.85	-3.32	-1.27	0.48	-3.46	2.52	1.90	0.48	1.47	1.87	2.25
2.73	5.99	-8.08	-4.93	-2.39	3.27	-1.25	-1.80	-2.87	-2.67	2.09	1.66	1.00
5.23	1.89	-9.71	2.37	-2.15	-2.45	0.45	3.69	1.74	0.80	0.40	0.13	3.16
-2.97	-1.17	-2.73	-3.11	-6.06	2.54	-2.91	-0.98	-1.34	-2.28	-1.39	1.03	1.96
-20.22	-8.59	4.53	-0.50	1.34	5.79	-4.49	-5.72	-1.86	-3.06	-0.55	-1.48	0.05
-13.58	0.79	-4.89	-0.53	4.21	2.83	-1.32	-5.45	1.98	-3.27	5.32	0.94	-0.58
-0.09	0.03	1.87	4.32	4.82	9.11	-0.14	-2.30	-1.08	-8.01	3.48	3.12	-4.34
18.12	-7.65	8.37	-0.61	9.12	10.25	-1.33	1.59	-1.51	-9.77	7.29	6.19	-8.53
15.71	-8.97	14.27	1.29	7.31	14.16	-1.16	2.37	-4.01	-7.52	4.52	3.54	-10.89
8.34	-0.31	3.84	-0.88	1.71	6.41	-2.48	-2.03	-3.51	-4.63	1.25	-0.30	-6.56
5.06	2.89	4.95	1.30	6.32	7.09	-1.37	0.45	-5.06	-7.01	6.97	4.93	-5.89
4.76	-3.13	5.73	-0.32	8.05	9.50	-0.64	3.57	-8.95	-8.61	2.44	1.74	-4.41
-2.78	2.06	-3.30	4.91	3.08	2.07	-7.50	-4.37	-4.58	-7.40	-0.72	-1.07	-2.67
0.79	-0.00	0.53	6.88	1.05	3.99	1.90	-2.03	-2.56	-0.28	-1.41	2.82	2.60
2.24	5.24	-0.57	4.38	4.25	-1.21	1.33	-1.60	-1.15	3.20	0.36	0.01	0.43
0.08	0.55	-6.47	6.91	4.42	-0.04	0.65	-3.72	1.00	-5.50	4.73	3.09	-2.43
-2.74	6.39	-2.94	7.26	4.46	-1.53	0.44	-2.53	-3.71	-4.17	-1.74	-0.55	-0.93
-10.30	-0.44	-2.02	1.43	1.96	5.03	5.92	1.17	2.02	-0.97	2.60	1.79	-3.81
-8.47	-0.23	-2.79	5.61	0.53	-0.32	-3.25	3.04	6.67	1.81	6.03	5.08	2.01
-13.74	0.52	-4.26	5.29	3.71	4.90	3.43	3.52	1.27	1.57	1.12	5.47	4.80
-9.88	1.94	-2.52	4.43	1.84	5.24	4.93	0.97	2.81	5.72	0.87	1.98	1.66
-7.96	0.27	-2.85	8.28	3.60	0.60	2.24	6.14	2.60	-0.37	-2.55	0.01	0.03
-11.05	0.09	-1.36	9.86	5.10	4.19	2.51	1.57	-0.09	-0.61	-2.26	0.02	2.39
-9.03	4.09	-1.58	8.29	6.62	4.12	6.41	8.17	5.29	-3.47	-1.46	-1.75	-4.65
-1.69	1.68	2.53	9.67	3.82	3.38	2.08	5.00	6.44	1.71	3.23	2.11	0.05
3.01	1.61	1.92	6.65	0.24	0.08	4.91	6.35	5.56	-0.53	-0.06	5.41	-0.16
1.29	-1.09	-0.31	8.59	4.31	-0.72	1.88	5.76	9.00	1.95	8.12	7.88	1.58
1.63	-1.41	-0.80	1.59	-4.19	-4.03	-1.39	2.83	3.42	1.37	1.18	1.54	-2.23
-7.25	-0.79	-0.45	-1.83	-4.16	-0.86	0.44	-0.28	0.36	3.97	2.10	0.26	0.64
1.75	-7.07	-2.93	-5.34	-6.36	1.81	-0.29	-5.61	1.57	6.74	8.21	7.12	1.74
5.13	-4.17	-0.16	-2.43	-4.23	-1.37	-0.37	-4.43	2.07	2.63	5.71	5.29	-0.02
2.24	-0.05	2.06	0.86	-7.48	-4.28	-3.27	-0.32	4.42	4.18	8.07	7.02	1.66
8.91	-2.22	2.20	-3.60	-7.08	-4.26	-2.98	-2.90	5.41	3.73	8.61	6.16	0.33
8.28	-11.24	-0.20	-1.40	-8.28	-8.96	-4.36	-6.40	-1.24	-4.57	5.32	5.75	-3.49
9.77	-13.07	-1.80	1.75	-2.19	-9.92	-5.13	-0.97	-0.57	-1.37	5.32	2.07	-6.47
1.74	-12.09	-5.12	0.64	0.54	1.03	-2.50	0.88	-1.89	-0.70	2.68	2.69	-1.14
-3.09	-2.69	-1.61	2.81	-0.81	-1.30	2.73	4.69	6.38	1.14	0.02	4.07	-2.15
4.54	-8.74	-1.30	2.16	-4.04	-0.34	-2.16	1.21	4.65	1.55	1.94	3.58	0.28
5.45	-8.47	-3.86	-0.37	1.14	-1.83	-3.55	0.97	1.64	5.84	4.14	1.51	-1.57
4.50	-9.70	-2.49	-1.28	1.67	-0.29	-3.49	0.46	6.22	3.27	4.34	6.82	1.46
10.50	-6.37	-2.18	2.75	-1.04	-1.45	-2.58	-10.56	-1.52	1.65	4.96	1.00	-1.72
10.66	-9.05	-0.92	2.79	0.31	-4.34	-7.99	-8.56	-2.28	1.82	4.69	3.26	0.70
7.50	-9.54	2.18	3.70	-0.74	-3.43	-7.90	-2.20	1.87	-1.79	4.18	6.44	5.21
6.30	-4.48	-6.66	4.78	3.33	3.09	-1.03	-0.75	-1.71	-1.27	2.11	2.06	2.20
12.61	-6.81	-6.22	4.28	-1.68	-3.27	-5.14	-2.73	0.08	0.59	2.13	3.52	0.36
9.36	-7.73	-6.07	-0.90	3.21	-1.49	-0.13	-7.05	-0.44	1.23	6.13	6.07	2.55
14.90	-7.13	-7.28	-2.31	-0.58	-1.08	-2.29	-4.75	-3.24	-2.24	-0.31	-0.75	-0.39
12.64	-2.14	-4.95	0.00	0.39	2.74	2.97	-4.06	-3.40	-3.37	3.32	0.58	-1.43
10.97	-3.97	-7.04	5.26	4.16	-0.86	3.08	-3.44	-3.27	-3.33	4.25	2.03	0.83
10.23	-5.91	-3.21	4.55	3.19	1.44	-0.10	-1.09	-4.34	-5.91	6.61	2.19	-1.58
8.52	-2.78	-2.72	9.92	1.19	-3.54	3.60	3.42	0.14	-1.02	0.33	0.89	-5.43
-1.25	-6.70	-7.96	1.96	-3.01	1.65	1.54	1.88	4.06	2.30	3.13	0.40	-4.33
-6.25	-0.17	-10.55	-1.04	-0.70	4.44	1.00	-0.72	2.40	4.35	-1.89	1.38	2.49
-1.43	-7.33	-7.91	1.92	-3.58	-1.40	-2.53	2.71	2.75	-1.40	0.25	0.75	3.58
-3.41	-8.06	1.29	6.51	-1.47	-1.86	-4.00	0.02	2.74	7.11	5.19	5.14	0.47
0.42	-0.06	5.11	5.16	-0.28	-3.34	-4.07	6.17	9.52	3.31	1.19	3.73	2.98
3.79	-1.43	1.00	5.10	2.73	-1.85	-2.52	2.10	8.34	6.31	1.94	3.19	-0.88
10.03	-3.77	1.40	3.64	-2.46	2.01	-2.65	3.24	5.48	4.94	-0.52	1.40	-0.41
1.25	-0.80	3.26	4.81	0.56	-2.64	-7.64	-1.82	6.09	4.00	0.34	2.06	-4.77
-0.35	-3.15	-2.26	0.76	-2.56	-3.50	-1.85	0.46	1.83	3.64	0.90	-2.50	-7.09
0.44	-3.42	0.08	2.93	-2.78	-1.51	-3.50	1.84	3.90	3.37	0.01	-4.20	-5.07
0.06	-3.30	2.28	2.81	-5.54	-4.00	-6.20	-1.09	6.65	3.13	-2.29	2.26	-3.41
-0.03	-1.68	-1.37	3.19	-2.09	-5.37	-4.97	3.56	6.18	2.20	5.38	-2.14	-3.83
-5.49	-0.05	0.64	1.75	-5.01	-3.44	-2.73	1.56	3.16	-1.04	-2.75	0.01	-1.07
7.21	-0.70	5.44	10.29	-4.26	-7.91	-7.56	-8.18	0.11	-0.80	1.66	-1.62	-2.75
6.77	-3.95	3.20	5.63	-9.11	-7.52	-8.13	-4.93	-4.48	-1.85	3.44	-0.80	-1.28
6.70	-5.22	6.26	5.17	-5.78	-5.71	-7.31	-5.23	-2.55	-7.46	1.42	-1.72	0.34
3.58	-3.66	8.57	9.39	-0.60	-7.38	-11.60	-3.56	-0.63	-2.55	5.86	2.82	1.50
10.62	-2.74	2.67	5.34	-3.04	-3.50	-8.92	-2.68	1.31	0.47	5.52	0.13	-0.62
12.49	-0.02	1.77	7.13	0.29	-0.22	-2.66	-1.00	4.52	3.92	8.53	2.11	-4.10
-2.46	6.22	2.29	3.34	3.75	3.08	-3.34	0.27	-0.73	-1.66	-2.33	-1.67	-1.18
-3.75	4.57	-1.55	-2.32	-0.42	0.08	-0.07	0.07	0.93	2.84	1.04	-0.89	0.79
9.86	4.27	-1.74	2.09	-2.21	-7.58	-9.95	-6.63	7.26	1.71	3.37	-0.94	-5.60
3.73	-3.22	-4.86	5.41	4.81	-0.23	-2.13	-7.07	3.84	2.03	2.07	2.40	-5.91
7.12	-1.31	-0.65	6.40	1.86	0.55	-6.78	-5.68	3.05	1.50	3.29	1.82	-6.35
8.76	2.61	-0.67	-1.74	-1.83	-0.81	-7.88	-9.13	2.35	0.41	5.56	1.37	-6.72
9.19	0.44	6.15	3.72	3.27	-3.94	-9.88	-7.84	-6.40	-3.35	1.90	1.00	-2.44
13.75	2.40	4.72	3.60	7.37	-4.34	-11.78	-4.70	-2.18	-4.68	5.98	2.53	-3.71
1.88	-3.59	-3.95	0.52	-1.66	-2.48	-6.64	-2.38	-1.06	-4.10	3.73	-1.28	-1.87
-8.74	-2.42	-2.85	-3.08	-1.07	-2.20	-2.72	-1.23	-1.72	2.30	4.87	3.95	0.94
3.66	-2.87	2.97	0.84	0.98	-2.33	-7.36	-3.72	-0.34	-2.44	7.44	1.84	-1.73
7.65	-2.58	3.16	7.16	4.92	-2.35	-3.53	2.05	-0.99	-3.19	1.25	-0.45	-4.81
7.08	-2.29	-3.71	-5.25	-0.31	1.13	-4.57	-3.39	-1.02	-2.04	0.60	-0.94	-4.74
-0.06	-8.19	2.00	3.21	1.36	1.08	-1.48	2.34	2.29	0.92	5.32	-1.64	-4.26
2.93	-9.41	-0.40	0.16	1.98	3.93	-2.87	2.24	3.37	1.33	7.93	6.69	-0.71
8.04	1.08	-0.98	-0.70	-0.64	0.56	-3.63	0.85	2.98	-2.71	3.66	-1.61	-4.58
8.76	2.32	0.68	-2.18	3.30	6.73	0.91	-0.47	0.75	-6.27	-4.76	-3.62	-3.92
9.64	0.51	-2.56	-6.54	-8.82	1.07	-1.92	-1.40	-2.26	-1.01	0.34	2.29	-0.95
13.50	-3.03	-0.83	0.61	-6.53	2.60	-5.06	1.09	-2.84	-0.16	2.25	4.96	-3.51
8.70	-4.05	0.02	-0.95	-4.24	6.80	-0.70	0.83	0.79	-1.02	0.77	1.16	-2.05
4.69	-8.34	-4.59	-5.16	-0.79	5.24	0.17	1.49	4.92	2.05	0.40	2.50	-6.94
9.07	-9.79	-5.84	2.56	2.71	5.94	-1.09	1.65	2.88	0.14	-0.12	0.69	-1.85
1.78	-7.86	-8.69	0.17	1.62	9.97	-4.09	-1.90	2.72	1.52	4.51	2.82	-0.47
7.13	-12.48	-3.05	-1.36	-2.27	3.51	-6.01	0.23	6.20	2.21	2.10	1.80	1.44
4.93	-11.55	-10.03	-4.01	-4.72	4.50	0.23	1.43	6.50	3.05	4.02	-3.12	-1.89
4.85	-5.24	-5.61	-1.01	-1.80	3.73	2.19	6.79	8.19	1.82	-0.68	-0.01	-3.04
-1.62	-6.54	-14.25	-8.25	-5.46	2.86	3.08	0.31	7.10	1.63	-0.77	0.82	-2.88
-4.27	-2.83	-12.86	-4.91	-8.29	-5.52	1.84	1.81	8.07	2.73	2.68	0.40	2.12
-4.19	0.32	-10.24	-1.95	-4.08	1.11	-0.86	-1.58	4.52	1.82	1.99	-1.67	-0.11
-7.25	-0.13	-10.30	-4.04	-3.00	-0.77	0.60	2.09	2.19	1.26	1.19	-2.63	2.36
-3.06	3.77	-7.62	-5.60	-1.67	3.22	0.39	-0.06	7.39	4.32	0.32	0.36	0.97
-10.12	-0.13	3.40	-3.05	-4.50	2.33	1.51	2.29	8.56	-1.56	-4.57	0.13	-0.64
-10.11	3.38	2.57	2.91	-2.53	5.94	0.54	-1.85	7.22	-0.68	-1.20	-2.22	-5.03
-4.92	1.20	-2.66	-1.35	0.19	1.84	3.12	2.09	-0.35	1.47	2.33	-0.97	-2.57
4.90	-2.58	-2.48	5.60	2.41	9.81	4.61	0.72	4.00	-1.31	3.21	0.02	-1.73
10.50	-2.85	1.28	4.62	8.89	7.20	-3.49	-0.48	-2.63	-4.98	3.99	4.60	-2.59
10.48	-9.68	-3.81	-0.25	-0.59	5.28	-2.05	-3.00	1.12	-0.97	5.47	1.78	-0.76
13.24	-7.80	1.54	-0.92	-1.07	5.69	-4.19	-3.25	-0.38	-4.13	6.22	0.09	-2.13
18.88	-22.76	7.18	3.06	-3.64	2.13	-9.86	-4.90	-3.47	-2.41	3.19	6.43	-0.93
16.23	-28.86	15.56	3.38	-1.14	8.30	-14.44	-4.49	-5.98	-5.26	2.06	4.53	-1.94
0.15	-23.98	1.69	-0.70	-7.48	0.23	-8.95	-5.86	-1.87	-7.08	-2.11	1.54	-3.43
3.55	-13.92	1.23	3.55	-3.15	3.09	-5.68	-6.90	-2.26	0.96	4.93	5.52	-3.20
9.43	-13.95	3.39	6.96	-1.05	0.49	-7.19	-3.00	5.00	0.97	0.10	2.91	-4.00
-2.31	-22.40	11.70	8.53	-10.75	3.35	-0.51	-8.30	5.66	-1.28	1.07	-2.42	-3.34
18.33	-26.14	8.42	2.74	-4.99	7.52	-7.25	-7.46	-3.22	-5.57	2.13	2.86	-1.14
28.31	-44.61	19.52	3.63	-13.53	12.49	-15.57	-3.65	-2.81	-7.45	0.34	4.85	-6.37
21.08	-43.66	18.07	3.41	-12.44	11.82	-14.91	-4.41	-3.48	-8.08	0.40	4.56	-6.87
18.07	-42.36	19.31	1.85	-8.66	9.66	-15.25	-4.61	-0.99	-6.80	3.30	2.85	-4.32
2.99	-30.10	12.01	3.80	-6.08	3.97	-11.65	-6.22	0.33	-5.39	1.26	2.68	-4.44
-2.06	-20.33	4.51	6.91	-2.01	-2.08	-9.18	-4.66	2.10	-1.83	1.36	4.07	-1.49
25.18	-39.48	16.30	6.04	-3.76	-0.14	-17.43	-2.59	0.19	-2.55	-0.63	1.14	-2.10
20.50	-36.23	14.82	6.29	-3.48	-4.46	-16.09	-4.54	1.91	-3.20	-4.09	0.43	-4.84
25.27	-32.72	12.57	6.39	-0.54	-6.36	-15.26	-4.53	-0.42	-3.03	-7.33	0.07	-5.04
18.57	-29.72	12.16	9.62	-1.42	-4.37	-14.94	-6.71	2.20	-5.79	-7.22	-1.59	-5.54
23.86	-27.75	6.92	12.63	2.97	-6.62	-11.13	-5.34	1.54	-5.80	-7.92	-1.57	-7.99
21.10	-24.60	6.66	13.36	5.05	-2.86	-10.11	-2.48	4.75	-8.14	-5.31	-0.40	-9.06
-11.47	-5.81	1.34	10.31	5.04	-5.75	-7.13	-4.70	-5.72	-2.71	-0.56	-3.67	-3.21
-8.03	-0.84	0.03	2.93	1.32	-1.17	-1.41	0.38	0.54	0.58	-1.42	-2.92	-2.69
1.73	-2.60	-6.04	2.88	-2.33	-4.75	-1.32	-1.06	4.67	-1.65	2.15	-0.89	-1.39
6.53	-2.20	-6.23	0.80	-3.95	-1.38	-1.86	0.20	1.26	-2.30	3.75	0.23	-3.76
-2.04	-7.70	-7.76	1.23	0.29	-2.19	2.08	1.71	3.72	-3.65	2.04	-3.26	-8.12
-0.03	-9.30	-5.16	0.16	0.23	1.26	0.10	-0.07	-0.03	2.49	2.29	-5.05	-3.59
-1.27	-8.82	-3.89	5.62	3.42	1.56	-1.57	4.44	3.52	0.88	2.11	-2.59	-1.27
5.27	-6.33	-8.18	5.38	6.75	1.64	0.27	-1.40	3.65	-2.73	-2.67	-10.74	-3.51
9.68	-5.76	3.32	5.08	1.97	-0.96	-2.52	0.45	-1.51	3.50	5.46	-4.79	-8.30
6.26	-4.40	6.41	4.97	1.43	-0.65	-2.42	-5.08	0.06	-0.07	2.29	-4.71	-5.97
12.59	-9.96	8.59	4.10	-1.63	4.50	-7.44	0.37	0.52	-3.53	-0.17	-8.68	-4.85
12.56	-10.78	9.23	6.05	-3.17	-0.53	-13.67	0.98	0.49	-3.36	2.63	-8.56	-11.06
9.02	-9.28	9.54	3.97	-3.12	-0.57	-9.36	4.92	-2.10	-5.76	-2.19	-6.35	-6.59
9.78	-8.11	11.26	-0.29	-0.52	1.22	-10.11	3.31	0.67	-1.50	-1.11	-4.07	-6.97
-6.85	-13.03	2.33	-2.88	1.37	-1.41	-4.55	-4.21	0.04	-2.44	0.37	-6.73	-2.10
-12.65	-8.22	-0.70	0.21	9.45	2.36	-0.96	-10.91	-4.06	-1.47	9.20	-3.29	-0.86
-2.37	-2.61	5.80	1.87	0.81	9.85	-3.44	-4.41	1.93	2.84	4.22	-0.48	-3.58
-0.22	-0.22	4.91	-0.95	-1.14	6.08	2.95	-3.63	-3.76	0.11	3.15	1.37	-2.46
18.07	-16.77	14.45	-6.92	4.95	5.76	-8.42	-2.34	-6.32	-3.30	-3.20	-1.49	-7.02
7.20	-21.50	11.21	-7.39	3.28	4.79	-6.20	1.12	-3.78	0.69	0.02	-0.25	-6.44
15.79	-19.82	11.46	-7.70	1.82	4.69	-2.28	3.44	-3.82	2.35	1.77	-2.58	-2.39
11.00	-14.47	7.04	-1.60	3.59	-0.22	-2.00	-2.86	-0.37	6.12	-0.79	-2.69	-2.89
-5.15	-0.55	-2.66	-4.22	-4.01	-2.37	-3.61	-3.81	0.81	2.32	-3.52	-3.45	0.56
5.40	-3.09	-0.57	2.67	-1.75	-3.79	-5.90	0.34	2.31	-0.76	2.94	1.22	-1.80
15.37	-4.95	6.48	4.85	-0.94	-4.08	-3.02	6.05	2.32	1.45	3.26	-2.63	-3.21
15.40	-5.70	6.63	3.84	2.93	-4.21	1.00	4.77	-0.57	-0.16	1.79	1.12	-2.00
14.02	-9.37	2.62	3.52	5.32	-5.49	-1.82	1.25	4.56	5.23	-2.04	-3.35	-2.92
11.50	-11.29	1.71	2.16	1.59	-4.73	-1.73	1.97	4.74	5.88	-3.63	-1.83	-3.46
10.90	-10.90	2.12	-0.59	4.15	-2.04	-1.62	0.85	4.98	5.56	-0.70	-0.10	1.56
14.43	-9.80	7.32	-5.63	-4.35	-3.29	-3.41	-1.92	2.76	4.20	-3.56	-0.36	-0.71
3.22	-8.58	2.38	3.26	-2.97	-3.64	-2.83	3.60	7.20	-0.50	-1.85	0.94	0.77
7.50	-16.52	4.47	1.18	-0.53	-3.71	-1.72	0.60	2.45	2.29	2.02	3.77	3.00
7.58	-15.12	8.93	4.44	3.64	1.20	-3.41	1.08	1.77	0.59	3.48	6.24	2.28
8.24	-19.08	3.17	0.53	1.96	-4.02	-4.88	4.33	4.31	2.27	2.63	2.98	1.33
11.84	-16.56	3.36	-0.98	0.37	-5.42	-3.64	4.05	2.70	2.58	2.87	3.01	0.46
9.67	-15.13	5.54	3.60	0.06	-6.14	-7.59	1.52	2.24	2.88	2.98	5.82	2.13
6.03	-18.94	1.97	-6.22	-2.16	-2.32	-7.98	-0.91	1.43	4.38	4.21	5.99	1.43
9.48	-18.22	2.28	-2.00	-0.11	0.80	1.22	4.71	4.83	5.94	0.98	-0.39	-1.77
6.54	-14.44	0.39	2.59	-3.05	-4.16	-0.52	6.62	5.84	2.43	3.27	1.00	-4.41
14.61	-9.41	2.13	5.58	-0.71	0.94	-1.66	4.61	-0.07	-0.35	3.16	1.38	-2.06
-7.56	-3.57	3.51	4.14	0.43	1.37	-1.92	-2.65	-1.93	0.57	-0.33	-0.07	4.10
2.70	-3.21	0.30	6.23	-0.70	-5.32	-4.39	-2.79	-0.68	3.82	3.78	0.48	-1.18
13.21	-11.75	4.66	-1.04	0.89	0.03	-6.73	-1.87	-2.86	1.38	1.11	1.97	-1.37
7.87	-11.75	7.60	5.52	-1.27	-5.39	-4.49	0.07	1.69	1.15	2.04	-1.70	-3.05
5.01	-9.61	2.90	4.99	-1.48	-4.13	-7.51	1.78	-0.66	-2.58	0.48	0.48	-0.45
5.64	-6.18	2.72	1.60	3.96	0.65	-9.07	-2.48	-4.97	1.09	3.48	-0.35	-1.46
4.06	-10.02	-0.62	-1.95	-3.69	-5.52	-11.94	-3.48	0.13	2.27	5.86	0.89	-2.00
3.51	-16.99	-3.33	-5.95	-2.31	-5.71	-10.41	-6.65	-3.39	-3.48	-1.97	0.85	-4.08
-2.80	-6.91	3.08	4.77	0.82	-3.44	-4.46	-2.69	0.13	-2.78	0.37	0.23	-0.49
-6.64	-3.24	-1.15	3.01	1.85	1.38	0.06	1.24	1.69	-0.52	1.83	1.78	-1.21
7.33	-0.47	5.74	4.47	-0.47	-3.51	-2.97	-5.20	-6.14	-3.33	-3.74	-2.50	0.97
1.67	-5.62	8.99	5.89	2.78	-4.92	-7.13	-7.07	1.36	-1.65	-0.41	2.01	-1.74
2.27	-3.20	4.35	-2.03	-0.77	-0.86	-4.55	0.58	8.41	7.22	-0.98	-3.02	-0.75
16.90	-14.54	7.21	-2.13	-6.36	-1.92	-4.57	-1.18	9.99	-2.39	2.50	5.93	0.86
18.14	-13.26	6.98	-2.44	-4.26	-0.50	-10.13	-5.14	5.61	-2.25	-1.70	2.02	4.46
12.50	-10.78	1.82	-3.83	-12.99	2.32	-8.00	-3.16	4.28	0.03	-3.16	0.99	2.33
6.74	-6.44	0.40	2.16	-10.33	6.79	-10.06	-1.50	-4.63	0.64	-2.56	0.74	3.10
1.71	-14.39	2.35	-2.67	-9.23	5.61	-6.66	-3.03	0.63	1.02	0.55	0.53	2.77
5.04	-9.63	5.76	1.17	-4.89	5.43	-5.31	-7.57	-1.10	-2.85	0.75	2.65	2.74
7.15	-7.25	7.49	1.04	-10.25	-1.41	-6.74	-2.52	3.40	0.94	0.94	1.72	1.63
0.19	-16.35	6.35	2.17	-3.66	4.47	-4.70	0.56	4.54	-0.18	-2.94	0.46	-2.07
3.89	-20.36	3.82	-3.51	-1.71	-1.61	-3.92	1.93	1.69	2.76	2.84	-1.09	1.41
-2.14	-14.56	5.21	3.31	0.97	3.87	-7.42	-1.08	0.78	-4.66	-0.44	-0.46	-0.11
6.29	-17.34	3.95	-3.46	-1.06	2.61	-2.58	1.14	1.53	2.19	5.04	-0.09	-0.65
5.32	-19.56	2.76	-6.75	-0.56	3.59	-3.69	2.87	6.89	0.46	3.88	1.78	-0.42
8.68	-16.56	7.95	-5.92	-2.78	0.26	-6.09	1.76	1.85	-2.08	1.91	0.14	0.39
3.45	-10.13	1.98	0.41	4.30	1.97	-4.43	5.37	6.78	-5.18	4.86	-0.63	3.30
0.13	-8.84	8.80	-0.48	1.08	1.74	1.00	-1.10	0.63	-0.42	0.48	-2.85	-1.31
1.99	-12.32	7.50	-2.48	3.61	4.88	-4.98	-3.06	0.83	-0.28	-0.06	-3.10	-2.85
1.72	-10.89	9.62	-1.89	1.85	3.20	-6.53	2.72	1.29	-3.84	3.75	-1.49	-0.97
-3.34	-15.58	4.14	-2.32	-2.13	1.98	-3.51	3.78	-0.68	-5.20	0.20	-6.80	-4.52
1.91	-10.42	4.28	-0.55	0.04	-1.09	-4.88	-2.11	-0.28	-4.56	-0.71	-0.38	-1.92
-3.38	-9.26	-5.55	-8.33	-6.05	-2.49	-4.27	0.24	0.26	-3.49	3.66	-1.08	-1.79
-6.65	-4.21	5.45	-6.17	-6.72	3.02	6.61	-8.11	-2.29	-3.60	-2.81	2.63	-2.03
1.43	-7.62	-0.16	-1.38	-5.70	2.33	4.03	1.47	-2.83	-3.64	-0.24	-2.53	0.71
0.68	-3.97	-3.85	-2.98	-3.53	2.19	2.92	1.05	-0.29	1.88	3.31	-1.28	-4.45
6.18	-1.36	-8.34	-6.83	-7.96	-1.64	-0.42	-2.74	-3.48	-3.90	2.80	0.99	3.07
10.69	-0.26	-3.28	0.54	-3.82	-0.85	1.97	-2.23	-5.13	-7.46	1.94	1.31	2.55
12.43	-2.04	-1.26	-0.65	-6.09	-0.02	1.55	-2.37	0.23	-3.37	2.24	2.87	2.45
10.21	3.94	0.72	-4.69	-7.80	-2.78	0.04	-4.94	-0.74	-1.68	0.30	-0.42	-2.10
12.60	1.35	-1.49	-1.77	-2.34	0.05	-0.33	-2.61	-3.80	-2.20	3.34	0.78	1.18
18.01	-4.08	-0.96	0.19	-3.91	-0.26	1.92	-0.03	-0.52	-2.71	4.89	2.10	1.63
9.79	-4.67	0.85	-4.92	-3.92	3.41	6.54	0.69	1.21	-1.28	0.01	2.54	3.43
13.68	2.22	1.90	-3.66	-4.48	-2.08	-5.38	-4.23	-0.22	-6.23	3.63	0.06	-3.89
7.83	-5.64	-1.59	-8.32	-9.01	-0.60	-0.06	-3.13	-5.31	-4.01	6.41	3.22	-2.52
-2.95	-5.27	2.26	-3.45	-9.30	0.23	-5.44	1.54	3.86	3.95	5.58	2.08	-5.06
4.97	-1.35	1.37	-4.42	-5.52	1.07	-8.16	-5.13	-0.16	0.67	0.55	2.80	-4.56
-0.24	-2.18	1.39	2.18	-1.38	3.72	-1.35	-3.19	-3.04	1.03	4.22	3.27	-2.18
-4.84	-4.34	-5.93	-1.14	-3.14	-1.80	-4.87	-4.91	0.59	3.00	3.44	0.60	-2.31
10.58	-9.77	-1.00	2.42	-0.26	-6.32	-4.48	-2.19	-1.96	6.38	3.93	1.94	-4.15
14.13	-5.98	1.75	-1.17	0.13	0.74	-8.86	0.90	-1.18	2.67	0.22	0.44	-2.60
13.69	-6.58	-0.02	4.19	-0.53	-0.87	-7.01	-2.89	0.70	2.78	-2.39	-1.17	-1.60
9.77	-7.25	1.29	3.45	2.07	3.97	-2.85	-1.47	1.55	0.26	-0.38	0.44	-3.08
5.38	-14.42	2.78	5.17	3.87	3.86	-1.34	-0.48	1.58	-0.42	2.13	2.61	-3.68
8.76	-11.03	-1.32	3.74	8.63	1.35	-1.28	3.30	5.13	1.69	1.48	-0.54	0.40
3.84	-15.43	3.58	8.36	6.59	0.43	-9.38	2.23	4.50	0.23	2.65	-0.01	-3.49
9.84	-16.52	1.96	3.04	8.44	6.47	-1.39	4.33	4.85	3.81	-1.68	0.03	-1.59
-1.79	-20.98	4.47	2.09	-4.03	1.48	-7.86	-6.90	-0.96	-4.33	0.90	3.09	-5.29
-5.95	-9.72	-0.44	1.41	-4.25	-2.50	-3.67	-4.54	-2.17	-0.89	-0.02	-0.65	-3.97
15.97	-37.24	14.97	-1.17	-2.92	0.83	-10.48	-4.68	-3.90	-1.45	0.57	3.99	-3.69
20.54	-41.52	18.57	-0.09	-3.55	1.21	-14.18	-1.81	-9.11	-1.06	0.94	1.47	-2.23
24.08	-39.64	15.11	5.38	-7.79	5.23	-10.65	-4.71	-4.35	-4.82	3.26	0.26	-3.95
23.33	-39.88	14.79	6.00	-9.91	7.56	-7.96	-5.50	-4.74	-7.50	1.38	2.10	-7.09
15.58	-28.32	4.54	-0.09	-8.55	0.15	-2.29	-3.96	-3.42	-4.87	2.39	0.97	-0.33
12.95	-17.14	2.30	1.78	-2.36	0.84	-6.18	-5.82	-1.82	3.12	3.33	1.16	1.19
4.91	-17.73	5.32	7.85	-5.00	5.21	2.28	0.43	-4.61	-8.34	-0.54	2.99	-2.06
-3.74	-7.18	1.96	1.66	-2.19	-0.27	-3.45	-5.60	-8.75	-6.63	2.35	1.93	-4.69
14.98	-15.28	10.78	-0.69	1.42	3.44	-1.95	0.47	-0.03	3.73	1.67	6.46	2.90
13.82	-16.66	4.60	5.24	-4.80	5.55	0.59	-0.63	-3.29	-2.81	7.25	6.98	3.89
31.25	-19.48	2.66	7.49	-8.86	4.76	1.32	-3.18	-4.12	-8.93	1.41	2.13	-1.64
25.52	-29.57	10.31	4.25	-8.78	5.56	1.09	-0.81	-2.50	-7.82	-1.91	4.38	-1.90
11.22	-21.62	6.47	5.27	-3.82	4.04	-0.22	1.98	-1.87	-7.19	-1.53	1.96	-0.52
19.31	-13.92	10.61	2.81	-7.39	3.80	7.90	1.22	2.09	-8.27	-2.37	2.06	2.49
33.23	-29.63	6.85	6.43	-9.26	8.35	-1.15	-2.83	-4.84	-5.66	-1.46	4.21	-3.09
36.64	-37.43	8.05	7.72	-12.20	7.57	-5.03	-7.08	-6.13	-7.46	0.12	6.36	-6.90
7.03	-23.42	5.98	4.23	-4.44	0.36	-7.56	-6.03	-1.96	-4.89	0.88	2.15	-5.29
5.19	-23.60	3.11	5.30	-4.49	-0.76	-4.35	-5.43	-4.71	-5.87	0.28	1.41	-5.85
27.53	-41.62	14.66	8.17	-8.85	-0.40	-15.22	-6.28	-1.93	-2.19	-2.82	5.56	-8.10
24.64	-39.71	16.63	6.56	-6.80	-1.73	-16.31	-5.62	-1.39	-1.25	-5.44	6.55	-8.42
23.88	-35.35	13.20	7.96	-5.65	-5.48	-12.75	-6.96	0.32	-0.90	-5.33	3.59	-8.49
26.39	-38.05	13.39	9.61	-4.51	-2.81	-12.39	-7.83	-0.60	-1.87	-5.92	5.47	-7.89
23.28	-32.99	8.02	10.05	-2.52	-8.21	-6.28	-7.99	1.68	-3.25	-6.35	3.17	-7.39
26.66	-30.48	7.94	11.57	-0.15	-9.62	-6.77	-9.36	1.61	-2.85	-6.98	5.31	-8.07
7.03	-11.53	-1.23	10.26	0.65	-8.00	-9.18	-2.47	1.42	-4.72	-4.74	-0.96	-4.79
14.83	-14.78	9.10	8.47	4.84	-7.06	-6.55	-2.40	1.93	-0.63	-4.13	-2.29	-4.66
22.94	-16.20	4.36	11.64	4.29	-4.44	-2.24	-1.14	4.14	-3.31	-2.44	-2.59	-14.75
23.12	-12.14	0.88	6.29	3.01	-0.70	-0.29	0.45	2.67	1.67	2.38	2.93	-10.65
14.55	-8.67	4.50	7.58	-3.28	0.88	-0.76	5.33	0.62	-0.48	-1.11	-5.20	-12.38
20.89	-10.15	5.38	6.53	-7.11	-5.59	-5.15	2.19	5.09	-0.25	-2.41	-2.63	-8.14
18.02	-11.80	2.77	0.39	-7.27	-3.86	-1.57	5.68	8.01	0.48	1.11	0.31	-4.98
24.43	-15.45	4.29	0.73	-9.02	-4.25	-2.91	6.09	4.45	-2.74	-1.26	-4.12	-4.55
7.05	-1.94	0.61	1.11	-2.57	1.43	1.21	5.43	10.18	3.16	-6.01	-9.02	-3.42
0.70	5.86	3.11	4.94	-1.31	-4.69	-3.33	0.18	3.93	3.15	-0.63	-0.25	0.65
15.67	-10.47	8.29	-1.86	-2.55	2.15	-1.24	5.05	7.28	3.26	-1.28	-6.98	-3.16
10.95	-11.94	6.98	-0.25	-3.04	1.82	-6.69	4.16	8.13	0.84	0.46	-7.07	-6.28
15.48	-12.01	6.96	4.33	-2.53	-1.96	-6.87	4.72	5.93	0.08	1.66	-1.36	-4.69
10.78	-17.01	9.58	2.05	-8.12	-0.10	-4.76	7.74	5.96	-0.92	0.00	-7.44	-4.92
9.38	-17.92	9.78	0.10	-2.48	1.09	-8.31	2.29	5.68	0.92	-0.85	-7.10	-2.23
9.76	-16.99	12.60	3.19	-2.06	1.96	-6.14	-1.05	-0.00	-1.43	2.72	-1.26	-1.80
-4.72	0.41	1.59	-0.04	-1.87	1.65	3.59	2.91	4.22	3.41	1.66	-1.37	-3.19
-17.02	0.61	2.85	0.34	1.99	-3.51	-3.44	-1.09	7.56	1.20	1.99	-2.43	-2.27
-6.29	-4.00	3.50	7.04	3.26	6.89	0.87	-3.65	5.98	-0.92	5.15	-1.69	-4.58
9.68	-7.30	14.10	-1.50	3.42	11.11	1.15	1.29	1.32	-4.10	6.63	3.61	-4.44
14.77	-6.85	14.75	0.38	0.75	11.70	-0.91	-2.33	-3.54	-0.90	1.73	3.22	-5.96
14.27	-1.71	14.19	-0.67	3.03	16.11	-3.81	-2.60	-3.54	-0.76	0.77	-0.29	-8.21
12.39	-2.36	16.43	-0.22	6.50	16.55	-4.20	-3.18	-4.11	-2.02	0.89	0.45	-10.14
11.80	-1.87	17.30	0.90	7.23	17.91	-4.76	-2.18	-4.06	-5.08	0.12	1.01	-7.48
-1.67	5.13	5.40	-1.22	0.20	3.49	-1.88	-3.54	-3.52	-1.99	2.83	-0.09	-5.17
0.52	-1.55	5.05	4.20	6.58	9.04	-0.72	-2.26	-4.09	-2.68	0.79	0.19	-4.78
-2.45	-6.45	4.03	2.18	-1.30	4.97	-1.38	-1.36	1.94	0.89	5.35	6.38	-3.03
1.41	-5.16	2.28	3.96	6.30	10.06	1.93	3.98	5.43	0.99	-2.18	-1.04	-5.49
-1.77	-3.49	1.81	0.05	-3.39	4.39	-2.71	-2.37	-0.55	-0.70	3.06	2.15	-3.04
-0.66	-4.75	-2.07	-4.60	-2.51	6.88	0.83	-2.00	1.21	1.24	-1.01	3.06	-0.12
6.60	-2.16	0.18	7.22	2.28	2.57	2.78	-1.49	-1.00	-2.71	-0.34	-2.89	-1.23
8.08	-0.56	4.99	6.12	-0.26	-1.90	-2.81	-2.76	-0.97	-3.56	-2.05	-3.83	-0.75
-8.15	1.88	4.89	-3.62	-8.73	-0.36	-2.13	-1.52	-0.61	-1.52	-2.41	-3.31	1.37
-8.80	6.09	9.36	2.11	-3.16	4.67	-1.37	5.23	3.39	-5.05	-6.70	-3.21	0.93
0.78	-2.88	6.72	5.05	-3.74	-0.49	-4.24	-1.11	4.12	-6.66	-2.57	-2.23	-0.69
-1.45	-6.80	8.74	-0.19	-5.54	-2.56	-6.78	-6.67	-2.18	-1.49	-4.44	-7.58	-1.57
0.80	-4.66	2.89	6.11	-0.22	1.20	-9.06	-6.88	-8.08	-2.54	-2.16	-3.36	1.99
2.12	-2.73	7.68	-0.12	-6.92	2.95	-2.38	-4.28	-2.59	-3.93	-0.89	-3.32	-4.33
2.15	-0.84	6.79	0.87	-5.98	1.77	-4.92	-2.15	-2.06	-2.48	3.47	-1.27	-2.17
2.59	-4.89	0.73	2.08	-9.24	0.61	-5.41	-5.93	-2.07	-5.71	0.83	2.28	-3.31
-4.19	-10.60	7.94	4.06	-1.70	3.91	-0.82	-6.20	-2.00	-8.78	-3.05	6.75	-3.31
-4.02	-10.48	7.29	4.11	-6.21	5.23	1.29	-3.41	-1.64	-4.10	-2.79	6.25	-6.81
-0.28	-10.80	8.35	4.00	-2.19	3.62	-9.15	-10.22	-3.96	-3.15	-3.12	3.71	-2.62
-1.17	-6.61	6.35	0.97	-3.84	5.53	-4.84	-8.08	-1.49	-2.75	0.46	2.67	-4.22
-0.95	-6.99	8.76	3.51	2.18	2.27	-7.91	-5.99	-4.00	-6.87	-1.10	2.98	-5.00
7.87	-4.70	7.52	6.69	0.41	-2.72	-1.90	-0.21	-4.83	-5.08	-0.47	5.52	-2.14
2.16	-11.20	2.04	3.89	-4.77	5.52	-1.23	0.43	2.08	-2.00	4.13	5.06	2.69
-8.29	-2.33	-4.16	3.39	1.99	-0.58	-3.64	-3.74	-0.31	-0.40	-0.77	0.15	1.52
5.02	0.86	-2.98	-0.64	-4.74	5.16	3.94	0.94	-5.90	-10.64	0.26	-1.19	-3.65
8.95	3.37	-2.08	-5.10	-4.03	9.59	0.27	-1.68	-2.64	-5.87	-0.12	3.21	-1.77
4.60	2.79	-4.28	1.13	-4.77	5.84	-2.37	-2.24	-1.52	-7.22	-0.78	0.63	-1.68
0.92	4.25	-2.92	2.71	-5.13	0.56	1.07	-4.83	-1.96	-5.89	-0.75	4.45	-0.91
1.15	0.15	0.34	3.59	-2.72	2.69	-2.13	-3.40	-1.92	-4.95	0.70	-3.24	-5.41
4.76	3.29	-2.86	8.16	2.42	2.62	1.28	-3.30	-3.40	-2.44	1.70	3.76	-4.55
0.36	4.52	-5.41	0.71	-3.18	2.00	-2.28	-7.52	-2.61	-6.68	-3.21	1.35	-0.12
1.88	-4.47	9.64	9.48	8.09	1.50	-6.80	-0.82	3.96	1.34	3.98	2.03	-3.46
-0.48	-7.33	5.73	12.69	7.54	5.01	-1.07	-0.75	4.17	-0.45	0.40	-1.12	-3.84
-1.31	-8.22	4.49	5.73	2.60	0.40	-1.04	0.40	0.82	-0.45	-3.15	-2.85	-2.07
0.10	-1.20	1.07	-4.77	2.62	1.10	4.85	5.41	5.50	-5.21	-5.67	-4.54	-2.36
2.02	-3.61	-4.35	-12.16	0.13	-1.25	2.80	4.88	1.91	-4.22	0.77	0.46	0.75
3.53	0.21	-2.02	-3.92	1.83	2.89	7.20	6.12	6.94	-6.35	-2.75	1.52	1.08
3.50	-4.51	4.77	-3.02	-2.92	5.12	3.09	7.83	3.91	-3.99	3.90	5.11	-1.16
-4.73	-0.01	1.26	-1.41	-4.31	-1.05	1.38	6.54	4.87	-1.27	2.92	4.21	1.01
8.83	-3.81	7.56	-6.82	-11.55	3.44	2.18	8.01	-3.45	-6.49	-1.32	-1.34	-2.76
7.71	-10.06	1.82	-6.72	-6.39	3.12	3.76	8.43	-0.40	-8.77	-1.76	-1.10	-2.59
8.90	-8.13	4.19	-3.39	-5.63	5.15	2.10	10.32	-2.21	-6.76	-2.35	-1.64	-1.98
8.51	-7.30	5.49	-8.48	-3.13	9.55	-0.04	9.80	-0.56	-7.12	-8.63	-0.38	-4.39
9.56	-5.21	4.04	-12.75	-4.49	11.02	-1.64	3.14	-2.53	-6.05	-2.68	1.91	-3.24
9.57	-4.77	5.08	-6.16	-3.04	11.31	-1.37	5.17	-3.59	-8.80	1.47	0.96	1.57
-2.22	-2.38	5.55	-7.78	-3.16	7.42	-2.25	-1.38	-4.60	-5.64	0.83	1.66	-2.83
5.47	-8.68	8.32	-9.77	-2.64	8.09	-6.25	-0.57	-2.80	-4.55	-2.29	0.30	0.72
0.40	-9.04	7.40	-3.10	0.25	2.98	-10.48	-0.32	-2.21	-5.68	3.03	2.93	-3.14
-2.43	-0.99	13.52	1.20	-4.08	-0.34	-7.29	2.05	1.68	-5.44	3.75	4.97	-0.25
-5.89	-4.46	6.78	-4.76	-4.29	-1.95	-3.46	-0.27	-4.07	-7.53	1.83	-1.21	-3.07
-6.77	2.00	4.73	-6.55	-3.90	6.33	-0.60	-3.82	-4.27	-4.62	1.16	-4.98	-4.78
-8.20	2.75	3.64	-0.80	0.75	1.23	-3.20	-0.25	1.26	-1.22	-1.10	-2.54	-0.56
-4.57	-4.45	2.38	-3.40	5.77	6.25	-2.10	0.68	-0.77	-0.46	5.09	0.37	-1.72
4.06	-9.63	6.03	-3.42	4.90	9.72	-1.47	1.60	-0.56	-3.96	1.49	1.26	-5.28
-1.16	-11.94	0.77	-1.78	2.41	6.59	-4.07	-0.57	-0.54	0.12	5.40	3.66	-0.41
2.19	-9.13	6.91	3.68	4.19	7.06	-0.13	4.76	-0.50	-0.26	1.83	-1.36	-4.37
6.45	-11.50	8.23	7.17	6.62	6.48	-2.54	-3.40	-0.54	-2.15	0.75	0.48	-2.27
-0.70	-16.77	5.54	6.32	6.90	6.89	-2.70	0.18	1.14	2.22	6.51	4.14	-1.04
4.45	-11.38	3.31	6.00	6.20	1.87	-2.94	0.69	3.58	3.47	6.22	2.86	-3.79
-2.83	-5.69	4.61	6.62	0.81	4.04	-2.07	-3.43	-0.07	-1.11	1.16	3.31	-2.66
10.60	-8.28	4.83	7.51	4.04	2.20	-1.66	2.85	1.46	-4.45	-0.60	2.76	1.04
-1.63	-14.46	8.76	7.18	4.94	4.04	-0.81	3.80	3.73	-2.74	1.24	1.15	-2.80
-10.88	-21.36	8.57	10.60	5.51	6.98	0.45	10.19	4.71	-1.33	3.26	4.22	-0.71
-6.83	-16.25	17.03	6.99	3.42	5.90	-4.91	5.19	5.07	0.56	5.39	2.37	-2.79
-2.49	-17.76	17.60	9.69	1.72	0.51	-8.77	4.16	3.12	-4.63	-0.49	-0.60	1.44
2.16	-14.72	16.50	7.47	1.51	2.75	-7.84	5.27	2.95	-5.58	1.01	-0.06	0.30
-7.95	-7.87	9.80	10.97	-4.52	1.38	-11.09	-0.29	0.46	-3.65	-0.12	1.85	-0.10
-11.09	-0.70	2.31	-2.37	-0.44	-0.90	-3.80	-5.70	2.98	-1.11	6.64	3.11	-4.46
-13.43	-2.17	2.69	1.86	0.56	-0.50	-0.36	2.37	0.41	0.17	-1.49	-1.10	-6.77
-9.85	-3.63	8.50	-3.47	2.35	-0.77	-3.35	-14.97	-1.29	6.09	6.71	7.21	1.00
19.69	-23.39	9.58	0.40	0.85	0.36	-4.83	-4.69	-5.51	-6.37	0.63	4.09	-1.32
9.70	-22.46	7.60	-3.65	-5.42	-1.80	-10.40	-10.01	-8.83	-5.35	2.29	1.88	-4.22
21.20	-39.67	18.75	-4.67	-1.62	8.74	-14.36	0.88	-9.01	-4.09	-2.12	5.30	-2.24
25.37	-29.18	8.75	0.28	-2.22	4.90	-9.73	-1.68	-6.45	-6.29	0.00	5.25	-0.94
28.28	-21.70	2.36	2.52	-2.92	3.79	-9.15	-7.24	-4.18	-6.04	0.37	4.44	-2.26
14.05	-27.74	2.30	8.51	-6.89	6.10	-1.59	-5.96	2.17	-0.61	-1.43	0.75	-3.64
-2.97	-16.67	-6.05	-7.04	-3.13	-3.12	-6.49	-1.25	-6.29	-6.56	5.60	4.40	-3.91
31.76	-38.18	5.02	6.11	-8.28	5.85	-11.77	-5.64	-2.58	-4.43	0.56	5.06	-5.54
29.15	-34.85	3.22	6.87	-7.63	1.21	-9.93	-7.45	-2.87	-3.73	-0.97	4.38	-3.73
32.55	-36.29	5.30	5.66	-5.61	0.66	-14.91	-0.65	-6.85	-1.74	-0.14	2.93	-3.30
29.43	-39.58	10.67	4.61	-3.62	1.04	-15.29	-0.44	-5.53	-1.33	-0.75	3.81	-3.15
26.19	-35.36	8.34	3.23	-2.44	-0.82	-10.80	-4.91	-5.40	2.23	-4.09	1.10	-2.25
24.60	-33.02	11.41	3.99	-2.76	1.43	-12.89	-2.60	-2.71	-2.35	-1.71	1.31	-4.00
14.32	-18.06	-2.53	-2.64	-4.55	2.01	-7.59	-1.32	-1.88	-7.47	1.47	4.12	-5.22
13.83	-23.45	2.95	1.63	3.76	-0.82	0.76	5.17	0.36	-1.25	-1.59	-2.99	-1.42
29.23	-21.51	4.36	5.94	3.47	9.69	-5.37	-1.43	2.92	-6.22	0.12	6.31	-7.74
18.02	-7.97	3.80	4.97	-0.92	3.77	-1.58	-7.48	-2.11	-2.12	3.37	5.61	-3.84
22.52	-11.33	-1.50	2.40	-1.88	2.89	-0.89	-5.54	-4.94	-1.63	4.01	6.30	-2.39
-8.05	4.93	-4.64	-1.90	-3.41	-3.26	-0.78	-1.65	-3.36	-1.26	2.00	2.57	-0.77
23.26	-6.36	-2.77	-2.91	-9.04	-2.15	2.07	4.05	1.72	-0.52	2.94	3.98	0.20
22.74	-5.07	-2.04	1.21	-9.83	-3.19	0.21	-0.26	-1.82	-4.44	0.33	1.89	-1.76
18.29	-13.90	-3.00	0.42	-6.48	-1.10	0.66	1.34	-4.22	-2.80	0.36	1.23	-4.74
16.94	-4.08	-1.73	-0.37	-9.16	-2.83	-0.04	-1.41	-2.42	-1.70	-3.10	4.89	2.26
16.10	-10.66	-0.03	-0.58	-9.28	0.40	3.05	2.11	-2.49	-10.05	0.18	4.42	-1.42
17.27	-10.24	-2.47	-0.98	-16.59	-6.46	-1.11	3.29	0.28	-9.98	-1.30	2.86	-0.37
21.08	-11.07	-2.15	-0.47	-9.29	-4.83	-1.82	-1.38	-1.14	-8.98	-5.49	2.04	-2.65
-8.35	-8.21	-0.17	1.15	-3.67	-2.59	1.01	-2.63	0.57	-9.11	1.08	2.18	0.02
-15.45	-11.21	-4.09	-0.18	-1.00	1.04	2.23	-8.74	-2.97	-12.45	1.61	-0.32	-2.91
8.30	-9.10	10.87	-2.80	1.86	12.01	5.41	-7.95	-3.45	-8.12	2.77	4.07	-4.95
11.31	-11.50	9.24	-3.90	-7.95	5.13	1.25	-2.89	-1.41	2.98	4.59	0.55	-2.17
9.99	-10.90	12.56	-2.62	-2.00	4.39	2.02	-0.87	-1.17	3.45	1.11	1.17	-6.20
8.85	-18.82	8.54	-7.57	2.56	3.07	-3.63	3.67	6.70	4.13	-3.42	1.74	-2.04
10.38	-11.16	0.47	-6.72	2.52	2.72	-1.29	-2.01	-4.38	0.86	-0.13	1.03	-2.88
3.94	-7.30	4.37	-3.08	0.72	2.61	1.79	1.61	0.35	-0.37	-0.93	-0.86	-0.91
4.38	-9.74	2.87	2.14	-0.09	-6.18	-0.06	1.76	-0.13	2.22	1.63	4.50	3.56
5.46	-5.66	5.81	-1.03	1.57	3.75	0.93	3.39	2.37	-2.51	-0.95	4.96	0.78
-2.06	6.19	-1.79	-0.76	1.36	-3.23	3.30	1.77	-0.21	-4.04	-5.18	2.77	2.05
-3.00	3.14	2.08	3.26	1.67	-2.81	-3.20	-0.11	-0.70	-2.85	-2.17	2.85	3.31
-3.80	-4.82	3.03	7.93	2.70	-0.91	-1.74	2.10	4.35	-0.97	0.10	3.08	1.77
3.86	1.95	0.67	3.82	2.42	1.79	2.60	2.67	0.15	-3.32	1.26	7.95	6.08
-6.84	4.62	0.00	-3.18	-2.70	4.06	4.03	0.58	-0.47	2.70	1.79	2.29	0.80
-12.86	-4.45	5.33	3.40	0.85	-3.15	-4.29	-0.21	-1.20	1.14	0.55	5.12	1.92
-9.28	-8.71	1.85	6.01	1.18	-2.93	-4.91	1.39	0.72	2.22	3.24	3.84	0.86
-10.74	-7.64	-1.47	2.82	-1.25	-2.30	-4.15	2.57	0.15	-4.07	-0.72	2.28	3.70
-6.94	-1.63	7.48	6.92	0.20	3.21	0.90	0.65	0.87	0.16	3.43	6.31	1.53
-8.93	-3.57	1.87	7.08	-0.76	-0.84	-0.83	4.74	3.69	1.85	3.12	1.16	-1.11
-4.89	-4.22	7.38	10.30	3.86	4.61	1.27	3.44	8.91	1.58	-2.37	1.91	0.78
-8.07	-2.70	9.17	11.77	3.09	6.17	-1.19	3.63	5.35	1.81	-0.66	0.38	-1.64
-6.20	-11.34	9.94	8.58	-4.48	0.97	3.21	2.31	1.69	3.00	-1.38	4.67	-2.62
-4.90	-11.29	11.65	10.75	0.66	0.17	-3.55	-0.02	7.89	-0.63	0.64	4.64	-2.06
-4.19	-10.39	9.51	6.99	-3.56	-1.74	-4.91	3.21	6.55	-4.14	-1.91	-0.55	-3.43
-1.30	-6.96	16.76	8.47	-1.97	-3.83	-5.29	0.00	3.57	3.91	0.61	-0.88	1.43
-2.93	-7.73	16.55	7.96	-2.87	-0.77	-1.56	4.29	8.83	-1.66	-2.99	3.95	-1.09
-8.02	-4.91	15.16	6.54	-1.22	2.99	1.32	-1.52	7.79	-1.92	-2.38	4.74	3.68
-6.29	-8.06	9.32	5.22	-5.69	2.56	2.73	1.90	10.99	1.68	-0.06	3.05	-1.61
-14.86	-6.52	10.21	1.73	0.37	-2.77	-7.27	-0.45	0.43	-0.51	3.04	1.15	-1.22
-6.59	-11.71	7.40	2.16	-4.11	-2.67	-2.99	1.41	2.92	0.79	1.13	0.66	-2.95
-4.57	-10.84	3.30	5.61	0.48	-3.01	0.81	0.79	2.33	1.82	1.80	1.79	-3.67
-2.74	-8.38	5.50	4.09	-1.91	1.08	-0.75	2.85	5.56	0.02	4.37	0.68	-2.39
5.14	-3.20	2.04	2.18	-1.38	3.98	-2.13	-1.55	4.79	2.34	1.79	0.82	-3.76
5.64	-3.00	6.41	5.76	-0.70	0.63	-1.97	1.05	2.82	1.57	2.33	4.98	-0.00
0.85	-7.53	10.23	6.36	5.15	9.76	-0.00	0.87	-1.21	-3.08	2.81	-1.95	-0.22
-1.78	-14.89	5.37	-0.51	-0.30	2.64	-5.38	-1.02	3.32	-1.90	1.83	-0.74	-4.26
2.64	-13.12	10.98	1.56	0.32	8.68	-4.47	1.84	-5.39	-4.02	0.27	4.70	-3.79
6.85	-14.54	12.57	8.96	4.05	6.61	0.18	0.38	-4.38	-3.45	2.95	0.90	-6.67
0.20	0.11	0.72	0.83	-1.80	4.17	-0.10	-4.12	-1.52	-3.35	-1.70	-1.60	-0.15
-3.37	-9.28	4.09	0.57	-2.65	4.05	3.00	1.01	2.55	-3.40	0.99	3.53	-4.81
9.66	-9.81	0.62	-0.93	3.57	8.77	3.10	2.06	-3.36	-0.41	3.21	-0.28	-1.92
4.65	-12.32	-2.68	-0.65	-2.63	5.78	1.20	2.05	-1.10	-1.52	0.71	1.88	-2.33
0.54	-6.99	-0.80	-5.03	-2.90	1.82	0.73	3.10	2.06	-2.41	-1.45	2.61	0.03
2.13	-4.04	6.16	3.06	4.03	6.55	-3.77	-0.53	-3.25	-1.01	0.42	3.34	-6.63
1.98	-1.91	3.22	0.45	-2.37	5.69	1.69	0.32	-2.23	-5.46	-5.32	-0.17	-6.10
6.07	-11.47	4.73	0.41	-4.88	1.49	-0.89	0.43	-4.59	-9.25	-3.27	5.01	-4.12
-2.59	-4.77	3.99	3.45	-4.26	0.35	-2.41	-5.65	-5.65	-7.14	-1.04	2.80	-1.97
-0.83	-10.75	4.86	4.95	2.15	6.34	1.05	0.85	2.83	-1.89	-1.19	1.66	-9.34
9.29	-19.43	2.99	6.82	3.05	1.00	-5.79	-1.60	-3.67	-9.34	-1.72	4.14	-7.30
9.11	-16.02	4.32	9.28	9.41	1.92	-5.28	-4.58	-8.90	-8.94	-1.19	2.28	-2.64
7.43	-17.76	8.39	0.77	3.59	2.46	-8.92	-9.53	-3.45	-6.40	-0.48	1.46	-4.86
-1.55	-2.23	3.78	6.84	0.71	0.81	-6.21	-7.97	-6.19	-7.53	0.12	4.64	-2.78
4.82	-10.48	2.31	6.82	3.20	3.80	-6.40	-4.56	-4.16	-5.71	4.42	5.49	-3.60
1.72	-11.47	4.98	3.56	4.97	7.59	-8.34	-4.31	-6.30	-3.66	2.62	6.64	-1.41
-7.67	-0.22	7.61	-0.16	8.37	0.63	-0.39	-5.83	-6.81	2.42	1.42	1.77	-4.66
-9.35	-1.35	8.47	4.72	7.84	-4.68	-4.35	-7.17	-2.61	-3.27	-1.55	-0.36	-3.38
-16.94	9.25	1.13	-0.56	9.54	-3.58	2.23	0.13	-4.01	1.88	4.53	-0.71	-7.58
-20.67	6.69	-5.74	-4.47	8.37	0.30	-4.20	4.54	5.11	4.31	5.25	1.74	-1.84
-19.84	9.08	-4.97	-7.92	10.68	3.47	1.75	3.91	5.95	4.82	4.06	0.41	-3.32
6.64	-4.66	-1.95	-2.40	-4.91	-2.35	-8.39	-8.23	-5.97	-5.36	1.33	-1.67	3.22
9.99	-7.93	-2.68	-1.27	-5.62	-4.56	-9.45	-3.65	-4.21	-1.74	-0.61	-1.06	1.26
15.67	-5.19	-2.20	-1.90	-4.77	-3.68	-10.53	-5.44	1.95	-2.40	-4.68	-2.21	1.92
9.12	-1.80	3.02	-3.07	-11.50	-6.67	-9.08	-3.41	-2.20	-1.16	-3.29	-0.37	4.35
11.92	-8.36	3.98	-0.51	-7.20	-3.03	-9.21	0.21	2.56	-0.53	-3.15	-3.07	0.28
10.43	-6.96	0.42	-1.31	-8.03	-4.81	-8.05	0.03	4.22	2.15	1.41	1.11	1.32
13.69	-3.13	0.70	-4.61	-3.72	-3.56	-6.34	-4.36	-0.05	2.22	5.44	2.70	4.01
3.51	-3.47	-1.30	-1.36	-7.56	-6.78	-6.75	-2.13	1.96	-0.41	-5.38	-1.46	0.36
13.06	-8.47	0.05	-4.19	-9.32	-9.16	-11.05	1.28	0.89	-3.77	-1.83	-3.83	-0.83
8.01	-7.22	5.84	-1.58	-2.75	0.96	-4.58	3.57	0.24	-3.75	-3.86	-3.86	-2.66
12.00	-4.61	2.04	-7.19	-3.67	0.05	-6.71	1.31	0.76	0.69	-0.04	-2.87	-1.32
3.26	-4.31	-3.44	-13.41	-4.00	-1.66	-11.70	-1.73	-2.40	1.05	4.07	-2.13	1.16
4.55	0.69	0.84	-5.40	-0.45	-0.49	-8.97	1.09	-0.03	-1.81	1.61	-1.96	0.45
5.40	-3.99	-1.24	-8.38	-6.02	-5.55	-13.46	-7.29	-0.49	-3.53	-0.78	0.37	0.17
1.79	-1.64	1.21	-8.27	-3.63	0.12	-2.23	-0.82	-0.79	2.61	0.35	-1.10	-2.04
4.52	-4.06	-0.62	-5.36	-4.81	0.73	-4.35	-8.49	1.00	3.90	3.08	-0.39	0.07
11.40	-2.39	-1.48	-0.90	0.44	1.76	-6.70	-9.44	-6.96	-5.23	-0.54	-4.72	-2.32
13.07	-7.47	1.71	-2.46	0.53	2.56	-5.39	-7.87	-8.45	-3.02	1.67	-7.06	-5.02
13.65	0.15	6.38	0.49	-1.32	4.58	-4.47	-3.67	-3.73	-0.59	0.38	-2.58	-3.45
16.35	-4.76	8.46	2.54	-2.96	1.70	-8.25	-4.13	-3.88	1.68	3.83	-3.98	0.58
11.04	-4.23	8.21	0.56	0.66	2.53	-7.21	-2.85	-4.73	-1.02	3.89	-3.45	2.86
12.30	-5.34	3.48	-1.80	1.18	5.69	-5.55	-2.06	-3.68	2.21	4.99	-2.84	0.07
3.24	-4.97	2.20	3.69	-0.96	4.07	4.33	3.57	5.30	5.45	3.30	1.30	0.52
-1.12	-5.12	-2.15	-0.21	0.01	4.39	0.09	-1.19	-1.83	1.70	2.44	0.21	-1.43
9.69	-6.40	1.82	-4.43	-1.66	1.29	0.19	5.12	4.08	4.20	-0.88	0.05	-1.27
9.81	-8.31	5.61	0.21	-6.81	7.16	-0.13	-3.47	-2.47	-2.99	-0.15	-4.58	-0.89
14.83	-8.60	6.81	-3.26	-3.79	8.61	4.55	-1.62	-3.00	-3.01	3.86	-0.99	-4.93
3.73	-10.74	-0.99	-7.68	-4.60	3.30	2.75	3.40	3.48	5.68	3.67	-2.67	-5.19
14.97	-4.19	-0.16	-10.75	-7.54	4.88	0.39	3.24	-0.37	1.01	3.16	-7.56	-9.40
10.01	-6.38	-1.40	-10.55	-8.80	-0.64	0.62	0.68	-0.84	1.09	-1.88	-7.49	-3.28
6.46	-4.96	0.04	-7.12	-8.54	3.09	1.05	2.97	-1.08	-0.88	0.25	3.30	-0.33
10.54	-7.32	8.23	-0.04	-0.91	0.88	-4.44	-3.29	1.42	-3.07	1.26	-2.39	-4.24
25.48	-24.97	7.71	-3.39	-1.62	6.71	-9.66	-4.64	-2.46	-5.20	-1.13	3.67	-0.68
32.27	-22.80	1.60	1.41	0.34	0.39	-3.97	-2.96	-6.22	-1.01	-2.10	3.77	0.35
32.43	-22.30	3.23	-2.84	-0.11	3.26	-8.92	-1.32	-5.01	-4.74	0.72	2.02	-3.70
27.20	-22.69	3.79	-0.99	-2.16	1.48	-2.40	-1.28	-6.77	-4.44	4.83	1.73	-6.30
14.36	-16.01	7.01	-0.83	1.27	7.48	-2.05	2.21	-5.25	-5.44	1.94	2.58	-2.82
16.19	-14.71	4.35	4.93	-2.25	3.38	3.70	-1.72	-5.27	1.22	3.68	1.08	0.60
14.15	-24.10	1.79	3.00	-0.62	4.29	-10.86	-8.79	-2.27	-6.47	3.09	4.99	-3.77
9.35	-18.98	1.72	6.55	-1.69	0.79	-7.30	-7.05	-1.17	-3.46	0.77	5.95	-3.62
27.06	-33.80	7.66	3.63	-0.31	4.82	-15.38	-6.42	-2.11	-4.28	2.62	5.67	-3.51
24.51	-30.41	6.31	0.61	-3.96	3.02	-13.24	-6.92	-1.32	-4.98	2.11	3.76	-5.81
24.33	-31.57	9.07	-1.01	-1.20	-0.12	-14.64	-6.03	-1.41	-3.16	2.51	2.11	-5.21
25.32	-32.66	7.86	2.79	-0.80	-0.39	-13.30	-3.28	-0.62	-2.16	0.46	4.05	-4.38
25.33	-33.33	8.79	4.39	-0.55	-2.47	-11.52	-4.50	-0.42	-2.12	0.21	3.64	-4.44
25.87	-34.00	9.39	5.51	-2.63	-0.84	-12.59	-5.50	-0.00	-3.96	-1.89	3.75	-4.78
-2.27	-16.09	1.70	7.74	2.66	-1.76	-7.65	-2.79	0.95	-3.71	-0.96	-0.01	-5.74
-3.86	-13.05	1.32	7.44	-0.01	-4.13	-9.86	-4.93	1.40	-3.77	-1.40	2.34	-3.88
19.63	-27.50	9.86	10.53	9.79	4.18	-11.78	-5.55	2.29	-7.52	-1.83	1.74	-12.15
18.82	-31.54	8.22	9.97	6.33	10.75	-5.36	-5.91	5.19	-4.79	1.31	5.90	-7.91
11.40	-19.09	-5.78	0.44	7.44	3.09	-1.38	-0.94	2.95	1.09	4.78	5.07	4.25
5.78	-11.94	-2.24	-1.44	4.74	-2.07	-2.90	0.78	5.60	0.46	-0.08	2.31	0.47
4.73	-11.87	0.73	-0.61	3.25	-1.31	-0.53	3.24	3.11	3.07	-1.17	-1.15	-1.36
7.87	-7.56	7.29	2.86	2.26	-3.24	-5.59	-3.12	-0.26	-1.44	2.76	1.55	-0.85
-6.42	2.43	4.90	3.21	2.27	0.88	-3.61	-1.89	0.34	0.43	-0.67	0.16	1.00
-3.79	-4.11	3.11	4.08	4.65	3.47	-3.17	-0.57	-3.35	1.29	3.38	-6.20	-2.92
9.11	-5.24	1.94	-3.27	4.86	4.08	-2.99	-4.93	-9.98	-2.56	1.46	0.32	-4.90
5.19	-12.10	7.98	-6.61	4.11	1.69	-1.94	-2.45	-9.17	-3.52	3.41	0.74	-1.75
6.40	-14.85	7.93	2.63	3.89	0.29	0.17	-0.56	-10.11	0.28	8.12	5.29	-2.81
5.17	-15.00	10.33	2.55	5.03	2.54	2.17	1.54	-8.77	0.02	6.08	0.74	-4.61
2.04	-15.40	7.75	5.04	2.23	0.25	1.71	4.19	-7.33	0.10	9.28	1.03	-4.05
5.59	-13.08	6.40	7.24	3.86	-8.48	0.50	3.36	-9.00	4.59	5.87	-1.64	-2.83
-5.95	-2.94	5.10	3.10	1.64	6.75	0.26	-3.07	-1.80	-2.99	2.48	0.75	-2.15
-11.71	-1.12	-0.03	0.02	-4.27	6.42	-4.21	-3.21	-0.29	-2.38	4.77	-0.28	1.91
15.71	-13.16	15.27	-1.56	7.98	17.53	-1.78	-2.85	-1.24	-2.43	1.81	2.27	-8.87
11.18	-9.67	10.88	-8.63	10.90	12.10	-3.86	-4.18	-6.14	-1.22	-0.21	3.05	-6.08
1.53	-12.48	11.70	-4.82	4.33	9.62	-3.21	-2.79	-5.99	-0.99	3.63	4.42	-3.60
-10.13	-11.81	9.74	-1.79	1.28	6.71	-2.53	-4.71	-8.48	-2.76	1.99	1.37	-3.92
-9.92	-3.89	11.16	-0.17	-2.93	-7.74	-9.32	-5.25	-3.10	3.35	2.29	-0.87	-2.18
-9.38	-7.02	1.48	0.77	2.08	7.36	2.81	2.95	-0.18	0.30	4.16	1.00	-0.47
-2.62	-9.92	5.67	2.10	3.41	5.69	-5.63	-0.49	2.28	5.87	7.81	-0.43	1.41
0.85	-9.18	5.70	4.94	4.10	4.16	-4.32	3.11	-0.17	2.67	3.96	-3.02	0.40
-2.31	-13.54	3.75	3.29	5.95	2.94	-4.57	-0.51	0.75	5.83	6.32	-1.00	0.00
0.74	-10.75	-0.27	0.06	1.23	-0.38	-11.18	-5.92	-5.20	3.34	1.07	-4.35	3.82
3.39	-18.13	4.25	1.31	2.63	0.48	-14.93	-1.88	-2.46	4.93	4.88	-2.90	1.43
6.40	-15.20	0.92	1.30	3.31	0.41	-8.85	-2.43	-3.06	4.38	6.00	-4.76	-4.66
7.55	-12.13	-3.79	0.20	4.99	-0.24	-10.29	-3.16	-5.31	0.79	0.22	0.01	0.40
6.27	-17.39	-4.98	-1.05	1.60	0.09	-7.67	0.83	-6.23	-2.50	0.42	-5.45	-4.18
12.59	-8.56	-8.36	-2.27	6.34	7.78	-5.98	-2.56	-4.25	1.12	-1.76	-3.08	-2.60
12.75	-12.17	-2.61	-6.87	2.67	4.27	-0.02	1.58	-6.60	-2.50	-0.11	-5.56	-2.59
16.93	-10.27	-3.70	-9.22	2.55	0.11	-3.57	-2.39	-5.44	-0.11	-2.58	-4.21	-2.54
11.11	-11.84	-4.73	-4.32	1.62	7.92	-3.33	-0.01	-2.23	0.88	1.43	-6.70	-5.51
13.35	-11.77	-9.67	-7.83	1.82	1.98	-1.31	-2.85	-6.61	-0.11	-2.29	1.32	0.17
15.12	-19.46	-3.74	-6.27	2.71	7.14	-3.24	-1.45	-1.47	0.06	0.28	-4.46	-3.78
16.59	-13.64	-2.54	-5.10	2.03	-0.17	-4.35	-1.52	-4.87	-2.80	-2.61	-1.23	-2.84
10.13	-12.68	-3.95	-4.41	3.57	3.61	-1.37	-1.92	-5.56	-0.26	1.59	-8.86	-0.31
12.49	-17.75	-8.45	-5.40	3.29	7.35	-4.14	3.14	-3.25	-4.56	3.22	-5.32	-1.84
15.43	-16.61	-3.07	-0.84	4.87	5.76	-7.52	-6.14	-3.74	-2.01	-1.54	-5.88	2.02
10.95	-16.97	-5.78	-4.36	0.08	3.12	-10.45	-5.17	0.24	2.94	-1.24	-3.13	2.87
11.68	-19.03	-0.04	-2.85	0.50	2.74	-6.71	0.14	1.14	1.73	1.17	-0.55	0.03
7.84	-16.35	-12.28	0.35	-2.30	4.31	-6.64	1.04	0.85	-0.05	-0.31	1.46	-0.41
-3.41	-11.04	-8.07	2.86	-4.75	10.58	-5.61	1.28	1.87	2.43	1.33	-0.96	-2.50
5.79	-15.78	-1.18	2.61	2.77	6.65	-8.72	-1.97	-0.50	0.35	-3.81	1.50	1.52
1.56	-12.21	-4.57	-2.12	5.29	2.70	-5.86	1.24	4.44	5.75	1.21	-0.37	1.06
7.74	-8.94	0.84	0.75	0.73	4.58	-4.20	-1.53	0.96	2.27	-0.05	-1.65	-2.66
7.50	-6.79	-0.86	-3.22	-1.04	9.25	-4.18	-1.81	1.51	-2.17	2.31	-0.84	-2.16
9.05	-10.42	-1.90	-1.66	-1.17	3.05	-6.99	-1.48	1.54	-0.90	0.59	-6.36	-1.11
4.77	-12.27	-3.14	-3.20	-0.49	0.99	-3.13	-1.78	-1.16	0.67	3.14	-0.39	-5.17
6.45	-18.33	0.70	-3.91	-0.89	0.77	-4.10	-1.15	1.75	-5.52	1.96	3.75	-3.18
7.33	-11.11	2.70	-2.15	-7.62	-0.60	-7.65	-4.71	-0.01	-1.73	-1.35	3.07	-2.00
4.74	-11.60	0.90	1.73	-3.98	-2.00	-4.13	0.91	3.41	1.99	0.67	-0.22	-3.94
-6.17	-13.78	-0.31	1.28	-1.07	0.64	0.18	1.83	-1.11	0.32	-0.47	-0.52	-1.52
5.51	-18.41	8.99	-1.50	-0.12	3.37	-0.11	2.85	-4.38	-6.31	5.47	1.10	-2.57
12.51	-10.38	8.19	0.89	-4.47	2.20	-4.91	-3.40	-2.28	1.33	4.79	0.64	-1.65
-2.86	-19.66	3.10	3.58	-5.87	2.20	-3.16	2.86	-0.69	1.43	2.20	-0.15	-6.04
10.59	-14.17	4.34	6.33	-4.97	2.55	0.35	-1.26	-3.54	-2.42	1.45	3.12	-4.49
4.30	-9.66	5.09	1.54	-1.03	2.91	0.19	2.35	-4.89	-6.43	2.02	1.52	-0.57
6.66	-14.94	3.04	3.65	-2.11	3.42	-0.25	2.91	-0.62	-0.34	-0.71	-2.17	-2.47
7.07	-12.50	12.57	4.67	-5.01	1.29	-2.51	-0.01	1.35	3.93	-1.05	-0.39	0.77
-2.93	-1.85	6.34	8.06	-5.33	-3.80	-1.58	-0.27	5.20	5.90	-0.98	-1.01	-2.31
4.02	-5.50	2.41	4.76	-8.99	-3.82	5.71	0.16	-4.44	0.22	-0.76	-4.18	1.97
-9.38	-6.63	0.76	2.05	-7.21	-1.45	-0.79	-0.25	4.91	3.47	1.47	-1.18	4.06
-4.64	0.74	0.16	0.55	-4.41	4.29	1.21	-4.14	-0.98	3.20	4.78	-1.04	-0.63
-5.77	0.36	1.75	6.50	-4.43	-1.03	3.14	-3.05	-0.12	-0.55	1.70	-5.26	-2.32
-4.85	2.86	-0.72	6.95	-5.01	0.57	5.12	4.56	3.52	2.18	6.69	-0.36	-2.98
-15.86	-2.28	-3.29	6.27	-2.44	1.07	0.84	1.43	7.35	5.12	5.50	2.61	1.05
-9.05	2.18	-2.59	1.72	-0.42	2.37	1.00	3.91	-0.06	2.05	-0.94	-0.26	0.25
-12.36	3.47	-1.44	4.45	-1.60	1.85	0.66	4.32	1.89	1.01	1.33	-0.08	-1.55
-18.06	-1.40	3.39	5.91	-1.23	-4.27	4.66	7.29	-1.34	2.37	1.95	-3.82	-3.04
-22.99	-1.75	6.05	13.21	5.31	-0.35	5.72	5.83	-0.12	3.33	1.94	-2.67	-4.00
-16.68	-3.13	4.09	12.11	3.53	-3.31	-2.47	-0.42	-0.56	-3.21	-0.65	2.23	2.39
-6.24	-3.63	0.44	8.85	1.86	-4.98	-6.39	2.07	-1.23	-4.92	4.83	1.82	0.06
-2.59	4.17	5.91	5.58	0.86	-2.51	-8.38	-0.89	-6.59	-11.37	-0.21	2.50	0.40
-1.62	2.18	4.06	3.82	2.19	-1.37	-3.34	-1.47	-2.75	-6.36	0.86	3.13	-0.51
3.13	-3.05	4.46	2.68	-1.85	-2.20	-3.30	1.10	-6.32	-8.85	-1.50	6.23	1.90
3.80	-12.07	7.79	10.03	-2.99	2.53	-8.01	-2.24	-3.06	-6.65	-3.85	-4.46	-3.47
4.50	-13.98	2.79	2.85	-0.54	4.30	-3.53	-8.94	-5.86	-8.51	-2.70	2.15	1.48
10.90	-8.09	6.22	-1.21	-4.22	-2.67	-1.75	-3.16	-4.18	-5.39	-2.14	2.34	-1.97
12.45	-10.92	3.70	-2.73	-6.78	3.02	-0.29	-2.30	-2.82	-3.97	-1.70	0.28	-2.00
11.05	-14.36	-1.74	-5.90	-5.10	-0.61	-2.54	1.17	-3.82	-1.22	1.65	3.94	0.46
13.09	-12.95	3.37	-3.07	-6.74	-3.26	-4.00	-0.05	-2.25	0.32	3.23	0.57	-0.90
11.47	-15.06	4.67	1.73	-4.62	-2.35	-2.37	-0.70	0.64	-3.62	-2.11	-1.21	-3.89
16.44	-12.52	-2.24	-5.15	-4.54	0.39	-2.65	-1.72	2.67	-5.02	-1.06	1.99	-2.91
5.78	-12.27	1.44	-10.59	-6.76	-1.94	-4.89	0.98	-2.97	-2.67	-0.46	2.14	4.40
-4.11	0.05	1.10	-7.44	-2.38	0.88	-3.81	1.90	2.14	-3.66	0.58	-0.03	-0.37
1.40	-5.66	5.17	-7.84	-5.01	4.45	-2.46	-2.24	-1.36	-0.91	3.08	1.27	-0.77
-19.32	-7.98	16.00	-6.85	-5.83	-1.71	-10.85	-1.44	2.06	1.26	5.02	0.88	2.02
-11.67	-11.52	5.91	-7.37	-6.04	-0.55	-6.42	-3.04	-0.87	-1.72	3.75	1.62	-1.34
1.85	-11.10	-3.09	-6.27	-2.60	0.25	0.86	2.62	-1.63	-2.93	2.34	-1.26	-1.22
6.94	-8.18	1.90	-2.16	-4.92	-0.52	-4.77	-1.12	-3.63	-3.35	1.56	-0.55	0.28
2.91	-7.24	-1.13	-7.06	-5.30	-1.42	-3.52	-3.55	-5.24	-3.05	2.20	1.49	-0.96
-1.70	-8.65	12.46	3.47	0.15	-0.54	-6.48	0.41	-0.99	1.00	-0.63	2.02	1.32
-2.72	-7.56	0.38	1.51	-4.29	-4.38	-2.22	4.63	-1.52	0.32	4.88	-2.30	-1.97
7.67	-12.19	1.84	0.35	-0.92	-2.75	-3.42	3.40	-4.65	0.32	4.37	0.57	1.07
1.57	-11.80	6.37	5.76	3.34	-1.52	-5.19	-0.66	-9.03	-0.38	3.09	0.70	5.13
1.61	-10.18	-0.10	4.11	0.47	-5.29	-3.58	0.62	2.80	-0.32	-1.77	1.29	0.62
1.90	-17.11	0.56	3.42	0.67	-8.24	-6.06	-0.24	0.20	3.93	1.20	-0.11	0.80
7.82	-13.07	2.54	2.26	-5.83	-6.71	-5.56	0.59	-0.39	4.12	3.04	-6.01	1.69
9.83	-12.40	1.56	-2.98	-5.99	-8.40	-6.37	3.74	0.59	4.29	-1.53	1.32	1.67
1.70	-9.93	-5.17	-1.49	-3.64	-6.58	-4.72	1.37	-3.68	4.07	1.09	-3.78	-4.48
1.42	-7.67	-1.93	-5.78	-5.28	-8.88	-3.75	2.23	4.44	3.10	3.30	2.88	2.30
1.81	-20.31	-0.28	-9.75	-7.98	-4.83	-3.80	2.94	2.85	3.27	2.22	0.15	-0.23
-9.47	-9.93	4.08	-1.51	0.04	-0.17	2.94	1.31	5.27	6.10	0.33	1.44	-4.93
-0.97	-13.59	1.31	0.86	-2.72	-3.70	-1.25	4.47	1.78	10.40	7.44	0.85	-1.80
2.76	-14.82	4.38	1.20	-3.91	-2.49	-5.87	1.91	-1.44	5.36	0.28	-2.77	-0.19
0.98	-13.68	-1.41	-0.76	-2.71	-7.96	-4.76	5.54	2.30	4.07	0.49	-0.50	1.43
-0.48	-14.21	-1.26	-1.63	-0.07	1.45	-7.46	-0.64	-3.54	3.61	4.66	2.74	2.81
4.58	-15.01	1.98	2.58	-4.73	2.31	-2.87	-5.75	-3.81	-1.67	1.95	3.95	-2.59
2.01	-2.32	1.97	3.71	2.39	3.34	-3.70	-3.94	-3.54	-0.21	1.59	0.74	-2.36
23.15	-28.70	12.39	2.62	-5.12	2.28	-7.63	-7.19	-5.75	-1.64	-0.56	4.28	-7.32
27.73	-22.53	3.18	9.27	-4.10	-0.26	-3.26	-6.37	-5.85	-3.59	2.79	-0.03	-6.89
24.07	-29.83	8.22	8.37	-7.20	3.83	1.51	-5.24	-4.42	-3.12	2.56	3.87	-4.84
4.14	-18.39	4.61	9.14	-3.70	0.50	-1.75	-6.24	-5.56	-5.36	5.02	2.88	-2.61
-7.47	-18.98	9.18	5.68	1.13	-0.35	-3.91	-2.70	-2.28	-2.35	1.37	2.85	2.91
-5.54	-18.14	0.15	12.90	-4.65	6.25	5.27	-10.89	-4.10	0.57	6.12	-7.76	5.44
24.59	-28.00	8.22	5.95	-4.98	2.29	0.76	-3.74	-7.12	-1.25	2.90	0.85	-2.86
16.94	-27.91	6.80	6.00	-2.44	3.88	-4.52	-10.41	-14.03	-7.38	5.35	-2.61	-8.92
-1.40	-22.75	2.38	14.31	-9.79	3.24	3.96	-4.25	-1.45	-2.64	-0.21	-1.46	-0.23
22.87	-22.71	4.14	7.09	-7.62	5.24	2.65	-7.96	-5.40	-10.26	6.82	-3.54	-1.34
25.14	-27.15	8.41	4.37	-5.88	6.92	1.36	-4.58	-7.36	-7.18	5.15	0.90	-6.17
6.17	-13.85	4.97	7.22	-6.57	3.29	5.29	-6.94	-9.69	-9.53	3.00	1.95	-7.18
-4.25	-8.55	-3.70	8.39	0.49	9.34	10.95	-0.90	-6.40	-4.04	-0.71	-3.22	-2.90
13.90	-21.90	4.70	5.11	-6.80	4.83	-3.59	-7.15	-5.15	-3.63	3.27	-0.20	-1.37
-0.36	-22.36	7.36	8.01	-6.30	-1.34	-5.41	-4.99	1.88	3.96	2.01	0.42	-4.64
4.73	-20.75	13.83	7.66	-4.09	-1.75	-9.30	-6.00	-3.82	-1.36	5.02	-1.37	-6.66
8.23	-32.28	13.06	7.02	-9.14	-2.05	-13.55	-6.13	-0.13	-3.21	-1.79	-0.43	-4.46
10.11	-35.81	15.76	7.22	-9.11	-2.55	-14.09	-4.84	-0.76	-2.00	-2.86	1.24	-5.32
8.84	-34.06	16.44	8.65	-8.88	-2.27	-13.72	-4.61	-0.14	-2.81	-2.93	0.65	-4.14
6.60	-32.02	15.95	10.03	-7.46	-3.40	-12.96	-5.44	0.75	-3.78	-2.77	-0.18	-3.37
7.07	-30.00	15.85	13.04	-6.77	-3.21	-12.43	-4.15	1.14	-4.00	-1.59	-1.76	-3.11
8.35	-28.11	16.22	13.32	-2.87	-2.86	-12.08	-2.98	1.75	-4.76	1.99	-4.22	-3.96
5.57	-23.86	13.05	12.34	1.51	1.92	-9.67	1.25	1.07	-3.07	3.49	-1.33	-4.68
-2.38	-18.59	9.65	11.02	4.12	1.36	-6.01	1.10	0.01	-6.27	1.45	-4.19	-12.13
2.76	-9.54	8.69	5.54	-0.76	-1.10	-0.80	0.83	0.03	-2.16	3.15	0.90	-5.21
2.36	-9.86	2.29	2.74	-1.39	-2.51	-5.03	1.12	1.59	2.74	6.31	0.11	-2.77
5.05	-9.71	2.30	5.18	-0.19	-4.34	-3.28	-5.22	3.02	1.13	7.48	7.13	-3.34
6.15	-4.46	7.40	2.54	-4.31	-2.69	-4.82	-3.62	1.25	0.81	7.10	4.48	-3.68
6.99	-9.84	0.38	5.52	-6.61	1.65	-2.86	-3.04	2.55	-0.75	3.26	2.41	0.94
9.81	-5.86	0.39	1.38	-5.91	0.82	-4.67	-2.80	2.55	3.82	9.02	6.15	-1.04
-1.30	5.21	0.74	1.93	-1.07	-3.20	-1.87	0.66	1.10	2.75	4.15	3.67	0.39
6.56	5.75	1.68	-2.89	-7.34	-3.29	-0.19	1.17	-2.20	3.27	7.96	7.00	0.08
10.06	-1.53	-3.87	-3.62	-5.38	-5.31	-2.09	-1.15	7.21	5.76	6.00	7.96	5.04
5.53	-2.17	-2.94	-0.51	-4.95	0.60	1.77	1.03	-1.81	0.36	4.67	1.87	2.04
1.29	-5.18	-3.23	-3.68	-3.23	-1.91	2.62	1.50	4.30	3.99	4.73	2.83	-0.64
-23.63	-12.01	-1.86	5.37	-1.24	0.19	-4.30	-2.86	2.16	-4.64	4.15	2.98	0.06
-19.44	-8.11	-6.48	0.65	1.17	4.83	-7.68	-12.81	-0.53	-3.95	4.77	-0.90	-4.27
-0.17	-9.69	-6.68	-1.59	-1.22	3.34	-2.23	-10.24	-4.41	1.07	8.83	3.45	-7.85
0.41	1.75	4.50	-0.37	-1.62	4.46	-1.27	-5.04	-1.98	-2.95	-0.05	0.36	-6.17
-15.57	-7.24	-2.56	-4.74	-0.09	2.54	-0.72	-0.64	3.27	4.80	3.85	0.61	-3.28
2.59	-2.79	-2.09	-3.73	-0.47	6.77	-7.11	-1.38	1.54	-0.49	2.40	2.92	0.02
18.11	0.46	-3.22	-3.91	-3.24	0.89	-5.10	-2.55	0.87	0.58	1.57	0.47	-3.09
13.37	3.08	-1.23	-7.50	-9.11	-2.54	-0.99	1.51	1.79	0.96	0.32	0.63	0.43
10.07	-3.39	0.97	-5.22	-7.37	6.62	-1.68	-1.82	-2.65	-4.84	0.01	3.72	-1.16
-4.64	0.57	2.99	-9.12	-3.93	4.14	-2.91	-1.04	2.39	0.74	-1.42	1.52	-0.98
3.87	-3.15	-0.13	-4.17	-6.05	0.39	2.42	4.06	-0.08	0.77	-0.25	4.91	3.28
2.80	-3.89	-0.56	-1.22	-4.63	-2.27	-2.96	1.59	4.31	4.35	-5.13	-4.08	2.95
-2.81	-2.74	-0.04	0.79	-6.71	-6.06	-3.39	0.72	3.34	-0.58	-1.26	4.97	6.49
3.59	-17.41	1.56	-3.20	-11.70	-8.32	-8.58	-5.04	-1.27	-2.71	-2.63	-1.00	3.98
3.55	-19.21	4.60	-0.73	-8.12	-0.24	-5.10	-2.68	2.44	2.97	4.83	-0.07	2.26
6.96	-14.91	7.57	-2.62	-6.97	3.22	-4.20	-3.13	-4.59	1.29	4.48	-2.65	-1.92
8.96	-16.51	9.37	-1.18	-7.93	0.88	-6.67	-3.88	-3.52	-0.12	7.35	-3.16	-3.71
6.32	-18.40	4.25	-6.46	-16.14	-1.88	-5.24	-1.29	2.82	0.61	5.51	-2.50	-2.99
5.15	-21.07	0.68	-10.71	-10.99	0.17	-7.88	3.42	2.83	-0.52	4.90	4.35	2.36
5.12	-11.98	-4.38	-6.06	-9.75	1.36	-3.50	-1.06	-0.69	-3.61	0.53	-2.60	-5.19
10.85	-12.52	1.52	-12.40	-8.82	3.44	-2.82	-2.05	-0.92	-0.82	3.79	0.80	-1.29
8.09	-16.58	1.43	-11.12	-7.85	7.48	-2.86	-3.47	2.65	-0.97	7.16	3.00	1.69
10.31	-16.01	-6.57	-11.79	-8.37	4.59	-1.06	-5.01	2.73	0.27	6.44	1.97	1.50
12.88	-13.03	-6.79	-8.34	-9.94	5.34	-1.25	-0.48	4.24	0.49	3.77	7.10	1.01
8.19	-11.61	4.12	-5.92	-11.80	5.83	0.55	-0.78	2.13	-2.94	1.58	2.47	-0.79
7.55	-9.24	2.02	-9.52	-9.73	0.90	-5.08	1.87	5.58	1.65	3.73	-0.17	-0.13
11.07	-5.14	7.50	-4.53	-10.68	2.32	-3.53	-0.94	-1.92	-2.85	1.66	1.39	0.29
-2.46	-0.41	-1.22	-3.47	-3.56	0.86	1.59	-1.07	-4.22	-2.60	-0.44	-2.19	-0.32
13.88	3.06	4.11	-3.79	-5.32	-1.35	0.73	-0.34	-0.50	-3.25	-0.88	-5.82	-5.41
15.40	1.03	0.58	-10.72	-13.73	-0.71	0.04	-2.00	2.49	-3.66	-2.60	0.03	-4.73
18.63	0.62	5.30	-11.17	-12.66	2.23	1.95	1.47	-0.38	-5.47	0.65	-1.47	-5.20
19.24	0.17	2.40	-10.72	-13.50	-1.26	0.45	0.26	-1.12	-4.77	-2.24	-5.31	-5.85
18.18	-5.99	4.03	-4.83	-11.80	0.44	1.35	2.07	-0.65	-3.25	-0.61	-1.65	-0.36
18.93	-5.36	-0.60	1.40	-7.02	-4.15	0.78	1.09	-3.30	-5.83	-5.35	-5.84	-1.51
14.36	-10.65	1.80	1.16	-8.52	-8.11	-9.30	-0.80	-7.13	-9.18	-1.52	1.20	-2.37
3.92	-1.62	-0.24	0.42	-5.64	-3.59	-2.05	0.22	-3.64	-6.61	-1.83	3.18	0.51
4.15	-2.39	-5.45	-0.43	-2.09	-4.04	-3.75	-1.31	-2.55	-1.35	0.63	-1.29	-0.22
4.98	-12.40	4.04	8.77	-2.83	-6.79	-2.50	-1.24	-4.28	-3.35	5.82	6.61	1.03
6.33	-10.36	4.12	6.47	-4.33	-5.84	5.27	7.91	-1.08	-6.44	1.76	2.66	2.60
11.31	-8.69	7.64	10.24	-4.74	-6.93	2.30	5.69	1.81	-0.01	1.08	-0.79	-3.56
10.66	-8.36	5.17	8.24	0.24	-2.81	2.96	2.77	0.53	-3.90	0.98	2.41	-1.85
8.40	-7.62	-1.16	0.51	-5.94	2.42	0.76	0.83	-1.69	-2.84	2.45	3.31	1.57
9.39	-7.22	8.08	7.99	-2.80	2.73	-1.29	-0.29	0.83	-2.85	-2.11	-0.03	-1.30
6.76	-1.24	7.61	2.14	-3.48	-5.17	-2.32	-0.83	-2.80	-5.44	-0.55	0.86	-3.75
-3.39	-2.53	0.65	2.43	-3.34	-0.46	-0.57	-1.05	-0.68	-1.78	-0.76	3.01	1.27
7.76	-9.04	10.45	3.28	-3.94	-6.29	-8.73	11.14	6.02	-5.31	1.96	0.53	1.16
8.77	-9.72	14.17	7.17	-2.31	-7.94	-10.89	9.15	3.95	-3.79	3.89	4.07	3.83
8.81	-13.97	8.70	12.73	2.28	-4.59	-8.69	8.86	4.23	-5.24	4.09	1.61	2.90
7.18	-13.36	8.37	11.17	3.31	-3.39	-6.50	6.12	4.10	-0.91	4.11	5.50	4.40
6.80	-14.28	7.48	9.57	0.02	-4.90	-3.90	6.89	4.82	1.09	3.65	5.08	3.27
8.15	-12.21	10.93	9.03	-0.97	-2.14	-1.43	6.31	4.68	-0.04	3.60	5.44	4.06
0.84	-5.80	1.51	7.06	-0.52	0.49	5.96	8.11	3.51	-0.38	4.22	2.09	-0.59
12.11	-12.06	6.46	2.96	-4.04	1.20	2.94	2.97	3.54	1.63	3.14	4.66	1.81
7.48	-9.69	5.26	1.17	-1.53	-2.52	3.89	4.07	0.63	0.88	0.40	1.95	-3.85
2.32	-10.34	10.74	2.44	2.49	8.70	0.64	2.77	1.21	-3.47	0.06	2.30	0.00
2.69	-7.55	9.09	10.60	1.48	10.00	0.46	1.97	0.46	-2.14	1.58	4.29	-1.79
-10.10	3.49	-0.07	6.13	4.31	-0.90	1.61	-0.10	1.43	0.44	2.02	-0.70	2.45
-14.36	-6.52	1.75	2.95	5.33	1.05	-1.68	0.07	-2.27	-3.13	3.90	1.74	1.50
-5.39	-2.79	-0.65	5.19	4.42	0.39	2.07	-0.16	1.34	1.48	-0.13	-1.93	-5.94
-14.73	-9.35	-6.03	2.89	-0.99	-2.28	0.98	1.62	1.16	1.53	-0.29	2.29	-0.48
-13.91	-3.82	-5.68	0.60	-0.73	0.16	-2.90	-4.03	-4.01	-3.20	-3.38	-1.33	-4.32
-9.38	-2.36	-0.48	6.01	4.82	3.89	-1.28	0.50	-1.50	3.58	2.17	4.42	-0.99
-8.15	-11.78	-5.82	4.83	6.37	1.28	-1.71	-0.22	4.94	2.91	3.64	5.23	-1.71
-9.00	-11.85	-10.54	3.39	11.26	7.64	0.63	0.92	3.16	-2.24	-4.41	1.01	0.39
-14.69	-16.18	-12.97	-2.02	1.59	-0.37	-5.14	1.17	8.75	9.26	2.69	5.35	6.89
-9.35	-11.38	-9.04	1.81	0.68	5.84	0.18	2.95	7.44	6.23	3.09	-1.92	-2.32
-5.01	-4.66	-3.09	5.64	7.66	6.83	-0.51	0.82	4.84	3.25	1.40	1.34	-1.33
-7.52	-7.59	-1.23	6.34	7.93	10.18	-0.98	4.59	10.49	7.97	-1.27	-0.49	1.59
-7.83	-3.00	2.14	10.96	9.85	6.60	0.30	5.86	8.32	2.40	1.91	-0.62	-3.35
-11.50	-7.05	-0.67	10.05	8.66	2.39	-1.93	2.17	6.22	8.22	4.19	3.62	-0.53
-6.66	2.10	-1.43	3.54	6.02	0.33	1.50	1.33	-0.35	5.69	4.28	-1.70	-1.42
-10.12	-8.54	-3.62	7.97	7.31	5.23	0.42	-0.62	1.99	2.96	0.86	-0.45	-3.54
-0.10	-5.51	-2.03	5.20	8.63	5.50	-3.53	1.29	1.57	5.95	3.89	2.65	-2.06
3.93	-2.60	-2.86	0.63	7.70	9.33	-0.02	-2.55	0.03	5.62	4.80	0.97	1.20
4.00	-0.22	-2.15	-2.32	4.46	4.50	4.05	2.39	4.47	4.91	2.26	1.52	2.99
4.26	1.20	-2.52	-1.74	3.92	4.55	-0.33	-2.51	-3.97	0.91	6.94	2.07	2.72
1.06	-1.76	-0.47	-2.82	7.39	4.79	-1.11	-1.89	1.84	4.29	4.04	-0.96	2.05
-0.19	-1.53	-2.78	-6.97	6.76	7.87	5.36	3.17	3.94	2.51	-1.10	-2.59	-0.26
-11.28	-1.31	-2.55	-2.44	-0.87	1.86	6.61	5.01	3.26	2.23	-0.36	1.94	0.23
-10.76	-3.08	-1.96	-0.12	-0.42	-1.78	2.13	2.31	4.85	3.97	2.08	1.23	2.40
0.34	-2.36	-1.08	-7.99	-2.17	2.09	3.33	5.88	1.66	-1.02	4.35	4.89	1.39
-4.94	8.28	-2.14	1.15	-3.38	2.16	-4.91	6.74	2.04	0.79	0.90	3.02	-1.03
-4.10	9.97	-3.68	-0.70	1.93	3.34	-5.66	3.54	1.49	0.56	1.53	5.43	-1.55
-6.78	3.43	-3.47	-5.67	-0.05	0.94	-5.00	7.11	8.53	4.29	1.14	3.69	6.12
-14.41	0.37	-2.44	-2.80	1.98	2.33	-4.96	2.66	0.25	1.79	3.07	-1.83	-1.76
-8.88	-2.22	-2.31	-1.19	0.19	3.26	-6.14	1.25	4.49	-1.25	1.17	4.20	3.20
-3.40	-1.06	3.31	0.94	-2.87	0.34	-0.69	0.72	-1.11	-2.33	-0.03	-1.74	-1.78
-3.70	-0.87	-2.86	-2.64	-0.51	1.83	2.56	0.67	2.24	3.71	4.41	-0.37	-3.42
-11.49	-6.55	4.84	2.60	2.03	4.84	2.81	2.41	-4.62	3.81	4.66	-0.95	-1.70
-9.96	-0.60	0.59	0.52	4.61	6.05	2.04	2.77	-2.18	-0.23	0.65	0.18	-2.46
-7.31	-2.60	1.35	-3.43	-3.45	-0.94	-4.92	3.05	4.67	-0.05	6.38	0.15	-2.31
-15.46	-0.20	-1.73	-1.42	-1.89	5.42	1.91	7.10	3.74	4.37	3.53	4.89	3.27
-16.13	3.97	-0.44	6.09	0.90	4.99	1.08	5.65	-0.33	4.97	3.92	2.45	2.14
-12.92	6.78	-4.04	2.02	-0.47	-0.34	-7.08	3.67	-3.45	3.41	-0.00	4.38	1.77
-3.30	7.97	-2.36	-0.44	-4.97	-2.26	-3.28	-1.12	3.92	-0.59	-1.24	-0.45	-0.21
-12.14	-0.15	-2.37	-3.88	-6.67	-3.58	-3.36	-2.25	0.77	-0.13	0.70	0.85	-0.20
12.81	-3.68	7.05	5.48	-4.00	3.77	-2.04	-2.73	-2.18	-2.96	-1.60	0.22	1.32
31.29	-23.87	2.62	3.19	-0.42	1.27	-7.24	-4.43	-3.73	-5.22	3.75	0.03	-0.62
30.57	-32.67	5.63	7.94	-5.47	3.42	-5.72	-8.25	-3.13	-5.59	4.43	0.35	-4.77
27.63	-35.12	8.81	5.87	-7.34	8.17	-4.69	-7.27	-1.50	-9.44	7.15	1.16	-7.28
2.17	-8.70	-1.27	5.71	1.32	1.46	-1.17	-5.50	-6.46	-1.77	5.26	-1.04	-8.60
7.48	-20.68	3.97	8.24	-6.07	-1.35	-5.13	-10.15	-2.68	-1.59	0.78	2.32	-4.76
21.76	-34.59	6.68	5.64	-7.38	0.95	-7.50	-9.09	-2.02	-3.27	4.76	0.03	-6.20
23.45	-37.73	10.54	5.64	-9.66	1.00	-9.56	-10.47	0.12	-5.19	3.30	0.32	-6.67
23.84	-40.75	15.14	4.48	-8.72	1.95	-14.12	-7.20	0.01	-4.56	3.11	0.32	-6.40
18.90	-40.80	15.86	5.36	-6.56	0.73	-15.61	-6.19	0.31	-5.32	2.47	-0.11	-5.17
18.41	-43.87	19.09	4.35	-5.91	-0.38	-13.87	-4.86	1.08	-5.74	0.32	-0.76	-5.00
15.82	-42.75	20.02	3.11	-4.93	-2.49	-12.62	-5.45	2.30	-5.08	-2.31	-0.23	-6.40
-11.40	-17.77	9.99	10.88	-1.94	-9.37	-11.87	-1.93	1.52	-3.75	-1.89	-2.64	-3.14
-18.46	-14.46	1.77	3.73	1.84	4.52	-1.36	-7.52	-5.59	-1.22	-1.17	-4.09	-1.59
20.95	-30.00	10.34	12.27	3.69	3.26	-9.92	0.23	4.45	-5.52	1.30	-1.42	-8.96
23.58	-22.62	7.48	11.20	0.97	5.12	-6.47	1.40	1.01	-3.55	3.37	2.81	-4.40
15.39	-17.91	3.63	7.25	1.93	1.64	-0.00	1.67	-3.53	-2.39	3.73	0.38	-4.63
12.88	-16.58	-0.32	0.13	-2.69	3.04	-0.22	1.54	-2.71	-1.09	5.55	4.00	-0.45
7.17	-12.94	-0.64	1.61	0.35	5.15	-1.03	-0.88	1.78	-0.98	1.31	4.41	0.11
12.14	-7.10	4.68	-0.79	0.26	6.57	2.46	3.51	1.48	2.58	0.89	-1.06	-0.03
10.80	-9.84	4.72	1.24	-5.33	1.70	3.70	4.28	2.36	-2.83	0.44	2.36	-3.41
-2.84	-2.40	-2.89	-1.89	-0.45	4.69	5.82	4.12	-1.33	-2.84	2.43	3.47	-3.23
7.13	-5.22	2.71	0.26	-0.96	5.98	8.36	5.33	2.40	5.01	6.03	1.13	-3.24
3.48	-7.00	2.59	5.50	1.17	4.47	6.96	5.41	3.88	2.07	-0.83	-0.29	-1.46
6.44	-12.07	-2.30	1.44	0.81	10.45	11.60	3.15	-1.09	3.96	5.99	2.63	-1.70
8.68	-8.23	1.90	1.07	1.97	12.52	8.14	2.12	-1.54	1.64	4.45	1.53	-0.09
8.27	-7.95	1.27	-1.78	-0.70	9.04	7.04	1.28	2.74	6.38	3.94	-0.88	-0.98
-26.94	-6.38	4.44	1.11	-0.36	8.39	0.90	-1.12	5.69	-4.32	5.32	-0.19	4.27
-17.00	-1.51	1.91	0.68	-2.58	10.83	-1.53	-2.32	7.69	-2.73	7.49	0.41	1.74
1.32	-8.79	5.46	-1.59	1.18	12.98	-2.07	-2.35	-2.47	-4.80	5.69	6.39	-4.94
-10.74	-1.29	3.23	2.36	6.14	5.76	-2.62	-3.17	-1.49	-0.87	1.31	-2.96	-7.45
2.67	-6.75	9.53	1.20	5.28	9.81	1.89	-5.80	-4.36	0.79	0.68	0.36	-2.50
-3.81	-11.72	11.67	-4.16	1.75	9.04	-1.46	-2.86	-3.97	4.09	3.12	3.16	-2.32
-2.19	-7.76	9.06	-7.85	-4.60	2.63	-8.90	0.87	-4.29	-2.55	2.05	3.88	-2.28
2.58	-9.78	7.14	-6.20	-1.03	4.87	-3.89	3.48	-5.38	-1.08	7.06	3.62	-1.63
-0.55	-12.39	6.87	1.46	2.23	-1.35	-3.84	3.68	-4.18	-2.01	2.26	-2.15	0.80
-3.35	-13.39	5.29	-0.15	3.68	-1.98	-9.80	0.71	-1.77	-1.10	6.19	3.64	-0.24
-8.90	-8.39	4.57	2.32	-0.10	-2.09	-4.65	0.38	0.28	-1.59	2.15	2.93	0.54
4.16	-6.34	6.44	6.82	0.76	0.59	-2.29	1.65	-0.51	-4.92	0.47	3.31	-1.00
-5.38	-6.05	3.49	2.46	2.18	-0.07	-1.23	4.13	0.62	-3.31	-0.68	1.82	1.15
2.32	-1.04	4.81	6.64	1.51	0.33	-2.34	2.17	-3.41	-1.73	0.63	-0.65	-2.20
-8.38	-2.03	1.48	2.55	0.01	-4.67	-2.44	2.44	-3.40	-0.59	1.14	0.87	1.83
-20.36	3.84	8.74	0.79	10.07	1.31	-3.13	-1.23	-5.63	-1.58	5.82	4.40	0.40
-22.52	-2.80	5.36	-2.71	7.00	3.16	3.69	9.10	-1.54	-3.78	-1.01	0.38	-0.99
-21.07	-5.06	8.73	-5.16	-1.58	-0.80	0.87	7.40	0.51	-5.75	1.09	4.49	-3.37
-21.26	-0.80	8.98	-3.64	-2.69	4.52	2.35	3.80	4.42	-4.74	-4.46	-1.79	-4.67
-9.04	4.26	4.42	5.10	-2.95	2.49	-8.08	4.98	1.16	1.00	1.32	1.07	0.69
-8.41	1.98	6.48	2.22	-0.23	2.87	-1.68	3.58	0.84	1.46	4.26	3.45	-0.32
-15.23	2.39	3.80	8.82	2.62	2.46	-1.87	2.13	-2.53	-1.52	-1.25	2.69	4.77
-13.36	-1.46	-0.17	7.47	7.93	6.43	-0.31	4.73	0.17	-0.74	0.77	3.87	3.10
-6.55	-1.37	-1.90	7.59	8.85	-1.64	-4.63	-1.12	-3.61	-0.82	-0.75	2.12	3.97
-0.94	-0.82	-3.88	5.43	6.11	-5.78	-4.80	-1.69	-0.98	-2.59	-0.91	1.03	4.83
-6.28	0.31	-2.97	6.70	0.95	-2.58	-3.30	-2.89	-2.18	-3.38	-0.91	0.27	3.71
-4.57	-1.45	-1.27	5.58	2.22	1.89	-0.55	0.98	-1.90	-4.08	-1.74	1.19	3.42
3.16	5.67	-1.83	-0.81	-1.95	-1.82	-7.43	-0.54	-2.59	-2.84	-1.72	2.78	4.59
4.48	5.90	3.06	4.59	-0.20	-1.62	-2.05	-0.47	-0.66	-3.46	-0.60	-0.46	-0.05
1.06	2.93	3.64	3.20	-0.70	0.74	-2.68	-3.23	-3.56	-3.71	-2.02	2.60	0.94
2.26	5.44	2.21	1.65	0.44	6.05	-7.62	-5.73	-2.62	-3.99	-2.36	3.91	2.36
-0.06	3.73	3.27	2.56	-2.05	1.28	-0.64	1.50	-0.70	2.90	2.98	1.44	-3.37
0.56	3.20	6.87	4.60	1.05	-2.60	-3.88	-3.38	-1.54	0.61	1.10	-0.57	0.28
-0.13	0.15	1.08	0.74	-2.92	-5.54	-2.68	-3.46	-4.43	-1.72	1.53	1.87	0.57
1.07	0.62	3.09	1.87	-2.62	-2.73	-3.38	-3.25	-5.52	-3.15	1.57	1.58	1.98
-5.24	-1.34	0.54	-0.82	-0.85	-2.84	-3.35	-1.01	-2.93	-1.41	2.63	0.75	1.84
-5.92	-3.06	2.46	4.24	-1.45	-3.96	1.14	-2.20	-5.32	-1.65	2.38	0.39	0.79
-4.45	-4.02	5.10	3.60	-3.93	-4.41	2.61	2.67	-1.31	-1.83	2.51	2.24	-0.48
0.16	-1.48	3.06	-1.50	-4.14	2.05	6.05	8.21	1.00	-1.00	5.34	3.68	-1.77
4.25	-5.15	3.33	3.88	-7.11	-2.53	6.21	5.57	-5.31	-2.92	-1.92	1.16	1.74
-3.85	-7.62	3.38	0.24	-4.78	-4.70	2.92	1.63	-9.17	-9.66	-1.14	-0.16	-8.10
-1.32	-4.20	6.39	4.06	-3.39	-2.87	0.83	2.58	-7.90	-6.32	3.10	-4.72	-3.10
-5.85	-6.10	5.50	4.12	-4.66	-0.43	5.08	4.36	-6.82	-6.71	-0.21	-0.89	-2.52
-5.56	-8.81	-0.06	6.49	1.10	-3.19	-1.11	4.16	-1.20	-1.46	-5.14	-5.10	-1.86
0.15	-6.20	-2.58	3.73	2.61	-2.79	-3.40	6.95	1.36	-2.74	-4.01	-3.21	-0.68
-9.73	-3.99	2.48	8.40	2.20	-0.85	0.48	4.55	-0.86	-1.21	-2.98	-4.50	-4.31
-4.84	-5.69	3.32	7.27	1.78	-7.31	-4.27	1.06	-2.27	-4.80	-4.10	-6.32	-4.42
-9.61	-6.52	-3.23	8.60	1.29	-1.38	-0.23	3.03	-2.23	-3.10	-2.55	-5.59	-3.75
-7.75	-2.40	2.35	9.62	-4.51	-7.00	-0.84	2.63	-0.70	-4.42	-1.61	-4.56	-2.16
-8.54	-3.63	0.42	2.62	-3.05	-5.04	-5.21	2.37	-1.97	-2.08	-4.87	-5.64	-4.03
-6.34	-1.30	4.16	6.00	1.58	-3.39	4.93	6.30	-2.29	-2.04	-0.97	-5.52	-0.39
-6.95	-0.59	-2.18	4.79	3.43	-0.58	-3.40	3.09	1.14	-0.28	0.40	-0.28	0.50
-6.63	-5.71	-8.09	-2.42	2.89	1.03	-3.51	5.81	5.24	0.63	2.14	0.10	1.18
-0.30	-5.59	1.20	7.06	5.37	0.54	-3.55	4.20	5.05	2.96	0.34	1.33	4.51
1.77	-8.91	-3.97	2.72	-1.56	-1.98	-5.17	0.86	-0.51	-2.29	-3.83	-5.93	-0.43
0.02	1.97	2.48	5.54	-1.34	1.30	-6.55	-3.45	-2.80	-2.23	0.82	-3.36	-2.27
-4.05	-9.44	-2.59	1.31	-2.57	-0.28	-3.06	-5.54	-3.42	-7.37	-1.19	0.79	0.38
1.30	-4.50	-3.60	4.12	1.93	-0.11	-7.35	-0.60	2.72	-1.45	-0.55	1.35	0.41
2... 1... GO!
-4.27	3.61	3.11	7.91	0.95	-0.58	0.42	3.15	4.03	0.89	-0.66	-3.44	-4.78
-3.46	5.02	9.45	4.11	1.40	-2.25	-0.81	0.74	0.66	-0.81	0.34	-1.42	-2.63
-2.79	4.43	3.90	3.88	1.44	-3.97	-1.64	0.68	2.64	0.65	-0.31	0.89	0.70
-4.92	-1.03	5.52	8.98	-1.36	-0.42	-0.12	1.62	2.67	1.66	-0.12	-3.05	-3.41
-12.46	1.45	4.85	7.62	2.37	5.26	2.99	3.91	7.04	-2.63	-0.08	0.78	-1.51
-11.45	6.04	6.86	4.36	-2.35	0.48	0.03	0.60	-0.40	1.73	1.44	-1.64	-1.92
-18.00	-0.67	-2.57	2.58	0.57	-1.66	0.74	2.56	-0.55	-4.85	0.73	0.24	-1.64
-16.13	-1.24	3.08	6.21	0.23	-3.81	-4.65	-0.89	4.33	-0.14	-1.44	3.34	4.35
-17.14	1.37	-0.21	-1.16	-1.89	0.69	-1.93	1.47	-2.85	-6.21	0.92	-0.19	-2.17
-25.20	5.71	0.96	-1.29	-0.86	2.40	-0.58	-2.12	0.23	-3.49	6.26	1.47	-2.06
-18.58	-0.18	3.06	4.04	-0.19	3.63	1.48	1.99	2.42	-1.80	0.27	-5.11	-4.23
-16.18	3.32	7.63	4.79	-1.69	3.10	-0.16	-1.31	-0.27	-1.92	0.30	-2.80	0.14
-28.58	5.29	8.32	-0.57	4.56	4.20	-2.96	-4.07	2.19	-5.35	-4.25	3.34	-1.64
-31.83	5.13	5.70	3.01	4.24	3.82	0.57	3.77	7.70	-1.62	-4.18	-0.78	-3.25
-28.71	3.04	-3.30	-3.28	1.91	-0.79	1.92	-2.83	5.83	2.23	2.62	4.35	2.82
-26.71	0.97	-1.95	1.92	-1.26	-1.16	-3.02	-4.38	-2.60	-0.23	0.96	1.43	0.13
-25.81	4.19	5.61	-3.46	-1.83	1.89	-3.54	-0.43	4.68	-0.53	-2.36	0.70	-0.69
-36.58	5.27	9.89	2.00	-3.70	-1.26	0.91	-2.42	6.34	-1.86	2.64	3.19	-0.13
-27.09	1.14	3.49	-4.07	-7.95	-0.48	-0.91	-4.40	8.54	-1.90	-0.78	-0.21	-2.70
-12.05	8.58	2.96	-16.95	-6.80	3.12	2.42	1.39	4.19	-2.49	4.13	-4.33	-0.14
-2.63	12.13	6.06	-20.00	-10.36	0.92	-0.56	2.28	1.03	-5.43	0.13	-4.48	-1.32
0.65	12.47	8.85	-16.64	-8.06	1.85	0.38	4.17	0.76	-4.84	1.83	-8.88	-2.49
0.31	4.70	-0.72	-7.80	0.18	2.00	3.98	9.35	1.99	-4.31	3.04	-1.44	-6.87
0.12	9.07	3.18	-7.93	-3.45	-1.22	-1.88	1.49	1.27	1.55	1.33	-5.41	-1.78
-11.64	6.06	8.52	5.18	-2.24	0.87	1.57	2.81	-1.50	3.10	1.35	-0.06	-6.04
-20.57	0.35	3.46	-4.83	-12.25	-0.26	-7.48	-5.50	-4.08	-5.47	-3.85	1.19	-6.71
-25.69	4.41	-5.70	-10.56	1.77	9.25	2.11	-3.93	-1.59	1.60	-6.78	5.44	-5.42
-13.77	10.83	0.50	-2.85	4.22	7.27	-4.16	-6.37	-0.71	2.83	-5.55	0.63	-6.00
-1.27	-15.98	-7.01	7.17	8.41	15.93	-7.60	-1.52	4.41	-0.67	-3.69	-0.64	-3.78
3.20	-12.07	-6.10	3.73	6.72	12.18	-11.79	-2.68	6.09	2.29	-3.30	-1.45	-4.65
-8.78	2.22	1.02	-2.13	-1.10	1.64	-1.93	-3.27	0.86	0.70	0.32	0.42	2.17
-9.61	5.00	3.81	-1.15	-5.33	-7.81	-1.67	0.18	-1.90	0.82	-3.96	-1.97	-2.68
-11.44	6.75	-4.65	2.88	-3.75	-2.44	0.56	4.03	-3.55	0.35	-1.23	-1.22	-2.41
-17.61	11.32	-10.25	-0.18	-6.34	2.10	-0.72	4.74	-1.72	-0.17	-1.81	-0.16	-2.38
-12.10	8.75	-12.14	-4.88	-6.05	0.60	0.14	5.38	1.14	2.28	-1.88	-0.84	-3.62
-6.58	13.02	-9.21	0.44	-9.45	0.41	-1.72	0.25	-0.03	4.96	-1.54	0.10	-2.22
-12.09	7.78	-7.31	3.32	-3.86	5.26	3.85	6.84	4.62	3.97	-1.99	-2.40	-6.58
-4.25	7.00	-4.17	0.23	-11.75	-0.60	0.78	0.21	1.26	-0.43	-4.61	-2.72	-2.32
1.63	14.32	-5.64	5.23	-8.84	-1.98	2.10	1.08	-1.68	1.81	-3.37	0.04	-2.35
-7.64	6.04	-7.10	-1.98	-10.28	-7.31	-6.73	-0.49	-3.03	-0.55	-0.68	2.03	-0.74
4.22	12.73	-4.51	5.28	-9.34	-0.11	-3.74	1.10	4.84	4.05	-1.14	-2.12	-5.86
2.89	17.32	-2.03	2.19	-8.61	2.99	1.90	6.73	6.35	1.95	-1.13	-3.11	-7.66
6.81	24.55	0.33	6.42	-5.03	-1.20	-2.91	3.65	-0.49	-1.98	-1.99	-2.75	-5.87
5.14	0.25	-7.70	11.71	-1.46	10.94	3.84	0.66	1.75	-0.62	-0.87	-2.19	-7.11
2.62	6.10	-4.42	7.41	-2.49	8.62	0.04	1.05	-2.38	-0.16	1.77	0.50	-3.70
-2.51	3.16	-1.43	3.72	-4.22	7.96	-1.50	-6.61	-5.37	2.87	1.80	3.27	2.69
-7.89	-1.12	-5.63	-4.76	-2.85	-1.06	-1.44	-3.57	-2.62	-1.25	-1.26	0.17	-0.83
3.27	2.93	-4.26	-2.06	-1.53	1.80	-1.30	-2.13	-3.10	-0.16	3.27	4.62	0.63
12.47	-6.86	1.69	-8.31	-4.50	3.59	-6.53	-8.01	-8.54	0.04	1.29	10.46	1.92
8.17	-4.21	-0.50	-7.05	-7.19	1.89	-0.44	-6.15	-1.42	0.85	-3.30	8.02	-1.40
30.72	-8.31	-2.41	-4.17	-9.55	0.90	-3.29	-8.78	-4.11	-1.81	-0.87	10.42	-0.46
23.63	-10.58	-0.81	-4.74	-7.47	-0.29	-6.87	-5.07	-7.03	-1.00	-1.31	9.10	0.26
28.77	-23.53	0.95	-7.32	-8.46	3.10	-7.06	-6.05	-6.81	-4.08	-2.03	10.47	-0.06
23.73	-2.01	3.64	-7.00	-5.24	6.45	-8.57	-8.91	-1.99	-5.52	0.16	6.32	-0.56
10.82	-8.20	-3.23	-8.92	-5.59	1.99	-7.26	-1.33	0.14	-13.23	-3.81	6.25	-3.60
3.31	-4.51	0.85	-2.36	-3.79	4.98	-0.11	-3.38	-6.29	-7.96	0.52	5.81	-0.14
34.71	-16.08	7.16	-8.10	-5.86	9.99	-8.90	-5.98	-5.26	-13.59	0.78	3.69	-2.93
37.81	-32.77	8.40	-3.20	-8.12	8.05	-11.36	-4.02	-3.42	-15.10	4.14	5.79	-3.33
37.45	-27.75	5.82	-5.11	-4.13	6.26	-13.26	-3.80	-4.53	-11.73	4.29	4.11	-1.24
33.51	-30.51	5.60	-4.26	-4.75	4.93	-12.38	-4.49	-3.53	-8.41	2.50	3.25	0.10
38.73	-37.09	12.41	-8.27	-7.28	7.07	-14.00	-4.46	-4.71	-5.21	2.09	3.13	0.03
28.06	-31.27	9.92	-7.05	-3.96	2.43	-13.06	-6.52	-3.95	-4.47	3.70	4.97	-1.54
1.65	-11.62	4.21	0.61	-3.53	-1.82	-7.52	-1.65	1.59	0.58	3.68	2.34	-1.08
14.35	-20.80	-4.53	-1.45	-6.10	-0.10	-12.69	-10.39	0.67	-4.11	2.16	7.14	-1.60
21.79	-27.28	10.17	-6.29	-0.84	-1.49	-10.85	-4.82	-1.42	0.53	0.11	3.71	-2.26
26.39	-29.87	13.20	-8.74	2.53	-2.39	-12.32	-5.15	-3.59	2.11	-1.71	5.40	-4.44
21.16	-25.72	11.93	-5.69	2.81	-3.14	-13.33	-8.88	-4.28	-0.94	-1.33	3.20	-6.30
25.55	-25.10	11.99	-6.07	4.54	-2.39	-12.90	-9.97	-4.60	-0.75	-2.82	3.39	-8.30
25.32	-27.21	14.49	-4.56	7.28	-2.09	-8.83	-9.12	-4.54	-2.45	-2.13	0.51	-8.49
21.68	-16.64	11.08	-3.52	8.34	-1.84	-6.59	-8.42	-2.95	-1.93	-0.76	3.25	-6.68
14.48	-11.45	2.57	5.02	2.50	5.13	-1.23	-2.97	1.55	-1.35	3.88	1.84	-5.73
6.21	-8.91	8.46	4.38	9.86	1.33	-4.31	-4.31	-5.76	-0.08	3.79	2.89	-6.32
10.51	-4.40	5.92	3.13	5.26	6.91	-0.54	-0.43	1.28	-2.79	4.22	1.75	-6.14
2.19	-6.22	3.63	2.48	1.90	2.60	-0.88	0.32	2.26	0.97	5.60	3.60	-3.52
9.66	0.65	3.58	3.61	1.54	1.38	-5.43	-4.90	2.71	1.01	4.64	1.60	-3.52
8.54	-3.54	4.33	7.83	5.68	9.80	-1.14	-6.39	-5.42	-5.31	2.48	0.05	-3.96
8.57	0.52	6.05	3.84	0.44	5.50	-3.23	-4.93	-1.66	-0.68	2.64	-0.81	-2.48
7.73	-1.12	4.54	-0.15	1.20	7.43	-3.68	-4.99	-0.48	0.42	0.91	-0.59	-0.90
6.67	5.96	3.58	1.59	-2.87	0.94	-0.50	-3.82	-2.23	4.27	1.91	0.88	-1.82
2.17	3.52	1.75	-1.15	-0.89	4.30	-0.27	0.88	3.39	-0.11	2.86	0.34	-3.20
2.21	5.34	1.25	4.19	-1.59	0.54	-5.77	-4.20	-6.29	-1.50	0.47	2.11	-6.22
-2.31	1.49	2.79	4.11	7.04	-0.29	-4.73	-7.91	-2.53	-0.83	0.72	-1.01	-6.40
-4.53	1.05	-2.66	8.45	5.20	-4.49	-2.52	-9.92	-1.71	-0.08	1.14	3.84	-5.44
-11.27	-0.87	-3.72	-4.55	-0.55	-5.17	-1.16	-5.88	1.23	4.98	-0.78	1.68	0.41
-9.85	-1.02	-1.42	0.25	0.69	-2.52	-1.22	-3.96	2.72	3.49	-4.21	-1.57	-0.98
-5.48	-5.42	1.03	2.10	3.78	1.08	-5.53	-3.01	0.01	0.60	0.67	-3.53	-2.17
1.95	-7.31	3.05	4.36	0.09	1.29	-8.58	-1.19	5.20	3.24	3.06	0.09	2.42
-8.84	0.20	0.00	-0.33	-2.81	-1.75	-0.83	3.92	3.19	2.09	3.01	1.33	-0.61
-8.47	-3.81	3.23	14.18	6.74	3.15	-9.15	-3.48	-0.31	0.22	-3.06	-3.05	-3.10
-3.99	0.63	-0.31	7.43	4.02	-1.41	-1.67	2.52	1.39	-1.39	-2.38	-1.55	-0.32
-1.62	2.52	1.28	5.96	1.07	0.44	-3.66	4.32	3.13	-1.44	-3.19	-1.87	-3.96
-5.34	-1.86	-4.24	-1.67	-1.17	-0.62	-2.55	1.39	1.11	-1.93	-3.13	-2.25	-0.97
-7.72	0.91	-1.69	-1.10	-1.20	3.86	-0.45	4.27	-2.35	-3.48	-2.13	-2.32	-3.11
-1.31	-0.40	-5.83	0.05	3.00	5.41	2.92	4.65	0.71	-0.96	-1.13	-3.19	-1.86
-5.30	3.90	1.42	-1.45	1.57	4.78	1.46	-0.63	-1.61	-3.65	-2.47	-1.23	0.96
-2.07	0.71	-1.43	-2.83	-0.87	5.45	1.25	2.91	-0.67	-0.59	-0.25	-3.18	-1.91
-1.45	0.33	-1.85	-1.37	1.65	4.96	5.87	-0.01	-1.83	-3.92	-5.88	-3.04	-0.49
-3.58	-3.72	-4.15	-3.11	4.38	8.62	4.37	0.36	0.84	-3.23	-6.85	-0.57	-0.74
-4.05	-6.34	-2.88	-3.05	-0.92	7.61	4.86	1.70	4.34	-0.54	-4.83	-1.38	0.47
-3.42	-0.07	-2.23	-7.31	-1.22	3.17	2.85	1.69	5.77	-0.86	-6.43	-2.68	-3.13
1.76	-2.40	-1.08	-2.00	-3.72	2.99	3.80	2.99	0.99	-0.79	-1.18	2.36	1.87
-2.72	-1.59	-5.86	-5.37	-4.90	-1.14	1.36	-1.94	-0.64	-1.78	2.12	1.75	-0.24
-2.56	-1.33	-1.11	-2.63	-3.34	3.15	6.90	5.79	3.20	-0.33	-1.87	0.80	0.65
11.84	8.91	-4.89	-8.92	-4.20	4.29	6.74	3.45	0.52	-3.47	-0.20	-1.49	0.80
12.53	1.42	-3.29	-5.54	-3.66	5.57	3.21	1.45	1.12	-3.21	-2.84	-2.02	-3.80
8.41	4.77	-3.90	-7.84	-1.67	4.99	-2.02	-2.55	-3.73	-3.32	-5.06	-3.72	0.74
6.57	2.99	-1.61	-3.44	-2.58	0.97	1.77	0.83	2.95	0.43	-4.17	-2.44	2.41
4.59	3.03	-4.69	-1.94	2.76	3.82	2.51	1.07	-2.65	-1.86	-5.45	-1.51	-0.36
8.08	5.28	-3.77	-2.59	-5.17	-3.87	-1.41	-1.78	-0.09	-0.65	-1.68	-2.08	-0.04
0.85	7.71	-0.76	-1.72	-5.77	-4.26	-6.12	-6.93	-4.60	-5.10	-3.04	-2.64	-0.46
-17.16	1.81	5.40	1.09	-1.89	-1.30	0.30	0.04	-2.50	-1.98	-1.19	0.84	0.15
-29.47	-0.70	10.67	-2.05	-0.39	2.17	1.92	-0.02	-0.03	-2.15	-1.51	5.99	3.17
-26.25	-1.93	5.79	7.15	1.76	-7.81	-0.99	1.26	0.06	-6.43	0.92	0.04	-3.26
-18.49	0.28	5.74	0.05	-4.50	-7.12	-7.65	-4.88	-1.42	-7.34	-1.24	3.49	1.92
-14.85	-2.37	5.46	-0.41	-3.33	-2.84	-1.29	-2.73	-0.26	-2.00	-0.57	6.22	0.14
-14.34	-4.67	1.87	3.63	-2.61	-4.75	-0.58	-0.30	-1.32	-4.95	-2.25	2.48	0.18
-13.54	-1.40	3.92	5.12	0.68	0.45	3.07	1.11	-0.21	-5.20	-0.12	0.71	-4.11
-4.97	5.49	3.37	4.73	-0.02	-0.18	-0.75	-0.03	0.37	-3.35	-1.14	-0.01	1.62
-11.50	0.94	0.41	1.74	-2.23	0.50	1.25	2.83	4.69	-0.33	0.21	2.18	3.58
-10.18	-0.86	1.87	4.05	2.93	0.21	-0.44	-0.55	-0.94	-1.95	-1.14	-1.31	-1.25
-3.21	6.32	3.79	3.53	-2.74	-4.33	-5.68	-2.51	-2.79	1.28	-0.75	-1.68	-1.20
-6.11	2.50	-0.31	0.49	-1.00	-2.78	-3.94	-2.71	0.07	2.87	1.74	2.69	2.07
-6.74	-0.36	-0.73	0.63	0.16	0.74	-1.57	-0.69	0.59	-0.26	-0.91	-2.51	-1.66
-5.23	1.12	2.43	2.51	-0.61	0.62	-1.60	-2.12	0.89	0.10	0.18	4.24	2.35
-4.65	5.46	2.41	-1.03	-0.11	-0.44	-2.07	-1.42	-1.50	0.63	-2.10	0.39	0.61
=== END OF SAMPLE ===
Next sample in: 3... 2... 1... GO!
-6.17	1.69	-4.94	1.81	-1.20	6.76	5.76	4.24	-0.60	0.93	1.14	-2.09	-3.51
-8.84	-0.24	-6.33	-1.87	-3.72	2.11	-0.79	-2.40	-3.41	-0.77	1.68	-3.39	2.26
-3.54	-1.58	-7.21	-5.32	-11.44	-3.09	-4.23	-1.30	0.29	3.09	3.85	5.11	1.07
2.38	0.38	-9.77	-0.42	-5.84	0.04	-2.24	-5.51	-0.71	-3.99	1.99	4.86	2.54
-0.78	3.24	-7.73	-1.81	-8.01	-2.87	-4.87	-1.89	-1.05	-0.91	0.55	4.18	2.09
4.57	1.88	-3.26	3.95	-7.57	-0.22	-4.82	-1.42	-1.99	-0.70	1.09	4.30	1.69
0.28	5.02	-2.91	0.66	-7.41	-4.12	-3.53	-3.08	-2.21	-0.91	3.92	4.02	1.87
1.31	2.14	-4.24	3.33	-2.60	-0.45	-4.25	1.16	2.08	0.43	0.43	0.96	1.84
-2.28	1.69	0.48	1.18	-1.89	-2.63	-5.38	-3.69	-4.25	1.69	7.66	5.00	1.11
3.93	5.69	2.69	1.39	1.33	2.66	-5.96	-4.26	-2.36	-1.99	-1.07	1.55	1.23
5.30	1.45	-1.37	2.22	-5.18	-1.79	-4.53	-3.00	0.66	0.60	2.24	5.92	4.05
-0.91	2.58	-3.74	3.54	-2.84	-3.95	-6.91	1.33	3.07	2.56	2.60	4.18	4.77
-1.02	1.37	0.26	6.20	2.49	-1.63	-3.45	-2.88	-4.07	-2.35	-0.52	3.01	1.22
-2.68	2.06	-2.83	0.29	1.51	-1.69	-2.22	-4.01	-4.24	-2.50	0.43	1.59	-0.43
12.11	7.65	-2.33	-2.55	2.30	5.33	0.46	-1.24	-0.51	-2.80	-0.89	2.77	0.27
27.04	-11.07	-1.68	-7.51	-0.42	4.42	-1.10	-4.17	-7.40	-4.21	-0.88	6.10	0.90
-11.18	-2.45	-4.24	-2.62	-1.89	-1.05	-1.20	-0.30	0.58	0.85	0.83	0.60	0.16
-10.36	-0.47	-2.08	-2.41	-2.47	-0.71	-1.68	-0.79	0.06	0.15	0.95	0.95	-0.19
0.80	-8.70	4.59	-15.58	-1.25	7.39	0.75	-3.31	-2.33	-2.81	1.32	10.84	-0.87
30.02	-27.27	6.19	-14.63	-1.60	2.09	-4.83	-4.25	-3.70	-5.92	-3.60	9.41	-4.05
19.19	-19.23	-0.46	-13.01	-6.85	1.63	-12.14	-12.43	-12.56	-17.12	4.87	17.54	2.88
29.17	-10.57	4.60	-13.17	-0.61	5.82	-5.87	-3.50	-7.14	-5.80	-0.43	4.34	1.00
36.39	-33.66	13.26	-14.34	0.13	10.25	-15.91	-0.56	-4.16	-10.24	0.52	1.66	0.75
21.92	-16.47	7.22	-7.62	1.83	5.45	-13.75	-11.28	-8.25	-14.41	-1.40	6.35	0.04
16.49	-11.05	13.80	-11.28	-0.20	6.66	-18.60	-1.68	-2.22	-13.29	5.01	2.50	-0.73
30.24	-30.79	10.95	-8.43	-0.73	7.54	-14.57	-1.22	-0.86	-12.84	2.36	3.04	-1.74
30.01	-30.05	10.06	-11.01	1.92	3.08	-13.84	-1.40	-3.02	-8.97	1.58	6.33	-2.33
32.25	-30.66	9.99	-11.44	2.93	-1.29	-14.65	-3.99	-5.69	-10.09	0.79	8.50	-3.09
31.79	-33.80	9.61	-13.24	4.97	-1.93	-15.91	-5.28	-4.21	-10.19	2.21	7.96	-2.25
29.22	-34.08	6.71	-9.73	0.72	0.36	-14.64	-4.99	-0.94	-10.05	2.20	8.79	-4.00
29.98	-39.48	10.85	-11.71	-0.39	2.49	-15.16	-2.39	-1.59	-6.09	1.59	6.58	-0.74
27.92	-39.57	11.60	-12.93	2.23	-1.62	-11.13	-4.72	2.24	-5.93	-0.25	8.69	-4.33
24.28	-34.49	12.25	-8.38	2.25	2.23	-11.03	-6.22	1.50	-8.03	-1.60	7.63	-4.44
5.49	-13.10	2.59	-3.31	-4.78	-3.91	-9.92	-4.37	0.73	-2.99	1.15	4.69	-4.60
22.96	-37.63	15.15	-11.60	1.16	-3.67	-14.07	-8.09	-1.72	-5.24	-1.99	7.19	-7.06
20.48	-33.09	14.12	-6.88	-0.07	0.36	-16.24	-6.44	-2.15	-5.79	-0.02	2.07	-4.39
23.41	-33.42	20.14	-11.22	4.83	-3.21	-11.14	-8.54	-1.82	-5.00	-1.48	2.53	-6.80
12.30	-18.85	11.22	-3.07	1.08	-1.81	-8.52	-8.28	-1.24	-2.99	-0.19	1.89	-5.68
16.92	-24.89	17.84	-6.62	8.46	-1.30	-2.44	-9.79	3.23	-5.82	0.46	-0.46	-10.00
14.52	-21.65	16.72	-0.72	7.66	3.70	-0.83	-8.42	0.81	-5.46	2.75	-0.97	-13.31
-7.56	-5.14	10.25	-2.89	11.91	-1.31	4.89	-7.36	-1.70	-4.69	3.87	0.27	-6.26
3.09	-13.22	-2.11	-3.30	0.64	9.61	3.38	-4.92	0.93	-6.12	5.48	5.22	-5.75
0.98	5.77	5.52	1.62	-4.68	-0.05	-1.93	-2.95	-0.15	-3.42	1.75	0.51	-0.43
-4.53	4.23	4.89	2.90	-1.04	3.18	1.29	-0.40	2.31	0.28	-0.90	0.67	0.57
-7.04	0.76	3.29	3.50	2.75	6.94	-0.98	0.39	0.95	-2.04	1.99	4.30	-2.43
-2.74	6.02	5.11	6.31	3.88	4.22	0.21	-4.26	-0.68	0.67	3.11	5.57	0.05
-4.27	8.17	4.58	6.40	-1.04	2.85	1.40	-2.43	0.21	-0.44	3.49	6.73	1.32
-3.79	6.10	3.45	1.60	-1.86	1.35	-3.74	-2.18	3.46	1.70	1.97	2.38	-2.26
-0.41	5.69	2.73	4.39	2.41	5.39	-1.91	-2.18	-0.15	-0.97	4.92	5.07	-1.74
-3.48	3.89	4.25	4.72	1.36	6.59	-1.17	-1.60	1.58	1.26	4.51	3.06	-1.01
-12.84	-0.27	-1.03	-2.74	3.27	1.25	0.22	-0.58	-0.05	2.01	-0.53	-2.20	-3.82
-6.01	6.75	3.54	1.24	2.10	-2.42	-0.77	2.05	0.23	-1.48	-0.58	-1.07	-1.98
-5.03	-20.45	8.13	-2.86	8.85	8.54	-4.53	-3.16	-3.07	-1.48	-0.83	-0.38	-4.74
-12.49	-12.90	5.06	-0.55	8.84	6.79	-2.78	-1.06	1.56	3.02	3.22	-2.21	-6.63
-18.61	-6.23	-0.47	-1.94	2.33	5.40	0.55	-3.57	-2.58	3.26	2.20	1.43	-5.47
-16.62	-10.39	-9.06	-3.85	-3.36	0.05	-2.06	-1.62	-1.09	4.17	5.44	3.63	-1.07
-11.95	-11.62	-0.87	3.75	-0.01	-1.39	0.28	-2.46	1.23	2.85	3.42	1.79	2.81
-15.28	-7.86	-1.37	2.99	-3.87	-2.30	-0.15	0.70	2.25	0.50	2.19	-3.55	-0.96
-20.82	-5.55	3.38	4.88	-0.56	1.49	4.27	3.04	-2.37	-1.65	2.08	1.14	0.38
-19.24	-6.59	3.40	1.97	-2.92	-2.62	-4.94	-2.61	-1.98	0.68	2.21	-0.31	-3.01
-26.28	-7.35	4.27	8.86	4.24	1.25	-1.62	3.23	-3.51	-0.29	0.92	-0.68	3.07
-25.63	-8.48	2.55	6.69	-0.52	0.01	-5.01	-0.92	-3.75	1.60	1.55	1.22	2.92
-21.49	-7.82	3.33	5.31	1.51	2.14	1.17	0.26	-5.58	-0.77	1.32	-3.86	-2.79
-21.86	-11.46	-1.71	1.88	-3.13	-4.22	-0.14	-0.89	-3.39	0.23	-0.30	-5.95	0.72
-25.16	-11.80	2.11	4.49	-0.41	-0.06	-0.61	-2.10	-1.95	0.90	-0.26	-4.01	-0.41
-19.64	-5.47	2.52	3.10	-2.46	0.35	-1.23	3.15	1.03	5.73	7.35	-0.22	1.97
-9.44	-0.80	7.46	10.57	1.37	0.40	-0.36	0.26	-2.08	-1.33	2.60	-4.64	-3.33
-9.54	-5.07	3.97	5.67	-2.45	-0.61	-0.82	0.09	-5.47	-6.04	-3.55	-2.44	-3.21
-12.66	-0.83	4.39	7.74	-2.58	-2.57	-0.70	-4.67	-3.71	-3.76	-6.80	-5.71	-7.08
-11.05	-0.37	6.13	8.34	-2.99	-2.37	2.90	-5.51	-3.74	0.23	2.32	-3.90	-3.80
-12.77	-5.56	2.50	12.42	3.14	4.29	6.00	-0.82	-4.58	1.28	-0.18	-1.88	-1.26
-17.02	-6.95	-1.71	2.02	-0.93	-0.83	0.64	2.19	0.49	5.52	4.10	1.48	-0.44
-15.30	-2.59	2.80	10.27	2.25	3.79	0.92	-2.24	-3.95	0.57	3.47	-1.31	1.18
-12.98	-2.95	3.79	7.78	-2.25	-0.39	-0.44	1.94	-1.99	3.64	1.46	0.91	3.04
-14.97	-1.87	3.67	3.71	-1.29	3.77	-0.18	-3.57	-1.51	1.59	0.62	0.04	-3.21
-16.25	-2.47	0.75	6.21	-2.27	-3.96	0.87	-1.92	0.84	1.29	0.35	-2.37	-2.61
-14.48	-7.73	1.69	4.34	-3.80	-2.49	-1.06	-3.16	0.32	3.87	1.27	-3.68	-2.56
-20.09	-7.46	-1.32	9.23	2.83	-4.38	5.05	3.56	-0.85	1.95	4.35	-1.94	-3.40
-13.56	-2.63	-1.32	5.96	1.42	0.42	-1.89	-0.94	-0.67	3.52	-0.09	-2.76	-1.13
-14.59	-9.28	-0.41	8.91	1.78	-2.25	-4.35	-2.74	-3.94	1.39	1.49	-2.14	-2.87
-11.59	-7.71	-0.85	8.82	2.67	-2.03	-5.12	-5.53	-4.67	0.59	-0.95	-2.31	-2.05
-10.27	-7.03	-0.59	4.57	2.00	-1.43	-2.05	-4.36	1.25	5.40	-2.87	-1.72	-3.09
-6.00	-1.76	-3.07	3.14	1.28	0.34	-2.39	-5.25	2.48	-0.17	0.08	-1.19	0.63
-14.50	-8.11	-2.22	8.26	1.90	-3.06	-7.46	-1.59	2.79	2.71	6.33	2.40	1.08
-15.84	-6.32	-2.64	6.26	3.49	-4.89	-1.26	-5.70	1.81	0.51	-0.97	-1.93	0.59
-15.26	-2.87	2.82	8.40	1.19	-0.20	-4.23	-7.36	3.18	3.93	0.51	-0.16	0.65
-15.94	-1.23	6.70	5.02	1.42	-5.55	-4.20	-2.03	-0.55	-0.95	2.59	-1.80	0.64
-15.96	-2.83	2.63	3.83	2.25	1.71	-1.18	0.61	0.86	-0.56	-2.36	-2.36	1.91
-11.64	5.28	4.22	2.32	2.33	1.06	-2.84	-1.80	2.04	0.58	-1.53	-1.68	-0.05
-15.62	-1.91	2.62	-0.03	-0.30	-2.00	-3.79	2.23	2.74	-0.32	-0.77	-4.63	-2.12
-17.30	-3.67	-3.93	-1.60	-0.99	2.62	-0.91	-0.19	2.84	0.26	-0.43	-1.35	1.03
-17.77	-5.47	-4.96	3.87	-0.85	-3.23	-3.55	-3.32	2.26	1.28	2.20	0.19	0.94
-20.75	-3.04	-2.00	2.97	-2.34	-0.60	-2.75	-3.69	-0.42	0.30	0.72	3.24	0.95
-21.77	-2.99	-2.03	2.42	0.08	-2.75	-2.94	-5.03	-0.01	-0.19	-0.35	-2.15	-0.05
-21.20	-1.79	1.52	1.60	1.41	-0.58	0.03	-2.43	0.92	-1.81	2.92	2.09	0.06
-15.55	1.05	1.83	2.33	-1.03	-0.53	-2.12	-1.57	-0.28	2.45	0.55	-0.15	0.29
-16.65	0.64	0.76	0.95	1.69	1.87	0.04	-1.49	1.48	0.47	-0.07	0.30	-0.35
-16.91	-0.05	4.26	1.76	2.91	0.44	-1.45	-2.14	2.51	1.45	0.55	1.04	-1.04
-11.31	-2.71	-2.40	4.73	0.73	4.59	-1.11	3.36	4.59	-0.79	-0.36	0.52	0.42
-10.46	0.52	-2.51	-0.31	-0.38	0.00	1.45	4.07	1.87	0.20	0.50	1.42	1.27
-11.14	0.46	-0.68	3.82	2.12	2.42	-2.70	-1.42	3.36	1.76	0.95	1.14	-2.07
-10.23	1.08	-2.09	1.26	3.01	0.75	-3.59	-2.43	1.39	0.93	-0.52	-2.37	-2.79
-10.41	0.28	0.39	2.50	1.38	0.50	-0.55	-1.30	1.92	-0.26	0.06	-1.02	-3.56
-13.90	-2.75	-5.18	-0.53	-0.01	-2.05	-2.37	-0.74	-0.06	0.98	1.12	-1.81	-2.49
-13.25	0.59	-0.35	1.47	-1.29	1.76	-0.47	1.55	0.94	-0.07	1.51	1.66	0.52
-14.46	0.48	0.53	1.20	0.91	2.49	-1.06	-1.89	3.48	1.67	2.00	-0.42	-1.82
-9.12	-1.02	-1.45	-5.35	-5.25	-5.25	-5.05	-0.09	1.78	6.16	4.45	-1.33	-1.11
-4.83	-0.41	-0.15	-6.38	-10.27	-4.87	-1.89	0.63	2.21	2.75	6.75	5.70	2.06
-5.02	-1.95	-1.16	-3.87	-10.22	-2.23	-1.64	-0.42	8.39	6.10	2.39	-4.14	-5.42
-3.63	-3.32	2.16	-1.60	-13.78	-9.92	-6.76	-4.56	3.99	6.10	0.63	-3.19	-2.38
-0.29	1.90	4.56	-0.17	-10.66	-10.52	-1.54	-3.80	-2.37	-0.08	-0.05	-0.51	-2.65
1.83	6.59	4.01	0.07	-3.41	-5.22	-1.72	-1.38	1.62	0.66	-0.78	-0.53	-5.62
5.92	3.41	1.28	1.64	-6.30	-8.08	-3.22	2.43	5.76	6.74	0.82	-2.63	-4.00
4.09	3.06	-1.77	-2.61	-4.83	-2.74	5.83	-2.74	6.70	2.45	3.01	-0.31	-4.44
3.20	2.91	-0.02	-3.26	-1.48	-3.57	0.09	-4.79	-0.31	0.48	4.43	-1.31	-4.19
8.51	3.04	-0.92	-2.61	-0.07	-1.28	-2.31	-3.62	4.01	0.89	1.83	1.26	-2.91
6.83	-5.51	-1.87	5.35	-0.12	-4.29	-2.73	-0.18	3.92	2.38	4.77	2.06	-3.73
6.11	-5.34	-2.39	5.87	5.41	-1.49	-3.21	-6.41	-1.76	-0.58	4.13	1.56	-0.78
4.09	-6.35	2.05	6.30	1.45	-1.19	0.34	-4.99	-4.47	-1.02	3.97	0.74	-1.74
8.13	-3.22	-3.17	0.68	0.33	2.05	0.56	-6.18	-0.16	2.38	3.26	3.15	-3.00
11.29	-7.60	-0.11	5.53	0.60	-1.79	0.11	-3.81	-3.35	-5.43	-2.26	1.13	-3.06
2.75	-13.00	-1.28	4.42	1.86	1.63	0.44	1.11	-0.78	-0.89	3.45	-1.88	-7.32
-1.89	-4.44	7.03	-3.42	3.70	1.52	-3.50	4.09	4.11	-0.24	2.69	-2.58	-5.20
1.92	-4.10	6.05	1.76	3.47	3.22	-4.58	-4.54	-3.40	-2.17	2.66	-0.46	-3.57
-3.87	-7.64	2.82	-0.19	6.13	8.76	-0.12	0.10	0.75	-1.74	0.99	2.59	-2.73
=== END OF SAMPLE ===
Next sample in: 3... 2... 1... GO!
-2.65	5.55	0.44	-1.92	-11.24	-9.10	-0.33	-0.14	2.59	1.31	1.47	-0.40	0.54
-9.22	-0.05	1.07	-3.16	-7.82	-7.35	-6.70	-4.56	-1.85	-3.77	-0.84	0.77	0.18
0.06	5.59	5.44	0.45	-3.29	-7.45	-4.28	0.65	0.53	-1.00	-0.36	3.01	2.35
-1.84	2.90	2.68	1.80	-6.13	-5.55	-3.75	0.69	1.23	2.03	2.05	4.72	6.96
6.94	4.21	4.04	8.84	-2.46	-7.32	-1.84	-2.96	-1.11	-4.49	-0.24	2.31	-0.01
10.34	1.65	3.27	9.17	6.09	-6.96	-6.70	-3.03	2.58	3.10	-2.08	-3.40	-4.23
10.12	-3.69	4.19	12.64	9.95	-0.62	-6.14	-4.08	2.21	-0.81	1.26	0.25	-5.01
5.89	-2.56	-0.96	7.10	7.41	3.01	-2.52	-4.01	0.78	1.44	4.30	1.14	-2.86
-3.91	-0.37	1.63	0.35	-4.10	-3.89	-2.97	-1.22	0.22	-1.34	-3.75	-1.59	-1.15
-1.03	-0.58	-3.94	-4.54	-3.52	0.85	0.65	2.10	3.13	1.46	4.06	2.43	-0.18
3.73	-11.86	2.47	-6.58	-1.18	3.17	-5.78	-0.92	-3.82	-1.96	3.02	1.23	0.95
16.86	-6.62	0.20	-8.69	-1.87	4.19	-7.58	-2.26	0.59	0.50	1.63	-0.71	-0.20
20.66	-2.33	-2.90	-9.81	1.30	-1.83	-7.47	-3.68	-1.51	-3.14	-1.64	-0.96	0.08
23.61	-4.46	-4.12	-6.05	-4.91	-1.66	-5.71	-5.55	-1.83	-3.13	-4.55	2.10	2.80
27.17	-12.76	-5.22	-8.31	-5.93	5.43	-2.10	-4.63	-5.91	-2.55	2.08	-2.98	-4.01
18.41	-14.93	-16.03	-4.72	2.42	0.39	1.75	0.67	-6.94	-5.12	6.61	1.61	-1.27
22.35	-12.03	-7.05	-2.29	2.64	2.05	-3.41	-5.51	-6.83	-4.19	-3.02	-4.15	-2.11
15.98	-6.99	-6.37	-2.57	1.04	2.48	-0.20	-6.33	-5.56	-0.05	1.12	-0.13	-0.54
31.64	-21.18	-2.81	0.68	-2.79	6.48	-5.19	-4.65	-6.28	0.15	-4.98	-6.51	0.57
32.20	-25.62	-0.32	-3.54	-4.72	5.90	-9.77	-6.59	-4.05	-2.80	-5.32	-6.32	0.68
34.23	-24.38	2.51	-4.12	-4.59	6.27	-9.14	-4.33	-0.93	-2.79	-6.92	-2.26	1.08
30.48	-18.33	1.37	-5.02	-0.15	4.89	-9.80	-1.13	-1.85	-3.09	-2.93	-3.52	4.61
25.96	-17.42	0.69	-7.61	-0.91	4.15	-8.42	-3.70	0.36	-2.46	-5.11	-5.36	3.97
24.47	-21.81	1.08	-7.12	1.67	1.37	-11.02	-2.98	1.73	-5.77	-5.61	-0.49	3.14
13.29	-14.25	-3.66	-3.03	-2.92	1.65	-5.75	-6.47	3.50	-3.49	-8.83	0.69	-0.05
7.85	-8.63	-4.14	-2.22	2.06	0.10	-9.31	-5.83	-0.64	-5.78	-9.12	-1.37	3.58
24.39	-25.28	6.63	-8.26	1.67	4.27	-12.75	-6.94	2.64	-7.36	-6.33	1.33	4.63
24.29	-25.75	1.68	-6.51	3.92	0.70	-12.49	-6.09	-0.31	-4.80	-5.53	2.42	3.03
20.98	-20.79	3.98	-7.60	1.49	8.63	-12.29	-8.22	1.74	-4.30	-3.40	2.27	1.29
16.62	-22.26	4.68	-4.00	3.02	6.10	-9.50	-10.38	1.22	-4.68	0.17	1.66	-1.29
17.18	-25.99	5.18	-2.81	3.99	7.63	-9.38	-10.23	-0.87	-5.85	0.67	2.73	-5.71
9.70	-24.60	4.95	-3.32	12.82	9.21	-3.93	-9.29	0.33	-5.97	1.78	0.54	-6.89
1.43	-17.80	-2.47	-4.10	9.78	8.79	1.35	-1.36	2.35	-5.18	1.67	3.09	-4.43
-3.27	-17.17	-2.17	-0.82	5.19	13.26	-4.91	-5.65	1.39	-4.72	0.85	4.21	-4.79
-4.58	-15.42	-1.19	2.69	4.89	15.77	-2.72	-9.78	0.23	-1.17	5.38	5.17	-4.46
-4.48	-12.40	2.97	5.75	3.92	13.16	-6.89	-5.50	1.59	0.34	5.18	3.87	-6.35
-4.72	-11.83	3.53	1.67	0.07	9.97	-3.64	-8.14	5.73	2.76	7.49	8.21	-1.65
-0.40	-6.89	9.05	2.83	1.57	9.17	-4.84	-3.40	8.28	1.29	5.10	7.20	-4.74
-2.83	-5.96	6.10	4.60	4.64	11.99	-0.64	0.29	4.93	2.17	1.01	1.92	-4.66
5.08	-3.61	8.25	5.48	5.72	8.53	-5.88	-4.66	0.08	2.42	8.36	4.18	1.59
-2.89	0.56	-0.43	-4.13	5.19	7.40	-1.07	-1.79	-0.42	0.63	0.40	-2.38	-0.81
2.08	-3.98	7.19	7.52	1.42	4.28	-11.20	-2.95	3.42	4.26	8.99	4.96	-0.18
4.54	-5.41	8.74	3.25	-2.23	3.15	-5.12	-0.38	5.45	0.58	4.75	1.56	-1.69
-31.89	12.69	-7.81	-2.72	5.48	-2.71	3.53	-7.42	-2.78	7.04	0.45	0.32	0.12
-20.18	-20.22	6.20	-0.17	-7.47	0.38	-0.02	-8.12	4.23	1.14	0.35	1.74	-0.26
-16.10	-11.71	1.53	4.76	4.04	3.84	-1.85	-11.94	2.21	2.62	2.38	0.71	-6.15
-0.32	-30.61	1.36	0.67	8.97	2.92	-3.53	-5.26	-3.27	-0.03	2.52	-1.24	-4.29
6.95	-18.13	7.61	11.97	17.17	10.94	-0.20	-4.94	-6.78	0.23	5.63	0.48	-8.47
8.13	2.90	11.57	5.72	5.78	7.76	2.42	1.01	0.98	2.00	0.40	-0.37	-1.83
-0.65	4.81	2.95	5.48	0.77	1.85	1.39	-2.76	1.39	1.78	-0.84	1.47	-0.26
8.60	-1.51	16.89	6.85	0.22	10.93	5.95	0.39	2.44	0.14	2.25	6.33	-3.95
8.98	-3.79	12.45	5.01	2.30	9.35	3.08	4.87	5.35	2.04	2.88	7.04	-2.79
8.06	0.12	12.74	7.33	2.50	6.66	2.79	7.36	6.67	-1.47	3.33	8.50	-2.79
6.30	1.73	13.03	10.59	3.74	5.92	1.68	6.84	6.01	-3.84	4.24	4.91	-5.09
5.57	-0.57	13.09	9.37	3.42	7.95	2.13	6.98	8.80	-1.78	0.65	3.57	-2.25
4.92	-3.02	9.57	12.46	9.96	7.16	-0.88	1.36	2.91	-0.25	6.78	6.55	-0.52
3.17	2.55	5.96	6.00	9.70	8.79	1.13	3.24	5.39	-0.67	1.88	5.23	2.68
5.83	0.40	8.04	7.18	6.61	6.39	-1.10	-0.32	0.50	0.93	2.21	5.41	-1.28
-11.77	-1.89	0.86	-0.40	-2.17	1.00	-3.18	-4.52	1.46	-1.24	-1.48	1.62	-2.41
-7.77	-4.74	3.57	7.70	1.68	3.40	-1.35	-1.34	5.31	-1.04	-2.63	3.45	-4.92
-4.82	-3.87	4.46	9.06	-2.61	4.79	-2.19	-4.25	4.87	1.37	-2.30	0.03	-1.29
-9.37	-4.40	4.40	8.95	-0.23	0.97	-4.07	-3.85	1.96	-2.05	-1.57	0.81	1.82
-14.08	-9.60	5.71	7.94	-1.42	-0.21	-7.82	-11.15	0.44	-5.82	-9.67	-2.02	-0.93
-14.76	-8.11	8.93	9.54	2.42	6.61	0.89	-9.42	-0.75	0.68	-3.69	-3.54	-1.73
-9.46	-2.48	7.18	7.36	-5.44	4.91	-3.50	-8.13	2.16	-0.86	-2.05	1.55	0.10
-6.84	-4.47	7.47	4.62	-9.39	3.77	-2.08	-2.96	3.19	-1.67	0.31	0.03	-4.71
-19.91	0.29	2.95	2.10	-4.20	3.95	-0.84	-2.36	7.03	3.14	-0.83	0.13	-3.05
-10.24	9.64	2.34	4.62	-7.48	7.15	3.77	1.36	7.61	3.51	1.16	1.23	-1.06
-21.05	12.72	1.04	11.43	0.39	3.41	0.44	-1.36	2.17	3.24	-0.76	-0.27	-0.33
-18.71	11.12	0.56	6.40	-0.81	5.88	0.66	-1.86	-0.87	0.56	2.28	0.75	-1.05
-16.16	9.18	3.56	14.19	-2.37	4.88	1.54	-1.62	2.08	-2.51	-0.37	1.95	-0.47
-18.42	9.74	-2.08	9.03	-5.27	1.89	-3.87	-1.51	3.42	-1.92	1.26	1.93	3.20
-23.86	9.83	3.47	7.04	-8.63	2.39	-6.52	1.37	4.57	1.71	3.20	1.86	1.88
-18.06	14.84	-2.10	9.97	-0.67	-1.14	-5.44	-0.30	-2.63	-4.02	4.08	-2.40	1.99
-10.37	7.40	-6.45	5.66	-7.41	0.85	-0.82	-2.29	-4.45	-0.09	2.86	-1.59	-0.59
-15.09	13.07	0.23	6.38	-5.90	0.56	-4.19	-1.92	-0.10	-2.08	3.49	-1.26	-2.26
-12.37	13.78	1.06	9.56	-5.28	1.88	-7.57	-2.55	0.03	-0.09	3.99	1.33	1.87
-14.91	11.79	1.27	11.11	-1.32	-0.65	-3.57	-3.64	-3.22	-1.90	5.34	3.76	2.84
-12.18	8.27	-0.18	8.59	-3.99	1.36	-1.00	-5.50	-3.77	-1.04	1.10	1.31	-2.46
-9.76	16.96	8.06	12.53	-4.65	2.39	-2.77	0.79	-0.89	-4.78	6.51	2.56	-2.55
-10.72	10.76	8.99	12.46	-4.46	1.89	-0.48	1.19	2.15	-4.56	5.54	4.98	-1.73
-10.71	7.77	11.89	12.17	0.16	4.09	-2.01	-4.40	-2.51	-5.15	5.21	2.19	-4.23
-17.72	-1.94	3.68	1.30	-2.72	7.66	3.65	-0.49	-1.24	0.15	1.23	1.04	-2.23
-13.59	0.54	6.12	1.81	-5.90	1.88	3.16	-1.13	-4.87	-2.63	1.22	0.92	-2.90
-21.11	-3.02	14.60	11.58	-2.28	5.73	2.65	-3.06	2.73	0.65	-4.55	-3.39	-4.82
-17.64	-2.71	13.69	9.29	-3.52	5.44	4.62	4.63	6.56	0.57	-1.38	-3.94	-0.26
-13.96	-4.36	11.27	5.75	-3.89	4.48	3.84	2.57	3.13	3.34	-2.42	-2.69	1.51
-17.59	-4.15	9.33	2.96	-4.81	2.29	-0.03	-2.63	9.19	1.55	-0.14	3.62	1.94
-10.03	-1.15	12.03	9.73	-1.57	2.53	2.91	2.72	7.67	1.57	-4.10	-1.25	-1.02
-11.24	-5.08	11.72	9.32	-0.90	1.90	0.04	-3.25	5.16	1.16	2.59	-3.63	-0.28
-14.27	-4.14	0.71	1.07	-1.43	2.40	0.01	1.78	1.76	-2.53	-0.27	-0.21	-2.89
-8.13	0.69	5.54	0.90	-1.23	3.96	5.68	0.76	1.40	4.66	3.38	2.03	0.82
-6.95	-5.98	13.91	8.58	-10.14	-3.74	3.60	-2.44	7.75	3.91	4.33	1.46	-1.72
-5.47	-2.60	8.41	7.59	-8.46	-0.00	2.58	0.07	2.94	2.36	-3.52	0.14	-1.49
-8.76	-7.82	5.78	7.30	-4.62	2.22	3.32	0.66	4.82	2.09	-0.15	0.20	1.14
-5.92	1.05	11.58	5.87	-3.99	-2.03	1.61	0.12	1.77	0.28	0.88	-1.57	-0.62
1.04	5.53	10.67	9.58	0.01	1.19	2.52	-0.14	0.89	3.85	4.08	1.82	0.72
-1.53	-1.96	10.69	14.71	-1.57	4.21	5.37	2.00	5.39	-0.61	1.64	2.18	3.25
-6.47	-4.63	11.76	13.69	1.45	0.36	0.70	0.27	4.65	4.49	4.05	1.14	1.98
-5.73	-2.64	8.83	10.57	-1.54	0.79	0.03	0.06	3.44	-1.49	1.04	-2.92	0.47
-13.23	-2.05	2.44	1.63	-2.39	-1.13	1.93	-0.17	1.19	3.61	0.42	-0.67	0.65
-9.59	-1.27	-1.19	-0.85	-1.55	-0.93	-0.49	0.78	0.25	-0.47	0.92	-0.20	-1.32
1.48	0.12	2.04	6.95	1.69	0.94	0.73	0.95	-1.89	-3.46	2.51	5.10	1.16
-0.10	2.45	5.75	7.55	1.86	1.81	0.59	3.21	1.42	2.13	3.72	3.34	4.04
1.17	0.28	2.69	7.86	1.49	0.12	3.29	0.94	-1.75	1.62	2.49	0.94	0.26
1.63	3.64	2.36	2.21	1.86	1.35	1.47	-1.37	1.34	1.45	3.49	3.85	-2.41
-0.32	-0.59	1.66	2.07	-0.16	2.34	7.14	1.11	-3.23	-2.07	4.89	5.13	-3.69
5.24	-1.74	3.75	5.41	-0.71	-1.07	1.82	1.67	-4.09	1.49	3.23	0.52	-3.23
1.66	3.33	4.44	5.29	5.49	-0.96	3.37	0.68	-3.65	1.75	0.80	0.81	-3.12
3.38	0.21	4.57	4.73	1.77	-0.95	2.90	-0.69	-0.77	3.65	0.60	1.00	-3.83
-11.82	0.46	2.16	7.62	6.50	0.78	3.70	-1.08	2.66	4.59	5.78	4.19	-1.64
-9.49	0.34	10.12	8.02	-0.95	-0.57	0.06	1.50	6.14	3.97	3.44	2.39	-1.26
-5.70	3.24	3.76	3.61	6.28	0.35	1.02	-6.22	-5.67	-0.95	-0.34	0.38	0.09
-3.47	-4.76	-1.44	4.29	3.11	2.70	1.02	-1.02	2.90	5.52	6.33	9.71	1.32
0.88	-1.68	-1.57	1.87	4.17	0.73	1.18	-4.73	0.12	1.26	0.56	3.14	0.28
5.13	0.89	1.16	-0.52	3.37	2.22	-4.32	-4.70	4.63	5.46	2.95	1.22	-1.73
6.65	-3.39	2.06	5.85	2.36	0.63	-4.25	-3.88	1.56	-4.65	-1.32	2.16	-0.15
1.78	-5.85	-1.38	4.68	-0.76	-2.48	-3.83	-4.79	5.78	0.93	-0.37	0.02	-0.38
3.08	-5.68	2.56	7.39	0.36	-0.37	-6.87	-4.94	0.27	-2.51	-3.26	2.73	-0.48
0.64	-3.74	2.39	4.35	-0.71	3.88	-3.47	-6.56	1.67	2.90	-0.56	0.96	1.78
-11.82	0.71	2.86	5.60	3.52	-1.11	-0.88	1.52	2.53	1.09	-0.15	1.33	2.05
-7.29	0.53	-0.70	0.20	1.37	4.06	3.12	0.54	-1.81	-0.52	-2.10	-2.39	-4.59
2.67	-0.24	5.04	8.30	5.20	1.20	-0.28	1.37	-0.31	-3.26	-1.87	1.39	-1.29
2.29	1.88	8.16	12.52	2.44	-1.02	-4.67	0.31	3.33	-1.63	0.12	-1.94	-0.57
4.42	-0.84	9.69	7.04	6.25	-1.34	-7.08	3.16	2.84	-0.02	2.33	-2.56	-2.67
=== END OF SAMPLE ===
Next sample in: 3... 2... 1... GO!
-4.90	-1.70	-0.47	1.44	5.80	6.90	2.84	-0.84	-0.40	-4.02	2.80	2.17	-2.62
-4.04	-1.46	-2.34	0.97	-0.93	3.82	5.45	0.63	-0.70	1.91	4.87	0.79	-3.94
-4.90	1.42	-0.91	6.41	3.60	8.20	4.16	-0.35	-1.87	4.92	1.53	-1.09	-1.76
-3.06	-0.44	-3.95	2.73	-2.31	-1.86	-2.50	2.82	3.77	3.69	3.09	-2.57	-2.58
-6.49	1.80	-3.12	3.07	-4.92	5.31	1.41	0.40	0.68	4.48	-2.55	-3.98	-0.37
-15.58	-0.14	-5.92	2.14	-5.65	1.14	1.63	4.57	2.27	8.13	6.50	4.21	0.08
-14.71	3.32	-1.59	3.08	-3.44	-1.74	-3.56	-2.12	-1.96	2.72	4.84	4.07	-1.29
-11.50	6.38	-3.58	0.92	-4.34	2.73	-2.03	0.16	-1.96	1.01	-2.06	-3.23	-4.20
-10.54	4.08	1.72	4.36	-5.57	2.03	1.32	3.19	3.33	0.15	-0.25	1.05	-5.63
-15.93	0.12	-0.77	5.90	-2.61	3.96	2.15	-2.04	2.76	-0.93	-0.57	0.83	-0.94
-17.15	3.64	2.59	4.14	-0.69	4.75	0.83	0.29	1.03	-1.93	-1.89	1.69	-1.80
-12.44	1.53	-2.39	6.59	0.55	0.20	-3.52	-4.14	-0.04	-0.02	0.66	2.85	-3.48
-7.55	2.01	4.79	5.15	-2.39	1.30	0.89	-2.29	-1.49	-3.41	-1.15	3.11	-1.11
-6.86	2.84	-0.30	1.68	-0.71	-0.69	-3.08	-1.89	-0.57	-1.15	4.62	3.71	-0.15
-9.93	0.19	-0.72	2.28	-3.42	-2.69	-2.78	-5.19	-2.39	-0.57	4.46	4.83	-0.71
-9.18	1.34	0.96	2.41	0.10	-0.91	-4.18	-4.68	-0.19	-0.93	1.43	6.81	0.88
1.09	5.66	2.89	0.82	-3.64	2.51	-2.52	-1.58	1.98	-0.03	-5.61	-3.89	-5.11
-3.40	5.41	-3.25	-6.81	-5.70	-3.90	-2.17	6.03	3.43	0.38	-3.19	-2.79	-0.16
8.47	4.88	0.55	-0.16	-6.46	-3.09	-3.02	-4.48	-0.12	-0.10	-4.19	-1.72	-5.42
9.51	9.44	5.87	-3.61	-8.76	-2.39	2.03	-0.72	-0.94	-4.69	-6.55	-2.32	-2.47
11.70	11.29	2.34	1.52	-2.92	-2.20	-4.65	-3.92	-2.65	-3.63	-4.82	-5.57	-3.34
7.49	10.62	5.83	-0.53	-2.06	-2.06	-4.59	-3.61	-4.20	-4.07	-0.39	-4.16	-7.39
-1.96	-6.28	0.81	1.92	-0.84	-5.11	-6.20	0.75	1.42	-2.08	-2.18	-3.69	-2.57
4.12	-2.87	3.57	5.46	-0.14	-8.02	-11.05	-6.18	-0.13	0.51	0.82	0.82	-4.77
-1.61	-7.54	1.82	2.06	-1.81	0.50	-4.08	-3.14	5.48	3.12	1.68	1.71	-2.56
-37.59	-5.24	-4.92	-1.03	-1.06	-0.12	-0.47	-0.22	-0.56	0.07	0.89	0.53	-0.92
-16.34	-5.02	-0.06	-1.19	-1.38	-0.97	-3.75	1.22	0.61	-2.06	1.74	2.67	-2.64
-4.01	-10.38	-0.38	2.24	1.48	-1.02	-3.25	3.14	-2.55	-1.40	5.37	0.11	-6.09
17.78	-13.90	-6.19	-5.13	-3.71	-3.34	-6.57	-1.64	-9.14	-2.03	7.68	6.04	-5.65
29.59	-16.63	-5.66	-6.82	-5.31	2.10	-8.07	-6.08	-4.92	-6.26	11.80	6.19	-6.49
19.45	-12.27	-9.21	-1.61	0.36	-4.21	-10.24	-2.89	-5.60	-5.51	5.01	7.33	-3.69
-4.16	-7.70	-6.05	-0.01	-2.80	-3.03	-1.84	-1.04	-0.18	2.10	2.15	1.28	-0.36
-0.79	-9.80	-0.65	-3.07	3.95	0.94	-8.38	2.27	-4.23	-11.29	3.89	5.71	-2.78
-1.42	-10.90	-2.22	-4.32	-1.40	-0.10	-3.44	4.85	-2.23	-7.00	4.03	6.95	-2.74
3.42	-16.66	-1.58	1.13	-2.46	4.67	1.30	3.26	-2.62	-4.06	3.76	1.22	-4.24
27.64	-11.47	-6.09	-3.74	3.01	1.98	-3.69	-2.30	-10.54	-10.01	3.25	6.42	-6.62
32.53	-12.67	-5.30	-5.11	2.93	1.41	-10.14	-2.74	-10.68	-9.48	7.98	2.95	-7.18
37.68	-13.83	-5.41	-3.99	-0.90	-0.09	-8.41	-4.34	-10.41	-5.72	7.75	6.17	-6.66
5.94	-6.04	-9.54	-5.43	2.72	1.23	-10.44	-10.72	-4.30	0.70	3.70	3.83	2.54
-1.19	-15.32	-14.52	-5.19	-4.49	-5.53	-8.73	-10.58	-9.27	-3.60	1.48	0.15	-2.94
39.44	-39.58	1.64	-5.66	-4.03	1.97	-11.39	-5.26	-5.24	-0.16	5.74	1.07	-1.83
37.24	-40.33	1.50	-6.34	-5.42	0.65	-12.77	-8.52	-4.58	0.03	6.97	1.75	-1.73
35.87	-41.61	1.11	-6.99	-7.04	-0.38	-13.80	-10.34	-5.07	-0.00	6.64	2.54	-2.11
35.29	-43.89	1.35	-7.76	-7.30	-1.12	-13.88	-11.40	-6.63	-0.04	5.15	2.85	-2.94
4.04	-7.09	-9.05	-1.93	-0.03	-3.78	-9.76	-9.01	-4.96	0.80	5.81	1.61	-2.73
0.45	-14.87	-9.35	1.19	1.53	-1.63	-4.30	-3.24	-2.54	0.53	2.85	-0.14	-2.04
31.95	-39.75	5.77	-2.40	0.05	0.33	-11.09	-5.87	-7.14	-1.47	5.54	1.56	-5.45
30.17	-35.75	7.85	1.12	0.28	-0.07	-13.12	-9.92	-8.50	-3.74	5.52	0.81	-7.43
27.91	-33.28	7.41	4.66	1.13	0.87	-12.56	-9.04	-9.73	-8.15	6.87	0.25	-8.75
28.97	-34.32	9.32	8.68	2.52	5.29	-5.13	-3.95	-6.97	-8.08	8.02	3.16	-7.65
17.78	-28.71	0.00	3.30	1.08	3.12	-3.16	0.97	0.67	-1.77	7.90	5.38	-1.43
10.52	-26.42	-7.28	0.25	-1.19	-0.75	-4.85	1.71	-0.47	-5.07	3.56	-2.50	-4.56
-13.97	-3.25	-2.22	-1.86	-3.14	-1.70	0.40	1.97	2.87	2.56	1.06	-0.24	-0.58
-8.25	-6.97	-6.90	-3.20	-6.03	-2.37	0.33	0.39	2.24	2.96	1.81	-0.13	-0.54
12.09	-6.38	-5.00	-0.67	-2.68	-4.70	1.68	4.53	0.76	2.22	2.30	4.26	-3.39
8.99	-10.06	-5.19	-5.81	-4.73	-3.55	2.18	2.66	3.90	4.69	3.72	1.09	-6.74
9.30	-6.22	-2.44	-3.65	-4.26	0.28	-0.17	-3.11	1.03	2.03	5.67	3.21	-4.96
4.36	-5.30	-4.44	-4.92	-5.92	-2.78	4.97	-2.39	-0.02	4.61	2.97	5.41	-0.88
6.54	-3.47	-6.92	-7.23	-1.28	2.24	1.06	3.34	6.58	8.59	5.34	5.92	-1.36
9.20	-4.53	-3.01	1.39	-3.74	0.81	-2.95	-0.34	2.60	4.94	3.76	2.99	0.89
-3.66	3.67	-2.67	-1.59	0.69	0.55	-0.74	-0.26	-0.50	1.03	1.97	4.37	3.25
-11.81	-2.92	-11.69	3.86	2.42	-2.63	-2.83	1.88	3.83	-0.79	1.01	2.52	-0.33
-7.89	-8.40	-10.43	-0.52	-1.09	1.58	1.62	2.64	5.18	0.76	2.94	3.64	-1.98
-0.16	-8.55	-5.15	1.60	4.70	0.48	-0.43	-1.56	-1.64	0.63	7.89	-1.16	-7.62
13.87	-12.42	1.98	2.32	14.00	-2.27	-1.45	-3.11	-3.85	-3.40	7.55	2.32	-12.00
7.35	-6.02	-4.39	6.92	5.00	2.14	3.13	-3.57	-5.13	0.52	7.04	-6.58	-17.71
1.38	-3.07	-4.24	5.39	5.90	1.60	-0.11	0.20	0.34	-0.99	3.07	-5.72	-10.31
-7.38	-6.72	-4.14	-2.72	-4.43	-3.14	-2.20	2.21	1.21	-3.93	0.28	-1.71	-4.83
-0.47	0.01	-1.22	1.59	-1.53	0.94	-1.68	-1.28	0.19	-2.10	0.50	0.68	0.26
-5.50	-3.78	-4.50	0.30	-2.60	-5.36	-1.63	2.59	8.16	0.04	-2.18	1.03	-0.28
-4.52	2.25	-3.55	1.71	1.55	0.89	5.33	-1.85	2.41	3.82	5.08	-0.21	-1.68
-0.92	-0.26	-5.10	2.77	-0.37	-1.54	-0.03	-1.77	2.46	2.24	7.11	4.73	0.17
-1.69	-0.25	-1.27	4.35	0.20	0.67	1.74	-3.45	-0.04	-5.67	-1.38	1.15	-1.01
-2.38	0.84	-0.95	2.99	0.13	1.66	-3.60	-1.32	-0.09	0.16	4.78	1.61	-2.03
-2.59	-2.27	2.76	-0.30	-0.74	5.16	-0.16	-0.57	-0.48	-0.87	-0.68	-1.47	-1.19
-9.77	-7.00	-4.91	-0.00	2.55	3.73	3.41	-2.05	-3.19	-1.65	3.22	0.77	-0.71
-0.93	-4.44	-2.95	-0.76	-1.57	-4.10	-1.33	-1.53	-2.62	0.43	-2.01	-0.05	-1.11
4.01	-1.75	-6.24	-4.74	-0.25	1.52	0.08	-2.60	-4.43	-1.83	3.93	2.53	2.36
4.30	-0.42	-3.26	-3.53	-1.08	2.80	1.36	0.27	-5.08	-7.57	-0.12	0.43	0.78
6.92	0.09	0.04	-0.60	-3.58	1.29	-2.42	-2.26	-0.32	-5.71	1.73	3.72	2.41
6.10	-0.49	2.41	1.22	-1.68	2.64	-1.74	-6.55	-2.39	0.61	2.25	3.09	5.42
5.06	-0.62	2.71	2.56	-0.27	-1.64	-3.27	-2.29	-0.30	-4.05	1.14	0.96	0.44
10.34	-0.82	4.78	2.50	-1.91	0.03	0.06	-2.52	-1.43	-2.24	0.21	3.55	3.10
8.90	-5.48	-5.94	-1.56	-1.52	1.96	2.09	-1.24	-3.65	-7.17	1.82	6.54	2.50
-11.00	-3.50	-2.45	3.05	2.67	2.15	-2.42	-1.82	1.33	0.16	1.77	3.62	2.95
-2.52	0.26	8.15	-2.70	-2.34	0.47	-1.38	-0.54	0.53	4.07	0.30	-0.46	1.31
-10.95	-1.99	-5.46	2.27	-6.71	-5.54	-4.49	-3.41	-0.44	-1.77	2.92	6.05	0.85
-9.84	0.03	-4.26	4.34	-3.02	-6.74	-1.32	-2.79	0.59	-1.02	2.23	5.25	-1.02
-8.15	-3.32	1.74	2.67	-3.95	-5.40	-1.29	2.24	3.20	0.56	1.61	5.28	0.69
-4.06	4.54	-0.15	0.31	-5.12	-3.83	1.99	-2.03	0.26	-1.92	1.95	4.42	-0.61
-3.49	-0.30	-1.21	-1.75	-6.27	-2.42	0.22	-2.55	2.86	-0.86	2.48	6.58	3.59
-0.41	3.51	4.42	-2.25	-5.74	0.16	4.00	-0.20	-2.25	-0.10	3.85	2.09	-3.06
-6.49	-5.07	0.99	-3.64	-11.94	-2.59	-1.59	-0.41	-2.73	1.08	1.15	-2.40	-4.57
-1.40	1.82	2.93	-1.92	-3.78	-4.03	-0.57	-1.70	-1.36	-1.96	3.29	0.27	-2.71
-0.03	-3.24	5.59	-0.59	-4.18	3.10	1.15	0.83	-0.44	-1.55	1.38	-3.35	-3.82
1.65	0.05	4.61	-0.65	-2.20	-2.21	-0.18	-2.75	-4.46	1.48	2.15	1.52	-2.52
2.34	-6.15	1.61	2.00	-4.72	-2.41	1.48	-3.19	-1.62	-2.89	2.76	3.15	-1.92
3.94	-7.12	-2.27	1.83	-2.17	-0.01	-1.25	-2.63	1.14	1.79	4.60	1.96	0.91
0.74	-4.33	6.40	0.93	-3.27	-1.36	1.23	1.60	2.70	-1.67	-0.49	1.19	-3.34
1.56	-0.48	2.96	0.80	0.10	2.04	-0.09	-1.63	1.62	-1.97	-0.30	0.36	-6.84
-7.97	-0.50	1.40	1.23	-0.37	3.53	4.40	1.86	-3.20	-4.20	-3.96	1.71	0.59
-10.32	-6.77	-7.38	-1.16	-0.95	2.13	4.99	4.37	2.17	3.11	1.50	0.90	1.68
4.18	-12.35	-3.85	0.06	0.40	1.86	4.43	0.77	-0.53	0.63	-1.33	1.77	1.24
7.70	-10.69	-5.87	1.68	1.53	6.34	7.75	2.63	1.70	-1.28	4.04	0.20	-5.82
0.32	-4.82	-3.15	-2.51	2.42	8.50	-3.41	-0.32	-0.95	-6.38	3.12	0.60	-2.99
0.36	-10.12	2.73	6.74	0.90	0.82	2.57	0.73	-2.00	-0.86	3.74	-2.03	-2.80
-5.50	-12.53	-2.36	2.14	3.93	4.29	0.98	0.41	-0.23	1.57	5.17	2.60	-4.97
-2.89	-4.78	-1.18	3.42	3.55	1.83	-2.95	2.86	-0.64	-0.62	2.16	-1.27	-5.99
-3.81	-6.07	1.24	4.62	2.04	3.03	-2.87	-0.87	0.25	0.01	5.18	-0.58	-2.31
-7.71	-9.40	-3.71	-2.64	-1.53	1.85	-3.06	-0.31	1.03	2.80	1.60	2.12	2.43
-3.72	-4.56	-0.68	-0.59	1.83	-6.28	-6.10	-2.08	-6.80	4.06	3.28	-2.00	-0.41
1.56	3.41	2.53	-4.93	-0.56	-8.21	-9.59	-1.38	-3.46	-1.91	3.71	-1.92	-3.04
3.39	0.48	0.79	-4.79	-0.61	-3.02	-7.32	-3.43	-5.54	-1.97	3.03	-2.30	-3.38
3.48	-5.17	-1.01	-6.08	1.29	-3.72	-3.66	-0.67	-1.62	-3.32	4.82	-3.11	-7.18
2.26	-6.86	-3.19	-2.88	2.06	-0.30	-3.91	-0.16	-1.20	-3.52	1.79	-6.55	-6.47
-1.22	-10.76	-2.29	-8.09	-0.60	3.41	-2.84	0.66	-0.31	0.01	4.16	-1.96	-3.14
-2.58	-6.67	-6.35	-3.87	-2.74	1.09	-0.98	-4.62	-4.16	-1.43	0.04	-0.78	-1.89
4.65	-2.53	-0.45	-1.58	1.41	-0.28	-3.27	-2.85	-5.37	-0.60	4.26	2.67	2.53
7.64	-4.28	-5.43	-3.67	0.95	-2.78	-0.11	-0.29	-1.98	3.49	8.74	3.42	3.57
-0.44	-4.89	-7.86	-4.03	-2.36	-6.29	-5.06	-3.69	-7.85	-1.76	6.34	2.85	3.44
-2.65	-7.86	-4.24	-8.93	-4.42	-3.88	-0.18	3.94	1.12	0.69	7.22	3.28	-2.79
0.90	-4.08	-0.11	-3.08	0.40	-0.73	1.89	1.42	-2.00	-8.18	0.07	0.38	1.84
-6.44	-4.02	1.97	0.12	-0.10	0.48	-0.89	1.22	0.23	-3.97	4.08	1.35	0.98
-1.89	1.03	0.83	-2.61	-3.54	-2.67	-1.63	-1.72	-1.14	-3.32	4.32	2.44	-1.14
-6.03	-2.81	6.07	1.99	1.75	-3.41	-5.89	-6.18	-5.71	-1.37	3.55	-0.20	0.98
=== END OF SAMPLE ===
Next sample in: 3... 2... 1... GO!
13.86	-6.61	8.31	7.71	3.16	6.51	-4.22	-0.55	-3.58	-9.81	0.21	-0.26	-9.82
16.78	-5.05	4.82	5.36	0.33	4.18	1.81	-1.26	-4.22	-6.16	0.68	2.09	-4.78
8.90	-2.60	11.76	6.06	-1.21	0.25	-5.47	-1.94	-2.33	-4.28	-1.11	3.51	-8.88
8.41	-7.99	4.56	0.68	4.57	1.53	-2.60	-0.74	-2.55	-5.14	3.02	1.05	-6.79
6.90	-5.32	4.99	2.59	-0.60	2.81	0.49	-3.45	-0.83	-2.23	4.30	1.14	-6.36
7.32	-2.70	7.80	5.91	2.20	5.26	-1.29	-3.90	-3.41	-6.12	2.58	7.81	-7.00
2.70	-0.45	12.22	1.80	-1.31	5.70	-1.72	-4.73	-1.93	-4.65	4.54	6.70	-6.21
1.21	-3.88	6.73	-1.11	-1.07	7.25	-2.91	-5.03	1.52	-1.08	4.28	7.85	-8.33
-2.87	-3.96	11.46	2.10	-1.01	5.07	-5.68	-3.46	-1.12	-0.52	5.16	3.99	-4.29
-4.71	-3.92	9.78	4.99	1.85	-1.09	-3.79	-0.87	-0.03	-4.46	1.22	3.30	-4.30
-1.07	-7.87	9.47	4.44	2.42	4.33	-1.49	-5.04	-1.39	-3.19	2.63	4.61	-5.98
2.59	-5.13	10.56	1.26	-1.13	1.90	-7.03	-1.54	5.68	-7.46	0.42	3.68	-5.70
4.91	-6.44	8.11	2.95	2.15	4.34	-3.95	-2.26	1.92	-7.05	-1.19	3.49	-6.62
6.49	-5.10	8.36	0.46	3.05	6.77	-4.28	-4.88	-2.47	-9.06	-2.92	-1.53	-9.11
4.15	-3.44	8.93	2.98	2.47	10.09	0.21	-8.41	1.05	-3.88	2.64	2.37	-9.52
6.77	-5.88	7.85	0.38	-2.24	2.99	-2.55	-4.37	0.20	-3.94	-0.25	-0.05	-8.70
9.95	4.76	12.22	5.02	-1.06	5.46	1.08	-1.19	-2.00	-1.48	3.03	0.60	-7.55
5.59	4.83	11.39	3.35	-5.11	3.42	0.16	-1.12	-2.70	-1.94	7.33	2.22	-8.90
8.71	-1.95	8.87	0.55	-5.04	2.28	-4.97	-2.15	0.60	-9.37	-0.85	1.27	-11.44
8.26	-1.20	12.69	7.45	-3.76	3.96	-1.07	-1.36	1.05	-3.89	2.86	4.27	-9.09
7.54	-1.58	7.45	4.87	-1.78	6.37	0.72	-2.73	0.34	-2.17	0.83	0.86	-7.27
10.60	-0.27	7.18	1.70	-0.31	9.67	-3.23	-4.24	2.62	-5.66	1.33	0.58	-5.18
8.41	-1.60	6.83	-0.94	-0.92	3.53	-1.90	-1.28	-3.48	-10.01	-2.51	2.40	-5.79
3.66	-1.29	4.65	0.60	1.10	1.65	-1.16	-0.67	-4.83	-10.69	-2.75	1.86	-5.17
-1.74	8.43	12.12	5.07	-2.82	1.20	0.56	-6.80	-1.66	-8.88	-2.77	1.52	-5.99
-0.25	7.34	8.54	10.07	2.64	2.95	4.12	-1.45	-3.23	-9.92	-5.67	-3.27	-2.95
2.40	2.40	5.93	5.32	-0.57	5.48	3.12	-0.58	-2.26	-9.36	-3.87	-1.75	-5.22
4.16	7.56	-0.07	6.66	0.22	3.33	0.40	-1.96	0.60	-8.35	4.24	1.00	-5.52
2.35	9.09	6.41	11.33	-1.87	3.36	5.28	-1.19	-1.21	-7.84	-2.54	2.64	-0.82
2.58	7.07	0.84	10.19	-6.36	3.31	4.78	-5.21	-0.72	-5.62	-0.76	2.69	-3.89
-1.05	6.86	-4.37	6.49	-3.86	6.68	4.52	-1.20	-3.65	-5.92	3.57	-2.85	-2.74
-4.39	1.15	-2.74	6.70	0.37	1.73	0.48	-4.25	-5.63	-5.39	4.41	4.80	-4.49
-6.76	-2.41	-1.74	7.90	-1.04	-1.51	0.96	-0.54	2.94	1.19	-1.55	-0.79	-2.37
-1.55	6.49	0.21	2.05	-3.70	-2.21	-0.77	-2.84	1.20	-2.60	-3.94	-0.17	2.32
-0.89	6.89	9.73	1.51	-4.78	3.40	2.89	-1.03	0.95	-3.94	-2.92	-3.05	-4.75
7.99	-0.05	-1.39	-0.41	-6.58	0.88	-1.04	-5.07	3.25	0.68	2.55	4.21	-3.17
17.34	-25.60	-3.63	-5.72	-7.30	0.40	-5.86	-3.50	3.66	-3.48	5.32	4.59	-1.61
8.96	-9.54	2.33	-2.07	-1.93	2.80	-10.44	-6.38	2.39	-2.40	11.09	9.14	-4.15
-2.01	-2.53	8.45	2.05	0.18	6.53	-1.26	-3.02	2.62	-2.01	3.60	1.53	-5.25
-2.26	-3.36	7.73	8.98	2.46	7.52	-1.19	-2.35	4.02	-4.13	2.93	0.98	-5.73
18.77	-5.56	-2.80	-0.52	-0.09	1.73	-1.34	-3.40	-2.93	-3.53	5.44	1.83	-2.31
6.58	-10.59	-4.03	0.15	-0.17	4.52	-3.51	-6.41	-0.52	-2.58	2.56	2.19	-2.37
28.29	-25.96	5.00	1.75	-6.41	2.11	-8.62	-4.31	-2.29	-5.92	7.05	2.76	-2.17
28.09	-30.20	8.01	0.77	-6.05	3.63	-10.88	-5.62	-0.50	-4.63	4.18	3.88	-2.41
24.09	-33.52	8.47	-3.67	-7.18	3.66	-11.72	-5.50	0.14	-4.32	4.39	1.02	-1.99
25.45	-35.28	9.36	-6.74	-5.95	0.74	-9.04	-6.32	3.29	-2.49	3.45	1.84	-2.15
23.55	-35.31	7.46	-8.44	-6.00	-1.00	-9.25	-4.62	3.37	-0.62	3.18	3.26	-2.17
26.13	-38.74	9.12	-8.26	-7.19	-0.99	-11.39	-3.13	3.69	-0.51	4.50	3.52	-2.67
4.08	-23.16	-1.86	-1.81	-5.76	-4.40	-9.89	-3.38	3.93	0.11	0.90	3.08	-2.11
2.05	-25.59	1.97	-4.19	-8.38	-2.88	-13.07	-4.54	4.51	0.14	5.41	6.72	-0.24
24.51	-43.50	10.42	-9.05	-5.76	-2.16	-12.91	-2.82	6.21	0.97	2.80	4.87	-2.31
21.05	-39.42	8.58	-7.92	-5.67	-0.68	-13.53	-1.17	5.45	0.66	3.25	3.93	-1.61
22.07	-40.60	9.53	-6.70	-7.20	-1.05	-13.01	-0.41	4.99	1.85	1.18	4.37	-2.10
17.88	-37.25	8.17	-5.61	-6.31	-2.41	-12.34	-0.86	4.08	1.32	1.16	3.11	-1.61
22.50	-39.79	9.02	-3.35	-5.27	-1.45	-12.00	-2.19	3.14	-1.03	0.76	1.98	-2.34
19.20	-37.14	12.37	-2.10	-1.69	-1.82	-11.72	-2.01	0.78	-1.76	-0.10	1.20	-3.35
6.42	-23.43	4.38	4.67	0.06	-0.31	-7.93	-2.08	3.00	-1.00	0.50	-0.57	-3.53
4.62	-30.41	11.27	7.08	1.02	0.92	-10.26	-1.58	1.03	-4.54	-0.69	-2.98	-7.63
4.88	-12.69	6.65	3.32	0.00	-2.79	-10.75	-3.41	0.17	-4.28	6.43	5.00	-2.23
2.17	-11.70	7.43	7.66	-0.17	-4.05	-12.66	-7.34	0.97	-1.60	5.22	0.85	-1.83
-5.33	-12.81	10.46	6.14	0.32	-0.44	-14.46	-4.86	3.20	-3.49	5.63	4.32	-0.27
-2.38	-8.36	9.20	7.45	5.46	3.28	-18.65	-2.92	3.08	-3.59	3.85	-1.44	-5.10
-2.08	-3.95	12.42	13.23	3.20	-1.57	-18.58	-2.67	2.82	-6.34	2.63	-2.86	-3.86
-6.52	-5.79	12.75	11.81	4.48	-0.95	-16.12	-5.75	2.65	-4.37	2.69	-2.98	-3.42
-5.06	-3.35	11.74	8.04	1.19	0.86	-7.83	2.29	2.27	-6.55	1.72	-1.25	-6.61
-10.08	0.53	5.43	2.32	0.32	-5.69	-8.33	-2.82	-0.61	0.27	0.74	-0.45	-0.25
-4.62	-8.17	8.58	13.00	-0.36	1.42	-6.81	-3.23	5.25	-4.57	1.99	-1.48	-7.59
-3.54	-7.88	8.83	14.69	2.09	0.40	-13.83	-2.83	5.22	0.07	2.60	-0.94	-2.01
-6.56	-10.05	4.48	16.07	3.26	-0.75	-7.60	-1.13	4.76	0.09	1.18	-1.44	-2.97
-0.85	-8.31	2.40	11.44	-0.63	-3.38	-9.23	-2.87	-0.04	-1.22	0.99	0.13	-3.37
1.46	-4.68	1.72	7.79	-0.70	2.72	-8.00	-1.60	0.80	-2.59	1.55	-0.88	-5.25
0.81	-4.73	-1.82	9.14	1.76	-2.03	-1.54	-1.89	2.38	-2.00	-0.69	-1.16	-0.65
-7.63	0.62	9.54	6.10	-1.75	-3.09	3.76	1.29	3.03	-1.25	1.70	3.10	-3.68
-6.36	-17.07	12.00	0.36	13.14	5.47	2.26	2.19	-2.39	6.40	1.25	-0.81	-7.30
-5.67	-10.22	14.26	4.08	10.65	-0.44	-0.89	-0.92	-12.68	-0.65	2.76	-5.11	-14.09
3.73	-2.09	1.45	1.56	6.81	3.11	0.64	0.09	-3.67	3.69	0.83	-1.72	-2.07
5.92	-3.59	5.79	-1.83	-2.52	3.33	3.93	0.09	0.87	-3.08	3.19	0.65	-4.44
5.55	-5.89	4.04	1.20	1.21	7.24	2.05	-3.77	-1.94	-0.51	-2.76	-4.66	-4.75
7.47	-4.90	5.40	-2.02	-4.62	8.78	5.09	-0.61	1.93	0.46	-2.30	-4.97	-4.95
6.91	-2.95	1.00	0.02	1.32	7.81	4.52	2.39	0.83	-2.21	-2.81	-5.58	-4.51
-9.60	-3.30	-1.58	0.74	1.74	4.34	1.33	-2.78	-3.41	-3.08	-2.84	-1.42	0.73
8.68	-1.03	8.36	4.74	1.41	2.05	-2.15	0.45	-0.85	-1.59	-1.17	1.90	4.58
11.36	-1.65	2.60	5.14	0.74	-1.48	-5.06	5.94	5.53	1.22	-1.75	-6.02	-3.59
7.96	0.18	4.52	4.45	-2.70	3.53	0.29	-0.55	0.54	-2.81	-6.46	-0.49	0.45
1.35	0.26	2.10	5.26	1.42	3.90	-0.93	-2.27	2.58	-1.34	-6.72	-0.64	1.85
1.27	-0.84	5.61	7.64	-0.38	1.76	-5.06	1.12	5.51	-4.03	-6.40	-3.36	0.16
3.54	-1.82	0.23	3.44	-3.68	2.95	-2.58	-1.78	6.05	-4.39	0.05	0.35	-4.01
-1.14	-0.64	4.52	3.65	0.29	2.36	-0.97	-0.77	0.56	-2.16	-0.60	-0.74	-0.79
-6.04	1.82	0.23	3.71	0.10	1.94	-0.82	-2.24	-0.94	-0.19	-2.33	-3.24	-0.92
-8.39	-2.38	-0.59	2.79	0.07	3.50	1.67	-0.57	2.05	-0.57	-2.23	-1.50	-1.64
-6.24	2.03	1.76	2.83	-0.78	2.28	0.71	2.07	4.53	-0.64	-1.34	-3.66	1.45
-1.55	-0.24	-0.00	4.75	1.35	-0.68	1.14	3.36	4.82	-1.94	-1.05	1.50	4.71
-3.25	-0.48	4.00	2.42	0.01	2.35	3.52	1.45	-1.09	-3.93	-0.96	-2.85	1.29
-8.41	5.84	3.13	4.38	0.41	2.35	2.58	1.25	2.04	-0.43	-1.98	-2.08	3.74
-5.68	4.03	0.04	2.06	3.23	5.66	5.90	2.42	1.90	-4.45	-1.43	-4.06	-0.38
-4.92	2.81	0.50	0.46	2.90	7.43	3.50	0.23	1.97	2.60	2.31	0.49	-0.92
-3.97	2.04	-5.33	-0.33	-3.73	0.84	3.48	3.47	4.25	-1.62	3.37	1.07	0.71
-3.67	2.90	1.25	4.40	0.23	3.91	2.66	1.86	2.75	-4.49	0.31	-5.69	-0.75
2.94	-0.00	2.55	1.52	-3.76	3.88	-0.65	-1.73	1.86	0.57	0.32	-1.73	-2.83
2.65	3.49	6.43	-1.67	-0.03	8.96	6.95	2.23	4.11	-1.14	1.41	-2.70	-0.44
0.20	5.33	5.79	-1.09	-0.74	5.78	5.16	2.07	3.48	-0.62	2.53	-0.21	-4.53
-2.05	1.07	0.72	-3.02	3.06	7.55	2.75	5.07	4.27	0.52	8.12	3.44	-1.61
-2.09	-3.68	1.79	2.81	-5.72	-0.06	0.22	4.52	-0.94	-6.31	0.33	-3.68	-2.86
-0.04	-1.78	2.15	0.95	-4.47	1.42	-3.96	-1.99	-1.79	-3.91	0.51	1.06	-1.20
-3.35	-4.34	-2.42	0.07	-1.14	2.98	5.48	2.28	-0.72	-1.68	3.78	1.86	3.36
1.52	1.92	3.01	-2.76	1.44	2.88	0.72	2.67	1.94	1.07	3.44	-3.71	-2.38
-6.09	2.34	-0.32	-0.29	3.67	-1.97	-3.62	2.85	-1.85	0.00	9.72	2.72	1.27
-6.87	-0.81	-1.93	-1.31	0.66	0.22	-6.17	-2.19	-0.93	4.17	4.36	1.22	-2.55
7.30	-0.54	4.30	-4.71	1.77	7.93	-7.39	-2.04	-3.07	0.80	6.46	-2.48	-4.61
-0.72	1.82	7.39	2.41	7.04	0.87	-10.98	-3.61	1.06	4.12	8.16	-4.78	-9.83
4.61	-4.49	-0.72	-0.33	1.67	-0.65	-6.12	-3.76	0.14	-6.27	4.63	-0.77	-3.76
7.62	0.34	2.61	1.02	3.70	0.46	-5.03	-1.92	-1.77	-2.60	1.52	0.94	0.65
0.96	-0.28	8.79	1.28	1.77	-1.06	1.13	1.73	-3.80	-2.43	4.88	-5.39	-2.86
3.82	-1.24	0.70	-2.60	3.04	-2.27	-3.74	3.20	-0.29	-0.54	7.06	-1.63	-3.81
0.70	-0.23	-2.55	-0.78	3.00	3.41	-0.84	-3.52	-3.33	2.11	-1.75	-4.80	-6.32
-0.98	-3.36	-2.38	2.90	1.20	1.99	-1.50	-0.76	-1.01	1.31	3.15	-3.22	-4.08
1.26	-3.00	-8.01	-3.60	1.38	3.63	-1.94	-2.62	1.17	4.15	4.15	-1.80	-2.96
4.54	-4.81	-1.86	1.28	5.18	4.05	0.17	0.88	-1.45	3.71	5.67	-4.14	-5.03
7.47	-6.59	-5.19	-1.82	2.52	-0.43	-3.25	-4.27	-5.87	1.15	9.41	-4.14	-6.12
6.28	-4.91	-1.40	5.81	7.05	1.28	-3.22	-2.60	-2.03	8.37	7.72	-0.70	-6.65
-2.09	-7.73	-6.94	-1.93	6.90	4.14	-0.80	-3.57	-2.14	6.93	5.77	-2.20	-7.29
0.36	-7.35	-1.88	-2.82	3.64	8.73	0.29	-2.19	1.71	5.67	9.30	-3.52	-6.44
-5.64	-3.38	-4.79	-2.55	0.49	4.43	0.02	-1.36	1.68	3.18	4.30	0.72	-0.41
-6.22	-2.22	-2.37	-5.06	-4.30	-2.77	-6.82	-5.99	-3.30	-0.10	1.72	-0.62	-1.75
1.84	-7.73	-6.66	-7.76	-0.21	6.91	-1.87	-0.98	-0.96	1.16	4.96	-1.53	-4.64
=== END OF SAMPLE ===
Next sample in: 3... 2... 1... GO!
-0.82	-0.72	3.03	4.89	9.94	6.26	-1.58	-2.19	-1.49	-3.49	-0.73	0.07	-3.82
2.95	-1.83	-2.47	5.45	4.56	3.28	-1.08	-3.75	-0.39	-1.47	4.43	3.15	-1.52
2.63	-0.58	4.88	4.81	1.73	1.06	-4.49	-8.12	-0.85	-1.73	-1.93	-1.60	-2.53
-3.52	-6.60	-2.04	-0.58	1.31	-0.06	-2.96	-5.46	-4.02	-1.70	-2.18	-2.63	-3.90
-1.23	-3.99	5.07	7.77	3.03	2.13	-2.26	-2.07	1.18	5.01	0.12	-4.07	-1.67
-0.55	4.19	7.35	6.94	1.78	-0.40	-1.72	2.45	-1.84	-2.49	-2.44	-4.32	-2.18
-6.46	7.76	1.07	-5.08	-0.05	6.93	2.77	-1.65	2.47	4.79	1.68	-2.45	1.74
8.35	7.51	3.29	-4.39	1.34	1.83	1.17	3.14	2.48	-0.74	-3.10	-4.05	1.98
10.41	3.15	-4.79	-4.08	-3.56	0.04	1.67	3.55	1.51	-3.34	1.94	2.72	1.09
12.14	2.68	-2.21	-4.34	-3.18	2.20	1.15	5.12	-0.05	-3.50	1.46	1.18	-0.43
11.35	4.69	1.57	-0.14	-0.09	4.27	2.92	1.22	5.10	1.70	0.91	1.10	-4.72
10.17	7.90	-0.62	1.18	-3.93	4.31	1.02	2.59	3.14	-1.46	-2.94	0.97	-0.78
13.16	0.83	-2.68	-5.18	-8.87	0.05	-2.54	5.04	2.17	2.16	-0.15	-2.78	-3.87
14.58	6.03	-8.34	-4.20	-5.91	3.73	4.32	4.70	7.47	3.23	-0.30	-5.03	-2.98
4.80	6.45	-2.41	-4.39	-7.42	2.88	7.13	2.87	1.84	-0.86	0.84	-0.31	-5.02
4.74	5.39	-2.03	-3.43	-3.82	1.25	-0.26	0.90	-2.33	-1.18	1.05	2.04	0.94
4.49	0.79	-2.25	-0.22	-2.60	2.31	0.08	-4.29	0.34	-0.98	-2.74	-4.92	-3.42
12.99	4.73	-8.61	-3.49	-3.21	-3.91	1.94	-1.38	-5.36	-4.18	0.81	0.14	-1.17
10.09	4.33	-6.68	-0.85	0.17	-7.48	-0.49	-2.11	-4.38	0.17	-0.49	-0.92	-1.98
9.97	4.61	-3.16	3.29	3.91	-2.79	-1.04	-4.47	-5.89	-3.92	1.60	-1.05	-4.71
7.76	0.96	-5.88	1.31	-1.28	-5.12	-2.72	-1.08	-0.97	0.49	2.82	1.84	-0.02
1.09	-2.78	-4.82	-2.12	-3.42	-1.03	0.50	-3.40	-5.20	-7.44	-7.05	-2.42	-7.11
0.59	-0.48	0.61	2.59	-1.31	1.78	0.32	-0.82	1.85	1.55	1.74	0.53	-3.92
0.55	-1.92	-1.66	4.43	1.11	-2.03	-4.81	-1.71	0.08	-3.78	0.65	-0.11	-4.20
9.27	4.22	-5.09	-2.86	-1.04	0.27	-1.53	-2.71	1.15	-0.95	0.41	-0.11	-2.29
1.26	0.28	-5.25	3.61	3.39	-4.26	-2.09	-6.66	2.00	-1.28	-4.08	-0.76	2.19
-5.18	-0.21	-0.17	-2.49	-2.33	-1.88	-0.10	-4.16	-3.30	-1.06	-1.46	-2.34	-1.99
-1.09	-2.81	3.26	5.04	0.56	-1.14	0.88	0.58	0.84	1.79	-0.56	-6.67	-4.14
1.08	-1.33	4.23	6.18	-0.18	2.88	-0.13	-3.30	4.22	0.88	-2.34	-4.55	-4.25
-1.38	-1.43	2.24	5.34	-3.17	-2.43	-2.89	-5.54	0.56	1.95	-3.40	-5.35	-5.39
-1.99	3.56	1.67	6.58	6.43	3.41	4.11	3.84	-0.47	-1.44	-0.56	-2.26	-3.89
9.71	3.10	11.66	-0.44	3.47	-2.92	-7.49	-8.81	-7.66	-2.00	3.41	-0.84	-0.04
10.69	-0.42	7.00	-4.85	2.31	-0.45	-9.28	-7.89	-6.14	-1.73	1.46	4.96	0.10
8.26	-0.25	12.93	-5.92	0.25	-0.67	-5.79	-8.14	-4.02	-1.73	1.34	6.04	0.91
16.81	0.89	11.31	-4.44	-0.33	-3.68	-5.75	-8.89	-4.97	-2.22	1.85	7.04	-0.07
21.40	-5.12	9.23	-5.59	-4.10	-2.58	-10.24	-8.22	-7.07	-5.91	0.24	3.79	-0.21
22.79	-7.72	14.60	-3.36	-0.82	1.08	-11.02	-4.92	-4.28	-6.10	-0.46	2.45	3.34
10.98	-2.33	14.70	3.75	3.13	5.02	-4.46	-3.36	-2.03	-4.14	-0.68	1.10	1.40
11.07	1.70	10.59	-1.10	-0.29	0.34	-7.49	-1.23	-9.30	-9.00	4.28	2.41	-0.42
15.63	-9.70	12.24	-4.75	-2.91	-1.19	-11.35	-0.42	-6.09	-5.72	2.01	0.36	-0.95
24.13	-17.90	21.76	-10.25	1.82	-6.20	-14.23	-4.48	-11.44	-7.41	0.76	0.74	1.37
17.21	-12.84	18.96	-7.77	0.52	-3.94	-13.99	-3.91	-9.45	-7.23	0.16	3.12	2.92
22.61	-18.24	20.01	-11.01	4.03	-5.21	-11.49	-4.29	-9.62	-5.66	-0.35	4.22	2.24
18.54	-17.38	17.18	-9.95	2.32	-3.86	-10.02	-5.28	-8.39	-2.34	-0.40	4.86	2.41
19.26	-18.81	19.72	-8.79	2.01	-3.82	-10.55	-5.29	-10.81	-1.15	-0.33	3.20	3.57
20.63	-20.42	21.72	-10.93	5.33	-7.25	-8.93	-8.23	-10.83	-2.73	0.56	4.94	2.21
2.05	-6.06	5.74	-4.20	-2.91	-3.12	-6.93	-2.04	0.15	2.71	3.76	2.03	0.31
-1.97	-0.70	-2.67	-4.35	-6.58	-6.01	-6.13	-4.81	-4.56	-2.08	0.40	-0.91	-3.18
12.80	-16.98	17.62	-9.84	2.27	-5.40	-8.94	-8.86	-7.08	-0.63	-0.19	3.78	1.16
14.76	-20.15	17.80	-12.17	3.99	-5.75	-8.50	-8.14	-7.67	0.26	-1.01	3.30	2.02
13.31	-19.66	16.45	-11.37	1.98	-5.25	-8.44	-8.88	-5.73	-1.05	-0.34	5.12	0.37
16.88	-17.22	18.00	-10.40	2.32	-4.57	-10.44	-8.62	-5.73	-1.16	0.62	5.14	1.54
18.49	-18.39	19.05	-13.03	3.64	-9.11	-10.57	-10.64	-6.88	-2.24	-1.09	5.49	0.75
16.33	-18.47	16.95	-13.94	2.35	-8.99	-11.32	-11.46	-8.26	-3.07	-2.88	3.97	0.13
11.12	3.73	-2.86	-2.98	-5.69	-6.50	-6.15	-5.16	-3.69	-3.92	-1.44	1.15	-2.39
14.51	-19.63	19.69	-10.49	6.81	-1.40	-4.93	-7.96	-1.86	-0.36	-0.34	4.50	0.09
14.42	-21.83	19.87	-12.14	2.90	-7.12	-11.03	-10.51	-4.93	0.30	0.84	7.62	0.91
17.50	-18.96	19.62	-11.58	3.58	-7.08	-11.49	-11.82	-6.04	-1.89	-1.80	5.31	-1.48
17.38	-21.49	21.37	-11.32	4.17	-6.30	-11.18	-10.62	-6.20	-1.54	-2.72	5.01	-0.74
15.70	-21.60	18.77	-10.38	4.14	-5.20	-11.29	-10.03	-5.51	-1.62	-2.90	5.32	-0.74
10.47	-20.14	19.20	-8.23	4.32	-4.99	-10.28	-11.12	-4.19	-1.02	-0.98	3.93	-0.67
11.39	-22.97	20.76	-9.03	5.91	-4.73	-10.71	-9.54	-5.30	0.28	-1.60	3.32	-1.85
9.31	-14.95	16.53	-4.67	1.83	-2.09	-9.51	-7.50	-0.70	1.60	3.44	2.54	-0.00
5.45	-1.52	9.75	-0.67	1.44	-2.16	-10.04	-8.32	-7.04	-4.35	-2.38	-2.18	-3.42
14.08	-10.16	19.43	-1.99	8.84	-3.49	-4.06	-9.17	-3.65	-2.03	-0.43	0.56	-5.64
6.50	-12.65	19.61	-0.03	11.34	1.53	-0.39	-5.10	-4.73	-2.57	2.48	-0.86	-5.01
8.88	-4.86	11.04	2.73	8.36	3.50	1.10	-1.55	-1.45	-4.80	4.60	0.81	-5.10
13.37	-4.52	2.71	-6.32	3.04	4.29	-1.53	-3.17	0.07	-4.75	0.57	5.66	-4.65
19.18	-7.37	-0.85	-6.19	-2.83	-4.07	-2.59	-6.10	-6.88	-6.02	-2.30	-2.59	-0.07
23.16	-0.01	-1.37	-2.64	-1.50	0.66	0.49	-6.27	-7.28	-8.00	3.46	3.02	-2.17
11.18	3.04	2.03	-0.07	-7.33	0.78	2.10	-3.32	-2.49	-3.84	-2.17	3.02	2.41
10.41	3.17	-9.59	-2.39	2.50	-0.82	5.29	-5.16	-4.20	-8.66	0.37	-1.81	-2.83
15.32	9.13	-4.47	-1.53	-8.60	-7.33	4.06	-2.95	0.98	0.09	4.21	2.06	-3.08
15.81	3.43	-4.50	-3.97	-10.69	-2.13	3.58	-3.35	-0.06	-1.90	-1.86	-1.42	-4.37
10.19	4.15	-9.32	-7.74	-5.29	-0.87	5.83	1.73	0.25	-5.90	-0.26	0.79	-0.93
10.50	3.87	-12.42	-5.70	-6.36	-1.96	7.70	2.01	1.53	-1.20	3.08	1.21	-1.28
4.61	5.21	-11.72	-5.04	-7.82	-1.13	9.60	5.70	2.03	0.49	2.20	-2.44	-1.45
1.93	4.76	-4.70	-3.17	-8.38	-0.78	6.07	-0.58	2.62	0.74	-0.54	-2.60	-0.63
-13.95	2.90	0.97	0.95	-0.50	-1.26	7.29	-3.36	-1.27	-0.48	1.00	-0.10	-0.23
-8.50	10.16	2.25	-3.09	-3.33	0.40	6.22	-4.50	-3.82	-2.98	1.70	-2.11	-1.59
13.79	1.91	0.47	1.85	1.36	-1.76	3.40	-6.07	-5.57	-2.25	3.34	-0.84	-10.30
9.98	3.76	-0.45	-0.85	-2.02	5.60	4.73	-0.98	-4.88	0.13	0.73	-1.50	-5.97
13.26	4.22	-3.43	-3.01	-2.08	2.23	2.37	-2.23	-2.64	-2.63	-1.84	-4.68	-4.54
5.77	7.38	-3.64	-3.42	1.16	3.54	2.10	-0.52	-5.78	-0.60	1.08	1.58	-1.12
2.21	2.40	-10.02	-5.31	-2.31	1.50	6.96	1.41	-1.45	-0.11	2.40	1.55	-2.37
2.77	1.99	-6.08	-1.55	-3.33	0.34	2.50	-4.39	-4.22	-6.51	-3.90	-1.03	-2.17
2.85	4.59	-5.15	-1.73	1.17	3.85	0.66	-3.92	-2.53	-2.61	-2.82	-3.45	-4.00
1.68	6.64	-0.18	-1.10	0.04	2.18	1.44	-7.36	-2.65	-4.68	-1.90	0.90	-3.01
-3.76	9.53	-1.74	-5.85	-0.78	2.81	5.08	-1.80	-3.28	-6.15	0.05	-0.81	-4.39
-3.43	10.33	-0.44	-1.63	-0.90	5.39	2.60	-3.72	-2.28	-4.20	0.61	-0.94	-6.51
1.26	10.69	-2.16	-2.58	-1.74	2.74	-0.67	-4.81	-1.59	-5.82	2.61	4.91	-2.42
-0.86	10.97	-0.97	-1.51	-4.59	1.23	3.71	3.67	-1.80	-4.62	-1.57	-2.02	-6.33
-3.73	6.74	-3.06	-2.25	-1.26	6.51	4.37	-0.25	2.85	-2.91	-0.33	1.13	-0.38
-3.92	4.24	-6.20	-5.93	-0.03	6.78	4.76	2.24	0.52	-2.05	0.19	-0.57	0.16
7.97	10.16	1.01	3.94	0.79	1.41	-1.14	-6.74	-0.53	0.86	2.97	-2.18	-3.21
1.84	5.76	0.78	0.58	-2.04	-0.46	-2.64	-0.28	-2.90	-3.65	-5.35	-0.07	-3.20
4.68	3.36	-4.08	-3.69	0.51	4.22	1.11	-1.60	-0.17	-4.12	0.75	-4.10	-4.92
4.94	1.57	-2.94	-5.96	1.32	0.95	-1.30	-0.13	0.34	-5.76	-0.88	-3.57	-6.07
13.48	2.22	-4.89	-9.11	-7.84	-3.00	-1.58	-1.38	2.73	1.64	1.38	-0.65	-0.30
4.05	-4.59	-7.65	-13.84	-10.32	1.31	0.28	0.62	0.70	-0.68	1.20	-3.42	1.63
8.76	10.52	1.36	-6.80	-3.71	4.44	4.61	1.48	-4.05	1.07	3.11	-2.66	0.79
8.39	5.30	1.95	-11.37	-2.24	2.87	-1.46	0.96	-2.92	-0.08	5.40	-2.84	-0.12
-4.22	3.04	5.08	3.89	2.93	-0.36	-3.22	0.89	-0.10	0.83	3.30	2.87	-0.30
-5.62	2.81	0.30	1.78	0.92	0.20	-0.99	-0.68	1.35	2.15	1.47	0.51	-0.72
-1.84	-3.67	-3.74	-8.70	-5.85	-4.07	-1.99	1.66	-1.37	4.69	-4.11	-7.97	-1.33
0.32	3.07	3.02	-6.90	-2.20	0.23	-0.14	-1.88	-0.38	5.82	1.29	-6.36	0.28
6.18	-0.86	-3.31	-7.85	2.05	6.29	-2.82	-2.45	-2.93	1.33	0.48	-6.45	-2.68
8.73	-2.24	-7.20	-10.70	-2.38	4.31	-3.07	1.68	2.29	7.35	6.53	-0.16	1.04
11.55	0.79	-4.80	-9.01	-0.42	-0.72	-8.42	-1.87	-5.36	2.49	3.68	-9.95	-6.15
15.01	0.64	-5.88	-7.04	-0.24	2.28	-4.93	-1.44	-1.25	3.29	5.04	-6.13	-3.25
1.38	6.80	-0.65	-2.12	1.01	3.36	3.22	-4.02	-2.52	-1.23	0.86	-0.58	0.20
13.91	0.16	-5.69	-0.97	1.76	-0.06	-2.75	-1.43	-2.50	3.37	0.52	-6.05	1.05
7.12	1.41	-5.12	-5.12	5.63	0.96	-1.99	-3.82	-0.12	3.19	9.90	-2.69	-2.63
1.77	-0.84	-5.66	-5.65	6.26	-3.88	-3.72	-3.35	-2.75	2.80	10.76	-0.15	-0.14
5.23	-0.36	-5.92	-2.43	8.24	-4.27	-5.54	-2.14	-2.06	2.61	7.04	3.35	-1.05
2.86	2.79	-3.04	-2.90	6.29	7.30	3.89	5.62	-0.94	-2.56	2.02	-5.29	-2.18
6.67	6.52	-1.84	-4.83	3.87	2.73	1.12	-1.56	-0.85	3.66	3.05	-1.66	0.87
0.47	3.06	-5.67	-6.65	1.89	-4.52	-9.06	-3.47	-0.80	-2.33	1.53	-0.45	4.64
0.49	1.62	-2.19	-4.20	-2.91	-3.40	0.84	-0.24	-1.64	-1.48	-0.20	3.55	-0.97
-9.67	0.14	-0.54	-0.70	0.18	3.95	2.96	2.39	2.70	0.24	0.22	-1.69	-1.68
-5.60	-0.83	-0.72	-2.00	-0.82	3.98	1.91	3.05	-2.31	1.55	3.56	1.24	1.71
-6.37	1.60	0.07	0.38	0.37	3.56	1.75	-1.44	-2.25	-0.29	0.39	-0.81	0.43
-4.60	2.64	-0.05	0.71	1.03	1.64	-2.52	1.60	-0.39	-0.57	-0.79	-1.79	3.31
-6.03	-2.31	-3.49	6.87	4.06	6.07	1.78	3.76	1.94	-0.61	-0.27	-3.49	-3.40
-6.13	-3.72	-2.51	2.98	3.66	1.36	4.89	2.83	-4.32	0.48	-3.97	-4.48	-7.77
=== END OF SAMPLE ===
Next sample in: 3... 2... 1... GO!
6.32	-0.25	-6.42	-6.86	-5.22	0.22	2.49	0.06	-0.06	2.99	3.33	3.13	1.95
-0.09	-4.48	1.31	-1.36	-2.24	2.01	2.36	1.48	1.09	-1.21	1.46	1.04	3.27
1.97	-0.48	-1.13	-7.75	-6.11	2.01	-1.11	-0.51	0.55	-4.79	0.62	1.41	2.21
0.67	1.67	5.77	-0.83	-1.88	1.36	-2.28	0.63	-2.27	-2.02	0.23	-0.50	0.54
-0.93	-3.69	-0.95	0.84	-0.54	5.44	1.01	3.81	3.58	0.61	1.35	-1.35	-0.53
-8.20	-0.96	1.19	-3.04	-6.07	1.50	-1.10	-4.70	-1.96	-1.19	3.75	-0.32	0.68
-9.71	-8.49	1.03	-2.83	-6.56	4.53	4.12	-2.46	-1.85	-2.34	-1.64	-3.33	2.45
-3.71	-4.56	1.93	-0.35	-4.30	1.31	-1.67	-5.27	-3.37	-2.99	-2.76	-3.79	-2.68
-8.85	-0.38	-1.74	1.15	-1.18	0.58	-2.28	-3.21	-3.02	-4.89	-1.62	0.02	-1.14
-8.62	-0.32	-5.88	-1.54	1.04	0.08	-3.15	-3.25	-2.05	-1.70	2.39	-0.75	-1.92
-8.31	0.49	0.86	2.68	2.23	2.49	0.87	1.08	-1.68	-2.64	1.09	-0.52	0.88
-9.39	0.13	-0.34	0.74	0.08	2.11	0.93	0.59	0.58	0.37	0.36	-0.52	0.31
-7.41	0.22	0.99	2.58	0.70	2.55	0.73	1.74	0.34	0.21	-2.36	-4.11	-2.44
-11.55	-4.03	3.36	6.52	-0.72	-0.10	2.29	0.03	-0.36	-2.31	-1.19	-3.58	-3.77
-10.58	-0.06	8.95	3.66	-5.03	-1.01	1.06	-1.12	0.66	-0.35	4.03	-0.15	-3.35
-6.69	-1.17	-1.00	-0.73	-1.96	-1.23	0.89	0.96	1.10	-0.57	-1.58	-0.49	-0.40
-9.83	0.93	-2.23	0.73	2.66	3.50	4.88	3.19	1.61	1.13	1.53	-3.13	-4.01
-10.30	-3.44	-4.80	0.00	0.75	0.31	1.04	2.04	1.49	1.27	-0.01	-0.98	-2.36
-4.79	-3.56	-6.16	-4.30	-1.06	4.24	2.96	-0.31	-0.14	0.27	1.45	2.10	0.41
-3.82	2.76	-0.32	-1.06	-2.11	-1.52	-1.88	-1.94	-1.41	-0.72	0.72	0.23	0.17
-2.74	2.45	-1.29	0.10	-0.42	1.70	0.21	-0.56	0.46	0.35	0.77	0.01	0.39
-8.52	-1.16	-2.96	-1.09	-0.52	1.61	-0.15	0.34	1.25	0.86	1.57	2.53	1.70
-6.67	-0.13	-0.24	-0.79	-0.06	2.45	-0.43	0.61	2.29	1.80	1.36	2.10	1.80
-3.29	-1.09	-5.02	-2.93	0.12	1.67	0.31	-0.43	0.50	1.42	-0.17	1.27	2.40
-11.33	0.17	-1.62	-0.71	0.29	0.60	0.42	0.70	0.71	0.18	-0.61	-0.41	-0.11
-11.23	-1.69	-2.30	-0.14	-0.58	1.01	1.37	1.48	1.72	-0.12	-1.33	-1.17	-1.27
-0.65	3.02	-1.49	-4.08	-2.02	4.20	-0.40	3.63	2.21	-4.77	-2.54	3.89	-0.93
2.94	4.80	-4.46	-5.40	-2.40	2.45	3.68	2.53	-1.97	-2.02	-0.69	3.07	3.70
5.48	5.64	-3.06	-6.05	-5.41	2.64	1.99	-0.54	-1.33	-3.70	0.77	3.75	2.86
3.81	6.36	-3.35	-5.41	-4.54	-1.14	1.53	3.59	2.07	0.22	-1.06	1.82	4.47
2.46	6.24	-0.72	-2.04	-3.82	-0.59	-0.88	-1.38	1.44	-1.16	1.44	2.83	2.42
-3.64	2.33	-4.56	-4.07	-2.63	-0.88	-1.23	-1.18	-1.46	0.20	1.74	2.63	1.08
-8.40	0.18	-2.39	-0.43	-3.28	-2.22	2.08	1.49	1.69	2.80	1.31	-1.90	-1.17
-9.43	0.25	-0.55	0.16	-0.93	0.35	0.23	1.34	1.07	-0.49	-0.97	-1.84	-3.00
-7.32	1.87	0.23	-0.03	-0.47	1.48	1.50	-0.04	0.21	0.59	1.74	0.88	-0.06
-6.32	1.16	2.78	4.16	2.79	3.36	3.25	1.58	-1.00	-1.82	-1.93	-1.19	-1.52
-5.44	-2.63	1.18	3.45	1.22	1.76	0.97	-1.31	-1.23	1.61	-1.25	-3.33	-1.63
-4.10	-1.56	-1.49	1.68	0.02	0.88	1.96	3.45	2.40	2.07	-0.49	-3.28	-2.24
-3.24	0.93	0.71	1.44	3.20	3.27	0.45	-2.40	-3.20	0.12	1.08	0.44	-0.31
-1.55	1.20	4.50	3.32	1.75	-0.06	-0.59	2.35	-0.76	-0.68	-2.36	-3.16	-3.12
-10.41	-1.12	-2.14	0.55	0.65	-0.16	-2.94	-2.91	-0.89	0.37	0.19	0.93	1.63
-0.23	-15.75	-2.88	1.34	-3.83	-3.03	-9.21	-6.35	-4.21	-6.94	1.14	1.94	-3.36
24.03	-34.14	14.62	5.56	1.35	2.70	-10.89	-2.71	-5.27	-2.18	-1.32	0.52	-1.46
25.09	-35.44	13.58	7.49	1.08	1.13	-8.16	-2.59	-8.33	-1.41	-0.72	0.31	-1.40
30.80	-29.26	6.56	10.16	-2.36	5.51	-4.38	-4.06	-6.93	-3.80	-1.65	3.38	-2.55
11.93	-13.68	5.70	13.38	4.69	4.44	0.90	-8.22	-8.87	-9.18	5.40	1.42	-0.08
-5.03	-4.57	5.58	10.76	-0.40	3.89	1.92	1.08	-2.86	-8.68	0.70	4.40	5.53
-8.28	-15.38	7.94	10.52	-3.63	3.91	5.49	-0.45	0.01	-0.10	1.91	0.87	0.21
-7.12	-15.80	3.46	4.83	-1.09	4.21	-1.31	-6.41	-3.61	-2.97	1.38	5.80	-0.07
-10.45	-13.20	3.00	1.53	-5.76	0.03	-1.87	-5.26	-3.99	-1.66	2.70	4.49	1.07
25.47	-33.04	11.03	5.76	-4.74	7.57	-8.65	-7.45	-3.48	-8.79	2.19	5.29	-3.82
30.12	-39.12	13.66	2.64	-4.92	5.50	-12.10	-8.85	-2.78	-4.89	-0.63	6.47	-4.51
32.65	-34.72	8.48	5.05	-4.82	-0.06	-12.58	-7.19	-3.25	0.06	-4.83	8.01	-4.20
27.87	-27.90	9.32	-0.05	4.30	-7.40	-12.70	-6.97	-1.22	-0.25	-5.36	8.14	-5.58
28.91	-31.46	4.84	10.34	-3.16	-5.94	-11.92	-9.00	0.40	-1.09	-4.58	5.45	-2.88
26.58	-27.21	0.32	11.41	2.14	-9.47	-11.94	-6.47	-1.80	-1.95	-2.17	3.17	-3.64
23.50	-18.11	-0.62	2.92	2.05	-3.02	-11.01	-1.94	1.50	-0.60	-3.10	6.99	-2.51
13.46	-18.07	-3.84	9.08	0.79	-7.62	-10.24	-8.04	-1.71	-5.48	-4.85	0.94	-7.95
24.18	-19.55	7.96	7.33	9.68	-1.20	-10.20	-6.68	2.47	-4.73	-8.66	5.27	-8.32
26.07	-13.94	9.73	3.16	8.86	7.53	-7.60	-11.14	3.11	0.14	-8.14	-0.15	-5.31
26.07	-12.32	12.04	1.97	8.73	10.60	-6.17	-8.31	2.09	-3.27	-3.33	3.85	-8.29
20.51	-1.68	8.64	5.91	8.20	10.25	-3.62	-5.52	1.55	-2.32	-1.44	5.31	-4.22
15.92	-3.37	1.28	1.49	7.22	4.83	-2.26	-1.76	-0.19	-3.35	-3.13	-0.57	-3.22
2.83	1.29	3.28	3.77	3.96	3.46	-0.79	-1.10	1.04	-1.39	-1.03	2.09	4.94
-7.40	3.55	2.27	2.75	0.02	2.64	2.17	-0.48	-0.39	1.80	1.22	0.33	-0.12
-3.21	3.11	4.92	4.67	2.64	2.10	4.16	5.05	1.95	1.65	3.04	0.53	-2.20
6.43	4.03	2.50	4.40	0.03	-1.24	-2.41	-4.68	-4.95	-1.23	0.21	0.13	-1.41
3.98	1.18	4.10	5.17	-3.78	-3.02	1.51	1.27	0.94	2.59	4.05	2.76	1.41
7.70	3.68	4.34	1.68	-5.03	-3.46	-0.82	-0.20	1.34	3.59	2.75	1.93	0.78
0.77	1.21	-1.51	0.88	-3.32	-2.70	-0.81	-0.16	-1.21	-0.77	0.14	0.07	-0.71
-0.34	3.43	2.54	1.78	-2.44	-1.68	0.58	-1.12	-1.65	-0.83	0.08	1.59	1.10
2.76	2.24	1.58	0.21	-4.04	-1.58	-2.08	-4.00	-3.92	-1.92	-0.90	1.19	1.05
-19.04	-2.07	2.16	-1.71	-0.97	-1.74	0.78	-3.95	1.31	1.77	1.70	-3.52	-1.91
-11.04	2.62	1.11	0.43	3.69	3.99	5.43	-7.21	1.52	-2.38	1.06	1.94	-0.51
0.79	2.69	1.41	0.93	8.93	5.49	4.54	-5.57	-6.00	0.93	6.23	5.72	-1.71
10.46	-6.81	4.34	-0.29	7.80	6.40	1.49	-3.67	-5.03	1.76	3.44	2.71	-4.48
9.00	-5.49	6.45	-2.90	11.78	7.55	0.74	-7.17	-8.79	-0.84	2.97	0.28	-11.46
-2.27	-9.13	-0.51	-10.11	3.36	1.36	0.28	-6.26	-6.20	3.43	4.79	4.28	-8.02
-5.67	-2.02	2.30	-1.42	-0.10	-0.09	-1.36	-6.31	-6.82	1.49	3.05	-0.32	-0.31
-5.09	-0.88	-5.07	-6.16	-0.11	0.58	-2.16	-3.75	0.85	4.71	3.89	5.15	0.57
-10.47	-0.50	-0.81	1.51	2.63	-1.49	-2.75	1.79	0.35	-4.80	0.29	0.13	-1.80
-7.49	2.12	-0.33	-5.18	-6.35	-4.03	-2.83	-0.82	0.14	-1.00	-4.83	-5.51	-1.98
2.32	3.39	-1.32	-4.68	-0.41	-2.82	-2.81	-5.00	-2.53	-0.68	-2.39	2.15	0.46
1.74	3.46	0.32	-4.28	-1.60	1.38	-0.09	-3.88	-1.50	-1.44	1.00	1.70	-1.49
1.33	4.38	3.27	2.64	-0.68	2.34	-0.77	-4.65	-2.01	-2.57	-1.37	0.63	-0.44
-3.40	4.64	3.90	2.55	2.90	2.63	1.11	0.75	0.88	-0.06	-2.71	0.72	-0.15
-4.16	3.46	-1.25	-5.79	4.48	-0.47	3.61	-1.37	-0.50	1.47	-1.60	1.05	-1.37
0.42	-2.21	2.92	1.69	-2.78	1.07	1.74	-1.56	1.73	-1.36	-0.34	0.39	-1.25
-7.15	2.63	-0.02	-1.26	1.45	3.23	-2.11	-0.85	3.28	1.11	-0.18	2.69	-1.28
-9.89	6.17	2.43	-1.03	1.32	3.08	2.11	0.12	1.96	0.11	0.25	0.11	-1.63
-6.15	-2.24	5.48	4.90	-0.35	3.10	3.49	1.49	1.50	-0.80	-1.07	1.86	1.25
0.77	2.03	7.23	1.77	0.07	3.47	1.45	-0.42	-2.65	-3.16	-3.51	1.08	0.59
-0.17	0.35	5.02	3.20	-2.97	5.64	5.62	-0.74	-0.22	-1.54	-2.22	-1.91	-3.36
-3.12	-4.59	4.41	3.31	-4.15	-1.66	-1.14	1.78	2.63	0.81	1.43	3.19	-0.34
-0.83	-0.64	0.71	0.86	-4.94	-3.27	-0.08	-1.24	-0.81	-1.37	0.31	1.14	0.37
1.03	5.21	4.00	0.58	-2.42	-0.91	-0.04	-2.64	-4.43	-4.51	-2.37	-0.84	-0.49
-6.48	3.76	0.23	-0.42	-3.62	-4.09	-3.93	-2.34	-0.04	0.05	0.98	0.62	-1.16
-10.74	-1.03	-1.74	0.04	-0.26	0.44	-0.14	-0.11	0.24	0.69	0.15	-0.09	-0.81
12.70	5.87	-0.24	-6.09	-7.27	-3.23	-0.98	-0.48	-2.70	-5.63	-3.41	1.17	2.54
6.06	1.27	0.51	-4.14	-6.47	-1.70	-0.13	0.39	-0.35	-3.53	-3.60	-3.94	0.02
9.49	2.60	-2.30	-3.04	-4.56	-2.54	-0.65	0.31	-0.66	-3.48	0.05	1.47	-0.91
10.62	6.11	-1.81	-6.45	-6.55	-2.87	-1.25	2.38	2.31	-0.01	-1.81	-1.23	1.59
4.43	4.41	-2.38	-7.87	-8.98	-3.42	0.56	2.38	-0.04	-0.96	-2.51	-2.20	-0.51
7.02	2.27	-4.82	-6.40	-6.10	-1.75	-0.69	0.75	-0.32	-2.38	-1.29	-1.61	0.60
4.91	2.95	-2.52	-3.90	-5.12	-1.31	2.31	3.71	3.62	3.16	1.58	-2.43	-3.25
-1.93	0.16	-4.02	-5.57	-1.65	0.90	1.53	2.55	1.56	-0.13	1.02	0.54	-0.93
0.55	3.08	-2.54	-4.52	-2.52	1.22	0.59	2.98	3.16	1.64	1.43	-1.88	-1.12
-4.85	-0.75	-2.42	-3.19	-1.44	0.37	-0.40	1.58	0.42	-2.38	-1.70	-2.04	-2.65
-1.68	-0.16	-1.18	-1.16	-1.15	-0.14	-1.41	-0.98	-0.35	-0.20	1.17	1.70	2.19
3.18	3.22	0.06	-4.33	-4.44	-3.49	-3.00	0.41	-0.56	-0.90	-0.50	-1.77	-0.69
-0.92	0.58	3.57	-3.02	-5.27	2.39	0.51	-1.47	1.13	-0.19	-0.86	0.70	4.88
-0.97	0.52	3.02	-1.13	-8.00	-3.23	-2.40	-0.24	4.43	3.48	1.21	-0.93	0.04
-1.09	3.45	1.65	-1.90	-5.24	-0.74	-0.51	1.67	2.64	-0.02	-1.47	0.25	2.11
-0.65	5.64	3.62	-3.80	-1.34	1.17	0.86	5.46	4.99	1.46	1.56	-1.87	-1.45
-1.20	2.14	3.97	-0.81	-2.89	-1.05	-3.11	-1.63	1.93	-0.55	-0.08	-1.15	-2.13
8.65	6.70	4.01	-0.20	-2.13	4.39	-0.22	0.03	2.31	-2.53	-0.64	-0.80	-1.60
2.05	5.34	5.13	-1.03	-3.36	1.97	-1.85	-0.49	1.48	-0.24	-1.32	0.13	1.94
6.62	2.31	1.99	-0.69	-1.84	1.14	-2.32	-2.13	-0.14	-1.41	2.28	5.26	1.09
-9.17	0.24	-0.33	0.78	-0.72	0.36	0.63	0.61	0.78	1.33	0.28	-0.38	0.06
-11.67	-0.74	-2.52	-0.93	-0.62	0.02	-0.48	-0.28	0.58	0.24	-0.26	-0.44	-0.84
-0.88	4.62	5.17	2.14	-0.71	1.75	3.24	3.38	2.87	1.10	0.17	0.80	1.73
6.05	9.18	7.52	2.45	-1.68	0.04	-1.01	-1.66	5.00	1.10	-0.04	-0.47	2.61
4.97	5.81	7.83	3.69	-2.72	1.14	1.00	0.88	-6.98	-7.93	-0.83	2.38	2.71
0.74	-4.12	0.49	-0.41	-2.71	2.22	2.07	1.21	0.74	1.91	-0.59	0.89	3.11
2.61	7.15	3.08	-0.41	0.98	2.69	2.97	2.68	-0.57	-0.15	0.12	3.04	-1.97
=== END OF SAMPLE ===
Next sample in: 3... 2... 1... GO!
-9.07	-2.22	1.13	0.55	4.18	5.20	-0.41	2.70	1.40	2.82	-2.55	0.84	-0.22
-9.31	-2.36	4.25	7.48	1.80	0.08	2.37	-0.57	1.03	2.69	0.82	0.08	-1.75
-9.36	-4.29	1.09	0.29	-3.38	4.37	-1.06	-0.27	0.44	0.50	2.94	1.46	-1.06
-20.64	1.47	4.03	4.37	-1.05	4.82	0.28	-6.71	5.18	0.34	1.05	1.72	-0.77
-34.33	1.11	4.82	0.91	-5.29	4.96	4.10	-2.27	6.99	-1.76	3.62	0.71	0.67
-27.89	0.67	6.34	1.64	-2.00	1.92	-2.63	-1.67	5.93	-5.28	1.58	3.53	-2.10
-25.94	4.73	5.82	1.14	-3.25	6.06	-3.39	0.19	8.95	-2.27	1.87	5.16	2.25
-24.75	-0.05	4.03	0.88	-4.01	0.46	-1.84	-6.42	2.52	-3.15	1.02	-1.55	0.96
-26.68	1.47	1.98	2.59	-0.19	8.27	6.51	2.38	11.79	3.21	2.12	-0.26	1.42
-27.27	-2.69	2.02	4.72	1.73	11.99	4.77	-1.04	4.98	-1.31	2.57	2.83	3.01
-21.17	4.43	4.71	5.01	-1.46	3.16	3.07	-4.96	1.33	-4.23	-3.32	1.97	-2.91
-18.80	3.18	6.25	6.18	-0.14	4.79	-0.21	-1.91	6.57	2.14	3.48	-0.98	-0.55
-17.29	6.06	4.67	4.67	2.98	9.94	2.73	0.34	4.28	-0.11	2.37	5.15	1.22
-20.60	2.11	4.67	6.61	1.01	2.76	-0.68	-4.95	0.94	0.69	5.14	0.05	0.75
-10.36	5.00	5.48	3.62	2.07	5.01	-0.08	-0.91	6.86	1.06	0.61	-1.85	-4.32
-11.78	2.38	6.41	5.93	4.89	8.82	3.81	-1.38	4.38	1.25	4.70	1.67	0.28
-14.11	3.55	5.54	4.27	5.28	13.13	5.70	0.18	7.29	3.43	3.96	0.34	-0.02
-13.61	0.58	0.17	-0.07	0.96	9.15	1.52	-3.97	6.57	1.89	3.80	1.88	3.29
-10.94	2.04	7.41	3.80	-0.37	6.48	1.05	-1.63	5.70	4.29	-0.46	2.70	3.93
-10.27	-0.89	4.61	0.69	-1.91	7.07	3.07	-1.81	6.59	3.72	2.51	3.73	6.92
-11.42	0.49	-1.27	0.63	0.41	4.81	1.15	0.01	1.82	-0.14	-0.76	-0.60	-1.42
-8.62	5.30	6.04	-0.57	-2.54	3.26	2.46	7.48	5.22	4.54	1.69	-1.00	-0.11
-10.00	2.17	0.28	0.90	-0.99	3.22	0.61	-1.57	3.66	2.83	-0.46	0.30	5.33
-14.57	-1.43	3.56	2.97	-2.59	1.74	2.05	-0.65	2.76	-2.46	0.04	4.70	1.76
-6.06	0.83	0.99	1.89	2.47	5.04	-1.35	-2.33	3.21	-0.30	0.14	1.06	3.45
-13.31	-0.94	1.31	3.76	0.45	5.75	6.44	4.10	6.94	2.63	2.65	1.47	2.18
-11.05	6.75	5.23	1.56	-0.29	2.30	0.80	-3.10	5.58	3.21	2.00	-1.61	-0.36
-12.80	1.77	4.87	5.67	3.21	4.60	2.67	-2.01	5.23	2.76	-1.23	-1.41	-1.58
-14.52	-4.76	1.11	0.91	-1.87	4.78	2.16	4.17	3.63	1.04	1.61	4.71	2.47
-10.99	0.61	1.97	-1.00	-0.32	2.91	3.33	0.07	-1.05	1.74	2.59	3.24	-1.14
-14.87	-6.44	3.56	2.61	1.14	0.38	1.13	0.85	0.58	3.42	1.63	-0.10	1.28
-16.35	-2.11	6.01	3.23	0.61	5.01	0.10	0.05	-2.71	-0.35	1.70	-1.52	-0.79
-15.52	-4.05	0.37	1.76	2.40	1.03	1.88	3.04	2.15	-1.13	2.13	2.08	1.48
-16.85	-5.35	-0.63	2.91	1.15	5.90	4.03	2.11	-0.69	2.98	2.20	2.57	-1.21
-8.44	-0.36	1.51	1.97	0.98	1.43	-2.28	-0.82	0.06	3.03	0.72	-0.35	1.40
13.12	-10.44	0.15	8.97	1.56	0.93	-8.05	-5.51	-7.10	-3.57	3.26	3.99	-0.93
19.23	-19.68	3.22	6.37	1.25	0.82	-9.32	-3.87	-6.03	-7.16	7.88	2.04	0.19
20.87	-16.73	0.04	11.27	1.41	-0.08	-7.38	-3.93	-8.41	-6.63	6.64	2.22	1.25
-4.95	-8.24	-1.89	9.36	1.06	-2.12	-0.36	-4.05	-6.71	-2.95	1.45	1.32	-0.65
-11.75	-13.91	0.63	12.91	-3.13	1.25	4.37	-8.27	-5.59	-0.14	-2.48	1.42	0.61
9.82	-8.72	-0.24	11.22	-5.56	2.68	1.51	-9.60	-0.82	-6.87	2.29	1.21	2.91
25.11	-20.43	3.08	10.78	-7.66	8.12	-4.08	-8.68	-5.10	-10.16	2.14	5.54	2.02
20.70	-20.24	1.51	9.35	-4.90	9.48	-0.81	-8.00	-7.15	-12.73	1.03	4.93	3.91
18.15	-16.48	5.52	9.00	-0.56	7.32	2.10	-3.04	-4.65	-6.73	-3.26	6.79	3.09
23.61	-15.91	-1.06	7.73	-3.89	6.14	-1.60	-6.28	-3.58	-6.06	1.89	4.42	2.76
31.54	-29.76	1.29	8.61	-3.39	3.90	-7.52	-8.72	-5.59	-4.32	1.98	4.74	0.84
6.87	-15.73	-5.63	9.14	3.72	-4.87	-8.37	-7.06	-3.57	0.47	1.27	2.21	0.21
0.97	-21.60	-7.03	10.80	-0.18	-9.45	-11.23	-10.27	-4.03	-0.34	-0.06	1.50	1.36
18.02	-36.71	12.71	8.57	-3.84	-2.63	-13.62	-8.26	0.49	1.50	-1.84	3.07	0.13
25.70	-31.52	3.85	12.29	0.22	-6.31	-11.03	-9.13	-0.41	0.62	-2.91	3.34	0.86
19.93	-33.10	8.96	12.64	2.56	-8.78	-9.16	-8.69	-2.52	2.90	-7.31	5.03	0.56
22.50	-29.63	11.72	9.53	2.05	-5.52	-10.47	-8.14	-0.39	1.62	-6.44	3.25	-0.33
24.11	-23.93	9.28	14.77	2.81	-8.49	-9.97	-8.34	-1.39	1.31	-5.25	2.73	-1.35
23.05	-20.05	13.93	9.16	4.85	-3.98	-11.67	-6.83	-0.43	-0.35	-2.43	1.15	-1.63
14.82	-9.98	6.82	10.92	6.70	2.45	-5.85	-4.46	0.83	2.22	0.55	0.58	-4.05
17.90	-8.73	5.70	11.05	6.87	3.17	-8.39	-7.09	3.32	0.42	-5.15	-2.45	-2.06
17.60	-7.34	-0.25	9.04	3.71	5.56	-5.95	-8.31	2.86	-2.98	-3.28	1.41	-3.71
9.48	-1.73	1.52	11.90	2.77	-4.48	-8.13	-7.67	0.37	2.64	-1.47	0.09	-0.65
8.44	-0.36	1.30	11.16	3.01	0.24	-2.86	-6.45	1.34	-1.99	0.30	1.02	-2.03
8.42	-2.81	6.37	11.22	1.27	-3.71	-3.06	-5.93	0.25	-2.97	-2.68	-0.52	-0.48
3.74	0.24	6.75	9.77	0.58	-4.54	-1.61	-2.08	2.29	0.67	1.26	-1.34	-1.23
5.94	2.71	2.58	9.51	2.27	-1.20	-3.54	-2.67	-2.16	-1.49	-2.39	-3.31	-0.64
-8.35	1.16	-0.19	5.78	2.48	3.82	3.52	1.68	1.57	3.32	1.50	-2.62	-2.30
-7.13	4.65	6.58	6.28	1.97	3.04	2.13	3.13	0.72	0.71	3.45	0.18	-1.19
-1.68	-1.46	3.16	7.28	0.68	4.08	3.89	5.32	4.50	5.93	5.75	-1.17	-3.29
-0.89	1.36	4.18	7.42	1.45	1.73	5.56	-1.14	2.09	0.38	-1.57	-0.55	-1.99
-2.26	0.92	2.48	8.01	-0.56	4.43	-0.25	-1.45	-1.21	1.77	3.90	-2.60	0.93
-4.71	0.98	1.64	9.09	2.68	5.47	-1.97	-0.55	1.08	-0.37	1.04	3.67	2.08
-3.46	-0.17	2.33	6.78	4.33	3.30	-0.57	-0.21	-3.08	-0.82	-3.01	-0.95	-1.81
-5.67	-2.04	2.58	3.37	-2.14	0.58	0.58	-0.98	1.85	-1.95	-1.06	-5.17	-6.13
-27.44	-5.01	-4.48	9.41	3.23	3.63	2.37	-10.28	-4.42	3.43	6.59	2.11	3.35
-2.20	1.57	-5.24	12.23	12.17	8.15	7.20	-3.89	-1.27	-4.72	1.44	1.80	-3.04
10.68	0.15	5.85	5.90	10.78	11.50	-2.75	-3.41	-13.24	0.97	1.57	1.69	-1.79
16.41	1.85	5.49	0.95	12.92	12.02	-9.19	-4.65	-10.51	-0.21	-0.16	0.45	-1.12
13.79	-2.62	8.59	2.39	10.89	12.05	-5.39	-5.57	-13.57	-0.41	-0.25	-2.62	-3.42
9.24	-1.84	4.95	5.14	10.39	9.67	-2.80	-3.94	-8.98	-0.78	3.98	1.64	-4.98
0.09	-6.61	7.36	-1.99	7.95	6.81	-2.72	-6.70	-10.58	1.98	3.93	5.57	-0.46
-7.64	-9.24	4.15	-5.09	-1.39	-2.89	-0.45	-3.00	-5.06	3.35	3.98	2.78	-0.54
-13.31	-1.52	-4.16	-0.58	0.67	-0.02	0.53	-0.28	-0.75	2.59	2.70	1.98	-2.72
-9.68	-4.07	-7.54	-2.12	-0.38	2.84	6.93	-2.18	-0.16	0.30	4.23	7.32	4.33
-13.35	-4.49	-2.93	6.49	0.57	0.29	1.62	-3.21	-5.00	-5.01	-0.91	0.55	-2.55
-14.33	1.28	-0.57	4.65	1.93	4.47	3.22	-5.68	0.54	2.63	2.56	-0.80	-3.01
-10.13	4.45	-0.79	6.46	2.80	1.87	4.40	-0.08	1.14	-1.40	0.71	1.48	-0.36
-14.29	1.47	-4.81	3.30	7.51	3.77	2.16	-6.13	-1.72	0.66	2.94	-3.40	1.15
-17.26	4.67	-3.46	4.27	1.96	1.10	-2.14	-3.59	6.97	5.69	-1.70	-2.86	-2.09
-16.68	1.97	0.06	7.70	-1.44	2.10	3.20	-1.79	2.34	1.19	-0.93	-2.61	-1.44
-15.53	-0.14	-2.64	-1.78	-0.09	2.67	-1.60	-0.12	0.75	-0.19	0.71	-0.13	0.12
-12.93	-1.45	-2.02	-1.50	-0.57	-1.62	1.31	-0.99	-1.59	0.48	1.96	0.56	0.62
-27.04	-6.25	1.01	-0.91	-5.78	-2.59	0.06	-5.41	2.30	2.66	0.65	-2.21	0.93
-24.29	-5.57	2.88	-1.06	-4.84	5.71	1.03	-2.15	4.73	-2.89	-2.41	-3.14	-6.29
-14.96	-0.21	2.97	6.03	4.03	5.72	-1.03	0.47	4.19	3.45	-2.86	-4.50	-3.31
-8.38	-0.78	0.44	7.97	-3.40	-0.30	-2.57	-1.21	4.30	3.25	-2.41	-1.90	-3.44
-8.12	0.06	4.09	8.59	0.64	1.67	-2.10	-1.84	2.65	4.47	-0.21	-5.53	-1.05
-5.23	1.89	4.23	2.17	-3.54	-3.16	-0.15	-1.39	4.07	0.34	-1.04	0.05	-2.14
-7.07	0.79	5.65	1.71	-5.00	0.09	-3.07	-0.97	-1.33	1.49	1.74	-1.81	-1.46
-1.87	4.37	4.81	4.43	-3.16	-7.07	-3.45	-2.53	1.74	5.82	0.13	-1.45	-1.88
3.23	-1.93	8.04	9.39	-2.59	-11.83	-6.21	3.38	1.78	2.67	-2.30	-5.48	1.58
2.72	-2.84	9.48	7.90	0.08	-7.85	-6.43	-3.02	-0.04	3.33	3.40	-3.68	-2.78
-1.36	1.54	11.36	8.53	0.47	0.20	-0.97	-0.31	2.11	4.78	5.91	-5.23	-4.46
2.61	3.93	8.88	5.53	3.30	0.38	0.14	3.03	5.60	3.85	1.51	-2.20	0.08
1.69	3.49	2.68	4.84	6.87	-1.33	-1.42	0.15	1.56	1.70	4.21	2.06	0.03
0.79	0.93	2.24	7.71	6.19	1.16	3.80	4.42	1.21	2.75	4.77	4.09	2.67
-2.37	-2.25	6.77	10.88	3.69	-3.84	-1.01	1.16	1.25	4.24	2.21	-0.07	-1.19
-0.52	4.64	5.11	3.08	3.60	0.60	1.76	-0.04	0.36	4.16	1.28	2.76	6.02
-7.14	6.27	3.47	3.09	-3.06	-2.34	1.91	2.15	-1.33	0.97	1.94	1.81	0.88
-2.08	-5.89	0.45	4.35	0.83	-2.68	-0.80	1.45	-1.73	2.88	2.36	0.40	6.15
0.77	-1.86	2.48	4.09	2.32	0.38	0.94	0.43	-0.78	4.21	5.75	6.96	2.33
2.08	1.13	4.51	4.90	4.02	0.16	2.93	-0.34	2.24	6.29	5.16	4.32	2.31
3.82	1.73	1.81	7.68	3.16	2.64	1.56	-1.82	2.55	7.33	8.69	6.22	3.57
3.73	3.91	0.72	3.90	2.09	2.02	1.95	0.75	-1.21	6.46	9.51	7.74	2.72
6.21	3.94	2.01	4.24	-0.11	4.74	2.90	-3.14	0.98	5.10	6.15	5.13	7.70
0.66	4.06	2.72	6.06	-1.35	3.35	3.40	-3.15	2.54	5.42	8.45	9.00	10.08
-0.95	7.59	9.02	9.95	3.11	1.71	-1.77	-1.10	-0.81	3.67	5.47	7.49	7.75
4.89	-1.09	2.25	14.10	0.31	-1.71	-0.66	1.66	-0.78	4.06	6.86	7.64	12.83
-4.15	5.68	5.06	3.82	1.67	1.31	-0.30	0.10	0.80	0.95	-1.41	-1.09	0.83
-4.31	6.52	3.58	2.08	1.47	4.18	0.51	-0.95	-1.07	-2.73	-1.30	0.58	3.69
0.80	2.09	0.46	4.32	5.10	4.44	3.21	0.12	6.65	5.85	4.09	5.36	3.39
1.15	0.77	0.89	3.53	1.22	3.90	4.64	3.88	2.73	6.52	3.38	3.94	2.06
1.25	-0.83	-0.77	-2.18	2.92	5.49	2.21	7.40	3.17	3.36	-0.66	3.16	1.62
-3.88	2.96	-1.16	2.18	-0.15	3.90	-1.32	-4.11	2.53	1.89	5.10	2.63	2.68
-0.20	2.32	-4.17	-3.53	-4.00	1.56	-2.41	-2.44	-0.86	2.58	4.24	-2.68	1.79
2.64	5.01	-0.21	4.43	2.15	1.52	-1.90	-1.06	-0.71	1.47	1.17	-2.10	1.84
5.65	4.12	-1.54	-1.39	-2.11	7.76	2.85	-0.22	5.30	3.42	0.60	-2.11	2.23
5.85	3.94	2.42	-4.11	-3.71	-2.05	2.98	3.35	3.20	2.09	-0.92	-1.78	3.24
-7.27	-2.18	-3.17	-3.34	-4.85	0.38	2.30	2.02	-0.22	-1.12	0.02	0.14	-0.20
=== END OF SAMPLE ===
Next sample in: 3... 2... 1... GO!
-7.78	-1.31	3.42	7.22	5.93	-0.47	4.06	-0.12	-1.25	1.15	4.65	4.10	4.51
-4.30	-3.92	5.17	5.84	0.94	-0.49	6.36	-2.74	-3.43	-0.74	-2.29	-1.47	-1.28
-4.11	2.49	5.84	6.49	-2.26	-1.26	1.81	1.61	3.11	0.53	-4.53	-2.13	-2.32
-3.84	-0.80	4.33	2.21	1.27	-2.00	0.38	-0.97	4.00	3.38	2.81	5.40	2.74
-3.88	1.16	3.59	7.29	2.80	-1.88	-1.13	1.67	1.94	-1.62	-1.99	-2.10	-0.11
-0.07	2.18	3.58	1.19	0.64	1.57	6.47	2.97	6.07	-2.77	-3.02	-3.60	-5.53
6.69	2.23	6.20	2.14	2.75	4.73	3.55	0.25	-0.61	-1.31	-3.91	-4.03	-3.35
4.11	2.76	3.84	2.74	-0.58	2.25	5.15	-1.03	2.61	-4.31	-6.44	-0.33	-4.01
-0.04	-4.06	3.25	2.52	0.26	-1.50	0.68	-0.29	5.22	1.18	0.10	3.48	-0.99
-9.23	-2.17	-4.54	0.20	-1.57	1.79	3.22	-1.49	-0.31	3.32	0.78	2.50	3.42
5.28	-4.08	0.96	0.65	6.15	2.20	1.88	-1.25	2.16	-0.15	-4.96	-0.80	-4.26
0.60	1.06	-1.82	-7.40	5.20	1.00	1.54	2.19	1.74	-4.38	-3.27	-0.83	-2.16
3.11	-4.79	-6.39	-5.91	-4.05	-4.19	-2.11	1.09	-3.73	0.64	-7.46	0.29	-1.97
10.37	-0.53	-6.10	-2.47	-2.42	-4.74	-3.92	-1.40	1.78	-5.58	-7.51	-2.34	-0.22
14.98	4.61	-3.53	-2.81	-1.46	-3.47	-2.38	0.16	5.62	-2.91	-6.95	-4.52	1.82
14.27	3.73	-9.08	-6.30	-4.28	-7.62	3.15	-1.80	1.28	-3.85	-6.69	0.12	-0.32
1.71	1.91	-3.85	-0.32	-2.80	-1.77	3.95	0.13	-0.49	1.19	0.30	-2.24	-1.87
4.07	-1.89	-0.83	0.17	-2.46	0.70	-0.93	-5.11	-4.90	-4.85	-5.25	-0.64	1.95
-4.79	5.31	-1.66	-0.05	-6.75	-2.13	4.97	-0.49	-1.16	-7.66	-9.76	-4.77	-4.48
-0.66	0.46	-3.89	-0.60	-14.12	-0.61	1.50	-3.63	1.68	-10.77	-10.50	-6.95	-4.73
8.66	0.46	-0.16	-4.19	-9.72	-1.89	5.30	3.23	-6.47	-11.60	-6.47	-6.40	-6.02
8.85	0.77	-1.22	1.05	-7.06	0.60	5.88	2.75	-5.02	-13.50	-9.86	-7.60	-5.89
7.69	2.72	3.68	-1.23	-8.60	-0.15	6.01	0.89	-0.02	-14.66	-13.15	-5.95	-1.85
7.56	1.38	-2.98	-2.44	-2.47	2.25	5.33	3.56	1.94	-11.47	-13.58	-11.39	-7.14
5.54	-2.26	-5.82	-4.76	-3.47	-3.23	-0.99	-0.86	-5.07	-2.70	-4.77	-3.33	-2.96
12.33	-8.66	-8.27	6.05	3.96	-2.35	-1.84	-2.17	-3.71	-1.41	-1.62	-1.86	-0.93
25.21	-17.28	-6.14	8.03	2.82	-3.29	-0.33	-2.84	-8.35	0.21	-3.36	-2.50	-0.03
29.15	-17.44	-6.51	9.78	1.48	-3.85	0.32	-7.21	-9.93	-1.66	-3.56	-1.34	-0.32
26.76	-16.64	-6.10	9.81	2.83	0.09	0.66	-9.41	-10.86	-5.83	-2.93	-0.67	-2.43
13.76	-9.45	-8.15	1.50	-2.12	3.09	9.53	0.48	-0.70	-8.61	-4.70	-0.77	-2.53
6.56	6.08	1.27	-4.92	-3.98	3.99	13.08	-2.31	-0.92	-13.66	-10.76	-3.33	-2.32
17.35	1.26	-4.19	6.25	3.59	3.59	4.08	-5.68	-6.43	-8.45	-0.92	0.75	-0.09
26.83	-13.26	7.10	1.59	1.06	5.07	1.26	-9.24	-1.54	-3.02	-2.05	6.19	-2.82
13.24	-5.50	-0.76	0.59	0.60	2.07	5.45	-3.53	-6.88	-6.72	-4.70	-3.77	-6.29
29.68	-15.36	-3.93	2.16	2.28	7.00	3.01	-6.36	-11.02	-12.68	-3.54	-1.72	-5.52
30.45	-21.94	-0.07	4.21	0.61	0.30	-1.74	-9.93	-8.57	-6.60	-2.46	3.02	-2.35
29.23	-32.11	0.35	2.87	-5.58	1.66	-8.80	-7.30	-4.00	-5.44	-1.98	4.33	-3.61
29.56	-27.33	3.76	8.60	-1.65	0.15	-9.27	-9.51	-4.69	-5.09	-4.34	1.77	-2.88
29.26	-28.86	2.54	9.81	0.60	-7.51	-6.84	-8.85	-3.83	-1.92	-3.49	4.48	-2.53
22.42	-29.51	1.12	8.34	-0.39	-9.67	-5.53	-8.67	-1.17	-0.71	-6.07	6.01	-1.09
-9.56	-10.49	-9.19	-0.92	-1.82	-8.01	-9.46	-5.69	-3.02	-1.34	-1.71	-4.17	-1.33
7.05	-12.43	-9.86	5.57	3.35	-4.70	-3.37	-0.51	3.25	-0.90	-4.35	-0.03	1.33
22.06	-19.19	4.77	8.68	6.14	-8.18	-11.63	-4.90	2.63	-5.70	-1.06	2.63	-6.65
24.53	-20.70	4.56	9.80	5.29	-5.79	-11.50	-1.04	-1.31	-8.29	-2.75	2.48	-8.62
24.90	-15.49	6.25	7.98	3.45	-4.23	-5.63	-3.89	2.63	-5.37	-6.63	0.70	-5.67
12.70	-11.07	2.58	11.30	10.80	-2.56	-1.92	-7.62	2.94	-2.47	-3.88	-0.10	-2.53
24.42	-14.71	3.56	11.35	10.94	1.24	-5.88	-2.23	3.60	-2.94	0.03	-0.29	-7.14
16.73	-4.12	5.38	9.68	7.84	1.85	-3.94	-7.18	0.72	-5.90	-1.39	1.93	-8.10
2.63	8.32	1.56	-5.69	1.66	-1.86	-1.49	4.85	-5.14	-3.83	-3.65	-3.19	-1.29
-5.58	-0.65	-4.50	-2.69	0.64	3.72	3.83	0.65	1.41	1.63	0.36	2.33	3.62
-0.40	0.21	-7.47	-2.08	2.75	0.12	1.37	4.78	0.95	1.56	-2.69	-1.10	1.44
3.27	9.76	-3.18	-3.04	2.44	0.24	2.08	2.66	-1.59	-0.47	-8.50	-0.51	2.31
8.56	8.77	-7.80	-8.01	-1.39	1.51	6.41	4.25	-5.99	-2.26	-4.37	-3.53	1.60
8.26	12.61	-0.23	-6.03	0.83	0.88	1.73	4.70	-1.81	-0.41	-3.60	-2.75	1.22
7.03	5.88	-2.90	-6.98	-3.22	-3.38	2.87	-0.33	-5.43	-3.82	-5.39	-1.72	-0.51
-2.11	0.43	-5.90	-11.51	-5.79	-6.21	-3.58	-0.34	1.31	-4.64	-7.61	-4.35	-1.51
-2.58	0.16	-2.42	1.30	5.18	4.43	-0.10	1.10	0.45	-2.59	-3.82	-2.02	-0.69
-14.16	-0.97	1.85	3.60	1.64	0.09	1.84	2.24	2.86	0.89	-1.26	0.18	3.18
-7.53	1.03	0.97	0.26	4.15	2.65	9.17	1.76	-1.47	-8.80	-2.01	-2.60	0.78
-25.71	-3.88	-2.11	1.77	3.75	2.34	3.58	-2.60	3.09	0.87	3.75	-0.61	1.39
-12.76	1.36	-9.68	-1.13	4.67	2.25	1.02	-6.58	0.09	-1.19	2.25	0.03	-0.51
-9.48	5.92	1.12	-3.26	2.67	0.16	1.12	-2.32	-0.35	-3.98	1.82	3.92	-3.80
5.15	-7.45	4.90	-0.37	6.22	-1.61	-0.59	-1.76	1.60	-2.83	1.42	3.65	-5.52
-4.73	-8.61	5.35	-0.09	7.56	-1.15	0.84	-1.28	0.62	1.48	-0.53	0.57	-6.80
-5.46	-0.71	-1.41	-0.47	1.97	0.07	-1.80	0.26	2.07	-2.67	3.52	4.98	0.20
-12.86	-4.38	-1.56	2.78	6.14	6.35	2.75	2.02	3.27	-1.39	1.91	0.66	-3.93
-9.36	-7.78	5.88	2.30	0.98	-3.85	-0.99	6.68	3.37	-5.27	6.52	1.92	-0.30
3.25	0.72	3.66	-3.69	0.13	2.32	-0.98	3.41	8.42	-3.98	-0.73	4.03	-0.61
-0.64	-3.05	2.04	0.07	0.10	0.03	2.75	5.26	4.12	-2.09	1.19	2.17	3.45
-0.78	-3.48	-2.10	-5.08	2.78	2.69	-0.80	4.54	2.77	-2.42	-0.63	1.31	1.58
5.07	-1.18	1.62	-4.36	-2.88	-0.16	-2.27	5.06	4.31	-2.82	-2.89	0.83	-0.99
5.47	2.48	2.69	-0.01	-5.85	-2.16	-0.14	7.66	8.46	-2.53	-2.49	-3.83	-7.56
-0.28	3.23	0.17	0.94	-1.19	-1.72	-1.96	5.84	2.71	-1.67	-2.82	-0.56	-1.88
-2.00	5.30	-1.32	3.18	-1.31	-2.82	-1.42	6.54	-0.31	-3.11	-3.41	1.16	-3.47
-9.74	-0.40	0.18	7.83	3.68	-0.14	4.26	5.93	3.64	-2.05	-8.72	-5.92	-2.71
-9.15	3.50	0.31	-1.32	-2.48	-7.21	-0.28	2.07	3.00	-7.04	-11.18	-3.47	-0.15
-6.46	-3.40	3.38	3.36	1.56	-1.25	-1.84	0.58	0.39	-5.72	-5.75	-0.44	-0.19
-14.32	-0.02	1.57	4.85	1.27	-0.66	-3.75	-0.44	0.02	-2.16	-7.27	-0.96	-0.61
-10.40	-2.66	1.95	4.33	5.81	4.53	2.04	-4.36	-3.55	-2.12	-1.29	-0.57	1.86
-11.95	-3.20	3.97	3.75	5.74	0.43	-0.63	-1.10	1.25	1.33	-2.43	-0.70	2.20
-7.16	-0.94	1.38	-0.57	-1.75	-5.84	-1.77	-2.71	-0.32	-1.14	0.18	-1.50	-3.78
-13.29	1.78	2.57	1.48	-2.05	-3.34	-5.15	-1.56	1.92	3.74	1.47	2.84	3.11
-3.81	-4.99	-1.74	-0.49	-3.30	-4.17	-5.83	-0.90	1.53	2.61	0.91	-0.18	1.27
-4.50	-4.15	-0.01	2.90	-4.38	-0.02	0.34	3.50	2.45	2.86	1.10	3.39	3.86
-5.54	-0.92	4.10	10.75	5.04	3.80	-0.17	5.92	-1.01	1.73	0.48	0.49	-1.76
-1.81	7.49	4.50	3.79	1.65	-0.27	2.53	3.74	0.37	0.77	-0.96	-1.55	0.40
-7.71	-0.49	0.97	5.10	1.25	-1.19	1.93	4.20	1.20	-6.68	-2.56	-0.79	3.54
0.96	4.34	6.61	7.40	3.36	1.75	0.72	-0.63	4.49	-0.03	-0.55	0.68	-0.83
-6.25	0.20	7.05	6.95	-0.05	-6.87	-5.55	-0.58	-2.09	1.24	-3.12	-3.16	-2.41
-6.90	0.78	7.66	5.98	-3.49	-7.92	-8.05	-2.69	-2.44	-0.85	1.98	2.64	-3.75
3.11	-0.90	8.86	13.08	5.74	-4.66	-3.43	-0.09	-6.40	-5.35	-1.42	-5.04	-6.55
-0.15	-2.44	9.95	12.99	-1.39	-5.91	1.24	1.93	-6.49	-4.49	-3.00	-8.17	-8.77
1.63	-2.31	13.25	12.09	1.55	-7.89	-2.37	0.49	-2.90	-7.46	-2.05	-4.61	-5.15
-3.39	-6.78	3.23	8.55	8.49	-1.85	-2.06	-0.60	-3.43	-5.62	-1.19	-2.81	-6.61
-3.94	-11.66	-0.25	12.66	2.05	-5.67	-2.61	0.73	-2.08	3.59	4.65	-3.01	-1.25
1.59	-7.60	-3.67	8.97	4.71	-2.47	0.12	-2.05	-3.44	-3.65	-6.08	-4.30	0.32
-5.68	-4.98	-5.82	0.27	6.84	1.77	0.03	-6.00	2.78	-0.47	-0.63	0.98	-0.62
-6.89	-5.66	-1.16	-0.09	4.54	-3.67	-0.58	-0.80	0.10	1.46	-0.94	-4.69	0.29
-13.41	-18.04	-6.82	-0.26	6.23	-3.27	-0.11	-2.70	2.95	7.51	4.34	1.50	-0.22
-8.19	-15.64	-5.17	-1.18	5.77	-1.94	-2.97	-2.64	0.35	-0.19	2.43	1.20	-3.06
-9.22	-18.25	-4.56	-1.17	4.51	-5.20	-2.79	-3.69	0.01	1.34	6.01	7.88	6.23
-7.11	-15.07	-5.15	-2.73	6.03	-1.72	-3.89	-3.62	-1.29	1.64	4.26	5.46	3.05
-6.32	-13.09	-5.16	2.17	7.70	0.49	0.57	-4.66	1.57	3.11	-0.46	-0.46	-3.44
-11.91	-16.76	-4.52	-2.02	9.78	0.67	-0.84	0.61	1.20	6.23	2.54	-1.30	-2.42
-11.90	-8.34	-2.67	-2.53	5.96	1.63	-2.58	-1.26	5.22	4.20	2.61	0.32	0.42
-7.29	-6.98	7.22	4.64	10.83	4.89	0.64	-5.19	1.24	3.41	0.74	-3.31	-0.62
-8.60	-14.60	-5.40	-1.07	8.21	-0.77	-1.09	-3.00	0.37	2.99	-0.25	-3.19	-3.23
-8.59	-12.76	-3.72	-4.47	-0.68	-1.73	-0.21	-6.10	1.59	0.54	-2.14	-3.70	-2.45
-6.60	-14.92	-2.21	3.98	5.07	-0.01	0.07	-2.50	0.76	-0.09	4.66	2.75	2.53
-0.59	-10.62	-3.74	1.28	3.88	-2.62	-2.73	-2.43	-2.79	3.25	1.38	0.85	4.84
-3.62	-8.10	0.59	-2.17	1.88	0.11	0.45	0.04	0.40	1.50	2.83	2.37	3.14
-6.38	-11.02	-4.90	0.75	4.57	-5.63	-5.49	-3.28	5.83	2.02	-2.19	1.10	0.48
-3.80	-9.83	0.96	4.47	7.55	3.61	-2.95	-5.58	-0.30	3.36	0.09	-2.35	0.43
-6.14	-3.99	1.91	1.50	2.17	0.40	-1.55	-5.29	-2.59	1.81	0.29	-5.49	-1.81
-6.76	-6.12	2.58	3.36	5.62	5.41	-0.51	-2.59	2.69	2.50	-1.31	-3.18	0.68
-9.35	-9.54	-2.82	2.46	9.23	6.11	2.51	-0.30	-2.16	2.12	-0.94	-3.12	-1.91
-10.55	-8.92	3.56	5.95	10.16	0.64	4.34	2.09	1.47	1.30	-2.19	-3.72	0.19
-10.24	-8.02	1.82	4.22	7.94	1.50	3.24	-0.86	-2.10	-1.28	-9.61	-9.56	-4.94
-10.16	-8.36	-0.75	1.93	7.11	3.62	-0.81	-0.42	1.87	-0.79	-0.90	1.65	2.28
-8.33	-6.92	-2.14	-0.45	9.45	3.80	-1.05	-7.03	-2.83	1.94	0.08	-3.84	1.56
-10.34	-0.64	-1.89	0.45	3.45	2.04	-0.09	0.67	1.49	1.87	-2.08	-1.55	0.21
-8.30	-2.47	1.91	5.05	5.80	1.93	-2.70	-5.77	-1.84	3.41	-2.27	-1.05	-1.12
-6.42	-2.16	-1.69	4.15	3.43	0.01	-1.87	-2.88	0.51	5.27	-0.70	-2.34	1.77
-8.95	-3.48	-3.31	8.15	10.33	2.28	-4.21	-3.34	3.26	2.67	3.37	2.09	-0.30
-16.54	2.63	1.74	1.36	2.02	2.68	1.66	2.39	3.56	4.66	0.74	2.57	1.33
=== END OF SAMPLE ===
Next sample in: 3... 2... 1... GO!
6.69	-0.98	-7.48	-1.52	-6.83	-3.73	-2.83	-3.60	-1.12	2.25	4.46	2.84	1.41
9.89	7.11	-9.05	-1.00	-3.31	-3.42	-3.33	0.53	1.71	3.73	8.52	2.73	0.19
9.45	3.88	-2.87	0.02	-2.20	-2.02	-1.94	2.45	2.34	4.65	5.72	-0.62	-2.42
5.79	3.69	-3.33	-0.53	-4.25	-4.51	-0.74	-1.96	-3.63	-1.37	0.27	-0.30	-5.71
7.30	0.46	-7.40	2.48	-2.30	-5.50	-3.88	-3.29	-0.69	0.06	0.26	-1.61	-2.26
8.43	-0.21	-8.85	0.01	-0.69	-0.57	0.10	-1.16	2.23	-1.25	4.73	2.44	-4.74
12.59	0.05	-6.56	1.87	-4.04	-5.06	-0.76	2.41	-0.12	0.96	1.22	-0.01	-2.75
13.78	-3.06	-10.09	1.84	-0.90	-2.43	2.49	6.19	-1.12	4.08	-0.31	-3.41	-3.39
-2.10	-3.94	-9.27	-5.19	-3.61	0.73	3.72	1.44	1.18	1.87	2.05	2.47	0.93
4.24	-1.67	-6.31	-3.27	-4.54	1.68	0.44	2.93	0.47	6.48	2.43	0.63	1.85
8.34	-0.31	-4.48	-0.16	-2.94	-4.52	-1.43	-1.78	0.41	-1.67	3.79	-1.15	-3.30
11.91	0.38	-2.98	-0.60	-2.94	-1.94	-0.04	-2.99	-3.39	-2.58	1.08	0.80	-1.45
1.86	4.42	-4.07	-1.84	0.82	-0.45	-0.71	2.40	-1.02	-2.72	0.17	-1.99	-3.74
5.67	2.45	-4.39	-0.79	-3.91	-0.94	0.76	2.14	-0.38	1.41	2.93	2.49	-0.96
7.03	2.40	-1.80	-1.51	-3.37	-1.39	-2.98	3.39	0.65	0.22	1.49	1.95	-0.79
5.95	3.64	0.52	-1.05	-0.18	0.92	0.89	4.46	-0.16	-1.12	3.46	-1.39	-2.98
-5.63	-1.39	0.34	-1.24	0.93	0.80	3.16	-1.22	-2.98	-0.73	4.07	1.68	2.71
1.41	2.11	3.16	0.51	1.69	4.02	1.25	-1.09	-1.79	-3.49	2.55	-2.14	-1.20
4.24	2.70	3.63	2.43	4.27	6.08	5.68	2.97	1.38	-3.14	-2.58	-6.34	-5.01
0.98	-0.52	-3.39	1.98	3.18	-0.31	2.64	2.47	1.25	-0.55	-3.58	-4.91	-3.56
0.27	5.02	2.10	1.67	-0.60	2.30	2.21	2.27	-1.95	1.97	-0.44	-3.26	0.89
-1.39	3.78	2.71	4.19	4.41	4.60	0.46	1.02	0.09	0.92	3.11	2.96	-0.81
-4.66	2.68	3.62	5.95	7.08	6.27	-0.15	-1.01	-2.74	0.99	-4.48	-3.09	-1.78
-4.04	8.12	2.49	4.40	7.93	6.54	0.60	3.19	-0.67	1.99	3.45	2.70	-2.48
-3.55	2.93	3.07	4.04	6.06	5.88	0.80	1.27	2.48	-2.81	-0.32	-0.64	-0.88
-6.39	2.72	2.51	2.21	2.93	4.11	6.31	5.70	2.75	0.89	-3.28	-3.73	-2.79
-8.06	2.39	1.94	4.32	0.49	0.06	0.67	0.15	-0.01	-0.85	-2.74	-2.40	0.59
-7.57	-0.03	3.30	4.11	0.53	0.04	0.90	-0.59	0.60	3.69	1.87	0.95	-1.57
-8.75	2.94	3.27	3.28	0.12	4.10	5.33	3.88	1.68	0.05	1.66	2.10	1.48
-14.83	-0.57	0.03	2.43	5.27	3.17	2.61	1.87	5.74	7.13	3.38	0.16	1.35
-10.04	1.83	2.54	3.94	3.03	4.26	4.57	1.20	1.98	1.94	1.69	-4.45	-3.76
-7.43	1.52	1.11	1.17	3.55	6.98	5.14	2.68	2.08	2.45	0.84	2.11	2.55
-7.69	5.63	6.46	4.25	6.91	6.79	3.34	2.56	1.93	3.04	-0.98	2.03	-1.62
-11.12	-2.75	-4.21	0.80	3.71	-2.14	3.63	4.35	1.06	2.40	0.86	0.34	-0.04
-11.39	-0.89	1.72	6.28	3.05	3.47	1.99	5.85	3.52	0.84	3.29	4.07	0.45
-6.09	1.70	1.13	1.31	4.77	8.71	4.66	7.20	5.94	4.67	0.62	-3.35	-0.89
-10.76	-2.67	-2.35	0.46	0.59	-0.50	0.23	-1.71	1.65	2.63	1.89	0.12	-0.78
-10.87	-1.39	-2.99	-4.38	-1.86	2.50	2.89	2.05	-0.54	-2.85	0.01	-0.46	-0.59
-9.09	-5.03	0.31	-2.27	5.46	8.60	4.71	6.14	0.93	1.28	0.01	-2.47	-5.25
-8.61	-7.20	-4.88	-8.95	4.41	5.13	4.17	5.41	2.92	7.08	4.85	2.52	3.97
-10.74	-9.78	3.91	-1.12	4.15	4.81	3.65	0.76	5.64	4.67	5.88	-1.13	-0.34
9.73	-10.88	8.04	2.45	14.23	-0.57	-5.61	-5.70	-1.93	0.82	3.08	4.52	-5.96
15.72	-14.54	14.21	2.73	9.80	-4.04	-5.52	-8.86	-7.82	1.94	1.70	1.52	-10.04
17.84	-14.62	18.95	7.17	2.81	-7.13	-1.99	-4.78	-6.76	0.59	3.58	-3.43	-8.69
7.26	0.72	-2.18	7.49	2.37	-1.91	-3.88	-0.50	-4.21	-2.87	0.63	-3.59	-4.79
12.45	1.82	3.98	11.49	1.74	-0.67	5.60	-6.73	-8.75	-4.28	1.03	-0.18	-4.29
25.67	-18.14	10.05	5.48	1.88	4.91	-6.13	-7.97	-2.92	-7.47	7.44	0.33	-4.37
28.40	-17.72	3.27	8.62	0.08	0.69	-3.21	-8.31	-3.46	-6.82	8.08	-1.37	-6.31
27.99	-19.26	4.59	8.85	-0.15	2.32	-5.57	-7.38	-2.43	-7.02	6.52	-0.82	-8.15
24.32	-21.79	11.28	5.00	4.11	2.82	-11.49	-6.15	-2.59	-8.97	8.38	-3.46	-7.52
19.92	-22.88	9.90	1.57	4.96	1.30	-13.20	-4.83	-3.15	-5.34	7.19	-2.74	-6.35
19.22	-21.63	13.14	-0.12	5.74	3.07	-13.06	-7.13	-2.60	-3.92	4.13	0.00	-8.07
9.74	-13.22	15.39	-1.95	1.96	3.50	-13.17	-2.27	-6.47	-0.69	5.25	-2.42	-7.48
-11.54	0.93	11.59	10.09	8.52	3.69	-9.99	-6.87	-4.42	-2.88	4.36	-0.50	-7.50
6.72	-6.27	18.95	-1.57	2.16	3.74	-7.89	-2.75	-7.77	3.78	-1.29	-1.47	-8.36
10.47	-10.90	16.61	6.65	-0.21	2.74	-4.99	-0.80	-3.55	-3.32	-1.11	1.48	-7.29
6.95	-9.20	19.80	4.52	2.59	5.79	0.14	-3.53	-3.09	-1.96	1.84	2.52	-10.35
4.96	-7.43	16.25	6.06	7.41	8.26	-2.54	-4.86	-0.72	-2.96	-1.42	1.26	-12.57
4.06	-1.98	8.16	8.90	2.69	4.56	-0.54	-1.70	-2.30	-2.09	2.32	4.27	-3.59
6.10	8.94	7.20	12.04	4.05	0.18	-4.17	-6.08	-5.90	-2.69	1.38	0.26	-1.22
-8.02	1.61	0.04	1.12	0.17	-0.61	-1.26	-1.25	-1.24	-1.55	-2.22	-2.00	-1.68
-8.70	0.56	-1.12	-0.56	-1.32	-0.61	-0.70	-0.29	-0.61	-1.79	-1.41	0.38	0.40
2.13	0.45	2.77	8.63	4.16	-0.83	-0.62	-3.14	-0.52	-0.80	1.11	4.71	-2.62
1.97	5.05	6.61	5.68	8.99	7.51	1.31	0.70	1.37	-2.65	-0.12	1.90	-0.63
6.96	-1.21	1.90	3.04	1.04	7.48	3.86	-0.69	0.57	-2.82	2.40	3.12	0.30
11.12	2.86	-1.62	-1.99	0.75	6.57	3.28	-1.32	2.54	-1.47	-4.28	-0.52	-3.23
9.29	0.03	-2.20	-0.29	-2.79	3.40	-1.59	-2.63	-2.66	-7.12	-2.05	-1.45	-5.19
15.15	0.52	-2.82	-2.50	-3.67	5.43	0.33	-1.56	0.55	-6.55	-4.60	0.04	-2.95
-5.62	0.11	-5.33	-4.14	-1.04	1.24	2.04	1.56	1.85	-0.48	-0.22	0.40	1.62
1.46	2.17	-1.38	-7.44	-3.75	-1.09	0.02	-2.43	4.78	1.46	-0.40	-1.63	-0.64
-27.56	-4.14	0.59	-4.64	-0.05	-1.77	-0.70	-5.06	3.91	-0.16	9.73	-0.01	0.55
-10.83	7.71	-3.60	-6.29	-4.32	2.27	7.21	-0.57	2.15	-1.65	3.83	-0.83	-3.12
9.49	-1.34	6.07	-2.52	4.86	13.28	8.22	1.83	-6.51	-0.63	6.61	-1.77	-6.78
8.93	-16.50	16.28	0.69	5.43	14.36	5.24	-0.01	-5.16	-0.98	6.63	-1.86	-5.02
-1.42	-20.57	25.39	-7.06	11.02	13.45	3.74	2.74	-7.78	1.32	1.59	-0.86	-6.34
0.03	-13.92	7.49	-4.71	6.61	13.44	0.95	-3.37	-9.78	-0.19	5.87	-3.86	-5.78
-5.83	2.53	1.75	-6.02	1.46	1.07	-0.71	-0.55	-1.58	4.14	-0.45	-5.04	-4.44
3.18	0.60	3.86	-12.78	0.97	6.75	4.79	-0.57	-8.28	4.06	-2.83	2.79	0.89
7.86	-2.19	-0.98	-6.40	0.02	3.99	-1.42	-3.51	-5.54	-3.74	-2.93	-3.09	-6.86
-7.70	-11.23	3.48	2.69	1.18	-1.56	7.93	-1.15	-4.53	-3.81	0.36	0.01	1.43
5.34	0.14	2.45	-5.93	-2.24	5.42	1.63	3.57	-0.68	-1.41	-0.57	-5.35	-4.70
10.62	4.29	-3.50	-6.19	-0.64	4.75	5.32	4.90	0.80	-2.60	-1.88	-5.47	0.50
9.81	12.05	3.42	-5.58	-9.52	-0.79	1.57	1.27	-1.61	-5.95	-3.38	-7.05	-1.15
8.04	14.31	6.30	-0.64	-6.55	-1.06	5.13	6.96	-0.30	-3.31	-5.30	-2.00	1.16
8.61	5.10	-5.44	-1.20	-4.74	1.32	6.81	1.51	-0.06	-0.60	-5.79	-3.86	-3.86
-2.80	2.79	-2.82	1.22	1.60	3.17	3.70	-0.34	-1.60	-2.22	-2.68	-3.65	-1.76
6.34	7.25	-4.30	-8.22	-3.29	-0.97	-1.22	3.87	2.26	1.14	-1.42	-0.58	3.44
9.54	8.11	-4.80	-6.52	-3.41	-2.20	-2.16	0.13	-0.05	-4.77	-4.75	1.35	-0.43
9.97	9.19	-3.42	-5.73	-5.78	-2.18	1.68	-5.69	-0.36	-2.50	-5.76	-0.95	3.19
3.52	4.85	-4.95	-4.46	-4.63	-7.50	-1.37	1.51	1.27	-2.88	-4.72	-4.13	-2.19
7.08	5.96	-0.69	-7.10	-5.98	1.19	5.27	0.55	-1.15	-4.36	-2.96	-5.97	1.83
7.73	6.75	-4.62	-4.48	-3.17	-4.70	-2.98	-1.73	-1.47	-9.44	-6.98	-2.52	3.36
-9.21	-1.87	-3.63	-2.90	-5.05	-4.14	-0.20	-1.55	-4.14	-2.84	-2.52	-2.23	-4.11
-4.02	3.17	-1.02	-2.27	-3.84	-2.06	2.12	4.97	0.83	-2.01	-4.30	-2.15	-3.78
-3.45	-1.16	-2.80	-3.59	-5.35	0.84	0.12	-0.98	-1.51	-2.13	-4.03	-2.89	0.91
-8.09	0.57	0.23	-1.89	-3.71	-2.28	3.56	9.25	7.20	-0.03	-2.70	-3.79	-0.79
-6.29	4.65	1.95	4.69	-0.38	-1.18	2.64	5.95	4.60	-4.49	-5.57	-0.88	-1.27
-10.18	1.06	5.45	0.36	-3.65	-3.56	1.44	2.32	1.46	-2.69	-2.43	-1.39	-3.29
-11.28	-1.46	5.13	1.30	-0.99	-4.35	-0.97	5.75	-1.32	-7.05	-3.03	3.61	-0.51
-5.68	0.09	1.70	4.32	-3.99	-3.86	-0.22	4.12	4.95	-1.58	-3.88	-0.13	-2.46
-13.98	-1.75	-0.80	1.85	-2.53	-1.94	1.34	6.77	2.91	-0.23	2.30	-0.83	0.79
-8.02	2.99	7.63	2.24	-2.09	-6.27	5.32	6.11	3.29	-2.77	-4.06	-4.79	-1.19
-7.09	9.69	6.66	4.06	-1.58	-3.06	2.77	5.15	3.79	-3.17	-1.60	4.36	1.72
-10.10	8.72	4.50	-0.35	4.42	-4.51	-6.16	2.34	2.25	-2.80	-2.02	0.22	-0.53
-9.89	7.70	2.52	1.50	2.59	1.28	1.26	-0.01	2.93	-4.22	-1.17	2.65	-0.56
-13.27	9.43	2.58	4.33	0.43	-5.27	1.18	3.15	2.92	-3.07	-5.42	-2.24	-1.02
-11.82	9.14	7.51	6.19	-1.02	-5.30	2.82	3.05	-2.71	-9.53	-4.51	-0.44	0.35
-10.90	8.81	2.45	4.90	2.74	0.80	3.36	-1.90	-1.93	-8.58	-7.06	-5.01	1.12
-12.20	1.99	-0.73	-2.42	-3.59	-4.34	-1.90	-0.90	-3.22	-1.86	-3.40	-2.02	-2.54
-10.92	5.19	0.06	3.97	3.36	0.95	8.01	4.71	2.17	1.39	2.67	0.36	0.29
-3.15	4.48	-4.38	-2.48	-3.89	1.92	2.29	1.98	0.69	-4.98	-4.84	-3.32	0.80
-5.64	9.68	-1.93	-1.96	-5.15	-0.63	0.33	6.02	2.95	-5.21	-4.17	0.36	-1.44
-6.99	9.07	-1.71	0.54	0.10	0.45	-2.76	0.29	-3.28	-4.05	-7.08	-1.64	-2.84
-11.78	8.78	1.70	4.46	-2.36	9.14	2.90	4.67	1.43	1.13	-3.39	-1.38	-0.41
-17.48	8.27	2.18	5.08	-1.52	3.74	2.63	6.69	0.87	-0.96	-4.16	-0.19	-1.47
-12.01	9.30	-1.41	3.87	0.93	4.26	5.97	9.33	-0.83	-3.43	-5.56	-1.17	-0.61
-9.81	6.05	-2.19	1.99	-1.93	5.21	0.30	4.78	0.00	-2.17	-5.45	-1.45	-2.89
-17.61	6.06	-2.91	4.08	0.01	6.74	3.52	3.58	1.51	-1.72	-5.45	-1.09	-0.20
-11.48	4.48	-0.67	0.98	-1.66	0.88	-0.55	-1.50	-1.26	-0.43	-2.82	1.15	1.55
-18.78	2.33	-3.22	5.24	-3.47	3.08	4.68	4.56	1.60	0.48	-1.56	3.35	1.37
-22.82	6.67	-4.05	5.06	3.72	5.83	3.25	0.63	1.89	1.25	2.09	3.78	-0.07
-22.34	0.46	1.96	9.47	4.56	7.64	1.39	2.73	0.85	-0.72	-2.18	-1.48	-3.99
-17.02	1.82	1.65	7.70	0.36	3.68	0.63	-1.42	0.09	-1.71	0.09	4.76	0.97
-20.30	3.40	3.76	10.03	4.88	9.02	1.32	0.92	1.46	-0.19	-3.48	3.32	-0.71
-17.29	7.46	3.02	9.84	4.31	5.75	4.63	0.50	-0.55	2.45	-3.02	3.00	1.58
=== END OF SAMPLE ===
Next sample in: 3... 2... 1... GO!
11.14	0.53	8.75	0.21	-4.83	1.54	-3.13	0.13	4.00	-3.35	-1.48	-3.44	-6.39
9.05	0.06	9.69	4.31	0.61	3.30	-2.60	-0.13	-1.02	-5.93	0.76	-2.10	-4.75
10.15	3.52	8.15	3.14	1.49	3.15	-4.49	-4.27	1.19	-6.02	-2.62	2.31	-6.19
7.53	2.89	10.97	1.06	0.22	3.65	-4.14	-3.34	-2.15	-9.59	-2.63	-0.73	-3.87
9.73	1.05	6.03	-3.04	-2.75	6.61	-1.30	-7.30	-2.94	-4.80	0.53	-4.14	-8.59
11.06	-0.15	8.36	-2.71	-5.39	-0.10	-2.02	-0.60	-0.58	-4.10	0.84	-3.60	-6.19
11.11	-0.19	1.67	-2.15	1.73	1.29	-2.40	-2.36	4.30	-0.51	0.29	-8.19	-4.38
5.26	-0.34	3.37	2.19	-0.02	4.33	-2.66	-4.49	4.45	0.98	1.93	-6.01	-0.96
0.12	1.57	4.86	0.32	-0.73	2.92	-0.41	-0.38	-0.87	0.16	5.00	2.42	0.39
-2.67	1.22	2.07	3.06	-0.57	2.02	1.73	-2.13	2.94	5.81	1.01	-1.78	-0.61
1.44	-4.19	4.19	9.91	-0.74	12.28	4.55	-3.39	3.81	2.93	6.31	-3.78	-0.64
3.15	-2.21	6.64	5.96	-3.49	2.93	5.04	-4.19	-0.74	1.78	2.07	-5.92	1.67
1.12	-2.50	7.59	7.55	-7.55	-0.83	1.45	-2.64	5.53	2.43	5.64	-4.45	1.19
3.26	-4.29	6.09	8.02	-1.89	-0.68	-4.23	-6.95	1.13	4.96	-0.78	-6.89	-4.28
-6.15	-1.29	11.44	2.82	-1.18	0.61	-5.43	-4.97	3.18	4.15	4.80	-1.81	-1.05
-0.78	-1.52	2.47	-2.50	1.13	0.78	-4.89	-5.02	-1.53	4.81	3.31	-3.51	-0.95
10.33	-5.40	4.07	4.53	6.26	1.38	-5.56	-2.20	-1.03	-2.27	1.86	-4.14	-1.85
1.88	-10.85	3.93	3.14	3.07	-4.41	-7.83	-6.52	-7.56	-3.59	3.86	1.02	-2.47
12.08	-5.96	-3.52	2.02	-0.13	-3.52	-4.67	-6.38	-6.96	-0.36	0.84	0.28	-1.64
14.29	-0.85	-6.71	-0.05	3.72	-6.66	-7.90	-0.79	-3.88	-2.73	6.54	0.64	-3.55
26.97	-17.23	1.01	5.50	2.47	0.39	-4.19	-2.55	-5.87	-2.59	2.27	-2.66	-5.91
30.27	-18.51	3.37	10.34	-0.56	2.80	1.10	-5.35	-2.58	-8.83	2.04	-1.04	-5.64
18.08	-8.99	2.65	1.46	-2.65	4.62	2.66	8.91	-1.53	-5.22	3.26	-1.79	-6.84
23.08	-2.45	3.50	2.63	-2.84	2.16	2.92	6.71	-1.97	-6.53	-0.19	-2.52	1.34
23.22	-6.76	3.94	-0.56	-2.54	2.25	9.04	6.27	-5.02	-7.14	-1.51	-3.59	1.75
15.89	-2.97	3.26	3.11	-10.92	3.71	2.28	2.17	-1.51	-2.06	-0.93	-2.66	2.87
-1.82	-11.97	2.45	3.47	4.87	5.58	-0.38	-1.71	-5.87	-8.08	-1.44	-1.10	-2.18
3.02	-16.84	5.49	4.39	4.86	6.27	-4.91	-2.06	-6.82	-10.94	3.21	1.84	-8.31
19.30	-31.84	12.44	6.14	-2.03	9.26	-8.45	-6.66	-2.88	-9.89	3.84	6.31	-8.99
21.15	-39.02	13.89	7.54	-3.51	7.92	-15.38	-8.39	-0.30	-6.60	3.56	5.48	-12.56
15.39	-42.83	13.15	7.07	-6.30	3.33	-16.83	-6.33	1.53	-3.69	2.00	5.69	-10.93
13.62	-42.98	14.48	9.34	-7.43	-0.31	-16.16	-5.40	1.69	-3.81	1.17	4.59	-11.00
11.37	-40.92	16.54	8.37	-3.99	-3.41	-11.03	-7.13	6.77	-4.83	-0.21	6.74	-10.60
8.76	-39.94	16.65	10.54	-4.05	-4.41	-10.97	-6.80	6.65	-4.91	-0.44	6.42	-9.61
-9.11	-22.11	9.95	11.31	-0.12	-4.39	-7.81	-1.45	1.43	-1.59	2.18	2.32	1.60
2.77	-32.21	16.45	12.65	-1.31	-2.36	-11.18	-4.15	5.09	-7.38	-0.96	1.33	-4.79
12.94	-34.12	11.61	14.55	1.05	-4.47	-6.75	-4.55	4.05	-8.01	-1.19	-1.81	-10.60
17.57	-31.18	7.61	16.77	3.47	-3.97	-4.82	-4.75	0.03	-7.12	-0.91	-3.63	-10.43
18.87	-24.94	9.28	18.85	6.24	1.59	-5.90	-0.57	3.28	-6.47	0.78	-0.64	-16.15
15.37	-19.18	6.85	21.23	7.12	8.68	-5.16	-0.52	2.28	-5.88	1.92	-0.06	-10.62
9.36	-13.97	6.13	13.02	1.45	7.20	-3.49	-1.85	-1.26	-4.92	1.22	3.74	-2.58
4.08	-10.18	11.42	15.71	-1.55	7.64	-6.25	-1.89	5.69	-4.49	-0.72	4.24	-5.17
-4.68	1.61	0.29	1.54	-2.52	0.75	-2.18	-1.81	2.18	1.12	-1.88	1.14	2.92
-5.82	-1.97	-1.03	-1.08	-0.94	1.43	-2.14	-2.03	3.18	1.82	0.66	3.10	3.36
-0.30	-6.50	2.53	11.50	2.83	3.68	-5.04	-0.88	-1.06	-0.67	-0.69	1.00	-3.40
-1.98	-2.84	3.30	13.09	3.15	1.93	-5.36	-3.56	2.38	-2.69	1.31	3.09	-3.81
-0.31	-3.64	3.01	8.55	-1.85	3.24	-6.06	-0.65	1.55	0.41	0.02	3.09	-0.23
-0.12	-4.21	5.57	7.69	-0.76	5.34	-4.54	1.62	2.27	-2.10	-3.67	4.68	0.40
-2.08	-0.74	0.97	5.29	-0.46	2.21	-5.12	1.44	2.75	-1.91	-4.45	3.15	-1.27
-7.19	-0.23	6.58	4.45	-1.86	1.66	2.77	1.69	2.36	-5.60	-2.10	4.54	-0.03
-12.60	-2.29	-0.51	2.77	0.51	7.97	4.37	3.39	3.47	-4.08	-0.24	3.77	-0.66
-4.87	3.52	4.83	7.04	-6.45	5.15	1.92	1.60	3.95	-3.12	-1.46	3.28	-2.80
-5.11	8.23	0.59	-0.80	-2.90	5.51	2.83	0.49	0.57	-1.43	3.20	-3.64	-2.87
-5.01	2.93	2.19	3.25	-0.31	8.39	2.24	-1.74	-0.75	2.19	-2.37	-0.62	-0.93
2.13	4.83	7.63	3.97	5.25	12.07	3.89	-2.79	-0.27	-2.76	3.88	1.95	-4.65
16.54	-5.22	6.68	3.63	10.40	13.24	-1.58	-2.03	0.13	-5.05	3.08	0.57	-5.70
15.34	-6.90	9.04	4.38	9.98	14.46	-3.09	-2.84	-2.96	-5.68	6.50	-0.44	-8.82
9.15	-10.52	12.96	4.47	9.03	11.52	-5.84	-1.67	-4.09	-5.64	4.14	0.31	-9.03
10.49	-8.45	14.51	0.42	10.74	13.17	-2.35	-0.33	-8.25	-4.48	4.52	-0.58	-10.05
10.21	-11.09	16.22	3.56	10.54	14.26	-7.58	0.96	-4.84	-4.76	5.39	-2.41	-8.46
8.76	-10.90	14.51	0.49	9.05	11.08	-4.21	3.00	-7.13	-6.31	7.17	-4.00	-6.96
5.20	-9.54	7.96	4.95	8.03	12.14	-6.08	0.66	-5.56	-9.71	4.39	-1.62	-7.92
-9.78	0.32	12.37	10.47	6.38	5.85	2.11	-3.16	-1.26	-1.26	4.21	2.35	-4.46
-10.58	-3.70	2.48	8.46	2.76	3.56	1.23	3.46	2.55	-0.98	1.14	2.81	1.11
4.22	3.45	3.07	1.45	-4.54	0.86	1.22	7.91	6.99	-4.30	0.82	-1.27	-2.06
8.43	5.28	2.71	-6.20	-6.37	4.76	4.48	5.17	7.09	-4.02	0.77	-1.29	1.34
15.35	5.46	0.00	-4.89	-8.20	6.76	3.31	1.34	6.06	-2.37	1.66	1.02	1.28
13.02	-2.16	-4.15	-8.25	-8.61	3.39	7.84	3.70	4.14	-0.65	1.41	-1.91	3.14
16.48	-0.96	-3.28	-7.62	-11.38	2.34	8.65	2.08	4.62	-3.08	-1.91	-1.05	2.91
14.22	2.76	-3.54	-10.05	-5.38	8.54	4.78	3.85	10.00	-4.35	-0.67	4.41	3.12
2.23	-3.47	-6.65	-12.68	-9.00	5.50	9.83	4.02	7.07	-0.33	2.46	1.83	2.23
3.97	0.07	-3.72	-7.54	-4.78	7.05	7.78	2.22	4.23	-0.78	-3.63	-2.83	1.90
-0.27	5.52	2.16	-0.77	-3.93	3.54	4.54	1.93	0.96	-1.90	-1.66	2.33	1.15
-4.21	0.24	-3.82	-5.92	-3.49	1.09	4.88	0.35	4.75	1.63	-2.45	2.75	4.54
-0.77	-2.26	-7.77	-5.06	-5.82	7.89	7.64	2.65	5.37	-5.74	-2.81	2.05	-2.48
10.24	3.52	-4.47	-5.41	-5.43	3.36	3.49	1.05	4.11	-4.79	-0.85	1.26	2.10
10.79	-1.16	-4.55	-7.16	-6.86	7.15	6.95	4.25	2.32	-4.06	0.95	4.59	2.40
7.88	-2.32	-5.08	-13.46	-10.44	0.22	3.99	4.42	0.23	-4.23	2.16	3.41	3.26
10.73	2.49	-2.97	-11.73	-9.30	1.28	3.61	0.87	0.08	-5.04	2.33	-1.67	2.33
12.39	1.93	-2.90	-11.21	-4.58	4.63	3.90	0.19	2.98	-3.21	-0.87	-1.05	4.82
12.38	2.97	-0.30	-9.72	-9.52	0.15	4.67	6.67	5.34	-2.12	-1.52	-7.14	0.70
17.14	6.84	0.63	-8.56	-7.23	2.18	2.76	6.02	1.26	-4.23	3.42	-0.36	2.30
3.23	5.60	-1.11	-1.57	-2.35	-2.88	-2.91	-0.39	-1.45	-0.17	-2.40	-2.60	0.80
16.32	10.64	3.54	-4.79	-6.03	1.64	1.00	0.98	-2.23	0.43	0.63	-2.93	-1.17
15.93	7.25	4.43	-3.10	-9.20	-0.49	2.05	-0.30	0.61	-3.36	0.02	-3.13	-3.13
11.17	6.75	6.83	-2.32	-9.40	5.96	5.81	0.41	0.31	-2.55	-0.08	-1.55	0.30
17.46	4.66	8.56	-7.63	-8.78	-2.02	-3.07	3.23	1.34	0.53	-0.76	-1.82	2.74
15.20	10.39	4.64	-1.52	-6.75	-3.94	-2.65	1.24	2.68	1.84	0.25	-0.73	0.15
12.50	9.23	10.69	-2.11	-4.81	2.50	3.22	5.50	0.06	-1.50	-0.02	-5.39	0.21
11.36	9.23	11.14	-1.00	-4.68	0.91	5.18	2.93	0.17	0.01	3.55	1.57	2.06
9.68	6.74	9.31	4.10	-2.58	9.72	10.48	6.35	1.72	-1.33	3.43	-5.49	-4.77
12.18	6.99	12.52	2.32	-5.24	3.80	6.50	2.92	-2.87	0.16	4.90	-2.84	0.77
-2.53	3.71	2.36	4.12	0.17	0.11	0.66	2.96	0.04	-0.43	0.27	-0.45	-0.85
1.92	5.16	9.33	10.48	-1.35	-0.81	5.10	4.57	1.00	2.66	3.76	-2.59	-1.40
9.05	9.18	11.48	3.50	-2.65	0.76	4.76	0.66	-0.59	2.32	2.25	-1.28	-3.30
10.11	6.56	6.71	6.26	-3.08	-0.25	2.94	4.59	2.95	1.31	2.54	-1.70	2.48
8.13	6.23	7.59	5.89	-3.42	-0.24	4.74	4.62	3.99	3.48	-0.71	-1.16	0.97
4.26	8.64	2.65	3.97	-2.68	1.99	5.78	2.64	5.69	7.32	4.58	-0.18	0.14
8.06	6.34	6.71	-1.59	-1.16	4.91	4.32	2.19	2.79	3.78	0.01	-0.44	-3.63
13.88	7.47	5.34	3.96	1.49	3.03	0.50	3.37	-6.52	-2.08	-0.99	-3.53	-1.88
7.65	5.99	3.97	-0.06	-0.06	4.50	4.00	-0.67	-6.28	-8.14	-1.51	0.30	-4.43
7.39	3.49	1.89	2.39	2.61	7.63	4.37	-6.44	-9.00	-5.77	1.32	-1.22	-7.67
1.79	4.64	-3.74	-1.20	4.23	3.99	-0.14	0.20	-2.07	-1.38	2.24	2.86	-2.20
-7.13	3.34	-0.47	-0.75	-1.30	-0.35	-2.27	-1.88	-0.58	2.24	0.99	1.22	1.80
2.91	2.90	0.32	4.87	-0.95	0.58	-1.69	-2.54	2.38	1.03	4.36	0.07	-0.06
5.18	7.66	3.15	8.44	2.31	2.38	4.87	0.93	-0.68	-3.38	-1.21	1.18	-1.60
2.81	3.07	2.10	10.60	4.51	-3.68	4.18	-2.38	-4.69	-3.92	-3.52	0.96	2.62
-4.29	-0.16	-3.46	5.87	-0.63	-0.90	3.51	-0.74	-1.54	-3.46	-5.08	-2.02	0.08
-12.30	-1.63	-0.51	6.51	12.58	1.54	3.10	-0.08	2.43	3.42	3.09	-2.59	0.99
-6.61	5.32	-3.39	2.00	5.16	1.48	1.29	-4.73	-2.49	-1.93	0.72	-2.65	-0.43
-9.72	1.87	-3.41	-0.24	2.49	3.08	-0.03	-0.96	-2.22	0.20	3.34	0.49	3.17
-15.35	-2.80	-1.31	6.12	6.45	1.99	1.40	-1.53	1.28	1.47	-1.90	-1.91	-0.67
-9.83	-2.44	-3.23	7.04	7.20	4.20	2.64	0.74	-4.72	-3.73	0.53	-0.49	-0.49
-12.69	-3.19	-5.71	4.22	5.91	5.59	0.10	2.19	1.43	-3.21	-3.17	-0.07	0.70
-15.90	-5.60	-7.42	8.48	5.71	-2.16	2.51	0.17	-0.35	-0.29	-2.26	-7.04	-3.67
-18.22	-4.13	0.84	4.39	6.44	5.88	9.09	3.67	1.63	-1.39	-0.33	-0.25	-5.49
-16.25	-3.88	-2.62	6.52	4.78	4.78	4.37	-1.77	5.70	-1.27	1.58	1.41	0.80
-7.80	-1.94	2.10	6.77	5.54	3.27	0.50	-4.19	-1.56	0.83	1.40	2.12	1.03
-18.94	-3.50	0.87	3.58	-0.21	-2.84	-1.16	-1.48	0.34	1.60	0.76	1.60	-1.06
-8.44	0.13	-0.10	-0.48	1.84	1.69	2.65	-0.48	-1.76	2.39	1.62	1.48	0.86
-14.30	-8.16	-0.42	4.26	2.45	1.41	2.91	2.22	1.40	1.62	1.30	-2.13	-1.04
-19.19	-7.07	-3.25	-0.27	1.94	-0.70	3.86	-4.33	-4.92	2.73	1.62	0.26	0.49
-15.45	-3.86	-0.93	-1.36	0.11	1.40	0.20	-1.55	1.04	0.47	2.84	3.18	2.60
-11.10	-4.19	-0.49	0.94	1.18	0.68	-3.57	-6.67	-1.90	-2.30	-1.34	1.56	-1.12
-9.61	-5.56	0.95	2.64	4.03	4.16	2.96	-0.39	-0.54	-0.21	1.25	1.36	1.82
=== END OF SAMPLE ===
Next sample in: 3... 2... 1... GO!
-10.69	0.91	14.36	13.24	3.16	5.33	-0.46	-1.26	0.94	-3.41	-4.50	-3.82	1.60
-10.92	-2.44	14.64	11.73	-3.79	-1.71	-0.27	2.55	5.33	-2.67	-1.34	-1.07	1.38
-6.96	6.67	16.76	5.52	-2.82	6.57	0.04	-2.68	0.16	-2.13	-1.09	-2.69	-1.07
-5.23	5.02	15.36	6.04	0.49	6.91	-1.03	-2.79	2.92	-2.88	-3.01	0.45	1.18
-12.21	-1.65	11.66	11.15	-5.46	4.75	-2.39	1.81	6.33	1.48	-4.76	-2.99	0.42
-10.06	4.16	11.40	10.59	1.77	7.50	-2.23	0.80	4.34	1.43	-1.48	-2.90	-4.31
-10.96	4.16	12.64	3.47	0.73	8.11	-0.20	3.98	5.80	2.97	0.91	0.80	-3.74
-17.92	3.25	13.05	4.53	-1.51	5.26	-5.91	5.98	7.68	-0.60	-0.41	-1.26	-2.05
-15.11	0.36	0.38	-0.47	2.18	0.21	-4.05	-1.36	3.17	-0.84	-2.79	-1.18	-3.13
-18.45	0.30	0.43	-1.79	5.16	4.33	-6.54	-0.48	0.94	1.46	4.36	6.56	-0.36
-22.61	-2.46	9.93	6.44	6.83	3.75	-4.16	3.29	5.32	4.91	5.14	6.94	-1.78
-17.86	0.99	7.71	8.01	8.95	4.69	-2.72	-1.71	2.68	6.00	1.77	1.87	-0.78
-23.83	-3.12	7.44	7.10	5.88	8.38	1.97	2.70	5.23	1.63	-0.42	0.77	0.06
-22.96	-4.52	3.28	4.96	2.93	3.52	-0.01	1.94	3.32	1.47	3.49	4.04	4.91
-16.01	4.65	1.91	2.87	5.80	2.55	-1.13	-1.77	1.53	-3.88	0.04	2.20	-0.85
-0.44	-10.20	4.41	2.92	4.63	3.94	-3.64	-1.89	-2.39	-1.07	6.08	-0.35	-0.74
19.35	-17.50	-0.18	4.87	0.68	-0.59	2.25	-1.26	-1.87	-3.10	1.63	-0.15	0.14
14.81	-11.31	-6.52	-0.19	-2.24	1.65	-5.35	-3.03	-1.40	-5.10	3.17	5.23	0.03
30.56	-17.12	-2.01	10.43	5.85	1.80	-2.08	-1.81	-8.56	-7.57	6.40	-0.84	-1.64
9.28	-5.72	-3.64	8.82	-1.55	0.41	2.70	-3.46	-8.61	-5.91	4.92	-1.35	-2.75
-0.87	-6.97	4.21	9.32	-5.83	0.37	3.34	-7.68	-3.93	1.26	2.77	-3.28	1.46
18.88	-10.21	1.51	7.12	-4.34	5.37	2.16	-8.54	-2.43	0.51	1.69	0.76	2.59
28.96	-22.78	4.91	9.55	-3.12	5.13	1.84	-10.31	-4.80	-3.10	0.96	0.93	0.15
25.76	-28.23	4.30	8.65	-3.90	6.23	-1.37	-11.47	-6.89	-2.47	1.82	1.96	-2.17
10.89	-23.62	2.84	1.58	-3.44	4.40	-3.44	-5.65	-0.35	-1.46	4.62	4.96	-3.44
4.82	-22.32	-1.20	3.32	-3.62	-0.65	-7.10	-11.57	-7.59	-3.71	-2.18	-2.61	-6.41
26.84	-33.92	11.03	2.50	-2.99	0.61	-11.64	-7.37	-4.68	-2.29	2.37	3.33	-4.71
21.45	-34.79	13.35	1.44	-2.56	-1.14	-12.35	-7.19	-3.57	-2.26	1.19	5.37	-6.48
23.53	-37.19	17.48	-0.29	-0.88	-1.62	-14.11	-4.64	-3.99	-0.48	-0.39	5.70	-6.12
27.70	-35.45	15.99	1.84	-2.92	-1.20	-13.70	-3.98	-4.04	-1.57	-0.27	5.10	-6.18
26.56	-31.12	14.23	1.39	1.29	-4.25	-11.15	-5.52	-3.43	-1.88	-0.50	5.25	-6.01
26.94	-25.45	6.90	5.36	2.65	-6.73	-8.34	-6.55	-4.10	-0.68	-2.29	5.56	-4.21
-2.11	-4.12	7.06	4.71	-0.02	-2.28	-6.77	-5.38	-0.99	-0.56	1.30	1.79	-5.09
8.45	-7.52	8.74	4.88	2.57	1.44	-9.06	-4.87	1.59	-4.16	0.88	1.77	-8.75
19.84	-12.98	10.38	-0.23	11.12	3.56	-6.34	-5.83	-1.32	-3.64	1.34	2.43	-11.71
22.26	-13.99	8.83	-1.78	13.18	9.38	-3.76	-4.06	2.35	-2.29	2.23	4.95	-11.66
5.76	-6.47	1.48	5.85	9.50	13.51	-2.35	-2.92	0.03	-2.87	6.77	6.27	-8.23
12.48	-2.91	-4.88	3.48	-0.47	6.11	-1.42	-0.64	2.79	0.83	6.83	4.84	-2.26
10.55	-2.96	-2.12	-1.84	-0.46	1.02	-0.52	-0.17	4.21	5.21	5.92	4.09	0.04
13.11	-2.92	-1.68	-0.73	-0.54	2.94	2.66	3.11	0.59	6.68	5.92	4.11	0.03
-3.32	-1.14	-1.47	2.73	0.94	1.40	-0.23	-1.81	-3.48	-1.57	-1.11	0.36	1.31
3.18	3.41	-0.11	-1.95	-2.59	2.55	4.54	6.64	0.45	1.64	4.69	-0.01	-1.01
12.01	-1.41	-0.04	2.75	-1.90	3.48	3.55	-2.80	0.17	1.30	2.04	0.50	2.28
4.97	-3.59	-1.95	-1.66	0.45	5.30	3.17	-1.96	-1.18	0.48	2.88	3.02	-0.80
6.62	1.32	-4.24	-0.58	-1.60	3.47	2.78	1.43	4.34	4.78	3.56	3.78	3.07
4.69	1.25	-1.89	2.13	1.90	1.25	0.52	0.92	0.77	-1.24	0.52	1.65	0.38
2.28	6.55	-1.70	4.08	0.50	0.95	5.36	0.34	3.13	1.34	-0.42	2.77	3.46
-4.31	3.56	-1.33	1.54	-2.56	-1.10	7.92	1.22	4.68	2.86	0.67	-2.90	1.14
-17.67	9.09	-6.05	4.60	-0.49	0.88	1.14	-0.93	3.71	2.20	2.24	0.25	-1.51
-33.39	12.99	-7.66	6.23	4.49	-1.42	1.79	-1.31	0.06	-0.71	1.76	-0.09	-2.66
2.51	3.35	-1.25	-1.64	4.19	10.04	-3.69	-2.60	-1.01	-10.02	7.22	3.43	-2.62
2.16	0.21	-7.29	-5.17	3.05	1.07	-2.72	-1.24	-0.19	-6.77	1.91	5.47	-3.56
14.86	-12.00	11.35	-1.90	9.56	11.78	-2.55	-0.60	-8.62	-4.14	7.34	3.35	-9.02
14.23	-19.01	11.01	0.98	5.71	13.04	-2.02	-2.39	-8.57	-7.06	6.82	3.13	-9.37
6.10	-10.23	11.02	0.47	9.20	12.35	-2.90	-0.03	-9.96	-5.72	3.61	1.63	-9.21
6.29	-5.71	7.59	-1.96	8.62	8.32	0.39	-3.46	-9.39	-9.49	6.80	1.19	-6.83
-11.30	1.88	2.45	4.54	7.35	5.74	-3.61	-5.63	-5.06	-6.41	0.39	-1.16	-7.03
-10.94	-0.40	2.68	-0.94	5.02	2.25	-4.58	1.88	-0.61	0.08	-0.10	1.02	-1.89
0.57	1.72	-6.17	-9.36	0.35	5.84	0.66	-3.62	-3.91	2.15	-0.87	-0.46	1.74
-12.83	-5.14	-3.35	-1.43	2.12	3.30	-3.90	-4.83	2.21	2.66	-1.95	2.53	2.54
-19.29	-5.17	6.43	6.05	-1.93	2.40	0.28	0.63	7.49	0.99	-1.34	-1.06	1.39
-11.91	3.28	3.53	5.26	1.39	6.10	0.90	1.21	5.91	1.10	-0.12	4.65	2.11
-12.10	3.15	0.63	1.71	2.01	3.43	1.12	4.94	4.18	-0.91	-0.62	2.07	-3.38
-11.41	-2.18	2.16	0.41	6.87	10.97	6.75	1.74	1.46	0.10	0.06	0.67	-4.94
-5.90	1.02	7.99	5.86	1.92	3.50	-0.96	1.18	-1.25	-2.45	-2.05	0.48	-1.07
-3.62	0.44	0.14	2.49	3.02	9.72	4.88	0.20	-5.30	-3.13	3.68	-0.23	2.09
-10.42	-3.26	0.27	-0.53	-5.51	2.52	4.15	2.27	-2.95	-3.27	-3.46	-3.46	-2.15
-11.77	-5.11	0.03	4.05	0.13	3.78	1.61	1.34	2.53	1.14	4.18	1.68	-1.07
-2.00	2.98	6.23	8.84	-2.60	-0.43	2.41	4.08	4.71	-6.19	0.28	2.93	-1.88
-5.41	-0.03	2.72	-0.59	-2.79	-1.12	0.53	4.21	3.65	-2.63	-1.18	1.80	-4.28
1.01	10.36	1.38	3.49	-3.75	0.10	3.01	7.90	3.16	-1.45	-1.20	-3.35	-7.29
1.17	10.63	9.82	5.33	-5.77	-0.61	0.34	3.68	2.05	-2.50	0.07	-1.98	-4.82
9.31	13.65	5.00	1.84	-3.92	1.79	-0.58	2.88	2.55	-1.39	-3.40	-1.67	-1.71
11.85	8.50	2.39	-2.04	-10.64	0.97	2.15	7.27	4.15	-2.31	-2.48	-2.52	1.05
3.02	1.75	-2.18	-3.83	-5.76	1.65	1.93	4.86	2.71	-1.76	-0.01	-1.28	-5.68
12.33	4.00	-3.58	-2.12	-6.45	4.30	5.49	4.32	1.65	-3.02	-4.70	-0.05	-3.04
10.29	5.60	1.32	0.22	-4.72	5.45	1.78	-0.52	0.54	-1.63	1.38	-2.72	-6.73
8.83	10.41	-2.41	0.21	-1.61	-0.01	0.26	-0.25	2.38	1.26	-2.36	-0.54	-5.59
9.20	11.65	4.42	-3.12	-4.49	5.60	2.42	-1.63	-5.27	1.65	3.24	-0.27	-3.24
0.08	2.81	1.13	1.95	-0.26	2.36	2.17	4.16	5.75	3.85	1.01	4.65	0.84
2.71	1.48	4.29	5.01	4.74	8.70	3.03	0.53	3.91	1.63	-1.07	2.14	-4.01
1.25	1.08	0.95	5.05	3.56	4.35	0.07	1.86	4.93	1.91	2.94	4.68	-5.82
0.26	1.74	7.07	2.86	2.04	5.47	-1.39	2.77	1.57	2.80	3.66	1.07	-3.40
-3.94	1.85	9.03	2.30	-0.83	4.70	0.95	6.80	2.93	-0.49	1.69	-0.65	-0.82
-3.53	2.60	4.42	0.04	-1.86	1.49	-1.79	-4.02	2.53	0.50	-2.22	-3.80	-1.46
-5.20	-2.72	5.82	2.74	-2.75	1.41	3.19	3.41	3.77	1.99	1.51	-0.61	0.01
-2.44	-0.71	5.54	3.02	-4.81	-2.56	-3.72	-1.94	2.22	-1.24	2.03	1.09	0.82
-1.80	2.16	5.30	5.81	-6.32	0.88	-7.08	-0.63	1.09	-2.24	2.17	-0.32	-0.97
-3.15	-1.97	6.55	4.23	-5.85	-0.63	-5.88	-2.08	1.03	-5.54	-1.61	-1.97	-5.37
3.61	7.73	6.05	4.74	-3.46	3.34	-2.51	-2.18	2.01	-5.82	-2.71	-2.78	-5.06
8.37	3.96	-0.37	3.89	-3.74	1.08	-1.56	3.12	1.34	-3.42	-0.76	-4.04	-3.68
6.32	9.82	-2.53	1.40	-0.66	4.10	1.55	4.41	1.45	-3.59	-2.00	-3.35	-2.23
1.26	1.25	2.35	7.12	0.44	2.42	-0.72	1.67	0.15	-3.91	0.14	0.21	-0.96
-8.63	0.87	1.92	8.54	-1.22	-1.11	-6.70	-3.44	-0.99	0.91	-0.97	1.50	0.43
2.26	1.02	-5.17	3.29	-2.98	1.20	-5.43	2.67	-3.22	-3.91	0.72	1.70	2.89
2.23	1.43	1.16	6.28	-1.00	9.80	3.69	5.65	2.76	-1.77	-2.19	0.85	2.60
8.31	3.71	1.65	7.81	-0.77	9.88	0.29	4.99	0.67	-2.53	1.71	-0.11	0.17
5.50	3.74	1.70	13.05	-0.26	6.35	3.82	6.61	1.09	0.19	0.92	0.43	1.33
5.12	1.96	-0.65	6.89	0.57	11.13	10.44	6.46	0.61	-0.98	0.50	2.11	-0.22
0.72	1.58	1.52	1.39	-3.49	8.48	12.23	9.36	3.91	-4.09	0.31	-0.91	-3.05
5.64	2.74	8.79	1.80	-4.98	8.68	12.53	2.89	-2.88	-3.32	-4.60	-3.15	-2.53
10.83	4.34	6.00	1.73	-5.94	8.81	5.74	6.78	3.51	-3.69	-0.65	-0.45	2.03
1.51	3.54	7.71	0.79	-1.86	7.35	4.16	2.11	1.44	-5.31	-4.18	-1.79	-0.28
2.60	-1.27	8.51	5.21	-2.12	4.46	4.44	7.27	1.82	-3.39	-0.13	-0.63	-5.52
1.75	2.65	7.48	5.83	3.74	5.44	6.31	5.06	-2.21	-6.77	-6.55	-4.22	-6.11
3.94	0.61	6.49	3.66	2.53	4.65	3.27	2.85	-2.37	-5.62	-4.99	-1.99	-3.00
1.21	3.40	8.21	3.58	-3.16	1.70	3.29	0.94	-1.03	-3.47	1.22	-2.60	-2.91
1.45	2.70	5.57	2.45	0.16	6.42	3.22	-1.42	-2.75	-3.39	-5.41	-2.85	-2.77
-2.08	2.62	9.27	1.54	1.61	9.99	3.66	1.57	-2.59	-4.65	-2.51	-3.54	-6.43
-0.28	-0.88	9.04	9.74	0.62	4.59	3.29	-2.73	-2.44	-4.65	-4.73	-3.65	0.19
3.78	0.09	4.48	4.42	-3.11	1.68	0.67	1.35	-0.76	1.90	2.08	-1.15	-3.41
0.12	-0.83	2.48	7.50	-1.54	5.59	2.32	0.89	-1.29	2.10	-1.65	-2.91	-0.64
4.16	3.59	5.49	4.03	0.54	5.67	7.92	2.24	-2.30	-1.95	3.02	3.85	1.83
4.30	5.12	6.37	6.62	-5.04	-0.61	0.80	1.07	-0.90	-0.70	-4.15	2.17	-0.86
1.92	0.41	6.39	9.60	0.89	4.18	3.87	4.63	-0.04	-0.19	0.77	1.53	-3.05
6.64	-1.60	4.86	9.74	-0.97	9.08	5.48	2.74	2.77	-0.81	-3.32	-3.77	-4.43
3.65	-5.69	4.17	8.36	0.75	5.83	3.61	4.17	0.51	-2.82	0.40	3.04	-1.29
6.09	-1.73	3.02	8.58	0.19	6.88	5.07	1.56	-2.71	-1.87	3.13	0.57	-2.07
3.93	-1.74	1.70	7.28	6.35	9.50	5.08	2.68	1.04	-0.81	-2.10	-1.70	-2.41
4.11	0.37	6.32	7.43	-1.77	3.30	4.61	5.21	3.35	-2.33	-1.31	-0.18	-1.93
-2.37	-1.23	1.57	5.01	1.09	3.77	3.94	4.07	6.53	1.84	2.36	2.48	-4.31
0.07	6.08	5.23	-1.64	-1.47	4.42	1.14	1.07	1.40	-1.94	0.87	3.35	-1.63
1.24	1.92	-0.76	1.24	-0.26	2.96	6.11	7.52	4.40	1.15	-2.58	-0.32	-4.00
8.53	2.36	-3.63	-4.76	-6.71	0.34	5.21	6.92	11.33	0.40	-6.90	-2.19	-3.16
13.37	4.51	-0.76	-7.84	-9.28	-5.33	1.74	4.55	6.23	3.96	-7.39	-5.31	1.49
=== END OF SAMPLE ===
Next sample in: 3... 2... 1... GO!
-16.50	-7.75	2.25	6.58	8.66	5.75	-1.84	3.35	6.27	-0.15	3.52	5.02	-1.79
-17.99	-6.85	2.15	4.11	5.95	5.45	-3.29	0.57	6.69	2.65	1.48	5.44	6.73
-11.10	-1.03	5.43	11.16	0.29	1.27	1.45	-0.08	5.81	6.74	3.06	5.26	1.83
-13.75	-2.33	3.69	7.63	2.51	5.14	1.79	-3.15	2.19	3.33	5.93	3.59	2.66
-8.07	-1.89	2.12	6.32	6.04	5.65	4.11	1.61	3.16	2.40	3.30	-0.62	-0.81
-14.16	-3.46	3.43	8.61	5.90	3.87	3.21	3.71	4.81	1.79	4.19	2.06	3.37
-13.77	-0.07	4.81	7.43	2.59	9.07	3.72	0.57	5.81	8.62	4.52	4.34	2.34
-12.50	0.27	6.62	9.40	4.04	1.99	-1.87	-0.30	3.03	3.44	4.58	4.35	0.69
-12.07	-2.62	-1.96	6.86	3.22	1.33	2.29	1.25	5.13	4.81	1.24	-3.46	-1.53
-12.18	-2.57	0.05	2.66	1.08	5.25	2.34	0.21	-0.08	0.72	4.53	4.73	2.06
-12.88	-8.30	9.22	12.07	3.43	3.72	4.23	-0.74	-1.25	0.48	2.23	2.54	-1.76
-13.99	-7.41	12.82	13.11	4.15	-0.08	6.28	0.46	2.08	2.53	-0.79	-4.88	-4.12
-9.32	-4.74	4.55	8.98	-2.50	1.72	2.91	-1.21	4.30	0.21	0.68	4.02	-1.05
-5.78	-1.64	10.00	5.84	-7.13	-2.82	-0.46	-2.23	-1.37	0.36	1.50	1.27	1.43
-0.25	-1.43	10.88	11.57	-0.92	-1.37	-4.09	-7.26	-6.23	-3.15	3.26	4.10	1.53
-0.98	-3.65	8.00	5.61	-3.70	-4.63	-2.25	-10.21	-7.94	0.21	3.87	2.05	-0.93
-11.72	-0.77	2.68	1.72	0.19	5.66	3.09	-1.66	-2.03	2.69	-0.43	-2.47	-3.20
-7.99	-11.72	-3.01	2.65	0.05	-0.24	-3.65	-3.91	-5.00	-2.01	2.57	-2.35	-3.19
-15.67	-7.47	-4.25	-0.26	3.85	3.04	0.52	-1.07	-2.94	2.75	-0.63	-3.36	-3.37
-6.20	0.34	-2.83	-0.27	-2.89	-1.97	-2.77	-1.58	0.46	5.38	2.98	-0.69	0.30
-4.96	0.21	-1.50	-4.58	-1.77	-0.18	-4.29	-0.03	-1.93	6.54	4.98	-0.11	0.01
-2.84	1.61	-3.24	-1.12	3.77	2.69	-1.81	4.18	1.39	4.58	4.78	2.72	-0.63
-16.27	-4.27	-4.20	3.90	1.79	1.90	-2.31	-0.39	-2.61	3.10	0.09	-6.63	-4.35
-15.81	-1.10	-7.36	4.37	2.24	3.49	-0.73	0.81	-0.48	3.64	7.21	1.89	0.88
-10.68	-0.03	-6.04	1.80	1.58	3.98	-2.83	0.89	2.12	3.06	2.16	-1.65	0.25
2.48	4.40	2.22	4.57	1.92	1.83	-6.03	-2.25	-3.94	-3.50	3.39	2.31	3.42
14.83	-7.18	2.70	-2.76	0.52	2.39	-6.86	-0.64	-4.04	-0.60	5.67	-0.05	-1.37
15.32	-15.12	6.70	-2.69	2.05	-0.21	-7.20	-1.76	-7.68	-2.11	2.25	1.25	-1.52
18.84	-20.21	7.21	-2.87	3.11	1.98	-10.65	-3.52	-9.74	-3.13	3.12	0.38	-1.58
24.51	-20.85	3.81	0.82	5.36	2.65	-10.39	-1.70	-10.65	-4.48	5.80	-0.34	-2.75
31.97	-18.10	-4.96	9.47	2.86	1.62	-3.18	2.46	-11.11	-7.22	5.59	0.13	-2.06
5.79	-9.85	-2.92	1.81	-5.57	4.21	5.71	-4.20	-9.91	-3.51	1.78	0.08	-2.69
17.35	-16.62	-0.71	5.66	2.34	4.32	-4.23	-13.10	-11.74	-6.35	2.45	3.01	-2.52
24.87	-29.06	4.96	5.45	-8.09	8.71	-3.16	-7.74	-0.93	-3.72	-0.83	3.75	-1.80
32.98	-34.10	6.95	7.65	-7.68	10.47	-8.05	-12.11	-4.84	-3.93	1.01	7.31	-4.06
33.85	-31.99	4.43	9.21	-6.67	7.68	-9.03	-11.26	-6.99	-2.44	-0.39	7.42	-5.20
33.66	-35.25	8.77	5.54	-4.90	6.66	-10.98	-11.59	-4.27	-3.69	1.39	6.68	-3.47
28.82	-30.45	6.43	5.48	-3.23	2.77	-12.87	-10.19	-7.02	-0.83	-0.02	6.59	-2.55
25.06	-26.08	5.16	3.41	-0.03	-3.62	-12.23	-6.46	-7.88	1.34	1.10	3.55	-0.65
25.03	-33.06	11.45	4.30	-1.94	-3.01	-11.87	-7.58	-6.61	2.82	-4.07	7.11	-3.12
4.73	-5.83	-0.07	2.18	-2.34	-2.68	-6.11	-4.89	0.70	1.68	2.35	3.31	-0.64
17.36	-15.49	8.44	-1.84	1.14	-0.80	-12.15	-9.54	-2.90	-0.40	-3.65	2.47	-5.90
19.52	-20.56	12.17	3.40	1.33	-2.25	-13.03	-4.20	-4.98	0.53	-5.56	5.14	-5.94
21.55	-21.57	11.73	6.90	1.69	-3.74	-8.91	-6.97	-4.02	-1.99	-4.04	5.33	-9.61
19.91	-18.61	13.94	4.53	3.92	-0.79	-8.75	-3.86	-2.32	-4.77	-2.82	2.57	-10.75
22.20	-19.00	16.54	4.31	2.61	5.13	-8.34	-5.01	-2.36	-3.51	-1.65	1.65	-10.63
20.55	-14.71	8.83	10.07	5.30	7.38	-4.88	-3.18	-2.36	-2.80	-0.34	3.19	-12.36
19.16	-8.55	6.36	7.88	8.59	11.41	-0.31	-2.24	0.47	-3.78	-1.22	6.13	-7.89
-6.04	1.09	-1.96	-0.77	-0.43	2.19	2.55	0.57	-0.32	-0.12	0.51	0.63	-0.16
-3.93	2.10	4.22	8.01	5.94	3.46	-3.55	-2.73	2.50	2.28	2.20	-1.47	-5.79
2.49	4.58	2.78	8.70	6.60	6.59	2.53	2.52	1.59	-3.47	1.46	4.96	-2.65
1.39	2.10	3.22	7.77	2.65	0.76	-3.53	3.12	3.71	-0.47	0.78	2.25	0.84
10.58	4.71	8.04	12.71	4.70	3.57	1.58	-0.94	0.93	-2.32	2.08	-1.12	-4.90
4.06	4.27	6.14	11.48	4.12	5.37	0.45	-4.99	-2.78	-2.65	0.27	1.14	-3.21
0.77	1.93	4.43	7.10	3.33	2.98	-1.14	-2.92	2.13	3.21	5.12	5.20	0.25
2.60	6.62	3.18	7.16	5.96	4.26	1.59	-0.98	2.77	-0.56	0.56	-0.91	-2.32
-0.93	8.53	6.78	5.81	7.05	4.14	-0.09	-4.37	0.50	-5.25	-0.50	0.86	1.72
-6.32	2.79	3.92	7.84	7.94	4.41	-1.02	-1.85	1.08	-2.31	-1.70	-1.56	-0.83
-21.98	9.69	6.42	5.68	5.20	6.31	2.74	-0.39	0.89	3.05	2.47	0.25	-3.30
-23.65	5.26	3.64	7.37	2.69	3.79	5.92	0.41	3.34	1.16	3.31	3.69	0.11
-3.03	5.43	7.77	4.47	9.68	9.00	7.42	-2.73	-2.25	-6.34	2.28	4.84	-5.91
9.10	-2.78	12.64	-1.18	9.15	15.07	0.58	-0.04	-6.02	-6.46	1.31	7.03	-6.99
11.60	-4.28	15.74	-2.45	11.22	15.99	-3.76	-3.79	-5.99	-9.15	4.72	2.43	-5.46
15.35	-4.23	11.19	-0.41	8.56	12.24	-4.18	-3.43	-6.46	-10.81	6.04	4.19	-9.42
15.56	-8.38	14.79	-4.59	9.05	10.67	-4.23	-1.07	-7.81	-10.03	4.57	2.28	-10.56
8.26	-15.91	15.62	-3.43	9.76	11.94	-1.86	-2.67	-9.06	-7.93	1.62	3.51	-10.79
1.38	-0.67	7.26	-0.48	3.90	4.18	2.66	-2.60	-2.99	-1.33	-0.56	-0.28	-1.28
10.86	-7.18	8.31	0.82	8.92	6.76	-2.47	-2.19	-10.70	-2.54	2.70	1.33	-4.13
-20.08	-3.22	3.81	-0.15	7.22	3.29	-10.66	-7.68	-3.64	0.75	-1.07	0.20	-0.66
-11.98	2.66	9.15	0.36	9.58	3.65	-1.72	-3.32	-5.43	1.70	-0.52	-2.66	-2.14
-11.07	1.26	12.75	5.46	10.35	9.69	-0.54	-2.68	-7.68	-0.87	-3.72	-1.79	-4.64
-11.77	8.72	7.21	6.76	12.02	1.68	-1.06	-4.00	-0.73	6.98	-1.64	-4.85	-7.25
-15.63	-2.18	3.50	8.00	11.85	2.73	5.51	-0.40	1.34	-0.93	-0.79	1.50	-0.78
-16.58	-0.02	6.65	1.74	1.93	3.67	1.71	-4.06	1.16	-1.62	0.14	1.79	-2.26
-10.18	1.22	0.11	0.40	-3.04	-2.28	-0.85	-1.08	-0.49	-1.75	-4.02	-1.86	-0.55
-10.60	3.42	1.35	2.68	-0.33	-1.57	4.73	-3.13	2.72	4.12	-0.28	2.44	-0.66
-10.28	-0.06	-0.37	0.81	3.19	6.12	4.08	-5.17	-2.52	-1.11	-0.96	-3.19	-4.24
-7.99	0.78	0.62	-2.26	3.89	5.38	-1.20	-3.68	-2.50	2.66	-1.28	-3.43	-3.62
-7.55	-0.78	-2.02	1.14	1.77	5.08	-2.02	-2.92	-0.97	4.92	2.93	5.64	2.09
-0.78	3.38	-1.38	-1.07	5.17	7.12	-1.23	-5.08	-4.79	1.14	0.72	2.10	1.63
-3.55	-1.79	1.13	1.69	4.45	4.39	3.37	-1.56	-0.19	2.33	3.29	-2.74	-0.94
-4.66	3.38	-0.51	4.42	2.23	2.09	2.53	-0.88	-1.14	1.68	1.88	-4.13	-4.11
-6.98	3.09	-1.11	-1.67	-6.24	-3.37	0.15	-0.33	0.33	-0.09	0.03	1.62	2.16
-2.19	0.92	-2.23	2.48	-0.70	-3.82	-1.44	-0.78	2.35	4.20	3.24	2.26	0.54
2.51	0.50	5.20	6.97	0.97	-2.12	-2.86	-4.69	-2.72	5.07	4.06	-0.95	-0.31
-0.39	-4.43	1.89	11.97	3.94	-3.64	-7.54	-9.10	-4.25	0.95	2.85	0.36	-0.04
0.26	-5.88	2.18	10.00	0.59	-6.65	-3.64	-0.30	-0.90	1.82	3.09	-1.90	-3.01
-2.31	-8.14	-1.69	2.18	0.71	-3.34	-6.58	-2.73	-2.56	0.88	-1.76	1.36	0.13
-1.31	-4.51	2.56	7.25	3.10	-1.00	-2.14	-1.13	-2.20	4.23	8.18	-2.95	-4.57
3.70	-4.47	1.12	6.03	0.90	-1.00	-3.76	-2.85	2.15	4.45	4.37	-1.59	-1.13
1.16	-0.38	-0.87	6.39	0.68	-4.78	-2.80	-4.14	2.92	4.63	-0.92	-1.62	-0.02
-2.74	-3.46	0.86	8.15	4.69	-3.35	-3.70	-1.06	-0.67	1.84	1.49	2.37	0.15
-3.26	0.17	2.53	4.53	5.44	0.87	-5.04	0.49	0.82	0.39	2.29	-2.14	4.05
-0.17	3.16	5.99	9.10	7.72	2.32	-7.33	-3.93	2.30	3.06	2.90	-1.14	-0.14
-9.04	-0.38	5.28	11.98	7.38	0.64	-0.14	0.20	4.71	3.57	4.59	1.61	-3.36
-2.94	3.28	4.87	7.91	2.87	0.56	3.73	0.44	1.03	-3.28	2.30	2.61	-3.11
-8.35	4.36	7.63	8.55	6.20	0.60	0.98	-2.48	1.33	3.02	4.34	1.93	-0.83
-6.65	3.28	5.98	3.86	0.27	2.00	2.66	-1.40	3.25	1.40	0.50	-1.67	1.72
-18.58	0.05	6.27	5.35	1.79	-0.44	1.63	-0.50	4.74	5.47	4.22	2.84	2.53
-11.25	2.28	5.07	2.19	-0.57	-5.46	0.23	1.29	1.44	4.96	0.44	1.03	2.45
-23.07	-8.31	3.95	1.41	2.13	-1.83	1.76	2.37	-1.94	3.86	-1.28	-3.12	-3.64
-18.13	-2.29	6.84	-0.90	0.62	0.16	-0.11	-2.45	-2.55	3.88	-2.98	-2.62	-2.72
-22.63	-7.25	0.31	1.67	2.96	1.32	6.03	2.55	4.64	7.27	2.42	0.30	-1.08
-19.99	-6.11	0.39	2.79	1.74	-0.01	2.30	6.35	6.34	1.51	2.29	1.50	0.03
-22.03	-5.57	3.24	0.95	2.62	3.33	4.69	-2.90	0.42	3.85	4.82	4.30	3.17
-17.05	-7.62	-0.63	2.20	5.81	0.48	4.23	0.35	-1.50	5.20	1.85	3.13	0.90
-23.04	-5.48	-1.76	-2.73	2.86	1.96	2.80	-4.08	-7.16	0.81	-0.37	0.02	-0.70
-25.02	-9.09	-2.95	-5.64	-0.32	-2.88	0.96	-1.12	-1.43	2.13	2.92	-0.17	1.63
-17.07	-6.27	-0.70	-1.73	1.56	-3.57	2.45	2.78	1.29	0.71	-3.66	1.39	1.27
-20.77	-5.04	0.49	-3.15	2.57	-0.44	0.94	2.63	3.45	1.90	4.66	1.62	1.04
-10.62	-1.65	-2.89	-4.83	-1.92	1.64	-0.08	0.82	2.82	1.13	1.84	1.56	1.05
-12.46	1.49	1.37	-2.06	3.61	-0.61	2.55	-0.37	0.99	0.97	-0.48	-1.64	0.77
-10.69	4.25	0.67	0.31	6.19	3.05	-1.16	1.20	-0.81	-1.28	0.29	-2.13	-2.61
-7.44	-4.23	-2.46	-0.93	2.96	4.42	3.63	5.49	0.94	-0.07	-3.67	-1.18	-2.87
-6.28	0.70	-3.96	-2.85	5.48	4.86	3.26	1.01	0.62	-0.12	-1.67	-3.01	-0.21
-6.25	4.91	-1.45	-2.99	2.89	3.90	1.60	1.72	3.28	-1.85	-3.33	-2.27	-1.96
-10.13	2.46	2.46	0.24	3.68	9.08	1.27	2.32	2.04	0.73	-0.61	1.25	2.81
-8.60	-1.97	0.21	0.72	2.74	9.47	1.69	0.81	5.76	3.58	-1.98	-3.27	-1.93
-3.17	1.87	3.30	3.17	2.06	3.35	-0.22	-1.07	1.92	-0.99	-0.47	0.82	-0.58
-10.85	-0.88	2.56	3.28	5.23	3.33	0.38	3.72	1.82	-1.35	-4.00	-3.52	-0.87
-11.75	-0.19	6.16	3.59	6.60	2.53	2.33	2.08	8.07	2.04	-2.64	-1.70	2.28
-12.82	0.95	4.67	0.21	4.28	3.37	5.22	7.03	3.57	0.65	3.19	2.19	-2.13
-10.21	-0.31	4.55	-3.16	3.69	6.97	2.50	6.72	8.01	2.94	0.96	-0.19	-0.77
-14.87	1.80	2.45	-1.34	4.27	3.82	-1.89	1.82	5.60	3.78	3.39	-2.29	-5.51
-29.92	-5.11	6.49	-2.11	6.26	6.42	2.19	1.11	3.74	2.14	2.82	2.80	-2.67
=== END OF SAMPLE ===
Next sample in: 3... 2... 1... GO!
-2.27	8.35	4.45	-4.45	-5.80	-6.23	-5.79	2.02	2.48	-5.04	-2.29	-3.54	0.98
-3.34	1.48	1.96	1.59	0.34	-0.69	-2.48	-2.28	-2.34	-4.22	-1.01	-2.87	2.68
-3.93	5.22	6.85	10.00	1.31	-3.85	-2.97	1.90	3.80	-4.26	-2.94	-4.55	-2.01
-1.64	2.73	0.76	6.78	0.88	-1.66	-2.78	0.64	4.48	-0.24	-3.49	-5.22	-1.05
1.79	2.76	2.25	1.50	-1.28	0.04	-1.24	-0.19	5.60	0.69	-1.64	-1.19	0.94
-1.00	1.28	-1.42	5.55	-0.67	-2.65	-5.98	-2.65	3.29	-3.15	-4.43	-3.13	2.27
1.07	0.54	0.63	5.58	0.92	-8.56	-8.22	-1.58	1.20	-1.09	-3.43	-3.96	0.92
-0.79	0.17	4.18	2.50	-3.28	-3.81	-10.79	-5.73	1.50	-5.29	-2.77	-1.53	-1.73
-6.39	-4.36	-3.51	3.51	0.21	-7.22	-5.66	1.12	3.41	2.02	0.02	-0.11	3.09
0.57	-2.70	-3.36	3.64	1.13	-4.69	-7.65	-1.20	6.90	-2.50	-4.29	-4.85	-0.00
5.57	7.05	5.50	3.74	-2.93	-1.98	-5.42	-3.60	4.12	2.74	0.23	-3.36	-2.36
2.30	2.32	4.71	6.04	0.19	-2.22	-7.16	-1.44	1.40	-4.17	-1.78	-2.68	-2.74
0.24	1.35	3.58	8.34	-1.30	-3.84	-10.48	-8.83	1.37	-0.42	2.18	-1.95	-4.42
3.66	3.37	1.32	5.83	-0.51	1.16	-5.56	-0.45	3.77	-0.03	0.42	-2.34	-4.04
5.05	8.51	4.28	3.63	-4.84	-3.68	-2.44	-0.93	0.98	0.61	-6.40	-1.28	1.75
0.12	4.09	-1.32	2.90	-5.68	-4.74	1.58	-0.05	-2.71	-1.98	-6.29	-1.88	0.69
-9.66	4.18	1.25	0.25	-4.50	-2.53	-5.12	-2.30	0.13	0.56	0.39	0.97	2.48
-8.84	5.92	-1.50	9.30	2.57	2.09	-7.93	0.30	1.81	-3.31	1.24	-2.22	-2.06
-9.31	0.67	-3.20	3.54	-1.02	3.75	-4.79	1.65	0.18	1.33	2.08	-0.30	0.25
-8.38	1.12	-0.34	8.73	-0.31	7.19	0.13	-1.10	-1.63	-1.42	-3.38	-2.36	-5.15
-10.83	1.79	-1.19	-0.98	-4.62	1.14	-0.09	2.56	0.55	3.69	-0.22	-1.04	-2.78
-4.06	6.85	-3.04	0.58	-4.13	2.63	-2.51	2.94	3.41	2.40	-2.17	-2.54	-0.68
-11.03	4.91	-4.52	2.40	-7.05	4.23	5.98	3.56	6.23	0.82	2.79	3.05	-3.31
-8.74	9.62	-2.00	3.35	-4.10	-0.65	0.14	-1.19	0.88	0.20	2.71	-0.21	-2.01
-8.60	-5.56	-3.87	-1.80	-2.73	-0.13	-4.50	-4.94	-4.48	-0.43	0.72	0.41	0.37
2.48	1.50	-0.16	3.67	4.94	1.12	-3.86	-3.38	-1.66	0.58	2.85	1.74	0.17
7.66	-5.02	-1.48	6.97	0.54	3.18	-2.02	-10.16	-0.54	1.26	-1.66	1.29	-2.90
16.27	-11.95	2.55	6.34	1.15	-0.37	-3.21	-8.22	-8.15	1.09	-0.82	0.40	-1.89
22.08	-16.54	-0.44	8.66	-1.21	-0.72	-4.25	-8.91	-11.56	-1.82	0.43	0.82	-2.44
25.03	-19.74	0.22	11.05	-4.46	5.19	-2.03	-7.72	-11.71	-5.30	3.06	1.96	-6.28
16.58	-25.54	-1.29	10.44	-9.30	2.80	4.03	-0.12	-5.65	-5.24	7.02	8.03	-3.39
-2.56	-5.53	-6.74	11.21	-0.05	2.06	7.51	3.18	-2.36	-2.22	5.30	2.66	-3.56
9.86	-15.91	-5.02	14.97	1.13	0.08	-4.09	-11.90	-9.71	-3.78	6.72	2.35	-5.20
19.77	-25.09	6.86	7.61	-6.20	5.99	-3.33	-7.97	-2.43	-5.65	1.57	3.87	-4.18
29.88	-25.06	3.83	7.07	-5.97	6.11	-3.26	-8.04	-5.03	-4.73	3.44	4.53	-7.06
26.48	-30.70	5.49	6.06	-5.49	6.91	-6.33	-5.42	-4.64	-7.28	6.01	3.81	-8.82
26.42	-31.18	8.89	7.06	-6.46	4.38	-10.14	-6.63	-3.33	-6.95	4.37	2.23	-6.59
23.28	-26.78	4.52	7.66	-3.09	-1.50	-7.65	-10.85	0.22	-9.83	1.90	3.83	-7.34
20.13	-30.51	11.19	6.19	-3.01	-1.83	-11.60	-5.14	-2.37	-6.98	2.74	1.27	-6.21
18.48	-25.96	6.99	8.05	0.49	-8.48	-6.74	-8.66	-0.57	-5.67	0.76	2.89	-6.61
-8.57	-12.04	-2.23	2.88	-5.45	-9.18	-7.66	-4.02	-2.57	-3.05	-3.40	-3.43	-4.04
-3.73	-12.36	3.45	9.60	-1.12	-7.68	-7.08	-3.15	-2.80	-1.21	0.46	-0.32	-1.34
17.69	-21.55	9.12	15.30	1.86	-7.26	-5.21	-6.61	0.56	-5.14	-1.37	2.73	-6.20
16.77	-21.78	8.54	16.21	6.44	-9.92	-2.91	-7.44	0.39	-5.92	-1.05	0.66	-9.90
15.91	-21.73	8.05	13.81	10.87	-3.86	-5.84	-1.14	-2.27	-5.11	-0.98	-2.97	-10.39
18.94	-15.56	10.20	8.21	14.16	5.76	-8.78	-2.71	1.82	-6.04	-1.67	1.79	-11.39
12.34	-8.56	7.39	5.87	10.75	9.18	1.56	-4.36	3.13	-1.61	0.32	6.90	-9.43
11.55	-9.60	-4.29	12.59	3.35	4.12	-4.43	1.35	-1.69	-2.54	2.45	2.71	-3.33
-6.69	1.68	2.98	7.58	-0.36	-3.50	-0.45	2.05	-0.32	-2.81	-0.24	2.37	4.18
2.75	1.14	4.17	10.26	0.74	-3.23	-2.66	-2.21	0.46	2.21	4.89	4.33	2.88
-3.26	-3.79	-0.35	11.14	4.17	1.44	-6.05	-2.73	1.25	2.00	2.90	3.90	1.30
4.05	1.06	-0.22	11.06	1.71	-4.21	-7.58	-0.45	1.66	2.56	3.95	3.93	-0.88
-2.35	-1.82	-1.41	5.71	3.68	0.95	-1.99	-0.64	-0.35	5.17	7.28	6.29	1.29
-0.08	2.68	-0.48	8.34	3.84	0.79	-1.16	-1.84	-2.30	-1.81	-1.54	-2.72	-3.29
2.27	3.92	-5.28	1.40	-0.26	0.83	-2.25	-1.36	4.46	1.84	-2.19	0.82	4.11
3.10	8.51	-1.99	6.08	2.15	2.60	1.53	-2.87	1.71	5.56	-2.50	-3.04	-1.56
-0.16	1.46	0.10	3.42	4.05	-2.15	-8.45	-3.21	-4.13	-0.69	0.91	-0.55	-0.30
-21.32	2.11	-0.21	3.46	-0.36	-1.65	-2.76	-9.65	-2.35	2.94	9.62	0.74	-3.50
-17.69	2.00	-1.19	5.40	6.18	7.98	0.18	-9.65	-2.70	1.60	8.49	3.00	0.14
10.04	-1.96	11.81	-1.29	7.53	11.61	1.93	-2.95	-2.82	-2.10	1.56	3.76	-2.40
7.58	0.24	16.63	-5.88	7.22	15.63	2.50	-5.66	-14.55	0.70	4.28	3.23	-5.29
3.90	-3.36	18.04	-4.98	8.30	11.38	-1.20	-2.37	-11.86	-1.93	1.73	0.62	-5.69
11.68	-1.35	10.57	-0.62	10.58	9.63	-3.80	-2.53	-10.66	2.39	3.03	-0.06	-5.45
11.66	-3.38	11.74	-2.00	7.76	8.90	-1.45	-1.86	-7.98	2.44	0.50	-0.82	-2.50
-2.79	-0.11	-1.67	4.58	2.93	7.13	4.04	1.02	1.82	0.27	-1.18	-1.02	-0.51
-3.97	-0.90	9.84	-3.94	11.54	6.98	-1.76	-6.21	-11.05	0.43	-1.50	-4.58	-1.26
-2.36	-2.18	7.79	5.95	-1.16	-0.30	-1.27	-3.48	-7.84	-2.84	4.54	-0.58	-0.76
0.47	-7.02	-1.82	2.41	2.14	-3.99	-1.65	-3.40	-8.74	-4.29	7.71	2.18	3.52
-11.77	-4.22	2.43	-0.83	1.07	-0.77	-2.50	-3.54	-5.89	-1.15	7.52	3.10	5.64
-6.95	-5.39	7.44	6.30	2.11	-4.03	-0.45	-0.67	-5.80	-1.43	4.06	-1.75	0.23
-6.05	-5.86	3.59	6.06	3.95	-4.00	2.39	-0.58	-2.39	3.02	0.20	0.35	3.74
-5.45	-7.40	2.57	-0.12	-1.65	0.85	-0.79	0.70	-4.36	2.52	2.98	-4.86	-0.73
-9.41	-6.56	0.20	2.59	1.18	-0.56	-4.58	-0.25	-2.81	2.74	-0.54	-0.44	-2.79
-10.68	-4.40	-4.07	-1.97	-2.37	3.64	-1.61	-5.95	-4.65	4.01	-1.10	-1.80	-4.22
-6.48	-3.61	2.72	-1.67	1.56	7.10	1.51	-3.18	1.90	5.12	1.41	-0.22	-1.79
-3.19	-6.97	3.00	-0.81	0.81	0.85	0.49	0.16	2.75	3.31	4.72	-0.88	-4.74
-5.49	-8.12	-0.26	-4.12	-7.76	-0.24	-7.61	-9.95	-3.15	-0.33	4.50	-0.74	-4.41
4.92	-6.35	-6.21	-2.44	-0.75	-2.36	-5.43	-7.72	0.98	4.65	2.59	-1.80	-5.17
3.71	-6.23	-3.91	1.11	-1.51	3.07	-2.30	-6.48	-4.27	6.13	6.62	-1.46	-4.42
2.01	-7.45	1.06	-1.61	-2.88	0.65	-4.85	-4.36	1.05	7.61	9.41	-6.68	-10.25
-0.18	-5.03	0.17	3.49	0.59	-0.92	-5.81	-7.96	-3.10	5.06	4.12	0.15	-5.81
5.67	-8.58	2.35	-2.87	-3.93	-2.39	-2.87	-6.00	1.02	7.01	4.96	-1.85	-0.92
8.46	-2.92	-3.76	-0.92	-0.20	6.86	-4.30	-6.23	-1.80	-0.39	1.08	-2.09	-1.73
3.66	-3.21	-1.65	4.28	2.58	3.05	-0.58	-2.54	-1.67	-1.77	5.99	-1.38	-4.12
1.14	1.31	-0.92	6.16	1.22	-0.44	0.30	-4.95	-2.09	-1.30	7.04	-1.97	-6.35
-1.70	6.70	-4.07	1.73	-3.15	-1.97	0.64	-6.07	0.88	-0.75	2.88	1.34	-4.38
-7.95	1.09	-5.23	0.21	0.51	0.57	5.31	-4.42	1.68	-3.66	2.40	-2.17	-4.35
-9.22	0.79	-2.34	-1.52	1.34	-1.55	4.96	-3.46	-3.49	-1.79	6.82	3.54	0.11
-7.48	0.07	-0.22	-0.71	-1.74	-2.63	0.30	-4.90	-3.16	3.84	6.41	2.35	-2.07
-5.30	1.29	-1.86	1.46	-1.58	-0.87	-0.83	-7.97	-2.98	0.10	3.61	-1.07	-5.79
-4.57	1.23	4.48	0.74	-0.53	-0.45	1.35	-1.56	-5.61	-1.81	3.70	0.40	-3.21
-5.91	-4.21	8.32	6.02	0.70	0.91	-2.55	-5.02	1.83	-1.74	4.58	1.31	-2.82
-2.34	-3.59	9.37	3.35	4.01	1.85	-6.24	-4.63	-5.16	-4.02	3.30	5.71	-3.17
-0.45	-6.31	5.33	6.83	3.15	2.06	-1.56	-2.02	-4.14	-4.48	5.22	6.35	-1.11
-2.57	-11.28	-0.31	3.28	1.71	-1.51	-4.45	-5.07	-5.69	-6.44	1.60	5.40	-0.53
1.90	-4.68	6.81	3.19	1.42	1.60	-2.83	-2.52	-7.34	-8.69	-0.70	2.09	0.67
2.78	-8.66	10.45	9.61	6.71	0.16	-2.39	-2.35	0.34	-0.58	1.94	2.43	-4.69
4.34	-11.61	4.35	10.78	6.16	-0.42	-4.09	-4.09	-2.85	-0.10	0.75	2.95	1.65
3.50	-10.18	1.78	7.99	6.97	0.78	-5.46	-7.99	-3.61	-1.12	0.87	-5.05	-6.41
5.73	-13.15	1.52	7.74	4.13	1.87	-8.68	-7.97	-7.14	-3.52	4.93	1.20	-1.82
3.83	-10.81	2.52	6.73	4.11	0.98	-5.21	-2.21	-5.92	-2.26	-0.37	-3.08	-4.48
5.38	-8.26	2.22	9.02	5.43	2.89	-3.21	-6.76	-1.56	3.32	2.37	-2.13	-4.75
8.51	-5.54	6.91	10.07	5.48	1.43	-3.26	-4.95	1.80	-2.73	0.51	-1.46	-5.27
11.52	-9.00	-0.49	2.00	-2.66	0.34	-2.11	-6.58	-6.22	-5.07	-2.62	-6.36	-0.98
5.77	-7.01	-4.44	1.07	-1.06	-1.14	-2.15	1.92	-1.62	-3.39	0.02	1.13	-2.60
7.45	-2.63	-8.49	2.74	2.78	-0.01	-1.76	-3.53	-1.40	-4.91	0.39	-0.39	-5.38
8.27	-6.92	-6.92	5.62	0.48	3.61	2.53	0.85	-0.53	2.25	2.59	2.39	-2.08
10.48	-2.96	-7.45	2.04	-1.31	-0.69	-0.55	-4.38	-2.49	-1.02	5.12	1.93	-0.94
10.89	-2.54	-5.10	1.90	0.04	-3.26	-6.54	-2.07	-1.35	-0.14	3.76	-1.47	-2.06
11.06	-0.03	-5.37	2.06	-2.51	-4.28	-2.99	1.81	-3.49	0.86	2.44	-0.70	-0.74
9.20	0.09	-6.89	2.28	-2.14	-0.10	4.54	-0.89	-2.14	1.86	4.04	1.99	0.28
6.72	1.06	-9.80	6.22	-6.21	1.80	3.01	0.75	-1.26	-2.18	5.36	1.29	0.16
1.50	1.96	-7.41	-3.64	-1.83	1.18	0.59	-1.45	0.70	0.84	1.45	1.92	-1.44
1.00	3.29	-1.94	1.24	0.22	-0.23	-3.32	-1.53	-1.50	-1.06	0.26	-0.55	-1.26
8.66	3.04	-0.49	-1.35	-3.83	-3.80	-2.72	3.53	-0.36	-0.28	0.49	-1.02	-1.05
7.68	0.60	-4.16	-2.16	-1.95	-1.01	1.57	5.67	2.63	-3.44	0.54	1.97	3.80
3.16	-1.92	-9.39	-10.17	-7.69	-3.27	-4.75	1.31	-1.11	-2.29	1.90	-1.83	-4.09
7.49	3.90	-0.08	-4.74	-8.60	-3.55	-3.77	0.94	-2.36	1.18	1.00	-2.06	-1.12
-0.80	0.53	-4.93	-2.94	-4.25	-4.16	-5.00	-2.38	-2.18	-1.24	-1.61	-3.71	-5.54
13.25	3.94	-4.80	-1.31	-4.50	-3.10	-0.47	-1.61	-0.45	-0.55	-2.29	-2.09	-0.20
9.34	-1.92	-8.40	-9.72	-7.26	1.82	3.61	1.34	6.23	4.96	2.88	-2.71	-5.18
12.93	4.82	-6.14	-7.68	-6.13	0.50	4.31	3.74	-1.44	-0.49	3.78	3.01	-3.87
11.18	1.27	-7.80	-5.97	-5.04	1.31	5.69	0.14	0.80	2.83	4.24	1.81	0.29
6.98	-0.46	-8.98	-5.82	-6.21	-4.83	3.17	2.62	-2.69	2.21	4.25	1.63	-1.81
5.88	0.22	-8.37	-9.47	-4.05	2.08	5.26	7.09	6.02	5.18	4.71	1.95	-2.70
=== END OF SAMPLE ===
Next sample in: 3... 2... 1... GO!
-8.85	3.64	5.49	4.15	1.88	-3.92	-4.05	-0.08	1.86	-0.58	-3.90	-1.30	-0.12
-7.59	6.65	7.11	0.27	3.75	4.32	4.63	5.19	1.29	-3.62	-1.34	-2.66	-2.26
-13.80	1.47	2.24	4.25	6.93	7.33	-0.74	-3.15	-0.00	-2.04	1.22	-1.09	0.00
-13.88	5.21	5.05	-0.44	5.80	6.13	-0.03	-0.52	5.06	4.46	-3.74	-2.75	-0.79
-9.60	5.24	7.44	5.07	5.79	5.64	-0.10	-0.04	1.73	-2.42	-2.36	-0.62	-2.04
-9.35	6.61	6.17	3.37	7.67	2.53	-2.95	1.98	5.09	-2.51	-1.94	-2.24	-1.93
-14.02	8.68	5.37	4.25	7.84	6.12	3.36	8.62	4.63	-0.14	2.05	-0.06	-3.89
-12.08	6.27	6.55	4.62	7.37	8.51	2.11	6.14	1.53	-2.96	-2.21	0.06	-3.75
-5.55	10.06	5.95	7.38	1.10	7.34	3.50	2.96	-0.25	0.15	-0.44	-2.28	0.86
-5.89	2.58	0.85	5.46	6.61	3.66	2.55	0.34	4.85	-1.99	-2.01	-4.44	-0.04
-15.22	-0.38	6.52	7.52	4.07	1.00	6.37	4.03	1.67	1.87	-3.23	-2.87	-3.30
-13.41	-1.40	3.58	4.41	4.31	-0.28	4.12	6.48	2.14	4.37	0.76	-2.74	-2.81
-4.91	4.28	5.74	6.72	8.08	2.57	6.05	6.49	-0.49	-1.78	-0.39	-1.00	-0.41
-8.32	1.60	6.04	5.85	5.55	3.94	8.09	3.78	1.66	0.11	-1.87	-2.51	-0.32
-9.06	-0.02	5.53	6.48	4.33	2.45	5.90	4.21	-0.00	2.73	-1.20	-3.12	-2.14
-6.74	-2.13	5.89	3.82	5.30	-0.09	2.58	0.68	-1.41	4.49	4.53	0.87	-1.31
14.10	-2.94	4.87	7.40	1.04	-3.33	-0.03	1.25	-5.18	1.42	-0.51	0.68	-1.94
16.22	-13.15	5.55	5.44	3.08	-5.03	-5.66	-1.38	-9.26	-4.39	3.51	-0.72	-5.04
4.27	-0.32	3.04	3.92	-1.58	0.32	0.99	-1.96	-4.65	-1.44	3.39	1.53	-3.87
-2.60	3.12	1.20	2.31	-2.12	-2.19	-1.80	-6.39	-9.81	-4.66	1.81	0.38	-3.76
-8.01	-4.59	-1.53	11.71	-3.83	6.82	7.70	-2.91	-3.33	0.89	2.62	4.73	0.89
13.05	-3.54	4.09	6.51	-5.63	8.86	5.40	-7.54	-6.59	-2.09	7.99	0.75	-2.30
15.09	-5.79	2.31	5.84	0.92	2.68	5.82	-3.29	-9.65	-3.78	1.56	1.72	-2.75
-0.54	-4.80	-5.77	11.35	3.98	1.86	2.80	-5.88	-12.47	-2.60	4.04	1.47	-5.74
-17.44	-0.59	3.07	8.40	3.95	1.24	-0.53	-0.59	3.73	0.98	-4.64	4.36	3.28
-19.54	-10.63	9.69	12.39	-10.64	1.08	7.09	-4.17	-0.94	5.92	1.23	6.50	4.63
15.09	-5.21	-3.09	6.06	-2.93	3.40	4.34	-3.68	-8.08	1.74	4.98	3.02	-0.73
12.63	-7.78	-4.11	9.36	-1.63	0.04	1.43	-7.83	-10.65	-2.08	4.29	-2.74	-2.49
29.95	-12.54	-2.51	6.87	-3.10	5.71	2.12	-7.89	-9.25	-2.91	8.84	-1.72	-2.28
28.98	-15.39	-1.83	5.87	-2.18	-0.71	-2.48	-8.72	-6.01	-2.66	10.96	-5.50	-2.39
24.00	-14.17	-1.15	4.55	-2.88	-5.60	-4.16	-5.45	-3.40	-1.41	5.72	-3.46	-1.77
25.35	-15.99	-1.37	5.67	-3.60	-9.20	-1.90	-8.11	-0.57	-0.19	3.55	-2.18	-1.19
7.69	-10.39	1.61	8.72	0.86	-4.70	-2.20	-3.05	-1.36	-3.53	-1.24	-3.46	-0.89
11.90	-10.01	1.37	8.53	1.60	-10.80	-3.96	-7.24	-0.81	0.86	5.22	-0.03	0.43
11.10	-10.58	-0.51	6.14	3.46	-13.68	-2.72	-8.36	-0.40	-1.72	6.35	-0.73	1.69
7.04	-7.45	-1.68	9.44	-1.10	-11.84	2.77	-9.69	-1.61	-2.45	3.90	-0.52	1.77
7.39	-10.85	0.65	10.79	-0.52	-8.45	-1.19	-5.96	-2.39	-3.61	4.12	-0.49	2.22
11.62	-13.38	-1.28	13.33	-1.51	-7.06	-1.87	-7.98	-2.20	-3.01	4.00	-0.73	2.23
11.60	-5.76	-0.77	12.70	-0.61	-6.92	-1.10	-10.26	-2.42	-2.82	4.84	-4.27	3.83
8.09	-2.31	0.75	12.23	2.45	-9.44	-4.00	-10.65	2.16	-0.94	6.33	-5.86	2.67
4.03	4.40	-3.61	10.85	7.42	-4.56	-8.69	-7.36	0.22	-2.46	-0.91	-8.43	-1.54
16.68	0.08	0.05	13.95	6.57	-6.91	-6.00	-4.50	1.61	-0.16	8.21	-6.90	2.42
4.94	-1.20	1.27	2.27	0.38	2.66	-2.52	-5.18	0.42	3.38	-0.73	-1.56	0.82
1.40	-7.50	-1.54	4.22	3.61	-1.94	-3.82	-1.14	0.19	0.40	4.01	0.53	-2.30
5.48	-5.30	-2.71	2.14	0.29	0.94	0.96	-2.69	2.22	5.61	2.28	0.73	-0.38
7.33	-0.42	-2.55	3.51	0.45	4.38	2.37	2.68	-0.20	0.94	1.05	-1.01	0.62
4.69	-3.78	2.29	6.20	6.19	0.72	-1.28	-4.59	-0.46	1.81	1.89	-0.86	0.42
8.22	0.20	0.18	-1.58	-1.56	0.08	0.59	-2.31	-2.06	0.20	1.18	-4.19	-1.54
11.67	2.56	-0.95	5.11	7.10	3.55	-1.13	-5.61	-1.19	0.21	2.41	-3.20	-4.04
9.37	-1.36	-2.09	1.01	1.63	2.73	-2.34	-1.83	-3.64	-2.48	-2.57	-2.28	-0.69
1.99	7.20	3.66	2.19	0.20	1.02	0.63	0.27	1.87	0.46	-0.72	-0.53	-2.03
-9.49	0.41	1.21	2.73	-0.91	-1.82	-2.66	-3.12	-1.99	0.07	0.51	-1.18	-2.61
3.38	2.47	1.61	1.40	2.33	10.42	2.86	0.98	-1.76	-1.68	-3.18	-2.40	1.49
1.54	3.77	2.86	0.67	1.68	8.23	6.00	-0.33	3.49	2.43	-5.02	-0.39	0.78
3.71	1.54	0.57	2.62	3.61	6.95	5.75	2.28	-0.94	-3.95	-3.56	-1.46	-1.92
-1.90	-6.35	3.43	1.65	0.28	5.44	4.67	-0.68	5.88	1.57	-1.58	-3.84	-4.59
-7.69	-10.75	-4.31	-1.66	1.12	7.99	-0.01	0.20	6.31	3.88	-0.19	-2.14	-3.51
-0.13	-12.09	-1.32	-8.17	2.63	10.34	0.13	-4.29	4.52	1.91	-3.97	-3.73	-3.15
-3.23	-0.43	-1.41	0.78	-0.39	4.51	2.34	-1.82	0.91	2.70	0.14	-4.17	-1.84
-6.15	1.58	0.00	3.12	2.52	1.58	-1.30	-1.89	-0.18	0.37	-0.31	0.55	-0.55
2.30	-8.74	0.44	-3.23	2.58	9.48	3.67	-1.85	4.44	1.12	-3.03	2.88	-1.05
-3.11	-6.96	-4.19	-2.92	2.63	9.35	5.20	-3.17	5.40	4.31	-0.45	1.23	-3.97
0.41	-5.66	-5.04	-0.69	5.09	7.26	-1.49	-4.64	2.50	1.84	-1.35	1.11	-0.90
-0.32	0.32	-8.71	0.81	5.23	11.58	3.08	-3.46	2.41	2.54	-3.83	-2.29	-3.26
-21.29	-8.79	-4.66	10.17	3.04	2.51	6.87	1.95	0.69	-1.09	-2.28	-2.13	0.94
-4.07	4.91	2.51	4.91	9.00	9.63	6.25	-6.49	-3.26	-1.08	10.29	-4.01	-7.36
4.19	-3.60	5.74	4.94	9.06	6.64	-1.74	-10.46	-2.13	-5.44	10.53	-1.59	0.25
-0.52	-1.14	1.28	7.59	5.57	6.55	-5.04	-5.69	-0.74	-4.53	7.60	2.18	1.53
12.31	-5.26	7.62	-0.51	2.01	7.35	-1.84	-12.87	-4.04	-5.64	14.49	-1.95	0.02
12.48	-2.95	5.13	1.63	2.64	5.91	-5.32	-13.39	-5.31	-2.08	14.75	1.84	-0.79
10.40	-1.78	6.23	-1.10	-1.22	3.60	-0.61	-12.61	-2.48	-3.71	14.89	0.23	-3.28
10.94	-4.91	1.22	0.79	-3.90	7.72	-0.32	-5.79	-5.81	-4.61	10.53	0.93	-2.40
6.91	-1.69	6.85	-4.12	-5.30	9.25	1.12	-5.55	-8.83	-3.09	10.19	3.37	-2.88
9.79	0.74	4.85	1.81	-2.51	14.02	2.83	-5.90	-11.25	-3.62	6.65	0.86	-5.59
9.26	1.01	6.14	-1.39	2.58	2.67	2.10	-5.23	-5.29	-2.31	2.10	1.09	-0.60
1.47	0.36	3.74	-0.64	0.49	4.84	3.98	-5.39	-5.83	-3.94	2.51	0.62	-4.42
2.63	1.44	-1.44	-0.88	-1.19	-0.43	2.60	0.90	4.53	3.26	2.77	-1.55	3.52
3.90	4.54	1.12	0.15	-4.65	-2.91	-0.54	2.59	-0.24	-1.86	-0.20	-2.04	-0.35
1.79	-0.04	1.03	5.68	1.18	-3.68	-0.97	-6.42	-3.46	-2.22	-0.07	-2.36	-2.12
0.96	6.52	0.01	-0.92	-2.99	3.48	4.09	-2.21	-1.19	-5.21	-0.32	0.80	-2.13
-13.26	-11.79	8.47	4.47	-2.05	-5.97	4.32	0.30	3.71	-0.78	-4.53	-3.80	-1.06
-6.39	-6.01	4.44	5.10	-0.24	-1.47	4.90	-0.57	1.48	-3.37	-4.34	-0.86	1.83
-12.11	-0.25	-1.32	1.08	-0.36	-0.60	0.22	-1.83	-1.30	-0.83	-1.88	0.39	-1.64
-9.54	1.52	1.21	1.32	-1.35	-2.18	-0.95	-1.31	0.22	3.06	2.25	0.81	1.15
0.80	6.29	5.60	1.47	-5.37	-4.50	-2.37	-2.20	-0.64	-0.39	-1.57	-2.20	-3.28
5.67	6.67	1.73	-1.15	-1.39	0.33	-1.40	2.79	0.69	3.31	-0.00	-0.46	-6.56
-2.54	5.03	0.82	-3.50	-3.74	4.35	0.71	2.96	2.70	-1.85	3.53	-5.30	-8.68
8.39	3.67	1.68	-1.60	0.11	0.57	-1.18	5.24	-1.05	0.18	5.18	-4.73	-8.16
3.14	1.37	-0.75	-11.02	-6.70	-2.33	-1.26	3.60	-0.77	0.86	2.98	-2.91	-4.63
2.53	7.38	1.65	-1.76	-6.53	0.37	-0.93	4.88	4.16	-5.74	1.17	-3.04	-3.97
-0.50	-1.94	1.76	-2.28	-12.44	0.25	-2.68	1.05	2.52	-1.17	2.52	-4.21	-2.03
-2.17	2.29	-2.73	-3.28	-3.15	0.16	-2.38	-0.21	-3.68	-3.93	0.00	-4.69	-4.44
1.85	1.35	4.22	1.36	-4.05	-1.34	2.13	3.99	6.66	-5.54	-2.81	-4.32	-2.85
-3.89	4.60	0.88	-1.63	-2.87	7.63	-0.54	1.35	2.59	-1.99	-1.39	-1.36	0.18
-14.27	3.14	1.97	2.12	-2.93	2.18	-0.22	-3.05	-0.79	-2.03	3.28	-3.48	0.83
-22.35	0.19	0.69	1.35	-3.20	0.77	3.79	0.29	0.75	-4.00	-0.63	-5.88	-0.92
-27.91	-2.07	6.96	4.17	0.44	4.41	0.74	-2.61	2.79	0.09	2.76	-3.04	3.00
-32.67	-2.39	2.71	-0.91	0.20	6.42	-0.88	-0.46	0.38	0.47	4.81	0.31	-2.02
-33.05	1.50	1.03	-1.53	-2.82	4.36	2.23	-2.38	-0.57	-0.32	0.76	-2.03	0.90
-29.44	-1.27	1.55	-4.04	-6.59	5.77	1.40	0.33	-0.54	-5.03	-1.74	-0.62	-0.49
-38.69	-6.15	5.43	-3.68	-2.84	7.07	4.48	1.39	-0.24	-6.34	-0.21	-2.13	1.06
-36.51	-6.70	3.12	3.70	0.25	6.08	1.19	-2.11	-1.66	-5.52	-1.00	-1.74	3.05
-30.87	-1.82	8.08	2.24	2.78	8.24	0.53	-0.20	0.25	-2.77	-0.45	-1.96	0.00
-33.30	-5.72	0.82	-4.15	1.00	4.82	1.58	1.61	1.14	-5.93	0.87	-1.69	1.70
-31.79	-4.52	0.13	-1.35	-3.58	2.85	3.15	-1.75	1.32	-2.95	-1.81	-4.81	1.69
-32.56	-3.11	2.73	-0.55	-0.87	7.10	4.13	3.46	1.45	-0.88	4.80	1.91	3.99
-27.78	-4.39	2.90	3.85	2.37	7.73	3.36	-4.34	-0.56	-3.84	3.40	-3.60	1.11
-29.65	-7.49	0.36	1.99	3.91	8.07	5.50	1.82	1.30	-0.64	0.01	-7.22	-1.14
-25.61	-0.69	3.91	-6.29	-4.31	7.17	4.61	3.57	-1.17	-0.33	-1.39	-2.42	-0.40
-24.74	-4.75	1.02	-4.03	0.72	6.12	2.71	6.44	0.49	0.07	3.76	-2.12	1.15
-19.39	-1.23	2.97	-6.82	-1.55	3.56	4.97	0.70	1.08	0.44	3.59	0.62	1.20
-27.52	-0.08	8.12	2.54	4.43	5.64	-1.43	-3.18	-6.77	-2.33	2.13	0.08	-1.57
-21.56	1.38	8.06	-5.67	-3.68	3.95	1.98	-1.31	-1.29	-2.07	1.67	2.33	-0.33
-22.57	-7.29	1.83	-5.64	-2.69	6.23	3.72	-0.61	-0.53	-0.44	-0.65	-1.99	-3.88
-15.25	3.56	3.75	-4.26	2.69	11.86	3.26	1.67	1.99	1.19	2.06	-1.11	-1.11
-15.40	4.84	5.44	-4.37	-2.12	4.07	-1.28	1.81	0.00	1.95	3.26	0.82	0.07
-16.36	-0.12	6.21	-2.09	-4.42	2.57	2.30	5.16	1.20	2.79	6.42	2.27	-1.33
-13.71	2.55	3.11	-0.57	2.25	7.34	3.13	2.21	1.02	0.56	-3.45	-3.26	-4.48
-10.30	6.68	10.33	-1.47	-3.41	3.38	5.63	1.53	0.68	5.01	4.81	2.03	1.92
-8.01	7.63	2.58	-3.65	-0.27	5.51	1.98	1.27	5.02	4.15	2.97	1.62	-1.54
-9.15	5.58	6.07	-1.42	-5.07	-0.18	-1.73	0.06	2.58	1.10	0.81	1.56	-4.66
-9.39	5.24	5.47	-1.96	-1.17	4.71	1.56	1.18	5.26	3.22	-0.37	-1.54	-4.14
-12.29	-1.32	-3.03	0.44	-0.23	0.98	0.57	-0.38	0.79	-0.07	-1.90	0.28	-1.87
-10.17	-0.87	2.44	1.14	-1.04	-0.24	0.25	2.82	3.15	-0.38	0.76	3.20	1.61
-17.32	-2.22	1.80	-3.72	1.23	5.87	3.02	7.22	5.13	5.67	5.39	1.61	-1.14
=== END OF SAMPLE ===
Next sample in: 3... 2... 1... GO!
-11.29	1.57	-1.22	3.65	1.80	0.55	0.83	3.51	4.00	-2.13	1.29	0.77	-3.10
-14.91	1.31	-2.66	2.64	1.19	3.34	3.29	2.36	-1.67	2.47	0.91	0.65	1.23
-14.56	1.37	-3.19	-0.05	0.75	5.58	1.19	4.75	-0.11	6.39	-0.99	-1.86	-4.51
-46.92	15.64	-10.30	0.97	7.17	2.47	3.56	-0.09	2.09	0.30	3.86	0.22	1.21
-62.54	-8.73	-4.38	-9.58	5.99	0.42	2.70	-1.71	-5.30	9.41	2.74	0.98	3.12
-39.40	-17.34	-2.87	-2.74	5.74	9.80	-0.12	-1.92	-4.83	-0.84	0.32	-0.79	-0.32
-42.99	-4.56	-6.32	-2.47	10.32	8.06	6.96	-5.65	-6.44	-1.97	2.96	-1.39	-6.31
-19.33	0.45	3.23	1.30	10.81	2.39	1.12	-2.48	-3.91	-3.00	-0.05	-3.96	-3.78
-10.91	5.63	2.93	-0.71	1.01	-0.11	-0.46	-3.28	-2.37	0.65	0.45	-6.01	-1.86
-16.49	2.33	-2.97	-5.74	5.11	0.97	-1.62	-3.50	-3.50	-2.96	1.94	-1.86	-4.02
-16.41	3.15	2.02	0.43	1.00	-0.46	6.94	3.65	-3.96	0.33	-5.60	-4.09	-5.15
-11.62	0.54	1.87	1.10	-0.81	-0.19	1.85	3.10	3.92	4.89	-0.27	-3.66	-4.47
-9.19	2.10	-2.15	-1.16	4.48	-0.61	-1.56	2.59	1.20	3.18	0.47	0.71	-3.59
-13.24	0.18	2.70	-2.86	2.31	-1.22	-6.17	-1.30	2.53	0.54	-2.04	-2.62	-2.82
-9.13	0.23	-3.34	-1.36	2.35	-3.65	-2.27	-0.54	-0.47	4.42	-3.41	-2.01	-3.80
-18.93	-16.17	9.78	-5.13	1.57	-8.31	-2.98	-2.44	-1.26	9.81	1.60	-1.13	-6.17
13.92	-16.37	6.18	6.79	4.51	-1.62	-8.25	-4.94	-4.77	0.46	4.84	-2.38	-4.90
3.29	-14.46	-1.65	7.78	-0.40	-2.09	-3.57	-5.07	-0.65	2.73	1.51	-0.74	-4.32
19.40	-21.92	7.35	7.25	0.11	-0.05	-5.24	-9.47	-0.75	-1.54	5.31	-3.21	-6.22
24.04	-23.90	7.35	7.53	-1.03	4.31	-5.91	-7.53	-2.59	-0.03	4.94	-3.73	-6.83
24.31	-19.92	5.36	5.96	-1.57	6.18	-2.38	-6.24	-6.10	0.11	6.64	-0.63	-4.60
5.65	-10.46	-1.34	3.86	-3.31	0.87	-1.00	-9.12	-6.06	5.53	9.55	3.24	-0.25
-0.95	-8.21	0.86	3.53	-4.50	9.08	0.07	-9.61	0.91	3.11	-1.48	3.71	3.14
21.27	-17.77	2.24	10.65	-3.86	5.18	-0.94	-7.26	-3.56	-1.81	5.54	-0.27	-3.37
-0.48	-0.07	3.27	7.68	3.90	3.51	-2.15	-10.46	-11.44	-0.94	7.46	2.46	-7.87
22.78	-10.35	1.65	8.07	-1.28	7.42	0.51	-6.90	-7.63	-0.39	5.71	1.38	-1.97
32.08	-23.13	5.09	7.78	-1.82	2.82	-6.70	-8.94	-8.37	-4.35	8.61	-4.31	-1.54
28.14	-25.78	4.07	5.35	-1.78	-1.77	-8.77	-5.97	-7.88	-1.87	8.38	-2.61	-3.48
25.25	-27.82	7.16	3.04	-2.03	-3.13	-12.17	-6.14	-5.73	0.29	5.40	-1.74	-3.34
20.06	-23.66	6.70	6.17	-2.48	-5.29	-14.01	-5.98	-6.36	-2.27	5.56	-4.36	-0.79
18.49	-25.82	9.34	7.15	0.49	-5.77	-10.99	-9.27	-2.85	-3.86	3.71	-2.80	-2.75
17.02	-20.11	7.18	6.48	-0.23	-7.77	-10.28	-9.77	-3.63	-2.05	0.97	-1.98	-2.91
-4.28	-1.02	2.68	5.59	-5.53	-10.48	-2.41	2.14	-0.91	-1.68	1.50	-0.52	-1.87
4.09	-3.53	3.13	1.25	-4.73	-6.66	-6.22	-0.30	-0.78	-1.83	2.21	3.89	2.89
8.82	-11.08	14.17	10.15	-1.09	-12.83	-8.86	-5.62	-4.20	-6.01	1.78	-2.28	-5.51
8.24	-9.27	12.64	14.64	-3.34	-11.02	-1.76	-7.22	-1.65	-4.34	-2.17	-1.85	-7.67
13.17	-9.75	12.43	17.52	-0.74	-7.29	-5.60	-7.30	-1.12	-6.77	-0.23	-2.91	-6.68
6.24	-6.97	17.46	9.98	-1.62	1.49	-6.19	-3.64	-4.32	-4.23	1.64	0.08	-8.29
-5.29	-1.39	4.74	5.22	1.99	-3.37	-4.48	-2.93	-0.54	1.27	0.03	-2.03	-2.98
-8.70	0.64	0.42	1.22	-2.00	-1.68	-3.02	-1.97	-0.10	0.02	-1.49	-2.00	-0.56
1.76	1.42	1.93	1.92	2.89	0.20	-1.88	4.52	-0.33	0.35	4.49	0.46	-0.40
-0.05	7.40	5.97	0.97	-0.69	-2.03	0.12	-1.23	-4.66	-1.37	0.22	0.79	0.87
-8.24	0.77	1.27	-1.34	0.49	-0.07	0.84	5.05	-0.18	4.34	4.00	0.54	-3.74
-3.44	11.45	0.88	-3.74	-0.39	0.90	-6.01	0.06	4.13	1.95	-0.27	0.67	-0.39
-6.11	5.43	6.28	2.53	-0.01	0.73	-4.75	2.21	4.89	3.89	0.13	2.97	1.35
-14.55	1.96	3.86	3.48	6.61	2.58	-0.63	5.33	-3.27	-2.19	-1.57	-2.40	-3.49
-14.28	-1.20	1.89	1.16	-0.58	1.01	1.07	3.39	-0.95	-2.15	-0.90	-1.10	2.84
-9.73	1.91	-0.83	-0.47	2.80	-0.69	-0.53	3.89	1.25	3.36	7.25	0.52	1.43
-13.33	6.85	5.57	0.58	5.89	-3.42	-1.22	6.83	1.15	4.05	5.28	4.62	0.20
-17.48	3.17	5.39	1.10	4.57	-1.23	-2.96	5.14	3.51	1.11	3.12	-0.31	1.24
-8.65	8.30	1.07	-3.58	6.01	1.27	-1.42	5.92	-1.15	-0.42	2.39	-1.84	-0.96
-11.40	-0.67	-0.40	-5.48	-3.17	-1.99	-1.50	6.44	2.86	3.88	-0.27	1.62	-0.57
-30.64	-8.01	-2.94	-0.96	5.35	1.82	-3.73	-9.94	2.71	3.57	6.62	5.04	-2.85
-24.27	2.43	-2.38	6.03	12.17	4.35	-0.34	-10.97	3.90	0.78	6.84	-2.70	-5.40
-0.40	1.18	4.55	2.11	7.94	8.14	1.54	-0.89	-0.52	3.56	-0.03	-0.61	-4.09
0.89	1.29	8.24	0.01	8.35	14.08	-0.97	-5.10	-3.05	-3.72	0.95	-0.68	-7.03
5.50	-2.11	15.06	2.45	11.00	11.05	-10.19	-0.62	-0.83	2.77	-1.29	-2.25	-8.53
7.87	-2.59	6.09	5.56	13.07	6.81	-7.35	-1.85	0.36	-1.91	-1.21	1.30	-9.06
5.09	-4.96	6.71	6.08	7.74	6.48	-5.15	-0.80	-1.22	3.17	2.40	-0.64	-8.05
-1.35	-5.69	10.91	2.69	6.05	3.07	-3.77	2.29	2.24	5.22	-1.71	-1.25	-8.12
-12.10	-4.55	3.48	-2.46	7.78	1.35	-6.31	0.41	-1.32	7.52	2.94	2.43	-6.65
-5.76	-1.07	-0.41	-0.62	7.05	8.88	-6.32	-3.52	-3.43	2.05	2.53	5.10	-2.51
-9.53	1.53	1.14	0.89	0.29	-1.22	-1.02	2.91	1.74	0.94	-0.17	1.46	1.07
-10.67	0.29	4.19	0.22	-0.66	3.07	-0.92	6.14	4.20	3.39	1.50	-1.49	-2.14
-11.45	2.41	2.74	3.09	8.43	2.31	-4.76	2.06	-5.52	-3.38	-1.05	-3.31	1.44
-13.42	5.86	8.46	3.38	5.09	-0.17	-5.75	-0.83	-4.08	-1.45	-2.02	1.04	0.14
-16.21	6.92	3.28	-2.53	0.25	-3.07	-7.20	2.04	-1.28	-2.09	-5.49	-3.26	-2.50
-20.53	3.08	9.00	1.51	5.69	-1.30	-9.34	0.37	-5.96	-1.22	0.47	-2.23	2.24
-14.31	2.01	7.51	0.06	4.96	-0.62	-5.61	6.06	-0.15	-1.77	-2.09	-3.85	-2.26
-17.53	1.95	0.43	1.43	4.77	4.40	-5.08	3.88	-1.42	-0.25	0.57	-1.03	-4.05
-15.48	-1.87	1.24	-2.60	3.88	2.76	-4.41	2.18	-2.57	2.38	1.56	-0.57	-3.70
-9.02	0.79	4.00	-0.56	0.72	2.44	2.18	4.50	-1.58	2.76	5.08	3.47	-3.16
-11.45	4.54	5.72	-0.37	5.79	3.26	-4.80	1.29	-6.26	-2.47	-1.08	4.15	0.69
-8.54	6.77	6.17	2.45	4.95	1.77	-5.10	-1.97	-7.46	-3.93	0.64	4.10	-1.91
-16.57	1.19	4.05	1.85	1.26	-0.85	-3.18	1.84	-5.37	-4.70	-0.83	-1.13	-1.19
-19.89	-6.29	-0.31	-2.14	2.56	5.80	-2.60	-0.19	1.19	0.39	4.40	4.24	2.32
-14.12	2.84	10.40	0.37	-1.09	-1.94	-3.33	-2.33	-0.34	-2.41	2.21	-2.56	-2.65
-18.78	2.25	8.28	1.51	-2.20	1.13	-3.67	-2.21	-1.75	-3.18	-1.78	-3.07	-3.69
-16.15	0.52	1.95	0.80	1.96	5.11	0.28	4.61	2.69	0.79	0.28	0.74	1.74
-11.96	0.51	-0.51	-0.88	1.60	2.00	1.45	-0.01	-3.06	1.12	0.85	-1.08	-0.17
-11.52	2.61	3.90	-1.65	3.04	1.20	-2.96	3.33	2.29	-4.94	-2.43	1.32	4.45
-12.28	-0.50	1.74	-4.16	1.30	3.54	-0.79	3.75	-0.63	-2.62	-1.19	2.40	3.73
-9.09	-1.00	-1.96	-2.84	3.46	4.58	-1.63	6.12	0.76	-7.40	-0.70	1.91	1.90
-6.38	2.17	4.39	-3.48	1.55	-1.04	1.56	3.90	-1.84	-3.07	0.36	-1.00	-1.39
-9.23	1.12	4.62	-8.07	-1.60	2.30	0.92	3.94	0.84	-3.42	-0.78	-1.69	0.62
-9.34	-0.78	0.03	-7.62	-4.09	2.90	2.95	6.39	-2.22	-4.20	3.51	7.88	7.06
-7.55	0.05	2.34	0.49	5.55	7.03	5.08	3.34	3.20	2.50	-1.08	-1.52	1.04
-5.90	2.97	-0.86	1.68	3.12	-0.21	-2.33	-1.90	-0.79	0.91	1.05	1.47	2.11
-3.73	3.20	3.59	4.58	8.10	5.88	-0.79	-0.56	-3.47	1.00	2.12	-2.34	0.18
-7.28	2.60	-0.02	1.84	2.65	1.63	0.20	-0.83	-3.07	-2.12	-0.77	-2.08	-1.58
-6.89	1.60	3.41	0.16	-2.48	-0.35	-1.19	4.11	2.24	0.14	-0.00	-0.98	1.59
-3.76	-1.31	-2.14	-5.51	-3.56	2.85	1.78	0.40	0.24	3.17	0.14	-0.18	2.01
-4.04	3.59	-7.18	-0.44	-0.39	-5.39	0.22	3.85	-1.58	-1.10	-0.46	-3.72	4.08
-10.60	0.95	0.25	-3.52	0.13	0.45	0.41	-1.12	-0.46	1.77	1.32	-5.51	-0.77
-14.13	-1.76	-5.42	-1.28	1.81	-1.48	4.08	1.56	-1.77	2.04	-0.11	-1.32	0.43
-14.17	-9.34	-7.93	-0.54	-5.77	-3.45	-0.65	3.91	0.63	-1.64	1.44	-1.79	2.50
-15.39	-4.10	-3.36	1.10	0.36	1.30	-0.94	3.26	2.33	-1.59	4.17	-0.25	-0.72
-16.53	-1.30	1.46	-3.15	-0.28	-2.02	-0.37	3.37	0.64	-0.23	1.10	2.73	4.47
-9.35	-1.30	1.01	1.05	3.57	-1.43	1.08	4.54	0.34	0.07	-1.55	1.12	-0.12
-8.53	-4.32	-1.78	-0.71	7.36	1.38	-0.62	1.47	0.05	-0.70	-2.97	-2.39	0.85
-4.44	0.33	2.84	2.18	7.63	6.41	1.11	0.03	0.72	-2.95	-6.11	-3.42	-2.78
-2.96	0.71	2.18	1.92	4.88	8.91	-0.81	-1.74	-4.18	-2.66	-2.28	-1.44	-1.90
-9.44	0.56	1.34	2.86	6.01	4.38	0.73	2.01	0.04	0.86	-0.09	-1.06	-0.59
-4.62	5.83	-3.30	-0.33	0.41	1.55	-0.74	0.33	-0.19	-0.42	-2.52	-4.47	-2.92
-1.68	-0.38	-3.73	-1.38	1.15	4.03	2.20	3.56	-2.21	-6.67	2.64	3.71	-1.72
-4.38	-1.08	-8.50	-5.66	6.62	2.86	5.57	2.48	1.29	0.98	4.44	3.79	-1.37
-2.91	4.46	-1.25	-0.79	0.82	2.49	2.13	-3.45	-0.60	0.01	1.46	0.84	-2.17
4.42	8.00	1.27	3.46	-0.79	4.00	0.99	0.81	-1.73	-3.78	-1.94	-0.90	-0.92
-8.34	6.12	-3.02	-3.37	1.97	3.41	-2.25	1.48	0.71	-5.45	-3.05	-0.40	-0.52
-7.37	-0.86	-0.36	0.42	4.14	3.92	1.80	-5.02	-3.62	-2.87	-1.63	-0.98	-1.39
-10.33	2.06	-0.23	1.69	2.32	3.61	1.27	0.83	2.18	0.40	-1.93	-0.23	2.01
-17.82	-2.92	1.63	4.77	-2.45	-2.60	-0.48	2.32	-0.29	-0.57	0.10	1.65	2.37
-9.55	8.17	-2.42	2.59	-1.31	1.05	2.35	1.60	0.10	3.29	2.26	-1.68	-1.19
-9.88	-0.21	-1.40	4.62	-2.64	-3.50	1.96	3.24	2.60	-1.14	-1.44	-1.36	0.41
-10.51	5.17	0.62	-0.80	0.51	0.35	1.43	3.72	-0.72	1.66	0.35	-0.65	-0.53
-4.53	7.00	0.70	-0.08	-1.69	5.53	4.38	-0.04	-0.02	-0.50	0.64	-1.68	-2.87
-9.46	3.39	-4.19	-3.09	-3.33	-1.41	-1.61	-0.94	-0.58	0.28	0.59	3.64	2.61
-4.16	2.07	-0.53	-2.99	-2.51	1.08	0.02	-1.34	2.40	-1.75	0.62	1.25	-3.82
1.05	3.37	-1.91	1.51	-3.83	5.99	1.54	2.61	-1.65	1.91	1.49	0.61	-1.52
-3.83	4.56	0.93	3.78	1.51	5.21	0.80	1.11	2.08	-0.80	1.20	-0.74	-4.69
-6.05	3.14	-4.06	-0.80	-2.22	-0.40	4.94	0.25	-1.69	0.62	-4.39	-1.90	-4.15
-5.55	1.64	-2.78	0.22	2.17	-0.56	2.19	-0.08	3.54	4.00	4.12	0.86	0.24
-3.10	2.92	-2.75	-2.04	1.73	0.79	-0.34	1.41	-1.62	0.54	1.75	-2.59	-2.68
-5.13	5.13	-3.19	-0.58	-5.06	-2.48	-1.27	-4.41	-0.53	-1.50	-1.40	-2.79	-1.97
-6.08	6.15	2.06	1.35	0.52	-4.09	-1.61	-5.86	-0.88	-2.13	-3.69	-5.65	-3.77

