9.20	-0.60	-1.40	-2.92	-3.43	-2.22	4.89	4.68	-3.11	1.58	7.28	2.89	-4.41
13.32	-5.38	-5.06	-0.95	0.26	-0.41	3.36	0.90	-3.64	3.17	6.87	-1.97	-7.26
16.76	-0.68	-3.82	3.29	1.23	4.21	-2.77	-5.42	-5.99	0.73	4.06	1.95	-4.08
16.94	-4.47	-6.18	-2.98	0.62	3.73	-1.91	-4.41	-6.89	-4.97	1.28	1.78	-4.04
13.93	-8.17	-7.21	-2.68	-0.11	4.18	-1.59	-0.20	-4.48	-1.10	5.92	1.50	-7.61
20.44	-6.96	-5.13	-5.38	-5.18	1.33	1.47	1.42	-3.78	2.05	4.33	1.75	-1.14
16.96	-10.01	-3.71	-1.34	-2.64	1.88	0.53	-2.06	-6.11	1.02	8.29	7.47	1.65
19.16	-7.40	-2.96	-4.73	-6.38	-1.39	-1.85	-1.14	-7.16	-4.58	5.06	2.73	0.40
1.91	-8.36	-6.96	-4.71	1.22	3.76	0.97	-0.86	-6.77	-1.40	3.57	-3.80	-3.73
6.49	-11.75	-3.86	-6.68	-2.96	0.30	-6.25	0.09	-2.85	-0.66	0.23	-0.32	-4.60
5.99	-15.19	-5.34	1.96	1.26	6.04	-2.33	-2.11	0.05	-2.13	-0.59	-1.73	-5.13
-16.11	-7.71	1.83	-2.09	-7.59	1.24	-9.21	-1.78	0.41	-1.16	6.60	0.98	-3.47
-24.64	-9.45	2.66	0.10	-1.51	5.68	-5.07	2.46	3.24	0.34	4.26	4.87	0.68
-22.53	-8.84	1.83	1.03	-3.32	0.42	-9.27	-5.24	2.74	0.43	4.78	5.87	0.79
-14.25	-6.30	9.77	-1.79	-7.62	2.82	-6.00	-4.49	4.27	1.66	3.00	3.56	-3.44
-20.26	-13.90	-0.56	-3.62	-5.17	-0.23	-2.94	1.04	3.38	-0.84	1.28	0.21	-1.27
-13.59	-14.40	6.32	-3.57	-0.14	-1.09	-3.57	4.33	2.00	-1.85	2.19	-1.36	0.23
-7.42	-15.20	4.42	-2.45	-5.05	-3.80	-5.35	2.61	-1.61	-1.27	-3.00	-0.46	4.53
-9.89	-13.26	0.29	-1.44	-5.48	-3.99	-6.74	7.63	3.22	6.58	1.69	-3.80	0.18
-13.13	-19.79	1.11	-5.61	-4.62	-7.96	-10.53	2.31	3.10	3.56	4.16	-0.04	6.48
-5.83	-16.11	3.26	7.75	-6.32	-10.95	-8.92	4.37	4.13	-2.09	1.72	-0.70	3.12
-4.74	-15.68	3.58	4.56	-1.97	-5.72	-6.86	1.68	-1.19	2.00	3.29	-2.21	-0.34
-2.95	-14.16	6.02	5.62	-6.57	-6.36	-7.86	2.35	-1.72	0.54	6.00	-0.22	2.13
-1.89	-15.05	8.79	3.44	-4.63	-9.94	-10.58	6.09	2.60	3.95	-1.00	-3.24	3.51
-5.90	-15.35	3.37	0.74	-3.07	-9.25	-9.03	6.72	4.79	4.31	0.01	-4.64	5.98
-5.86	-8.92	1.39	-1.44	-6.00	-7.04	-4.34	6.85	0.49	-1.82	0.17	-1.09	4.09
0.76	-21.30	7.15	-1.35	-4.16	-1.65	-6.76	9.69	-0.74	5.08	2.07	-3.40	3.40
-1.48	-18.77	7.65	-3.25	-6.89	-1.94	-4.61	10.46	1.40	5.52	3.25	-1.08	3.85
1.08	-19.43	6.68	-7.24	-5.15	-0.17	-8.28	7.53	0.10	2.44	7.54	0.37	1.70
-1.86	-22.21	5.12	0.33	-3.22	1.04	-7.43	7.41	-0.85	4.89	4.54	1.33	3.41
-1.29	-23.66	2.69	1.38	-2.99	-5.66	-11.09	4.77	-1.39	2.56	6.17	-3.40	0.85
0.44	-20.09	3.33	-6.15	-5.30	-1.97	-11.25	6.89	0.06	5.29	9.63	1.05	3.11
-3.21	-12.93	-3.69	-7.09	-1.36	-1.53	-6.43	3.59	1.45	2.74	6.29	0.59	1.13
9.22	-14.25	-4.29	-9.71	-2.01	0.63	-10.58	6.40	-1.17	6.92	8.72	-0.54	-0.64
10.55	-16.98	-0.94	-6.79	-2.56	1.52	-6.95	4.34	-0.35	6.47	6.17	-2.06	-0.72
4.07	-23.63	-4.53	-9.20	-4.14	0.33	-6.47	6.70	-2.67	4.45	11.47	-2.45	0.09
1.55	-18.47	-0.29	-11.89	-8.34	-1.23	-5.65	9.24	-5.43	-0.36	9.74	2.62	4.79
2.46	-21.60	-4.05	-7.88	-3.61	3.22	-2.41	10.06	-0.44	5.80	11.44	2.52	3.89
6.83	-23.09	-2.46	-3.12	-3.62	-0.13	-7.86	7.07	-3.49	3.16	12.70	1.79	2.38
3.47	-26.72	-5.03	-8.05	1.38	7.38	0.35	6.97	-4.31	2.27	7.55	-0.54	-2.91
5.78	-11.96	-6.47	-8.53	-4.77	0.09	-5.22	1.89	-3.82	1.28	7.34	-5.98	-1.50
-0.31	-12.78	-4.12	-8.98	-6.43	0.11	-6.28	-0.23	-0.90	1.90	6.44	-4.42	-2.48
2.24	-15.40	-4.65	-13.52	-5.32	-0.87	-0.73	6.27	-3.30	5.77	5.61	3.34	2.80
7.08	-12.82	-0.94	-6.44	-2.50	2.95	-1.87	9.16	0.41	3.34	2.54	0.05	4.73
3.27	-16.81	2.89	-6.75	-3.37	0.80	-0.43	9.20	4.92	10.57	4.60	-1.74	-0.08
3.12	-10.20	1.82	-7.26	-4.50	0.44	-2.25	9.82	2.07	9.03	10.01	-0.07	-3.45
-10.58	-8.98	-2.29	-1.53	-1.07	-3.37	-3.70	7.68	8.52	5.80	9.39	-2.29	1.81
-4.62	-7.84	-6.39	0.18	-7.63	-2.18	-1.21	2.18	4.70	6.67	6.25	-3.02	-0.18
-5.94	-9.58	-4.06	-3.27	-4.83	-4.98	-4.38	-0.78	0.06	1.58	7.40	-1.95	2.01
-8.49	-13.87	-11.65	-7.61	-7.49	0.05	-6.52	2.89	2.09	1.26	8.27	-2.15	2.87
-2.02	-15.10	-5.11	-4.16	-1.58	-0.26	-1.45	1.62	0.08	1.94	5.74	-4.22	0.37
-2.62	-13.25	-2.95	-2.03	-0.07	-2.75	-10.15	-0.23	-0.21	3.94	9.00	-3.49	1.73
1.31	-9.64	2.69	-4.74	-0.64	0.08	-3.49	6.05	2.01	5.91	7.54	-3.93	-1.24
5.82	-8.35	1.44	-7.23	-2.07	0.72	-5.54	7.81	-1.29	0.26	4.27	-7.29	-2.46
13.46	-1.16	0.28	-8.40	0.72	-0.01	-4.06	7.15	2.95	5.73	10.18	-0.14	-2.38
12.57	-5.57	0.62	-4.96	-0.10	3.94	-3.02	7.80	4.05	3.71	1.95	-5.28	0.21
-1.43	-8.26	-4.25	-5.82	-4.37	2.07	3.40	6.00	1.61	1.62	4.63	-1.31	-4.57
2.15	-1.84	1.23	-1.31	-0.00	-1.61	3.09	2.08	0.19	4.89	3.07	-2.10	0.15
-4.27	-24.52	35.08	2.86	-8.21	11.65	-5.29	8.31	0.69	-3.14	4.23	3.50	-1.77
-11.71	-24.78	36.26	3.85	-10.56	7.86	-2.20	12.61	9.38	-7.45	8.35	5.95	2.59
-4.86	-18.27	29.92	5.12	-4.12	5.75	2.71	5.24	4.97	-1.71	2.35	4.20	1.21
-3.56	-28.19	38.92	7.85	-5.54	11.84	-6.11	9.44	2.97	-3.62	-0.53	2.09	-0.95
4.23	-29.80	34.69	7.78	-3.90	11.29	-13.22	7.23	1.35	-2.03	-4.04	-1.38	-0.94
8.32	-32.15	32.02	3.78	-1.95	6.45	-14.67	3.42	0.93	-1.48	-5.78	-1.50	-4.36
-8.44	-20.84	6.20	-2.10	-8.37	0.78	-3.82	-0.36	4.76	2.60	4.56	1.09	-1.30
0.51	-26.65	17.55	-4.76	-0.72	-2.46	-7.00	-4.81	0.97	-1.76	2.81	-0.40	-6.25
16.80	-39.17	20.54	-6.29	-7.10	-0.60	-12.78	-4.88	-1.15	-1.31	3.53	7.19	-9.63
11.11	-30.32	15.93	-3.92	-6.99	0.89	-12.92	-3.39	-1.63	-3.22	5.84	3.08	-6.15
18.73	-33.74	19.37	-5.36	-4.40	4.73	-11.84	-2.25	-0.86	-4.58	4.45	2.13	-8.73
11.45	-28.26	23.95	-7.99	2.28	11.09	-7.94	1.75	-5.50	-2.60	4.42	1.56	-6.76
4.36	-23.14	23.93	-9.12	5.43	16.30	-4.45	3.47	-5.30	-1.79	2.42	-0.77	-9.34
3.26	-20.68	26.22	-10.31	5.64	15.15	-1.33	1.50	-4.70	0.15	5.08	2.30	-7.95
-11.99	-5.93	14.66	-6.78	0.19	13.72	-0.33	-0.11	0.16	-0.30	6.94	2.25	-2.37
-12.32	-6.96	15.81	-2.39	1.48	11.92	-4.49	-2.86	-1.76	-0.37	3.73	-2.25	-0.37
0.18	-15.48	28.77	-11.01	3.13	18.55	3.54	0.77	-5.37	-0.61	5.56	4.14	-4.53
-2.53	-13.76	25.60	-10.90	3.43	22.15	6.06	-0.90	-4.88	-2.04	6.01	5.52	-3.86
-2.03	-17.54	29.18	-12.43	1.55	22.66	7.73	-0.53	-4.68	-2.15	4.11	6.90	-5.40
-4.87	-18.70	28.52	-9.63	-3.05	21.46	7.42	1.16	-0.58	-0.09	1.63	7.48	-7.06
1.69	-19.19	28.18	-11.70	-8.51	18.79	10.41	1.21	-0.64	-2.49	1.62	6.28	-3.87
12.28	-20.10	22.14	-4.84	-7.75	22.86	8.16	-4.48	-2.16	-6.91	-0.29	2.09	-7.34
-8.20	-5.81	9.06	-1.59	-9.27	10.67	5.07	-9.13	-7.03	-4.99	-6.52	-3.34	-4.43
3.51	-1.04	10.71	-4.04	-10.75	6.87	6.04	0.38	0.16	-4.04	-4.79	-0.31	-1.29
22.19	-7.94	25.73	-13.98	-18.29	11.76	3.54	6.59	1.48	-4.46	-7.57	-3.83	-3.58
17.15	-5.91	29.55	-11.26	-18.72	9.52	3.36	6.01	4.03	-1.77	-4.37	-4.14	-4.35
21.48	-5.59	31.72	-11.82	-19.69	7.09	0.67	9.08	7.13	-1.64	0.20	-1.71	-6.24
19.27	-3.08	29.75	-8.42	-15.61	7.36	-1.14	5.91	4.94	0.38	3.01	1.13	-5.11
24.92	-1.02	33.96	-8.23	-15.92	3.62	-7.87	9.94	3.91	6.68	3.07	1.50	-2.60
23.74	7.38	27.03	-7.65	-12.24	4.11	-5.28	3.61	3.70	5.75	5.11	1.05	-3.07
13.68	11.33	13.00	-3.65	-2.43	3.90	-3.64	1.59	1.35	0.52	-0.72	-4.17	-1.51
1.97	12.40	9.29	0.32	-1.21	0.85	-1.60	-0.83	0.84	2.08	2.95	2.82	3.24
0.93	-2.32	3.73	-4.21	-7.02	0.50	-0.33	-0.21	-1.12	-2.50	-0.12	-2.59	-3.64
-0.64	-0.60	0.60	-0.72	-7.35	-2.15	-4.60	3.61	-0.12	-1.61	-2.63	-0.21	-3.45
-3.66	-2.23	-0.98	-1.30	-2.30	-2.62	5.33	2.96	-3.87	-5.78	-2.30	2.28	4.20
-3.10	2.53	-5.00	-3.62	-6.12	-2.05	4.22	4.65	0.17	1.72	0.24	6.11	4.58
-4.77	3.94	-6.21	-7.11	-1.73	0.97	-0.20	-1.88	0.67	1.09	0.38	3.00	1.77
-6.52	0.46	-0.49	2.25	0.23	3.92	2.51	-2.50	-0.33	4.70	-3.76	-0.49	3.84
-9.73	-2.55	0.68	2.88	-1.08	-0.96	2.13	-0.63	-1.32	-0.30	5.34	4.35	2.19
-4.26	1.87	1.19	-4.55	-3.09	-2.90	-3.16	-1.83	-0.53	3.53	2.09	5.38	2.55
-17.85	-3.34	-2.09	1.91	0.13	-1.65	-0.31	0.45	0.61	2.57	4.15	7.09	5.20
-6.79	0.56	4.34	3.86	5.14	-3.01	-1.27	-0.46	-1.16	1.63	0.15	2.02	0.24
-9.56	-5.14	2.23	5.34	0.29	-2.40	3.73	1.17	3.90	2.19	1.61	2.91	-2.12
-10.81	-3.52	7.48	2.26	-0.16	-2.18	-0.55	1.79	2.87	6.47	2.03	3.17	5.48
-6.36	-1.81	-0.23	0.75	7.39	8.39	5.24	4.72	0.07	0.14	-1.62	-0.98	-0.67
-7.96	2.34	4.47	6.54	7.16	3.22	3.30	5.92	4.66	3.52	1.62	0.22	2.35
-7.59	2.19	5.76	-1.22	2.51	2.06	0.71	4.75	4.88	3.41	3.08	2.89	3.90
-8.45	-4.21	3.29	4.44	4.55	4.18	-0.53	2.13	3.67	2.36	3.07	5.58	3.13
-10.27	-0.16	-0.79	0.73	0.28	0.19	-0.39	0.38	0.72	1.25	1.05	0.19	-0.54
-10.91	-3.24	-2.06	1.41	1.12	2.19	2.13	2.57	-0.39	0.35	1.01	-0.25	-1.36
-4.87	-3.54	3.21	1.01	1.12	0.79	1.21	-0.20	-2.13	-2.90	-5.51	-2.85	0.75
-10.03	-2.54	5.29	3.53	2.79	2.21	5.77	4.22	2.46	1.98	0.60	-0.27	2.96
-3.57	0.65	7.74	7.30	2.19	2.16	3.39	2.61	2.11	2.17	0.18	2.88	2.08
-8.48	-0.39	4.43	4.36	-0.43	3.68	1.39	-0.33	1.51	1.38	-0.49	0.33	-1.81
-9.19	1.66	10.60	6.19	0.76	4.43	1.70	2.79	0.77	-1.53	3.17	0.67	-2.18
-9.22	-0.67	3.43	1.09	-0.17	2.95	1.22	-1.32	-3.42	-3.21	-0.80	-1.85	-1.39
-7.00	1.42	2.96	4.54	-0.71	-0.64	2.15	0.23	-0.45	-0.19	-0.92	1.09	-0.09
-5.74	1.90	5.40	3.48	-0.17	2.39	0.44	-0.31	-0.45	-1.56	-0.74	-0.64	-4.00
-6.96	2.31	6.08	5.87	3.67	5.25	4.48	4.23	0.41	-0.70	3.09	1.40	-0.21
-6.19	2.30	4.41	2.62	2.68	3.26	2.78	1.01	-0.74	0.37	1.79	-1.03	-0.28
-6.26	1.45	6.75	3.95	-0.12	3.61	3.22	1.59	-1.11	0.04	3.22	1.99	0.93
-5.35	1.13	5.54	4.71	0.64	0.72	2.10	-0.45	-4.45	0.07	1.89	0.21	0.67
-12.05	-2.88	5.79	0.52	-0.67	2.04	2.55	4.45	2.37	6.01	4.71	1.16	3.22
-5.83	3.25	8.62	2.69	0.67	0.31	-3.04	0.20	-4.82	-0.29	3.04	1.43	1.73
-10.97	-2.38	1.34	-1.16	4.02	4.34	1.62	2.39	-3.24	1.08	0.45	0.32	3.14
-6.71	-2.77	3.59	0.70	-1.45	4.01	2.79	-0.83	-3.80	1.84	1.91	0.89	4.69
-12.93	-1.97	3.23	-1.42	-1.62	-0.05	1.64	4.37	-1.11	-0.85	3.94	1.94	2.00
11.26	-1.31	-0.36	0.44	-4.64	5.68	-4.31	-4.86	2.44	5.78	1.70	4.02	0.82
5.06	-5.88	-4.90	-2.63	-4.80	0.74	-2.55	-1.55	0.32	2.59	1.27	4.57	4.13
6.94	-2.94	0.77	0.22	-4.30	2.85	-2.90	-9.21	-2.67	2.89	-2.84	-1.95	3.16
4.56	-1.91	-3.44	-2.70	-6.89	-6.00	-2.89	-1.97	3.06	1.68	-4.13	-2.81	-1.11
4.46	-5.19	-2.76	-2.30	0.70	-1.09	-2.78	-3.29	4.51	4.46	-2.65	-2.10	1.21
3.18	-1.87	2.27	1.23	-1.08	2.84	-5.92	-6.98	-0.44	1.25	-1.03	1.83	3.31
3.19	0.33	6.12	0.63	-4.53	0.66	-5.41	-2.94	3.03	1.65	0.06	-0.89	1.09
-5.83	-0.20	5.82	1.35	0.62	-8.69	-6.53	0.54	0.96	1.00	-0.40	-6.02	-1.14
-18.23	2.17	-5.10	3.47	3.09	5.55	-5.81	-6.64	3.13	2.29	-0.81	1.53	2.90
-20.17	5.73	-0.91	6.30	0.56	3.57	-3.80	1.28	6.05	1.45	0.69	2.86	-0.53
-19.30	3.97	-2.20	3.65	1.10	1.74	-0.66	-3.36	6.04	8.47	-1.49	-4.22	0.25
-17.19	-0.78	-5.89	4.87	-1.55	6.70	4.00	-0.21	2.09	0.20	-5.66	-3.42	-2.16
-14.92	5.99	-1.94	-0.57	-6.45	-2.71	-3.38	-0.53	3.31	0.19	0.61	0.07	-1.59
-20.24	0.64	-0.57	3.84	0.86	0.27	3.50	2.54	0.65	-0.09	0.48	-3.04	-0.83
-3.76	3.95	-3.28	5.49	-0.83	4.34	-3.30	-5.02	-0.72	-2.00	-3.52	-2.85	-0.07
-5.15	-3.44	-4.57	-0.97	0.26	5.11	-1.78	-0.28	-0.81	1.73	-6.67	-4.05	-1.77
-2.55	-5.49	-4.32	-0.93	-0.72	0.90	-2.05	-4.79	-1.11	-3.28	-2.80	-1.13	0.23
-2.49	-8.93	-0.62	3.12	2.19	6.77	0.71	1.11	8.22	5.35	-0.59	0.71	-0.16
-2.48	-6.00	-2.36	2.83	2.60	5.51	-1.45	0.85	5.99	0.53	2.34	1.93	-4.55
4.24	0.22	-0.24	0.13	1.42	3.92	4.06	2.46	1.50	4.35	-0.12	-0.77	-2.14
1.35	-2.86	-0.74	3.21	1.49	6.33	4.56	1.55	2.08	6.00	1.82	0.38	-3.88
2.65	-4.16	-5.79	-0.77	3.91	5.47	0.28	-3.46	1.86	7.16	6.58	-0.63	3.75
1.78	-3.11	-4.48	-1.20	-0.44	-0.79	1.22	-2.46	-2.37	6.21	3.77	0.57	1.84
1.38	-1.95	-7.48	-3.08	0.36	7.15	3.98	-3.88	-1.40	4.20	1.82	1.02	0.83
-5.16	2.99	-2.13	-1.73	-1.90	-2.48	-1.47	1.88	-0.02	-0.41	-3.72	-4.61	-2.15
0.08	2.36	-1.57	-1.37	-0.50	1.74	-2.78	-0.36	-1.49	-0.45	0.06	-2.83	-3.27
5.94	-2.94	-8.22	-2.55	2.73	7.45	-0.11	-0.01	-2.00	0.53	0.60	-7.20	-7.57
10.27	-3.42	-1.00	-0.65	1.07	5.41	0.84	-0.76	-2.07	-3.98	-3.38	-1.58	-2.79
2.94	-2.53	-0.40	4.42	-1.13	-0.31	0.23	-3.27	-3.85	-4.07	-2.14	0.50	0.82
-10.73	1.48	-2.33	3.52	-3.46	-1.83	4.19	-1.13	-3.81	-1.34	0.67	-0.49	-2.89
2.89	-11.62	4.32	2.32	-9.50	0.84	5.86	1.57	-5.60	-4.87	4.71	2.66	-3.39
-12.81	-15.87	8.89	-5.96	-12.97	2.55	3.07	9.93	1.11	-0.80	5.13	2.46	-1.46
-11.20	-3.96	25.17	6.35	-7.38	9.88	2.62	-0.19	3.72	-2.77	0.76	7.72	1.02
-13.36	-3.10	16.22	1.64	-4.54	5.03	-1.01	2.09	3.95	-0.97	2.32	3.60	-2.28
-13.03	-20.98	42.96	5.10	-12.48	9.14	-7.01	13.31	7.27	-0.75	3.19	9.26	1.67
-39.49	-8.67	7.98	5.85	0.45	6.91	3.36	2.95	3.64	-2.13	-1.13	4.00	2.41
-16.12	-24.70	36.74	8.62	-6.49	11.21	-1.43	8.31	8.95	-3.89	2.04	4.75	0.42
-5.41	-27.36	37.21	11.44	-8.07	13.77	-3.82	7.32	7.59	-0.37	-0.94	4.08	1.44
-4.28	-25.26	35.66	10.15	-0.62	5.11	-3.86	6.95	7.71	-3.74	-2.57	5.45	0.48
-15.44	-11.28	14.22	14.77	-1.80	3.54	-1.11	0.40	5.65	-3.59	-4.69	0.58	-2.19
10.52	-16.87	23.62	12.06	-9.01	-1.25	-13.25	-3.15	3.67	0.72	1.64	0.46	-1.90
13.21	-15.92	18.19	1.56	-7.98	-1.59	-7.69	-1.03	4.05	0.01	-0.12	-0.24	-2.07
13.42	-21.69	22.10	-5.74	-7.66	-4.77	-13.86	-6.20	-0.84	1.80	-0.62	2.24	-3.90
13.48	-23.80	18.31	-5.43	-6.17	-3.14	-15.75	-8.97	-1.67	2.66	1.01	3.72	-5.25
11.59	-23.29	16.33	-5.39	-5.77	-3.29	-15.96	-9.36	-2.59	2.36	2.34	3.17	-4.95
13.90	-26.57	19.93	-6.64	-6.96	-2.41	-16.45	-9.43	-4.85	3.07	3.43	3.42	-6.15
14.60	-28.10	22.40	-7.90	-6.70	-1.18	-16.27	-9.33	-5.59	2.51	4.32	0.81	-6.33
14.05	-27.79	21.52	-7.06	-4.99	2.11	-15.76	-9.22	-4.86	-1.13	5.53	-3.25	-7.59
1.02	-5.25	3.08	-0.79	-2.01	-3.06	-4.73	2.86	-3.27	-3.18	3.23	-3.63	-3.51
6.91	-19.49	25.25	-8.44	3.58	8.27	-4.86	-3.26	-5.93	-6.25	3.15	-5.01	-5.28
7.71	-17.58	26.70	-10.87	7.65	16.55	-2.40	1.00	-5.48	-2.07	4.33	0.81	-7.33
7.23	-19.29	28.99	-11.41	7.31	14.23	0.44	-1.50	-2.63	-3.80	3.90	2.48	-8.93
9.67	-21.86	28.64	-13.44	8.90	14.99	1.16	-0.29	-3.19	-2.15	2.60	2.47	-8.95
7.61	-18.52	27.92	-13.28	6.59	18.29	0.12	0.92	-5.11	-2.13	5.82	1.15	-6.45
2.28	-14.95	26.50	-10.88	4.63	21.84	1.44	-0.01	-3.25	-3.47	6.71	1.46	-5.98
8.57	-22.20	32.96	-15.09	5.65	23.73	1.46	1.63	-3.78	-1.98	5.50	4.75	-7.51
-12.00	-0.02	0.95	-1.22	2.46	4.70	1.08	0.64	-0.22	0.66	1.96	1.07	0.67
-12.86	-3.35	8.36	-3.74	-0.70	10.35	1.61	0.49	0.63	-2.36	2.24	2.36	-0.05
6.76	-21.32	12.45	0.96	-4.27	19.27	3.12	-2.51	2.16	-1.46	-1.09	1.43	-2.29
24.55	-23.99	19.83	-3.56	-10.31	20.28	-3.10	-2.59	-4.24	-7.46	2.16	0.45	-6.07
25.56	-21.34	22.19	-5.43	-8.27	16.67	0.38	-1.21	-9.56	-7.38	-2.49	2.34	-6.45
21.20	-17.64	20.49	-6.45	-7.01	14.36	5.59	3.36	-9.37	-5.71	-5.76	0.24	-5.70
20.54	-14.26	23.30	-8.99	-9.32	13.94	5.19	6.84	-10.57	-5.57	-5.66	-1.02	-5.22
23.69	-12.20	23.61	-10.46	-12.77	14.69	3.43	9.68	-7.81	-3.55	-6.25	-2.18	-6.26
18.52	0.71	16.50	-11.20	-7.39	11.74	9.27	6.99	5.03	-0.45	-2.89	-3.33	-3.05
-7.47	0.62	-1.92	-0.49	0.95	3.64	4.40	4.48	2.59	0.35	-1.27	-1.78	-2.07
23.06	13.24	17.74	-4.52	-13.09	-0.03	2.82	9.17	8.50	4.85	5.01	-2.24	-7.51
35.92	6.20	30.67	-6.31	-15.42	5.26	-4.85	15.16	0.56	7.76	2.21	1.06	-4.59
23.97	15.99	19.01	-3.64	-11.45	-0.73	-0.32	5.51	4.76	5.78	6.35	0.42	-2.35
18.91	18.27	17.97	-2.91	-8.28	-3.35	-2.48	4.53	3.44	6.01	6.78	-0.05	-1.40
22.77	14.70	17.99	-6.88	-8.69	-3.09	-3.02	6.59	2.23	5.76	6.03	0.15	-0.38
12.19	12.68	9.75	-6.01	-9.25	-6.26	-4.93	3.07	4.16	7.32	9.17	3.37	0.62
8.22	4.71	-3.64	-3.32	-5.05	-5.54	-2.89	4.17	5.33	3.69	2.69	1.51	-0.66
10.19	8.14	-2.98	-2.49	-5.96	-1.98	-0.71	2.78	1.95	0.21	2.25	0.81	0.39
-4.18	6.81	4.65	3.04	0.71	0.77	-0.17	0.29	0.16	0.67	0.57	-0.45	-1.44
-9.28	-0.02	-1.47	-0.21	-1.46	-1.29	-1.81	-1.23	-1.53	-1.40	-0.82	-0.69	-0.47
29.17	9.71	-0.11	0.83	2.28	-3.56	-5.35	-1.21	-2.40	1.24	2.95	0.71	2.41
40.33	-13.48	-14.46	3.33	2.33	-5.26	-1.97	-1.09	-4.66	-1.18	0.74	-1.99	-1.71
31.85	2.25	-7.69	1.22	2.02	-2.77	0.53	3.67	1.34	4.19	2.31	-2.78	-2.90
24.64	15.21	-1.47	-3.49	0.56	-5.92	2.29	-0.48	0.75	3.51	5.66	0.73	-2.55
21.55	11.07	-2.47	-4.72	-2.64	-3.82	0.47	2.27	1.31	1.35	2.22	2.06	1.53
19.55	14.54	0.86	-0.85	0.53	-0.23	1.55	0.90	1.40	1.57	1.20	1.14	-1.41
-6.87	2.40	1.51	0.99	0.02	-0.66	-0.37	-1.81	-4.35	-1.58	-0.60	-1.47	-3.03
-13.23	-0.60	-1.15	-0.47	-0.87	1.77	1.82	0.25	0.35	-0.30	-0.76	-0.79	-0.28
-0.33	0.00	-0.55	3.94	4.50	-0.02	3.14	-0.13	-0.71	0.92	-1.20	-0.58	-1.05
-6.20	-3.03	-2.06	4.25	4.58	2.78	1.36	-0.19	-0.83	0.98	0.96	-0.55	-2.22
-6.31	0.57	-0.56	2.42	2.37	1.94	0.91	0.12	1.07	2.41	1.22	-0.44	-1.41
-3.24	-0.18	-1.04	3.30	3.03	3.28	2.24	0.29	-0.96	-0.07	-0.43	-0.03	-0.89
-6.61	-0.60	-1.40	2.09	2.10	2.40	2.44	1.36	0.01	0.40	-0.35	-0.77	-1.09
-34.04	-1.53	-2.10	0.06	-1.14	-0.77	-0.46	0.49	0.54	0.06	-0.14	0.96	1.87
-9.28	1.32	-0.60	0.13	0.16	0.86	0.60	0.15	-0.07	-0.48	-0.63	-0.65	-0.39
-13.16	-1.92	-1.18	1.96	1.58	0.13	-1.20	-0.17	1.19	0.36	-1.02	-1.33	-1.55
-6.25	-1.76	-4.33	-0.07	0.73	1.15	0.54	0.22	0.75	1.62	1.53	-0.50	-1.49
-5.06	-1.75	-2.39	2.63	1.97	0.78	-0.58	-0.13	-0.53	-0.00	-0.40	-0.91	-0.96
-1.86	1.24	0.62	4.93	2.66	-1.26	-3.19	-0.50	0.61	0.17	-1.21	-3.45	-2.39
-4.80	-2.68	-2.10	2.75	1.39	1.47	-0.46	-1.14	-3.24	0.10	1.94	-1.50	-2.96
-3.97	-1.01	-0.09	3.35	2.60	0.95	0.63	0.54	-1.17	0.40	1.55	-0.32	-2.13
-5.46	-1.31	0.17	3.71	2.58	0.56	0.01	-2.37	-0.98	2.31	0.39	-3.54	-3.53
-6.77	1.73	0.68	1.74	0.10	-0.85	-1.58	-0.59	-0.30	-0.57	-1.12	-2.13	-2.33
-8.64	0.60	-3.06	-3.54	-3.16	-1.55	-0.96	-0.96	-3.02	-0.99	-0.31	-2.04	-0.98
-4.29	-6.56	0.60	5.93	3.45	3.02	4.17	2.45	-2.49	1.52	1.41	-3.66	-5.26
2.79	2.04	2.91	4.28	5.63	2.18	-2.33	-2.58	-1.29	3.11	3.47	0.59	-0.29
0.73	-0.61	-1.10	4.71	1.63	1.89	2.50	-2.25	-4.39	2.70	3.78	-1.33	-3.35
1.50	-2.25	-2.20	2.68	3.85	4.65	3.87	-1.12	-1.78	1.21	4.68	1.60	-4.28
2.11	-5.64	-0.89	7.00	7.69	5.03	3.79	1.29	2.92	-1.23	-0.53	-1.48	-2.78
5.35	-1.38	4.32	6.33	4.99	5.81	-1.40	-3.32	0.35	4.71	3.77	-1.86	-6.93
-10.57	-0.77	-0.27	1.59	-0.47	-0.82	-0.31	0.46	0.61	0.42	-0.30	-0.36	-0.69
-12.51	-0.95	-3.70	-0.43	0.64	1.04	0.68	0.91	0.83	0.80	1.00	0.62	0.66
-5.71	-0.75	-0.60	0.09	0.66	-4.13	-1.63	-1.98	0.92	4.69	-0.75	1.27	2.69
-9.49	0.02	-0.06	-0.23	-0.97	-1.37	-0.15	-1.14	2.48	4.22	0.35	-0.90	-1.70
-13.10	0.20	0.32	-0.24	0.32	-0.59	0.01	1.29	3.72	1.34	-3.69	-0.47	0.68
-16.24	-1.45	0.22	0.80	2.64	1.83	2.22	0.64	0.15	3.15	2.86	2.06	-0.41
-13.33	-0.58	-1.86	-0.96	-0.38	-2.09	-0.33	-4.30	-3.46	-1.20	-1.89	-4.06	-3.55
-9.45	-1.72	0.48	3.16	0.94	0.28	-0.56	-2.01	0.34	2.18	0.97	-1.51	-0.25
-5.69	-0.60	-1.76	1.51	3.77	2.16	0.65	-0.33	0.38	1.56	2.43	1.53	-0.04
-0.63	0.63	-2.53	4.12	3.30	1.65	0.46	1.15	0.02	-0.70	2.30	1.83	0.65
-0.77	-0.72	-1.86	4.23	3.43	4.31	3.44	0.84	-1.29	-1.76	-0.49	1.27	0.55
0.22	-0.37	-3.65	6.87	4.26	3.68	2.70	3.23	-1.18	-3.88	-1.47	1.17	2.42
-1.04	-0.14	-2.50	6.72	4.90	4.79	3.43	3.00	-1.97	-4.57	-2.17	-1.59	0.11
1.37	2.24	-1.70	4.03	3.69	0.13	-1.29	0.31	-0.55	-2.86	-2.34	-2.60	-0.53
2.64	0.94	-3.86	0.06	1.65	3.72	2.49	0.10	-3.97	-4.81	-2.46	-1.88	0.10
-2.84	-0.35	-6.19	-5.24	-0.36	3.47	1.83	3.51	0.59	-1.36	0.01	-1.67	-0.59
-3.87	-1.53	-4.83	-0.59	2.31	2.65	0.82	2.41	1.27	-0.56	0.76	2.13	4.33
-3.95	-3.44	-4.98	-0.37	3.57	4.67	1.07	1.32	-2.06	-3.38	-0.34	0.46	1.58
-3.13	-0.85	-2.87	1.27	3.07	2.46	-0.12	-0.17	-1.33	-2.06	-0.41	-2.16	-2.08
-8.74	-9.92	-6.59	4.48	-4.92	1.15	-9.41	-10.61	2.24	4.01	-2.25	-1.49	1.97
-11.85	-10.25	-3.02	7.84	-1.17	-2.60	-5.72	-8.67	2.20	1.92	-0.75	-0.45	1.52
-2.64	-11.30	-6.42	3.27	-5.84	-0.06	-5.81	-4.33	4.97	1.01	-1.57	1.16	-0.15
-6.09	-15.45	-5.56	7.58	2.74	-1.91	-4.88	1.29	4.59	2.13	3.00	4.84	0.53
-5.19	-6.50	-2.30	5.06	2.38	-1.71	-7.07	-1.80	0.64	-0.75	-1.57	0.07	0.98
-9.51	-5.37	-2.62	1.94	3.49	-1.95	-6.12	-5.74	-1.11	0.92	1.67	7.53	5.22
-7.52	-6.45	-4.73	7.63	3.35	-1.00	-5.66	-3.77	-0.36	-0.50	1.17	2.78	5.54
-9.58	-4.18	-3.82	2.54	1.44	2.94	-4.86	-1.63	1.81	-2.62	-0.29	1.59	6.11
-3.92	-5.44	-6.93	-1.14	-3.60	-4.47	-4.97	0.15	2.17	3.28	1.50	0.98	3.46
-6.56	-3.70	1.35	4.13	-2.88	-5.08	-4.73	-1.50	2.60	-1.79	-0.43	3.60	1.97
0.34	-10.54	-5.72	3.50	-1.03	-4.57	-3.54	0.66	1.65	1.76	-1.55	-0.60	6.28
1.13	-4.71	-3.98	2.71	-0.50	-5.40	-7.28	-1.01	3.03	0.84	-6.02	0.02	4.91
3.47	-8.75	-4.25	1.79	-1.89	-0.03	-7.25	0.08	2.08	0.22	1.82	-0.04	1.61
-1.06	-7.57	-1.83	-1.88	-3.22	-5.88	-8.91	-1.03	5.41	1.77	0.92	-0.55	2.09
5.05	-5.60	4.00	1.97	-0.80	-3.26	-4.34	3.95	1.46	2.59	2.20	-0.03	-2.50
3.75	-3.76	-1.72	2.46	-0.88	-5.99	-6.51	1.68	2.69	3.07	0.14	-1.15	0.51
3.10	0.38	3.21	3.84	-3.61	-0.14	0.34	2.24	0.30	1.91	1.23	-3.42	0.68
1.63	-0.51	0.77	1.73	-2.43	-1.44	-5.47	-1.70	1.24	-1.66	-0.36	0.40	0.95
3.27	2.45	4.48	10.18	-1.10	-4.83	-5.26	-1.18	4.97	3.60	1.68	-2.39	-3.16
0.68	-2.57	-1.12	9.49	-2.17	-4.32	-4.80	-2.22	5.68	2.54	3.54	-1.11	-0.12
4.38	-6.41	-0.75	9.45	-5.82	-5.46	-3.84	0.89	5.30	2.46	1.07	-1.80	0.04
3.35	-4.14	-0.43	9.83	0.40	-6.33	-3.72	0.68	3.36	-0.27	1.78	0.94	-1.16
4.35	-4.68	3.95	10.52	3.12	-4.93	-5.08	-1.44	-1.31	2.89	3.06	2.81	0.56
-2.16	-9.53	0.47	8.68	-2.07	-6.16	-0.68	2.81	4.37	3.52	4.91	0.34	2.08
-10.39	-14.62	-0.53	6.06	-6.22	-5.14	-2.66	1.96	-4.89	3.72	6.17	0.12	-0.12
-9.11	-12.46	3.44	-0.64	-7.09	-6.43	-2.89	2.19	0.31	4.29	3.08	2.35	2.24
-10.81	-1.15	-1.87	2.02	1.30	2.38	1.04	1.57	1.02	1.23	0.50	0.04	1.30
-9.13	-4.29	9.37	4.75	-2.84	5.30	3.85	2.12	3.80	0.98	0.56	1.75	-1.08
-4.66	-12.26	24.53	13.45	-4.91	8.94	-3.04	7.34	11.75	1.51	3.75	4.55	1.06
-10.85	-18.35	36.97	9.64	-14.71	9.18	-10.43	8.03	7.60	3.20	1.71	3.11	1.40
-9.57	-21.68	35.01	10.21	-14.66	10.92	-7.14	10.85	10.99	-0.09	1.80	4.43	1.20
-9.67	-25.78	33.21	12.32	-13.49	11.22	-6.60	10.52	8.50	0.29	0.91	5.34	3.07
-8.23	-24.74	32.02	20.52	-10.95	11.28	-3.44	8.93	7.90	-1.98	-0.79	4.59	2.56
-5.87	-19.62	32.78	18.57	-1.84	1.59	0.21	4.22	4.98	-1.15	-5.96	4.55	-1.87
2.48	-28.63	32.78	17.20	-3.15	3.10	-9.39	5.57	3.52	-6.47	-4.81	-0.45	-4.03
8.78	-26.31	28.58	13.44	-6.35	1.15	-13.27	0.57	0.74	-8.18	-4.97	-3.14	-5.18
-4.04	-6.65	10.20	4.80	-0.85	-4.93	-10.74	-3.62	-0.24	-0.92	1.19	0.68	0.02
-10.95	-8.87	1.51	-5.73	-8.82	-0.76	-4.50	-2.67	2.63	2.96	1.38	-1.59	2.80
21.26	-28.81	17.97	-3.53	-4.53	-1.11	-12.81	-7.07	-2.90	2.06	1.72	0.95	-4.34
21.21	-29.49	21.95	-3.81	-5.45	-1.19	-13.35	-7.84	-2.97	2.43	1.69	2.12	-5.13
18.91	-26.79	25.24	-5.85	-6.66	1.09	-14.15	-6.06	-5.37	3.81	2.29	0.19	-5.94
16.59	-23.37	22.75	-3.77	-5.55	3.61	-12.58	-6.66	-5.33	1.15	3.99	-2.99	-5.58
13.05	-23.40	24.15	-2.40	-1.50	9.91	-9.82	-5.90	-7.77	-2.30	5.08	-7.84	-6.64
6.25	-19.17	23.92	-3.31	1.06	13.07	-5.25	-3.44	-5.03	-2.38	6.85	-7.19	-7.47
4.08	-17.43	25.04	-7.98	8.37	14.41	-0.14	-1.05	-2.60	-2.33	4.35	-2.48	-6.14
-3.81	-11.42	14.97	3.95	-0.88	9.91	-6.44	-3.16	-0.01	-3.73	4.65	-3.58	-8.70
9.44	-18.97	29.78	-11.68	8.21	18.24	0.57	-1.39	-5.18	-3.67	5.96	2.91	-8.81
3.61	-12.62	25.47	-7.25	2.86	19.43	-0.25	-0.16	-5.56	-4.77	6.42	0.62	-5.43
8.71	-17.28	29.58	-11.08	4.71	17.04	0.66	-0.69	-4.26	-2.66	3.21	1.89	-7.48
7.92	-15.39	27.70	-10.32	2.41	17.29	1.35	-0.45	-5.07	-2.72	3.19	2.55	-7.14
9.98	-18.18	28.49	-10.79	2.13	18.24	2.80	-0.14	-7.73	-0.70	3.22	4.23	-6.96
7.35	-18.00	26.01	-9.13	0.83	20.10	7.26	-0.26	-5.91	-3.99	7.02	4.02	-8.53
7.88	-19.19	27.34	-9.10	-1.64	22.85	9.46	1.71	-7.23	-5.31	7.63	4.74	-7.40
8.50	-20.81	27.91	-9.09	-4.29	22.73	9.10	6.33	-7.12	-4.17	6.28	6.15	-5.51
-7.81	0.91	1.54	2.77	0.58	0.37	-1.76	-3.41	-3.55	-1.35	1.88	1.39	0.48
0.70	-5.57	9.63	-2.43	-5.05	10.73	-0.11	-7.73	-3.10	-7.42	-2.42	-1.07	-5.45
16.90	-7.68	19.25	-6.66	-8.29	11.20	3.75	-0.70	-6.82	-6.91	-3.81	2.67	-5.91
21.65	-8.38	22.60	-12.14	-7.75	11.33	4.89	3.22	-9.04	-3.18	-10.21	4.05	-8.46
20.08	-7.27	23.42	-10.73	-9.69	12.05	5.37	4.86	-6.63	-5.68	-8.80	-0.76	-7.17
27.64	-11.39	29.35	-12.53	-12.07	12.65	3.96	8.84	-4.03	-6.95	-7.47	-3.79	-8.10
27.29	-8.62	30.37	-13.62	-13.46	8.95	5.03	9.56	-1.30	-6.67	-5.09	-4.87	-8.05
27.82	-4.93	29.99	-8.24	-17.16	9.21	0.38	7.88	1.95	-5.73	2.10	-4.14	-8.13
2.54	5.73	2.64	-3.08	-0.22	1.48	3.31	8.90	4.00	1.48	4.73	0.55	-3.06
-5.42	3.24	0.41	-0.19	-1.04	1.24	2.11	2.88	2.37	0.51	-1.08	-2.51	-3.77
18.06	13.79	25.28	-2.05	-12.75	0.36	-1.80	3.64	5.63	6.66	9.38	0.33	-2.50
26.02	8.59	34.09	-4.02	-13.81	4.11	-4.03	7.22	3.24	5.01	8.68	-0.98	-0.41
14.82	14.18	21.94	-1.07	-7.30	1.15	-3.91	0.80	1.84	3.15	6.74	1.41	1.40
14.65	16.52	16.86	0.53	-5.60	-0.83	-4.36	0.02	0.42	2.77	4.49	-0.77	0.07
16.09	17.76	11.76	2.52	-2.96	-2.71	-3.69	0.09	0.89	2.89	5.43	2.75	0.53
1.89	7.67	2.88	0.77	-3.11	-3.33	-2.65	0.21	2.80	3.84	4.14	4.22	2.70
-3.08	3.62	1.43	2.48	0.66	0.57	0.72	1.86	1.44	0.77	0.15	-0.57	-0.79
-6.56	-0.74	-0.17	0.82	-1.66	-0.14	2.00	3.95	2.72	0.72	-0.23	-2.12	-3.07
-11.59	1.76	-0.53	-0.63	-0.42	1.58	2.02	-1.71	-0.11	1.68	-0.36	0.22	-0.28
-11.37	-0.66	-2.14	-0.14	-0.77	-0.67	0.02	0.77	1.04	0.93	-0.31	-0.22	-0.50
-1.31	8.75	4.74	2.95	0.47	-5.46	-1.92	-0.23	-4.07	-0.39	0.32	1.10	0.11
6.19	10.30	4.61	3.99	1.17	-0.93	5.32	6.88	-1.12	0.81	-0.06	0.08	-2.65
0.40	9.05	4.38	3.51	-0.46	-0.92	2.89	4.09	0.69	1.98	1.84	0.67	1.66
22.90	19.39	3.72	0.81	0.67	-2.00	-0.13	-1.63	-2.98	0.59	-0.84	1.14	1.57
20.74	16.88	4.45	3.46	3.09	-1.46	0.78	-2.11	-3.34	3.09	1.87	1.44	0.12
9.39	16.54	2.24	1.05	3.48	0.06	0.51	3.66	-2.92	-3.67	-6.07	-1.93	-2.41
11.39	13.88	5.07	0.07	-3.85	3.39	7.92	8.04	3.34	-0.07	-1.99	5.17	-1.03
6.05	8.18	2.00	-4.07	-3.60	-3.39	1.93	3.73	0.50	2.86	-2.03	1.32	3.34
6.18	7.24	3.35	0.49	-0.13	-1.18	1.79	3.76	0.85	3.58	3.57	5.07	1.08
-3.89	1.00	-1.89	1.75	1.17	1.22	2.17	0.47	-2.35	-0.02	-0.77	0.02	0.20
25.09	3.29	-10.91	3.47	0.91	-3.66	0.85	1.56	-2.92	0.79	-3.01	-1.68	0.63
-3.20	6.63	6.16	9.97	6.93	-3.48	-3.45	2.93	0.90	-1.46	-3.46	2.07	4.28
2.16	5.59	5.13	5.86	-1.27	-3.33	-1.81	-2.48	-1.63	1.40	-1.84	-2.02	1.21
-9.10	-4.23	1.63	5.35	1.67	4.27	3.73	3.04	3.69	3.62	-0.60	-1.55	3.15
-12.43	-1.20	-1.45	0.10	-0.54	-0.43	-0.77	0.12	-0.24	-0.13	-1.07	-0.61	-0.36
-11.20	0.36	-0.47	1.55	-0.72	0.43	0.19	-0.05	-0.11	0.14	-0.18	-0.44	-0.68
-11.02	-0.30	-1.33	0.70	-0.99	-0.36	-0.64	-0.60	-0.33	-0.87	-1.13	-0.76	-0.83
-11.07	-0.63	-0.44	1.66	-0.20	0.35	0.23	1.05	0.83	0.01	0.14	0.64	0.28
-11.81	0.21	-2.12	-0.61	0.35	1.71	-1.48	0.11	-0.21	-1.11	-0.03	0.97	0.59
-12.46	-1.17	-1.03	1.35	-0.39	0.92	0.98	0.54	0.10	0.64	0.18	-0.95	-0.64
-8.78	0.69	0.62	2.89	1.87	1.32	1.08	1.17	2.14	2.71	1.59	0.61	0.59
-10.32	-0.90	-0.22	1.43	1.46	-0.24	1.92	2.13	1.29	2.78	0.85	0.52	1.61
-5.35	-2.49	-2.89	1.47	0.48	0.43	2.11	-0.31	-0.09	0.84	-0.62	-2.01	0.14
-8.20	-3.00	-0.93	2.31	0.42	1.15	2.81	2.28	2.17	1.31	0.25	0.36	0.44
-8.37	-3.78	-0.44	2.64	-2.40	-1.19	3.93	3.55	0.99	1.37	0.96	0.68	0.82
-8.08	-6.41	0.74	5.56	-0.66	-1.57	1.36	1.58	1.28	2.93	1.29	1.04	0.59
-8.22	-5.67	-2.01	1.09	-0.03	0.95	2.08	0.84	1.02	-0.66	-2.81	0.61	2.02
-6.68	-7.43	-3.97	-1.43	-4.48	-1.92	-0.56	-1.50	-1.46	-1.69	-2.26	-3.65	-4.67
-9.89	-0.05	-1.22	0.23	-1.00	-0.93	-0.90	-0.19	0.51	-0.01	-0.62	-0.19	-0.37
-12.38	-1.74	-2.79	-0.19	0.19	0.98	1.79	2.36	0.18	-1.29	-1.36	-0.12	0.13
-2.89	-3.50	-3.30	2.76	-6.47	-1.00	0.08	0.06	1.25	-1.60	2.04	-2.71	2.86
-12.22	-4.87	-4.59	4.64	-4.12	1.12	1.43	1.60	1.28	3.09	0.49	-3.64	0.30
-12.94	-0.70	-4.98	7.32	-7.43	2.34	-0.52	8.72	1.10	2.15	-1.17	-2.56	-2.73
-11.42	0.82	-5.59	7.93	-5.50	2.31	-0.42	8.63	1.56	5.44	2.11	1.88	-1.16
-7.49	-0.37	-4.73	1.84	-3.86	0.25	0.36	4.51	-1.28	0.37	-2.80	1.74	-1.66
-9.90	-2.53	-1.25	0.68	-2.75	-1.98	-0.04	-0.26	0.11	1.85	-0.46	0.13	-1.04
-12.11	-0.99	-1.31	0.98	1.19	0.90	1.09	1.43	-0.43	0.05	1.06	1.00	-0.76
-6.92	3.67	0.52	0.28	0.66	1.79	1.01	-0.53	-0.55	2.51	-1.75	-3.40	-0.54
-8.12	2.38	-0.62	0.04	0.61	1.28	2.22	1.18	0.11	-0.63	-0.97	-2.30	-2.19
-8.86	0.62	-0.92	0.64	-0.58	-0.27	1.23	0.27	-0.29	-0.78	0.09	-0.67	-1.62
-9.71	-0.03	-1.23	1.53	1.22	1.09	1.02	1.11	0.76	0.58	0.46	0.64	0.35
-10.08	0.30	-1.03	0.54	0.17	-0.04	0.42	0.80	1.31	1.21	1.22	1.66	1.74
-9.11	0.13	-1.65	-0.07	-0.47	0.12	-0.22	0.29	0.21	-0.18	-0.41	0.29	0.09
-8.87	-2.40	-2.91	1.74	1.92	0.61	-0.32	0.43	0.24	-0.63	-0.78	-0.57	-0.83
-8.89	0.82	-1.71	-0.06	0.15	-0.54	-0.74	0.25	0.64	-0.02	-2.10	-0.71	0.16
-9.41	-0.40	-1.56	0.49	1.06	1.66	1.19	0.92	0.37	0.53	1.07	0.37	-0.54
-10.75	-1.45	-2.64	-0.33	-0.30	0.93	0.19	-0.26	-0.08	-0.31	-0.22	-0.68	-1.39
-10.32	-0.70	-1.65	0.21	-0.29	0.32	0.76	0.11	-0.82	-0.34	-0.07	-0.12	-1.16
-10.40	-1.43	-1.72	0.84	-0.30	0.14	0.44	0.34	-0.51	0.10	-0.04	-1.34	-1.91
-10.33	-0.58	-1.57	0.30	-0.61	0.01	0.92	1.34	0.18	-0.01	0.24	0.43	0.16
-9.36	-0.69	-3.30	-1.53	-0.57	1.81	1.90	1.09	-0.28	-0.85	-0.42	0.61	1.83
-3.28	-2.88	-1.69	7.25	-0.82	0.44	-2.95	1.03	-4.62	-5.74	5.03	-0.68	-4.52
-2.10	1.05	-5.22	8.85	0.87	3.49	-0.45	5.65	-3.62	-0.86	5.34	4.93	-2.94
3.75	5.99	-1.86	14.63	3.19	0.24	-3.95	5.01	-3.43	-5.75	3.78	5.72	-0.78
-6.88	5.52	-4.71	12.16	-0.21	-3.38	-0.57	-0.45	-4.36	-8.16	6.73	3.94	-3.28
-1.14	-1.52	-0.68	13.60	-2.30	-3.97	-0.90	3.04	0.50	-4.47	0.14	-2.20	-4.02
-1.96	-1.35	2.21	12.77	-3.14	-5.03	0.71	6.35	-4.30	-8.06	-3.45	-2.14	-3.25
0.44	-3.17	-0.12	10.56	2.30	-2.35	-1.90	-1.91	-1.90	-3.56	-0.66	0.02	3.64
-0.57	1.95	-1.05	3.18	-3.40	-1.76	-1.27	-0.18	-1.19	-4.18	-0.15	-0.83	-1.62
3.52	0.08	-1.51	2.85	-0.67	-0.52	0.26	1.44	-1.30	2.08	6.97	2.41	-3.45
8.03	-1.39	-0.50	2.35	4.19	7.04	1.75	1.16	-1.51	-1.93	5.65	1.44	0.02
11.04	-0.00	-3.47	-0.27	1.22	7.02	2.72	1.21	-3.09	-2.21	3.80	1.46	-2.89
8.80	-2.39	-1.04	-2.42	-3.00	1.55	1.16	0.30	0.87	2.55	7.51	1.36	0.18
4.17	-7.10	-5.12	2.19	-0.80	-1.23	-2.54	2.92	1.12	0.49	4.29	6.76	1.61
7.57	-8.51	-8.27	-3.90	-1.35	2.91	2.96	0.85	4.51	5.43	3.11	2.96	1.74
-7.72	-1.74	-1.51	0.07	-1.48	1.03	-1.24	0.94	1.79	-1.69	-0.10	2.18	1.96
-2.60	-4.61	-3.34	-1.81	-3.80	-4.13	-2.70	-0.50	2.83	2.73	-0.60	-2.15	-2.62
6.51	-3.94	-5.78	-0.57	-0.97	4.90	0.86	6.21	9.25	3.07	-1.44	-2.40	-3.60
4.74	-5.85	-8.31	-1.73	-7.39	1.80	5.11	-1.51	2.93	0.54	-2.89	-7.45	-3.59
4.31	-3.32	-4.03	-2.24	-5.33	0.34	-1.91	2.99	8.70	5.48	3.67	1.37	1.30
5.55	-5.38	-4.17	-2.80	-6.04	-2.90	-1.08	4.07	6.79	0.90	0.31	1.22	0.94
5.44	-3.52	-4.78	0.18	-1.97	1.49	4.57	6.42	6.89	2.00	2.40	1.67	-1.35
5.39	-6.74	-10.04	-4.57	-1.70	0.59	2.56	3.66	5.34	3.67	2.68	1.30	1.88
3.38	-5.81	-6.91	0.36	-0.12	-0.19	2.70	-0.25	0.04	5.34	3.33	4.65	2.60
1.16	3.04	-1.37	-3.35	-1.63	2.30	3.20	-2.08	-0.47	2.79	3.41	0.33	-1.15
7.18	-4.64	-6.25	-5.46	-0.43	3.55	-0.05	2.59	6.96	7.63	5.30	2.72	1.05
8.14	-2.17	-4.75	-4.55	-6.22	-0.35	-0.03	3.36	5.11	3.66	4.20	3.77	0.31
7.71	-3.65	-5.50	-5.38	-6.06	-0.60	2.14	3.65	-0.90	1.78	2.60	2.15	-0.60
0.19	-13.42	0.08	-3.60	-10.16	-4.01	-3.28	1.84	2.43	4.30	0.63	1.43	-2.11
5.01	1.32	-2.91	-4.27	-12.83	-0.09	2.98	5.42	2.71	4.28	2.50	3.78	0.65
-28.50	-13.51	15.70	0.23	-13.87	-3.02	-2.73	10.60	0.37	3.18	-0.45	1.41	1.46
-10.83	-0.91	-1.14	0.03	-3.43	-0.62	0.75	-0.03	-1.62	-0.46	-1.07	-0.39	0.04
-11.70	-1.15	6.98	-0.54	-1.95	3.32	-3.10	-1.02	0.76	-2.03	-2.08	-3.20	-2.11
1.15	-19.49	31.99	9.76	0.43	2.16	-12.17	11.90	0.74	-3.77	-1.29	-3.03	0.90
-0.61	-21.70	29.73	15.34	-3.02	4.26	-15.71	10.70	-0.49	-6.02	-1.38	-6.27	1.24
5.56	-22.20	30.99	9.41	-2.16	2.10	-15.89	5.77	-3.08	-5.15	-3.32	-5.71	-3.51
6.18	-18.79	24.81	8.38	-4.83	-1.76	-17.31	0.94	-1.24	-3.76	-2.28	-4.87	-4.67
4.44	-25.12	23.95	7.79	-5.95	0.99	-21.07	0.10	-2.81	0.33	0.36	0.73	-4.95
6.73	-25.62	22.80	1.99	-5.86	-1.93	-19.13	-2.29	-2.53	-0.76	2.43	1.30	-4.59
-1.07	-20.78	18.62	-6.29	-0.93	-2.83	-13.53	-8.15	-4.04	0.98	7.70	1.23	-0.62
4.79	-26.34	21.72	-3.92	-4.16	-2.55	-15.05	-5.86	-1.56	0.52	5.44	1.62	-8.90
13.29	-26.14	24.71	-5.07	-1.10	2.99	-16.62	-4.95	-7.04	-1.28	7.35	-0.37	-10.28
13.54	-26.79	25.94	-2.93	3.22	7.27	-12.45	-4.37	-9.31	-3.42	6.48	-4.58	-9.48
8.79	-18.96	29.32	-7.18	4.64	13.43	-7.27	4.26	-9.14	-1.27	9.31	-2.41	-6.27
4.62	-14.93	30.52	-9.78	10.07	14.23	-3.09	1.57	-8.13	-2.82	11.03	-1.35	-5.41
0.33	-13.42	28.46	-8.89	9.99	15.89	-4.10	3.06	-7.40	-1.17	12.19	0.90	-3.73
1.00	-14.57	28.18	-8.95	10.04	17.56	-4.27	2.93	-5.96	-1.58	13.37	0.71	-2.99
-11.70	1.52	6.13	-3.96	2.93	6.13	-2.60	1.88	0.04	-2.70	3.47	-0.49	-2.62
-7.22	-5.28	7.16	-6.92	-1.31	5.60	-3.21	3.97	-2.57	-5.92	7.02	1.21	-5.46
-1.71	-12.54	28.88	-15.27	2.57	17.09	4.58	4.64	-3.40	-2.82	10.57	3.56	-3.64
1.70	-15.05	31.27	-13.97	0.60	16.50	1.13	5.74	-4.49	-0.38	9.59	5.02	-5.84
5.05	-17.07	31.65	-17.96	-0.50	15.94	3.44	7.25	-4.43	-0.02	8.56	5.13	-3.60
4.88	-19.13	27.90	-15.71	-1.79	17.03	5.46	7.27	-3.40	-1.79	10.10	5.88	-4.16
0.03	-18.00	22.67	-7.04	-3.78	20.27	3.72	9.05	-2.49	-4.77	5.68	4.07	-2.05
13.48	-19.33	20.63	-2.50	-4.52	17.26	-2.09	2.49	-5.47	-7.22	5.57	2.27	-1.27
18.46	-17.14	20.41	-4.86	-6.99	9.87	-0.93	-0.68	-6.93	-5.26	-1.21	-1.03	-5.42
10.02	-11.41	13.81	-0.17	-4.49	9.04	0.83	-1.72	-7.75	-9.05	0.54	-2.21	-6.51
20.49	-10.45	27.05	-10.32	-9.52	12.03	0.08	6.51	-5.58	-5.09	-4.08	-0.08	-4.13
23.82	-6.78	26.28	-11.44	-9.97	9.17	1.59	7.15	0.38	-5.44	-3.05	-2.18	-3.63
23.57	-4.27	27.43	-11.90	-10.44	7.61	-1.62	11.62	-0.08	-1.42	-1.45	-2.08	-3.54
26.16	-2.14	28.49	-13.23	-10.79	5.65	-2.81	13.43	0.44	1.09	-1.35	-3.99	-5.57
21.82	5.83	24.92	-9.32	-12.92	4.39	-2.31	11.73	1.40	-0.80	2.52	-4.31	-7.41
23.16	8.42	29.91	-4.41	-13.99	3.74	-5.18	14.34	1.09	0.82	4.70	-2.90	-5.91
-2.69	2.85	-2.01	-3.36	-3.91	-1.82	-1.36	-0.57	1.13	1.44	0.09	-0.45	-1.49
10.12	6.91	11.95	0.31	-6.21	3.36	-0.09	2.09	5.37	2.15	4.99	3.74	-0.92
30.09	10.44	28.43	-3.17	-12.97	1.51	-7.70	7.82	-5.57	-0.64	7.22	1.97	1.91
19.81	16.26	18.01	2.76	-8.59	-5.78	-3.80	0.09	-2.57	1.58	8.51	5.69	2.72
10.46	13.26	9.45	4.78	-2.76	-3.68	-1.63	-0.27	-0.63	4.08	6.47	3.90	3.08
8.39	8.87	2.67	1.29	-6.66	-6.74	-3.75	0.35	-0.55	0.71	6.16	5.79	2.23
23.36	12.41	1.46	1.25	-1.69	-1.93	-2.13	5.03	6.21	4.55	4.66	2.60	-0.09
19.27	10.02	3.08	0.83	-4.13	-3.26	0.44	6.32	3.88	-2.14	1.45	-2.11	-2.05
16.67	7.23	5.47	3.56	-0.71	0.21	-1.35	-0.62	0.74	1.51	1.11	-0.55	-1.63
14.00	3.43	4.87	0.66	-1.21	1.19	3.70	1.65	1.36	6.27	7.38	0.13	-3.20
-8.57	2.02	1.31	1.11	1.00	2.02	1.94	2.80	2.37	0.35	-0.09	0.41	0.03
6.76	7.65	0.36	-2.14	-3.12	-1.06	1.44	-0.42	-2.42	-2.50	-0.44	1.70	1.83
-7.64	-1.84	-1.48	0.02	-1.81	-1.30	1.92	2.56	1.89	2.11	1.58	-0.15	-0.25
-8.58	-2.45	-3.77	-1.99	-2.51	-1.47	-0.79	0.42	0.99	0.91	0.86	0.41	-0.64
-9.64	-2.15	-2.78	-0.38	-1.56	-1.02	-0.61	0.50	0.94	-0.02	-1.12	-0.94	-0.49
-9.41	-1.95	-1.73	0.55	-0.02	0.62	0.87	1.65	0.44	-0.33	1.42	1.42	-0.52
-10.56	-2.37	-3.51	1.85	0.24	1.35	-0.54	2.85	0.87	-0.25	-1.01	0.51	0.51
-9.67	-2.00	-1.71	-0.17	-0.68	-0.84	0.48	0.92	-1.65	-1.95	-0.64	-0.44	-2.44
-9.01	1.08	-1.44	-0.03	-2.01	0.98	1.31	0.61	-1.92	1.10	1.78	-1.03	-1.57
-8.71	2.13	1.48	-0.39	-3.59	-1.74	0.61	-0.07	-1.39	-0.12	0.39	-0.42	-2.15
-10.38	-0.91	-2.09	0.29	1.10	1.51	2.58	0.43	-0.36	3.05	0.90	2.53	-2.33
-7.19	-1.11	-3.18	-2.42	-2.13	-1.00	-0.35	-0.95	-1.68	1.29	0.04	3.04	1.81
-2.84	-0.52	-1.05	1.38	-1.00	-1.14	0.10	-0.82	-1.50	-0.74	-1.66	0.07	-0.59
-9.72	-1.43	1.10	1.28	-2.22	-0.30	3.95	1.20	-0.06	0.77	1.58	4.53	1.97
-10.11	-0.85	0.56	3.74	0.80	-0.41	0.06	-2.12	-1.45	0.87	0.25	1.54	-1.25
-11.00	0.27	-1.11	0.64	-1.12	-1.17	-0.03	-0.33	-0.75	-0.30	-0.12	-0.16	-1.27
-12.90	0.49	2.32	2.63	0.22	0.39	0.54	0.07	-0.00	2.52	2.39	3.11	3.69
-11.99	0.34	0.76	1.25	-0.79	0.88	-0.54	-1.31	-1.62	-0.29	-0.10	0.98	2.88
-9.78	-1.19	-2.14	0.74	0.12	-1.80	-0.68	0.76	0.45	0.80	-0.26	0.39	-1.79
-4.95	1.25	-2.01	-2.80	-1.69	0.01	0.60	-0.71	-1.75	-0.05	0.67	1.54	0.84
-6.72	-0.86	-0.09	1.06	-0.06	-0.70	-2.66	-2.99	-1.68	-0.23	1.19	1.95	-0.68
-3.99	-0.06	0.20	3.51	2.92	-0.13	-0.10	0.46	-0.66	-1.33	1.19	1.37	-3.47
-5.17	-3.50	-0.92	4.31	0.14	1.45	-1.82	4.10	4.88	4.68	2.59	1.20	0.33
-7.35	-6.68	4.06	10.33	-0.92	1.70	6.61	5.21	1.85	2.00	0.79	0.35	-3.29
-10.65	0.46	-0.50	-0.38	-0.23	0.71	-0.43	-0.14	0.54	2.08	0.82	-1.35	-1.32
-3.39	4.54	2.67	-2.84	-4.36	3.63	2.70	-0.23	-0.09	-0.57	-1.88	-0.54	2.30
0.98	-3.73	0.27	0.72	-1.34	5.15	4.91	2.30	-1.62	-3.20	2.50	5.76	4.62
-3.39	-7.79	0.24	1.83	-1.77	1.92	4.09	3.15	-1.89	-2.11	1.53	2.15	1.95
-1.58	-2.89	4.03	0.88	-4.60	0.83	1.77	0.57	-4.30	-3.13	1.37	-0.60	0.72
-3.42	-1.83	1.84	-0.68	-7.34	-8.11	-2.73	-1.34	-3.99	0.80	1.65	0.36	-0.98
-6.96	-4.42	2.70	3.48	-7.48	0.29	3.00	6.98	3.52	4.31	6.29	4.37	-0.41
-6.08	-3.16	-0.33	5.47	-6.34	-1.49	3.93	3.60	-0.53	0.63	0.84	2.89	-1.06
-11.05	0.32	-2.02	-0.30	-0.15	-0.78	-1.11	-0.12	0.99	1.44	1.50	0.11	0.76
-11.30	0.94	2.06	1.21	-0.56	1.03	1.16	1.70	2.50	2.08	1.75	1.02	-0.93
-11.26	-4.23	-1.96	4.06	-6.51	-0.36	4.89	6.11	-0.11	0.73	2.25	0.47	-1.36
-9.41	-2.74	-2.73	0.65	-5.93	1.29	2.41	2.14	-3.60	-0.23	1.74	-2.72	-3.79
-7.01	1.30	-0.82	3.87	-1.15	0.70	1.10	2.38	-1.91	-1.09	0.84	0.59	-0.64
-10.20	1.59	-3.10	2.46	-2.69	0.54	-0.73	1.90	-0.38	1.46	2.03	0.84	-0.34
-10.64	-0.06	-1.00	1.66	-2.10	-0.75	1.52	3.33	1.56	0.69	0.73	-0.82	-1.34
-9.97	2.03	-1.05	1.51	-2.09	0.81	0.28	2.17	1.17	2.11	1.52	1.48	-0.34
-8.41	0.27	-1.84	1.09	0.10	1.49	1.70	1.24	0.82	0.94	0.41	-0.75	-0.79
-10.07	-0.03	-0.46	0.00	1.53	2.04	0.96	1.58	-2.06	-0.23	0.07	0.17	2.17
-11.64	-1.08	-1.04	0.26	0.55	1.23	-0.01	0.00	-0.78	-0.33	0.82	-0.13	0.00
-10.35	-0.60	-0.65	0.75	-0.26	0.70	-0.28	0.36	0.83	0.57	0.55	0.18	-0.03
-10.36	-0.16	-0.46	1.21	0.96	1.00	0.90	1.42	0.88	0.50	0.59	-0.20	-0.95
-12.02	-1.52	-1.42	-0.15	-0.97	-0.39	-0.67	-0.62	-0.98	-0.59	-0.10	0.12	-0.66
-12.58	-0.64	-2.24	0.05	-0.51	-0.12	-0.67	-0.88	0.19	0.01	0.34	0.34	-0.51
-11.79	-0.06	-1.19	0.40	-0.27	-0.01	0.28	-0.43	0.59	0.23	-0.67	-0.38	0.12
-11.12	-0.58	-0.96	0.87	0.32	0.57	1.82	1.92	1.72	1.47	1.04	0.55	-0.67
-9.76	-0.40	-2.32	0.61	-0.42	2.27	0.07	0.70	3.12	0.94	0.56	1.57	0.93
-8.55	-1.98	-0.95	2.22	-0.78	0.78	0.96	0.93	1.10	-0.53	-1.59	0.32	-1.10
-10.13	-2.38	-0.39	1.11	-0.29	0.08	0.23	1.36	-1.26	-2.06	-0.41	-0.86	-1.77
-7.94	0.66	0.68	1.29	-1.60	-0.45	0.73	-0.90	-0.51	-0.02	0.05	-0.17	-1.60
0.07	2.33	2.80	2.82	-1.24	4.70	5.49	0.70	1.48	1.31	-0.34	0.33	2.48
-2.66	1.10	-1.03	1.25	1.98	1.72	0.65	0.97	0.97	1.22	-1.46	-2.41	1.02
-4.27	0.53	-3.59	0.60	0.41	0.11	0.82	-0.69	-0.93	-0.89	0.23	0.24	0.98
-1.86	-1.74	-0.32	2.11	-0.14	0.90	4.91	2.77	2.17	1.88	-2.71	-2.09	-0.42
-6.65	-1.02	-0.89	2.58	1.25	0.53	0.55	0.33	-0.57	-0.93	-2.15	-1.98	-1.00
-5.17	-4.89	-4.83	-1.00	-2.38	-0.95	2.47	3.98	1.63	1.07	3.30	2.83	1.98
-3.55	-1.27	-5.50	-1.14	-1.12	1.75	-0.08	2.93	4.19	1.26	-0.38	0.22	0.30
-2.84	-1.04	-3.70	-3.07	-6.34	-4.58	-2.70	2.55	4.47	1.35	-0.92	-2.14	-1.89
-8.15	2.17	1.08	1.15	-0.86	-0.40	-0.12	-0.14	1.11	0.72	0.69	1.32	1.28
-11.66	-0.08	-1.27	-0.47	-0.60	0.94	0.56	-0.19	-0.61	-0.08	0.16	0.09	-0.33
-9.58	-5.73	-3.24	-3.63	-7.23	2.00	-4.12	2.13	-0.31	-3.46	-3.45	1.11	0.24
-0.26	-2.79	-5.65	-4.72	-0.72	0.91	-2.75	2.98	1.04	-1.34	-3.82	-1.95	0.53
-2.55	0.06	-0.53	-4.49	-3.84	-1.71	-4.79	-0.81	-1.00	-0.82	-1.63	0.28	2.13
1.40	-4.74	-0.83	-13.63	-6.72	0.65	-4.80	0.87	-2.07	-1.85	3.04	-1.83	4.87
-21.23	-9.07	15.54	-8.20	4.03	3.35	0.93	1.07	1.73	-2.91	3.35	-3.72	0.22
-17.51	1.09	5.89	-8.82	5.17	4.08	-0.13	7.72	-1.67	-1.16	2.34	-1.32	3.22
-17.27	-1.37	12.55	-1.28	5.03	9.66	-0.16	2.50	7.57	1.97	-1.35	-1.60	2.58
-12.09	-0.29	18.38	2.61	4.20	7.04	1.69	1.90	-0.32	1.58	-1.20	0.98	4.17
-20.15	-7.95	23.28	1.74	5.21	11.72	-0.43	5.66	8.39	3.76	-1.37	1.63	5.15
-15.75	-7.49	23.36	-0.28	0.51	13.01	-0.18	2.99	10.11	1.47	-4.22	0.42	7.86
-22.57	-11.86	31.07	4.07	6.06	7.14	2.55	0.60	8.76	4.33	0.05	-1.56	5.87
-19.53	-14.41	30.11	12.62	0.04	9.46	-2.40	3.71	8.52	5.58	0.90	-0.45	5.51
-9.65	-20.90	31.42	10.12	2.92	9.91	-1.66	4.25	4.11	6.47	-1.00	0.07	5.51
-7.22	-24.26	34.14	9.65	2.76	8.56	-1.85	5.37	5.78	7.68	-3.06	1.07	3.75
-4.58	-27.79	34.09	10.17	2.77	8.02	-2.96	7.61	3.50	6.34	-2.72	2.19	3.80
0.23	-24.48	37.90	14.86	3.88	5.84	-4.47	8.07	1.87	4.33	-3.22	-1.73	2.75
-7.66	-7.33	8.71	4.98	-3.88	-2.29	0.80	3.86	3.08	3.19	1.76	4.57	2.80
0.62	-5.88	15.46	3.27	-4.87	-0.44	-4.32	-3.28	2.21	-1.36	-3.56	0.43	0.93
12.47	-17.21	13.69	11.49	3.47	-8.28	-5.81	-3.33	-2.13	-0.29	-6.32	-0.32	-2.89
11.66	-20.76	25.56	-1.75	-0.32	-0.44	-12.34	-4.55	-3.35	1.15	-2.46	-2.74	-2.35
14.98	-19.72	31.85	-0.81	-4.40	-7.01	-8.07	0.52	-2.75	-3.59	-1.14	2.33	-4.17
22.12	-27.69	19.98	-3.07	3.78	-2.75	-9.20	-2.55	-3.45	-2.95	-0.38	4.07	-9.17
20.86	-31.11	25.01	-3.50	5.93	0.92	-12.58	-4.29	-5.28	1.17	-1.79	2.64	-6.59
24.74	-24.56	18.66	0.44	7.65	-1.65	-9.70	-1.05	-7.35	-0.10	-0.87	0.81	-8.01
6.69	-7.04	4.01	3.83	5.90	5.26	-4.24	-1.79	-0.01	-6.01	1.62	2.73	-9.77
13.00	-11.01	10.84	0.72	7.18	4.24	-3.72	-0.95	-2.87	-1.24	6.94	3.74	-4.21
17.10	-13.63	13.48	2.87	7.97	9.63	-1.75	-0.06	-2.58	-2.36	5.88	1.58	-3.62
18.06	-15.16	18.00	-0.14	9.59	8.80	-0.07	2.77	-2.23	-2.92	5.43	4.21	-4.15
19.10	-15.23	20.10	0.25	8.70	10.99	0.96	4.09	-4.53	-4.39	5.23	5.89	-5.07
9.64	-6.95	13.57	3.59	8.37	9.24	2.53	3.96	-4.95	-4.98	3.35	4.98	-4.69
13.78	-5.53	11.64	1.92	10.99	8.32	3.57	5.43	-7.78	-3.80	3.68	2.14	-4.17
15.90	-6.44	10.88	-0.05	8.69	8.85	3.78	5.28	-4.90	-8.49	6.17	0.56	-1.44
8.11	1.21	6.60	-2.40	-1.95	9.88	11.01	5.38	1.40	-8.61	4.06	2.67	-2.47
-5.27	4.16	3.79	-1.77	-2.19	1.94	1.26	0.51	0.69	-1.95	-2.66	1.90	0.15
24.08	-8.47	20.77	-8.97	2.18	10.19	6.47	-3.29	4.70	-19.21	0.68	2.38	-2.86
25.94	-10.72	20.75	-7.92	2.44	9.10	5.93	1.65	0.31	-16.51	-3.65	1.63	-4.23
23.33	-7.92	20.36	-3.84	-5.49	9.76	5.86	2.05	3.43	-16.30	-4.11	-0.80	-6.64
26.22	-7.77	21.53	-7.58	-4.57	8.62	5.66	7.61	3.77	-15.12	-6.94	-2.21	-4.24
30.11	-9.67	21.99	-3.50	-8.85	8.73	8.24	4.78	6.71	-15.81	-6.94	-0.94	-6.34
26.51	-5.51	18.66	-0.75	-8.48	8.99	5.65	6.04	7.31	-12.30	-6.25	-1.15	-5.97
8.09	12.76	10.08	-1.01	-8.04	-1.48	3.17	4.30	-0.32	-4.24	-4.13	-3.56	-2.88
3.27	4.20	-0.49	-0.83	-1.57	-0.17	0.16	2.62	2.44	-2.50	-2.36	4.03	2.69
28.86	-3.91	21.20	-4.99	-10.28	2.81	2.81	9.49	6.60	-2.01	1.48	-2.49	-0.47
25.55	-0.76	22.62	-7.13	-10.84	2.09	4.79	15.37	7.04	3.06	2.86	-4.09	0.56
20.35	2.02	30.73	-3.56	-3.59	3.98	2.32	14.26	1.01	-1.52	0.49	-2.26	4.20
19.85	0.30	17.60	-6.29	-10.04	0.91	-0.36	6.63	0.97	-0.15	3.35	-5.57	-0.18
16.23	8.78	8.77	-6.89	-7.86	-3.39	-1.36	2.07	4.38	0.66	4.67	-6.57	2.29
7.22	5.84	3.99	-9.01	-6.88	-4.16	0.53	10.07	7.96	5.36	1.47	-4.42	4.32
12.51	8.21	3.38	-5.42	-7.14	-5.25	1.75	3.23	1.22	2.34	2.01	2.69	0.77
15.29	6.64	0.17	-5.20	-5.93	-1.34	3.60	1.52	2.35	2.06	0.06	2.89	0.33
-9.18	3.84	1.06	1.49	0.70	1.52	2.02	-0.03	0.49	3.51	3.04	1.71	3.26
-5.06	0.60	-2.09	3.26	1.02	1.59	3.30	-0.43	0.22	-0.81	-4.33	-0.57	0.64
-3.71	-0.98	7.24	3.31	-3.21	-2.21	0.55	2.60	0.69	0.17	-4.76	-3.23	-1.42
0.23	-5.93	5.57	6.84	0.90	-2.22	-1.49	3.07	0.25	-5.28	-1.73	-2.57	0.48
-3.97	-6.57	5.26	7.00	2.80	0.85	2.44	6.24	2.12	-3.36	-2.44	0.79	3.29
-4.21	-4.09	8.49	7.62	3.45	-1.61	4.49	6.96	3.46	-5.47	-3.38	-0.12	0.27
-2.54	-6.09	9.72	5.08	-2.74	-3.28	-1.94	6.94	5.34	-0.21	1.12	0.45	-1.71
0.21	-8.15	8.68	10.96	1.12	1.11	1.05	8.43	6.10	0.32	-2.45	-5.16	-8.46
-11.56	-4.55	-5.20	-2.05	-2.10	-1.53	-0.65	0.73	-1.28	-0.48	2.11	1.77	-0.34
1.49	-5.67	3.75	3.83	-1.95	-0.13	-1.55	1.56	0.42	2.16	1.21	-0.06	2.68
5.41	-5.48	5.22	1.47	-1.92	2.55	-4.04	-0.86	1.59	-1.65	0.58	2.34	5.53
0.68	-0.25	0.22	-3.40	-4.05	1.36	-4.02	-2.29	2.78	1.43	-2.18	-1.00	0.13
-7.64	0.34	0.83	-2.02	-2.06	2.02	1.83	2.95	3.94	1.20	-0.41	0.05	1.28
5.30	0.53	0.89	1.25	-5.04	-0.51	-4.64	3.08	4.81	0.55	-1.24	-1.67	2.11
1.18	2.21	2.24	-2.75	-5.98	-2.23	0.05	2.11	3.82	0.37	-3.24	-0.74	-2.08
3.81	-3.20	-0.24	-1.49	-5.04	-4.95	-5.82	3.04	2.47	0.02	-0.55	1.25	0.72
6.60	5.51	1.52	-2.22	-4.40	-1.46	-0.45	-2.65	6.95	-2.14	-0.66	-4.67	-5.51
-7.64	4.35	2.64	0.63	2.49	-0.04	-1.03	-0.62	-0.56	0.40	1.98	0.05	-1.57
-1.27	6.37	-0.50	-2.61	-3.45	1.13	-3.09	-5.74	8.98	-3.92	-1.54	-2.92	-2.23
0.23	7.78	0.20	-1.08	-2.45	-0.60	-0.42	-3.79	4.48	-3.90	-0.51	-3.83	-4.15
-3.05	5.08	-1.35	-3.11	-2.92	-0.40	-0.44	1.17	5.13	-3.89	-2.72	-2.72	-2.63
-2.57	2.31	-0.75	-1.58	-3.09	-1.00	-0.98	1.88	1.99	-1.07	0.70	-0.65	1.18
5.23	0.03	-2.75	-1.32	-4.01	-2.12	-2.24	-0.54	-2.29	-5.47	-2.77	-3.29	1.90
8.27	0.84	2.26	-0.25	-2.72	-4.40	-4.99	-1.86	0.04	-2.22	0.60	0.82	2.24
-11.73	-1.01	-4.64	-3.95	-0.85	0.73	-0.70	-0.20	1.53	1.59	1.87	4.00	4.15
-9.37	0.43	-2.68	-1.47	0.63	1.63	-0.20	1.89	2.14	0.31	-0.21	-0.01	-0.14
16.00	-6.26	4.27	-2.47	-8.28	-3.00	-3.59	-1.68	0.21	-0.85	-2.52	0.75	1.84
15.85	-4.19	2.79	0.84	-7.38	-4.61	-1.49	0.51	-1.51	-0.79	-0.47	-0.84	-0.76
13.26	-3.48	5.19	-1.26	-10.47	-0.51	-0.63	-4.19	-2.97	1.48	-0.63	-1.45	3.47
6.34	-9.38	3.00	-2.29	-11.08	-2.49	-0.66	-2.28	-2.69	1.57	1.72	-1.80	2.85
5.89	-8.47	0.23	-2.03	-5.79	4.93	3.08	0.31	1.70	0.42	-1.56	-3.46	-2.56
15.18	-10.94	8.16	-2.09	-4.46	6.94	-3.23	-6.15	-3.12	0.51	-2.39	-1.26	3.68
0.20	-0.41	-3.03	-10.79	-10.00	-1.82	-1.25	-4.52	-2.81	1.08	2.28	3.04	3.87
0.23	2.19	-1.77	-5.99	-4.71	-1.56	-2.87	-0.02	3.48	4.03	5.47	5.41	5.47
16.17	-3.86	-5.16	-5.69	-6.71	2.87	-2.20	-3.17	-2.58	-2.76	2.36	3.31	2.41
8.62	-1.09	-0.79	-1.32	-2.24	5.00	1.24	-5.34	-4.91	-1.24	-0.35	-1.49	0.27
13.71	-0.89	-2.11	-2.33	-3.30	0.28	-2.63	-2.79	-3.36	-0.34	2.53	2.00	4.62
11.28	-5.23	-0.69	-3.03	-2.24	5.41	-1.67	-3.18	-0.76	-3.67	0.14	0.05	-1.79
7.11	-2.60	1.74	2.73	0.59	1.65	-3.95	-4.73	-3.78	-1.13	-0.21	-3.82	-2.36
-3.91	-9.94	-4.76	-1.06	-4.09	0.72	1.36	-0.34	0.98	5.65	5.76	3.07	3.75
-6.28	-4.95	-0.80	2.80	2.01	2.17	-0.73	-3.36	-1.48	-1.19	-1.34	0.97	0.63
-10.09	-0.92	-3.52	0.19	1.03	-0.41	-0.90	2.45	0.87	-1.14	-0.83	-0.87	-0.87
-2.92	-6.56	-1.77	-0.04	-2.05	5.79	-3.34	-0.70	9.59	1.47	-0.22	1.28	-1.48
-4.21	-2.74	-7.97	-0.30	-6.20	1.47	0.13	-4.30	2.86	-6.20	-5.64	-8.82	-8.78
-3.02	-1.16	-7.87	0.72	-0.38	11.03	4.43	-1.13	4.02	-7.37	-3.82	-7.93	-4.99
-0.26	5.41	-3.47	-1.78	-2.40	5.52	-3.19	-5.59	8.45	0.44	-0.59	-3.94	-3.24
-2.76	-1.95	-5.75	0.79	2.02	5.48	-1.36	-4.61	4.73	0.39	3.96	1.09	-7.15
-5.39	1.97	-1.97	-1.44	-4.46	-1.03	0.79	1.80	2.50	1.13	4.06	3.88	-0.37
-9.69	-1.44	-4.46	-1.01	-0.56	-0.09	-0.26	-1.18	-0.58	0.50	1.24	2.27	0.91
-11.73	-0.62	-1.84	0.65	-1.41	-0.42	-0.24	-0.89	-0.19	0.62	0.41	0.43	-0.63
-0.21	1.80	-5.12	-1.88	-3.43	2.76	-4.88	-5.37	-4.39	-4.42	-0.69	4.97	1.95
2.04	0.33	-6.34	-1.29	-3.37	1.95	-2.67	-2.24	0.30	-4.76	-5.08	2.75	0.36
2.07	-2.88	-9.94	-0.44	-5.56	2.66	-2.87	-3.56	1.53	-4.07	-8.12	1.49	-4.99
4.40	-0.60	-1.45	-0.23	-0.39	-0.17	-6.44	-3.73	0.46	0.30	-1.03	2.58	-2.00
3.15	-2.72	0.64	-1.21	-3.32	1.87	-5.99	-4.78	-1.14	2.19	0.94	-1.15	-1.13
-3.24	-5.86	5.77	-5.41	-1.69	0.70	-2.24	-3.64	-4.36	-2.76	-2.82	2.68	-2.35
-8.77	-8.99	-3.51	-0.78	6.80	0.91	-7.96	-2.78	5.04	4.70	5.50	1.76	0.44
-5.50	-4.11	-3.84	-0.11	14.68	0.45	-6.95	-0.94	6.37	7.31	3.58	-2.56	-4.84
-11.92	-2.21	-2.22	-0.15	7.20	1.41	-5.94	0.56	2.80	3.65	5.32	-2.64	-2.21
-6.42	-2.83	0.36	-3.45	4.78	0.96	-5.50	1.88	-1.42	3.08	5.68	-3.38	-5.42
-8.09	-9.47	-4.49	-1.58	7.35	-2.16	-3.11	5.90	4.12	6.18	3.22	-0.16	-2.30
-2.42	-2.88	0.45	3.79	1.59	-3.68	-9.06	0.55	1.81	0.77	2.75	-2.99	-9.41
-4.40	-3.14	-3.74	1.99	-1.30	4.06	-5.84	0.35	3.83	4.70	6.27	-0.51	-6.65
-5.26	0.40	-8.98	3.48	1.68	7.19	-7.62	5.64	7.65	10.80	6.73	0.26	-4.44
-10.12	-2.53	-4.44	-1.80	-0.96	-1.34	-3.65	-1.95	-0.92	2.35	2.47	-1.06	0.59
-33.10	-6.71	19.02	10.52	-0.54	4.23	-0.47	2.93	5.43	0.78	-3.59	1.80	4.78
-30.81	-11.55	19.47	7.77	1.84	2.34	2.58	1.28	9.43	2.91	-0.66	2.96	7.37
-31.68	-13.02	20.08	4.54	-0.01	3.72	1.42	5.60	11.25	3.28	-0.44	5.75	6.30
-28.31	-11.75	19.11	5.94	4.35	4.03	3.32	1.72	5.32	0.51	-5.37	3.83	3.26
-27.96	-12.50	18.67	4.45	6.35	3.37	3.38	-1.29	5.22	1.63	-3.37	2.36	3.35
-26.08	-16.33	18.48	3.14	6.79	8.43	5.58	1.65	7.76	1.73	-6.02	-1.75	0.58
-33.02	-11.06	23.85	8.48	8.83	7.92	3.89	-1.56	7.63	0.25	-2.99	1.37	2.73
-29.57	-15.13	23.70	5.95	8.11	3.62	1.73	1.42	8.40	3.55	-4.69	-0.14	1.75
-16.91	-15.22	16.86	-2.50	-3.56	3.69	-2.65	-6.64	3.94	1.48	1.26	0.10	1.80
-12.43	-8.54	16.42	5.99	-2.71	1.61	-0.63	3.34	3.97	0.08	-1.72	-0.10	2.59
-22.25	-20.87	31.88	12.41	1.92	11.42	-1.50	2.57	12.68	-0.65	-1.48	-2.74	1.77
-24.92	-18.45	29.71	15.06	-0.94	10.04	-2.70	2.70	10.21	0.62	-1.80	-1.54	1.07
-15.04	-20.54	28.54	19.53	-3.13	12.07	-3.61	3.41	11.42	-1.67	0.84	-4.08	1.73
-9.64	-21.56	29.33	17.13	-1.53	10.61	-3.08	4.77	9.18	-0.06	0.10	-4.55	2.25
-3.77	-19.38	26.84	20.07	-2.76	9.60	-3.64	3.58	7.91	-3.10	0.13	-4.08	2.31
-0.09	-19.45	24.47	19.18	-2.35	8.16	-4.83	2.92	5.84	-3.28	-0.08	-5.19	0.60
-8.42	-10.96	7.92	7.06	-4.92	0.35	-0.90	-0.03	2.74	-0.42	-0.80	1.25	-0.31
1.15	-22.89	16.52	13.73	-7.59	-2.56	-10.10	-1.69	0.35	-6.24	-7.94	-3.53	-5.23
11.14	-26.43	21.42	13.03	-5.78	0.59	-12.86	-1.42	0.38	-5.14	-3.12	-4.02	-1.70
14.77	-27.91	20.77	11.29	-5.01	0.42	-15.22	-0.38	-1.70	-2.52	-5.87	-1.78	-3.78
14.82	-29.07	21.56	10.75	-7.00	-0.22	-14.78	-1.83	-1.14	-4.65	-3.35	-1.62	-4.61
12.19	-27.14	16.91	13.70	-6.28	-1.24	-13.51	-3.49	0.35	-6.71	-1.60	-2.73	-2.97
-6.35	-11.27	7.84	7.13	-5.73	-10.11	-12.41	-3.24	1.49	-1.85	0.33	-1.20	-4.02
-8.59	-14.72	4.74	8.21	-2.85	-5.25	-6.56	-1.23	1.28	-3.66	-0.53	-0.13	-3.58
12.46	-22.26	13.88	10.75	-3.35	-1.44	-13.53	-0.65	-0.26	-4.10	-0.53	-1.73	-5.24
11.03	-20.37	14.38	11.12	-1.39	1.81	-15.09	0.99	-2.38	-2.41	-1.28	-2.00	-5.15
12.16	-19.11	13.14	14.83	0.78	4.76	-14.76	0.16	-3.08	-2.82	-1.79	-1.95	-4.86
11.73	-18.54	11.32	16.38	3.48	5.74	-11.03	1.66	-1.75	-4.29	-0.58	-2.68	-7.54
9.27	-19.15	15.44	9.84	6.95	1.83	-7.66	4.43	-1.91	-1.31	-2.51	-2.42	-8.54
13.05	-19.37	12.15	13.07	1.88	5.77	-10.97	2.98	-1.27	-1.32	-0.21	-0.30	-7.17
3.25	-14.39	10.44	12.63	4.21	-1.31	-5.96	-3.64	-0.57	-1.39	0.44	-1.41	-7.41
7.81	-16.30	8.98	13.75	3.49	6.19	-6.49	2.22	-0.66	0.03	1.06	-0.34	-6.16
7.55	-16.76	11.16	14.52	4.37	6.39	-8.80	1.24	1.12	-2.48	2.58	1.96	-7.39
7.99	-17.50	12.10	10.03	7.42	5.65	-6.57	2.50	-0.13	-0.70	2.23	-0.83	-5.75
6.45	-16.97	11.50	11.01	7.32	6.90	-5.74	0.65	-0.61	-1.22	2.50	2.78	-7.66
4.49	-15.13	9.71	10.25	9.91	6.94	-5.98	4.09	-2.00	1.97	1.21	2.75	-6.33
6.24	-17.42	12.05	9.73	9.94	8.18	-5.32	2.19	1.35	-1.37	5.91	-0.59	-4.49
6.65	-16.61	13.32	8.79	6.78	11.61	-4.81	-0.87	3.92	-3.22	8.70	-0.77	-4.51
0.25	-12.03	12.37	11.34	6.67	12.00	-5.86	0.78	1.54	-2.48	9.12	1.80	-2.63
-3.05	-13.89	5.80	8.09	4.57	14.85	-3.30	3.66	3.47	3.19	6.71	2.99	0.25
-0.14	-15.33	12.80	7.79	5.68	15.25	-5.11	2.66	3.45	0.24	7.46	0.92	-1.32
-0.29	-14.68	9.13	9.87	2.81	16.24	-6.19	3.21	2.22	1.32	7.44	4.16	-2.74
3.14	-20.18	13.82	3.20	6.93	15.41	-5.26	4.78	1.86	2.87	8.76	1.91	-2.25
1.21	-20.26	14.55	10.55	6.03	19.07	-6.87	1.53	-0.78	-3.39	8.13	2.24	1.48
-1.08	-18.04	12.42	4.71	4.28	16.28	-3.74	4.54	4.08	-1.09	7.92	1.82	-2.22
-2.62	-20.55	16.19	6.09	3.66	18.66	-4.17	5.84	5.05	-0.19	5.68	2.50	-2.85
-4.32	-18.20	15.42	6.50	4.95	19.22	-3.28	1.96	0.90	-1.57	7.52	2.21	-1.31
-4.62	-13.22	12.09	4.57	0.14	17.95	-6.06	4.39	4.56	2.19	7.55	2.67	-0.27
-2.55	-10.49	14.08	2.39	-1.09	17.67	-0.88	-2.64	1.34	-2.25	4.39	4.06	-3.03
-6.07	-19.59	14.35	5.92	0.16	16.78	2.06	-0.26	8.38	-1.05	5.20	7.19	-2.60
1.13	-25.20	19.45	8.55	1.02	22.08	-3.89	1.61	2.31	-1.32	4.47	4.36	0.07
0.33	-24.50	16.21	10.04	0.99	22.46	-1.64	3.61	2.85	-1.24	3.12	3.18	-0.83
1.77	-21.23	13.49	12.40	-1.12	20.17	-1.67	-1.44	4.01	-1.38	4.27	5.96	0.01
2.26	-24.45	16.30	11.57	-1.24	22.16	-1.10	1.32	0.05	-1.79	6.05	4.28	1.65
3.69	-25.05	13.52	11.95	-0.94	19.22	1.72	0.75	3.34	-0.39	3.46	5.93	0.55
2.67	-24.01	15.31	11.87	-1.65	19.88	2.11	5.01	-1.23	-0.94	6.71	7.28	0.40
8.04	-28.21	13.17	12.55	0.30	18.71	2.84	3.52	-0.34	0.80	3.89	7.99	1.53
9.47	-28.27	12.98	15.38	-0.70	18.47	4.07	4.22	1.21	-3.23	7.47	9.59	-0.09
-5.41	-2.25	6.26	6.29	-0.18	3.09	2.57	-2.32	-3.95	-2.26	1.21	2.05	-2.02
2.19	-2.04	7.42	7.05	-1.56	5.05	6.58	-0.25	-5.92	-6.05	0.29	4.23	-2.75
23.83	-13.21	10.76	6.26	-7.32	10.34	3.11	-0.03	-7.02	-9.37	-5.33	0.26	-1.57
21.77	-13.56	14.20	2.69	-9.90	9.86	3.69	1.43	-6.15	-11.32	-6.16	-2.46	0.95
23.43	-9.96	11.58	-0.45	-10.53	7.17	3.98	3.62	-4.42	-12.81	-7.75	-0.84	-2.21
23.12	-10.40	14.52	-1.61	-14.42	8.40	5.23	5.04	-1.52	-11.69	-9.08	-2.58	-2.12
22.97	-8.48	18.03	-3.16	-11.61	4.20	6.09	3.36	1.29	-11.43	-6.03	-3.35	-3.96
24.37	-7.19	19.73	-2.89	-16.87	6.00	6.37	2.60	7.09	-13.98	-4.87	-7.13	-3.78
16.42	-2.67	13.28	-0.34	-6.65	3.11	1.92	-0.09	2.14	-1.60	-4.98	-1.44	-1.34
13.15	-2.04	9.11	1.82	-8.60	8.00	5.47	1.86	3.14	-3.00	-4.02	-2.08	-3.50
25.21	-2.53	29.09	-0.40	-18.09	4.04	1.23	7.47	5.10	0.40	-5.91	-1.12	-6.70
24.99	-3.36	30.55	-0.67	-16.29	2.58	0.24	6.60	5.52	-1.15	-1.77	-1.68	-4.08
22.24	-0.95	28.86	1.03	-20.05	3.67	-1.45	7.87	4.88	0.98	-2.67	1.27	-5.21
28.29	-3.04	32.02	-1.19	-19.89	4.90	-3.49	8.35	3.11	2.98	-2.87	3.05	-4.90
28.79	-2.65	31.09	2.46	-23.37	5.66	-5.98	7.98	4.75	3.34	-0.78	2.23	-2.49
23.12	3.43	28.51	0.63	-20.10	2.75	-2.83	3.52	4.72	5.02	0.37	4.47	-3.26
6.23	4.66	6.42	0.32	-5.03	1.09	0.74	1.12	5.54	4.09	0.10	1.16	0.05
16.70	8.69	20.85	-3.33	-14.98	2.53	2.14	3.61	3.77	0.79	3.61	2.11	-1.42
15.19	9.51	24.81	-0.04	-10.32	0.90	-1.81	3.09	3.60	4.46	2.71	1.68	2.33
16.81	9.17	21.56	-0.18	-10.15	0.27	-3.84	2.58	6.82	3.92	3.26	4.45	2.75
28.80	4.31	26.19	-3.34	-10.56	1.10	-5.53	2.84	6.29	4.25	5.69	1.35	3.98
18.09	12.94	21.95	-2.20	-6.33	-4.39	-3.29	5.41	5.62	0.75	3.45	-1.66	3.22
14.97	5.58	14.42	-3.64	-6.51	-1.03	-2.10	9.31	5.04	1.73	3.89	0.11	5.02
3.72	3.37	18.43	4.12	-7.07	-8.96	-3.66	7.28	2.64	3.07	2.61	-0.55	1.55
-4.47	-1.02	11.04	3.48	-2.02	-4.72	-1.52	5.74	3.49	3.75	1.66	-2.76	0.23
-5.41	4.03	2.70	-6.98	-6.23	-6.37	1.03	6.41	2.63	4.29	2.62	-1.29	4.63
-9.76	0.08	1.26	2.65	-0.34	-1.77	-0.54	1.16	0.82	0.98	1.17	1.14	0.34
-7.89	2.45	0.57	-0.07	-0.42	0.86	-0.05	0.13	0.96	0.78	-0.17	0.37	0.51
15.05	7.19	2.42	-2.36	-2.84	0.68	-0.32	-0.31	1.49	0.60	0.91	2.78	0.50
28.40	14.15	-1.31	-5.01	-1.23	2.93	0.43	-0.42	0.57	0.12	0.23	0.69	-1.04
12.00	11.93	6.92	0.89	-2.74	-0.18	-0.46	-0.29	0.08	-2.40	-2.26	-0.44	-1.72
27.01	15.53	12.32	-6.75	-3.34	4.77	5.37	5.31	3.26	-0.40	-0.25	-0.35	-0.26
1.97	3.10	4.59	2.40	1.13	3.71	2.86	2.17	0.81	1.61	3.00	0.99	0.22
5.82	0.96	5.69	-1.84	-1.72	7.91	2.84	0.29	-0.34	-1.60	1.16	2.31	-1.22
-11.06	-0.90	-2.67	-1.98	-0.35	1.07	-0.65	0.45	0.21	-0.71	0.29	1.92	1.39
-7.74	1.07	-1.08	-0.19	-1.39	0.35	-0.55	-0.86	-0.90	-1.61	-1.52	-0.27	-0.71
-1.47	-5.26	0.98	-8.63	-5.37	6.40	4.32	5.48	3.05	-1.21	1.00	3.63	-0.26
-0.90	-0.46	0.58	-6.89	-8.10	0.32	-2.46	-3.21	-2.00	-4.34	-2.04	2.70	1.30
-5.09	-1.67	0.02	-3.34	-3.64	2.73	0.91	-2.66	-1.72	-0.92	0.24	3.45	1.75
-7.11	-5.39	-0.47	-2.23	-3.61	3.37	1.78	-0.98	1.15	0.54	1.57	5.45	3.73
-8.50	-3.12	-0.09	-3.45	-4.19	2.76	0.51	-2.07	-1.10	-0.99	-0.64	1.75	0.29
-7.69	-3.42	-0.49	-2.31	-2.86	3.43	1.60	0.22	1.63	0.20	-0.47	2.56	1.19
-4.53	2.73	-4.06	-7.36	-6.41	-0.54	2.24	1.59	1.47	-0.77	-2.79	-1.76	-2.07
-10.90	0.65	-0.42	-0.40	-2.73	-2.10	-0.98	1.19	2.42	0.93	1.32	1.85	0.78
-1.16	-0.86	-2.43	-5.08	-6.36	-1.53	-1.54	-5.23	-4.60	-1.92	-0.44	2.44	2.40
-1.22	-2.18	-1.76	-3.39	-3.20	3.73	2.14	-3.31	-2.86	-0.90	2.30	5.83	4.18
5.24	-4.77	-2.77	-0.51	-2.70	0.48	0.85	-3.38	-5.67	-3.03	1.92	4.92	4.61
6.29	-3.57	-5.28	-2.15	-2.03	0.23	-1.24	-3.16	-3.13	-2.43	1.03	3.11	2.89
0.36	-5.92	-4.00	0.25	-1.71	2.00	3.29	-0.06	-3.82	-2.83	0.23	1.60	2.30
-1.60	-1.45	-1.59	-0.01	-3.42	-0.87	-1.01	-1.76	-0.51	2.09	2.42	1.50	2.25
-7.85	-2.61	-3.95	-1.22	-0.89	0.16	-1.87	-2.16	-0.33	0.12	-0.73	1.51	1.08
-5.04	-2.22	-4.99	-1.13	0.95	2.48	-1.30	-3.07	-1.64	-2.67	-1.04	1.66	2.52
-5.98	-2.63	1.30	1.62	0.29	6.23	6.03	5.18	2.11	-0.45	0.46	0.60	-2.90
-7.78	-2.50	1.44	-0.94	-2.49	1.49	-0.06	-1.20	1.61	-1.04	0.31	3.49	2.37
-9.00	3.39	1.31	1.03	-1.17	2.36	2.67	-0.59	5.64	1.17	2.67	3.02	1.64
-6.95	2.42	-3.25	0.85	-2.82	0.60	2.48	0.17	-0.49	-3.43	-0.72	0.35	0.77
-10.72	-6.36	0.41	0.56	-5.52	2.47	2.09	-0.04	1.13	-1.74	0.34	0.37	4.97
-8.51	-5.38	-1.16	2.76	1.57	7.41	1.60	-0.86	5.80	2.63	-1.21	0.92	-0.63
-10.54	-0.27	3.70	-0.40	-2.11	2.20	-1.40	-0.52	-0.88	-1.34	0.57	3.60	2.52
-7.18	-1.40	0.65	2.06	-5.32	-2.59	0.70	-0.23	2.08	1.75	0.31	1.91	2.43
2.24	-7.40	2.04	-1.80	-11.41	-2.65	0.78	0.86	1.73	-2.43	0.74	-1.13	1.90
1.40	-4.67	3.95	-4.46	-9.74	2.17	3.53	6.12	2.74	-2.18	3.28	4.47	1.95
9.61	-9.23	1.85	1.83	-7.28	4.03	2.88	-0.81	1.75	-0.41	0.38	-0.95	0.43
9.07	-7.19	-0.40	0.57	-6.77	6.66	7.13	0.17	2.18	0.29	2.13	0.27	0.47
1.14	-2.13	-3.26	-4.14	-10.81	6.36	3.08	-1.00	-1.56	-1.92	-2.32	-0.53	-0.57
-2.63	1.38	-8.95	-4.11	-5.91	6.13	-1.63	5.72	-1.64	2.35	-2.87	0.03	-3.49
-1.73	-0.74	-1.14	0.74	-5.31	-1.27	2.21	-0.71	0.43	2.16	2.87	-0.02	-3.58
-3.31	-4.77	3.12	2.32	-1.92	4.89	-1.39	4.19	-2.00	-4.09	-3.34	-0.97	-1.06
-10.59	-8.68	-5.89	2.81	-1.30	2.25	-2.69	-2.42	3.03	0.67	-3.18	-3.20	2.29
-13.42	-6.55	-4.13	7.47	1.56	8.04	-0.89	-0.94	3.63	3.85	-2.98	-0.86	-3.94
-11.04	-1.32	-1.89	1.63	2.11	7.91	-0.46	-0.12	3.45	3.93	3.87	2.82	1.38
-11.73	-0.87	-7.29	0.57	3.03	6.51	-1.47	1.99	4.69	9.98	0.00	3.91	-1.60
-10.79	2.69	-2.83	7.49	6.80	4.71	-2.10	-2.17	-4.16	-0.78	-1.79	0.56	-1.50
-15.58	-0.55	-3.15	7.13	-2.74	7.42	1.03	1.28	-1.39	3.37	0.18	0.74	-2.70
-16.14	-1.29	-6.31	5.39	-2.74	1.20	1.57	-1.98	-3.35	4.32	-6.15	-4.14	-5.00
-9.49	-2.49	-1.94	7.33	0.74	3.18	0.15	0.03	-0.28	1.78	5.69	-0.99	-6.88
-9.15	-3.45	-4.23	4.51	-3.80	3.16	0.35	4.00	-2.77	3.74	1.07	-0.99	-4.71
-9.48	0.22	0.22	1.58	-5.11	5.17	5.50	5.84	1.62	3.61	5.37	1.61	-7.41
-9.61	-2.86	0.76	3.20	-5.14	-1.68	-0.09	-4.32	1.03	2.63	-2.24	-4.33	-1.71
-10.69	-5.51	-2.47	3.26	-6.42	1.79	0.23	1.66	0.53	-1.00	-5.16	-3.09	-4.24
-9.09	-3.04	1.90	3.51	-1.86	1.24	0.03	0.78	2.98	7.45	1.69	-4.42	-2.94
-2.64	-0.51	0.17	-2.05	-8.76	-2.35	2.18	-2.88	-3.47	2.54	-3.03	-5.48	-1.97
-4.49	-0.70	3.32	1.73	-6.55	0.33	0.73	1.93	-0.01	5.79	-3.47	-5.07	-2.00
-3.48	-2.58	3.86	0.70	-4.60	2.42	-0.75	1.21	-0.35	1.26	-0.67	-1.03	0.24
-2.84	-3.69	0.46	-1.39	-2.81	5.51	-0.65	0.44	2.70	1.46	-1.81	-1.20	-0.16
-4.22	4.56	-0.16	0.78	2.92	3.44	-7.82	-5.25	-1.31	-1.12	-3.82	-4.59	1.82
-5.04	-0.16	3.03	3.03	-5.41	0.41	-0.89	-6.54	-7.72	-0.97	-4.81	-4.56	1.47
-5.88	-1.06	5.04	7.21	0.72	-2.85	-6.59	-7.67	-1.31	0.02	-3.45	-4.55	-1.62
-9.84	-3.27	5.25	1.91	-1.33	-0.93	-2.59	-2.35	2.00	-0.65	-3.18	-0.67	-1.23
-11.51	2.81	3.18	-3.61	-0.39	5.87	-1.43	-0.62	-0.91	2.63	0.75	1.71	1.21
-12.63	1.50	-5.92	-2.93	-3.05	0.45	-3.09	-2.55	0.89	-0.49	-3.81	0.62	1.75
-11.51	3.03	1.31	2.94	-1.12	0.50	-2.79	0.05	4.84	3.02	0.93	0.13	0.26
-6.22	-2.21	1.40	3.37	4.71	2.42	-0.58	-6.11	0.15	-0.21	-0.48	-4.40	-2.11
-12.54	-10.01	-5.68	1.43	-0.81	-0.80	-8.83	-8.70	0.77	4.04	1.00	-3.42	2.87
-8.56	-2.64	-0.21	1.71	2.25	0.52	-2.30	0.07	4.17	-0.67	-1.34	-2.92	0.42
-14.29	-3.33	-0.62	-1.14	-4.11	1.57	-1.23	3.57	4.33	5.11	-0.69	-3.19	-1.05
-12.08	-1.76	-0.26	-0.61	-2.78	2.69	-0.63	-0.88	2.67	-0.13	-6.80	-1.27	-2.87
-14.20	-2.78	0.27	-1.76	3.20	4.69	4.12	1.47	4.05	2.71	-2.03	-1.65	-0.40
-11.94	1.28	-1.38	-1.84	6.21	3.30	2.40	-1.39	-0.47	0.39	-2.42	-3.87	-1.38
-8.46	-2.11	13.22	-4.63	3.39	13.29	-0.67	-1.14	5.55	0.10	-1.74	-1.29	6.46
-13.69	-2.27	14.44	0.84	-5.61	5.33	-1.14	1.58	7.09	-0.79	-4.14	3.00	2.96
-19.70	-15.40	22.17	5.44	2.37	16.01	-1.35	0.43	5.71	-0.56	-6.69	-0.29	1.78
-9.83	-12.23	23.29	5.18	0.01	12.44	-3.84	1.74	3.63	-2.17	-7.95	-3.87	3.06
-10.08	-18.53	20.38	3.73	3.51	14.42	2.95	4.66	8.15	-1.68	-6.75	-4.31	0.71
-14.07	-20.56	22.13	7.62	-0.09	11.74	-1.79	1.66	8.25	0.91	-4.37	-3.10	5.09
-9.52	-24.64	26.29	8.88	-3.08	10.49	-5.76	4.51	7.41	3.83	-0.60	-2.70	2.70
-8.53	-29.55	32.60	10.47	1.49	10.97	-3.72	5.26	7.43	4.38	-4.18	-3.68	-0.42
-8.49	-17.22	24.94	13.29	-3.04	6.07	-2.34	-2.06	5.68	-1.69	-7.18	-1.62	0.30
-6.93	-14.57	17.77	12.51	-2.05	4.00	-6.23	-2.96	6.86	-1.83	-4.33	0.30	1.23
2.01	-20.18	25.12	9.21	7.52	0.46	-8.48	-1.18	2.31	-1.57	-7.56	-1.57	-3.95
5.47	-18.67	21.08	11.25	4.11	-2.17	-10.83	-1.42	-0.47	-2.05	-6.02	-2.37	-6.52
16.60	-27.11	22.81	9.81	1.79	-3.07	-12.44	-2.52	-3.60	-0.48	-6.81	-3.94	-2.92
14.24	-26.67	21.53	4.25	2.92	-3.80	-10.92	-2.92	-0.41	1.53	-7.65	-1.38	-2.16
14.87	-26.70	19.77	3.60	5.29	-2.71	-11.03	-2.87	-4.55	-0.32	-5.86	1.28	-5.48
14.69	-28.36	18.86	3.49	4.12	-0.89	-10.75	-2.81	-3.63	-1.68	-5.82	1.09	-5.67
15.07	-28.27	17.95	4.63	4.87	5.47	-7.38	-1.35	-1.86	0.35	0.21	1.77	-5.97
6.23	-14.78	7.43	6.76	1.57	0.40	-7.56	-6.21	-0.01	-2.15	-1.08	0.61	-7.20
18.21	-26.63	19.53	3.50	9.35	8.90	-4.68	0.26	-4.57	-1.50	0.01	2.57	-8.58
19.16	-25.91	20.58	2.50	11.79	8.91	-2.71	-0.22	-5.60	-1.07	0.33	4.59	-9.31
16.55	-23.84	18.20	3.30	9.45	11.76	-2.13	-0.42	-4.47	-1.73	2.05	4.98	-8.07
13.49	-19.20	15.02	2.14	13.86	8.01	2.33	-2.17	-3.70	-2.41	2.28	6.17	-9.45
18.88	-24.89	19.39	0.29	9.15	12.36	-1.70	1.60	-4.30	-1.58	2.36	6.21	-6.53
16.37	-21.66	17.48	-1.97	11.55	9.97	0.23	3.11	-1.70	-2.46	2.12	7.26	-6.66
0.34	-7.93	4.31	6.18	3.54	4.78	-2.66	-1.40	0.25	-0.99	2.24	3.51	-2.87
7.73	-7.38	7.98	-0.92	3.03	3.86	0.21	0.31	-0.33	-3.06	1.05	5.69	-0.56
7.42	-18.26	19.56	-12.51	11.28	9.66	6.12	7.87	-6.31	1.85	-1.84	11.16	3.09
6.02	-14.54	18.29	-11.35	6.30	12.32	7.24	9.75	-4.34	-1.61	-0.38	11.98	3.44
4.06	-11.49	13.83	-7.72	3.23	9.40	7.52	3.19	-1.34	-2.42	-0.26	8.91	2.87
14.15	-9.26	19.96	-7.04	3.00	12.07	5.79	4.53	-5.03	-6.76	-3.41	3.45	-0.66
22.28	-10.90	19.75	-7.11	0.95	11.17	4.90	4.74	-8.58	-9.42	-5.72	0.49	0.69
26.79	-10.49	17.91	-5.20	-5.54	14.37	4.89	5.39	-5.60	-10.38	-8.76	0.68	2.08
0.11	5.44	3.29	-2.77	-2.23	9.21	6.04	1.89	3.51	-2.23	-4.48	-1.95	-4.48
-2.19	2.57	2.03	2.13	-0.70	1.29	1.03	-3.49	-5.06	-1.46	-0.88	-1.04	0.40
22.51	4.30	20.30	-7.01	-7.47	4.84	3.09	10.41	2.47	-3.24	-3.73	-3.00	-1.81
18.12	6.47	19.16	-4.83	-9.67	3.72	3.54	7.10	3.76	-0.89	-2.60	-3.05	-1.31
21.89	6.54	19.13	-3.58	-14.55	5.04	4.91	4.59	7.17	0.01	-2.59	-2.88	-1.34
17.51	-5.15	21.59	-2.13	-11.66	5.14	1.08	9.50	5.85	1.07	0.32	-5.18	-0.56
11.15	7.43	18.36	-2.05	-10.00	2.22	1.11	7.29	10.44	1.27	-2.61	-5.34	-6.89
4.24	6.84	12.11	-4.04	-8.80	8.02	7.22	5.17	9.37	4.10	-2.71	-5.72	-4.90
-9.04	0.32	-0.20	0.42	0.19	1.55	0.51	0.01	0.13	0.05	-0.16	0.14	-0.69
-10.82	0.43	-1.00	5.30	4.26	3.16	2.95	0.46	-1.53	-1.56	-1.31	-0.19	2.56
2.03	-0.76	-2.40	1.22	-2.71	-1.28	5.64	7.73	8.76	4.26	-4.77	-4.88	-2.83
-5.05	-5.63	4.43	0.49	-3.38	-2.63	0.78	4.28	3.96	2.34	-3.07	-6.99	-7.78
-9.23	1.28	6.16	-7.11	-3.35	-9.19	1.68	5.12	5.32	1.52	-2.07	-4.96	-0.20
-0.18	-4.93	5.40	5.51	-5.19	-0.89	5.44	6.10	5.19	1.97	2.15	-2.85	-2.43
5.12	0.96	6.16	6.10	-1.37	-2.19	-0.41	3.07	4.88	3.13	1.78	0.41	1.40
24.09	6.48	11.37	5.09	-5.71	-2.13	-0.42	-3.44	0.14	-3.49	-3.35	-1.46	2.53
-9.12	0.14	-1.96	-0.56	-0.54	-1.53	-0.88	-0.34	-1.00	-1.26	-0.86	-0.53	0.13
-10.10	0.75	-0.51	0.79	0.35	0.71	0.07	-0.15	-1.06	-1.88	-2.01	-1.45	-1.90
-11.55	-6.25	4.24	2.78	-3.98	1.51	2.62	1.86	1.28	-0.14	0.45	-2.46	-0.84
-7.45	-3.02	12.48	12.99	-5.15	0.89	0.02	0.17	4.56	-0.68	-0.82	-7.77	0.89
-4.91	-0.62	9.06	9.51	-4.83	0.11	3.81	-1.49	5.95	-1.16	1.16	0.83	-2.73
-8.47	-5.41	8.47	11.48	-3.83	0.79	2.23	1.57	1.29	-0.21	-0.40	-4.40	-4.93
-11.30	-5.58	4.66	5.77	1.11	1.38	1.55	-0.97	3.94	3.36	1.97	0.45	0.20
-11.85	-4.56	1.45	2.09	-1.83	0.74	-0.65	1.93	1.91	-1.12	1.19	0.30	-0.12
-10.80	-3.75	-2.59	0.06	-2.57	0.60	2.10	0.87	-0.16	0.44	1.69	-0.64	-1.52
-10.21	-2.77	3.79	3.78	-1.41	2.24	4.99	1.39	-0.95	0.46	-0.14	-2.75	-2.01
-7.95	-0.31	5.36	4.55	0.63	3.76	3.15	1.05	1.62	2.21	1.06	-0.75	-0.99
-8.02	-0.67	6.82	4.32	1.15	2.74	1.60	3.70	0.85	-0.33	1.86	-0.36	-0.10
-7.32	2.09	6.72	4.10	1.21	2.97	2.23	2.63	1.01	1.49	1.74	-1.84	-0.67
-8.20	0.69	5.11	3.99	0.68	2.35	2.49	3.17	1.00	2.31	2.09	-0.07	0.28
-8.34	0.21	6.09	3.92	0.22	2.59	3.18	1.73	-0.43	1.66	2.29	-0.67	0.30
-28.37	3.65	-0.23	0.28	0.61	1.54	1.59	2.69	1.94	1.57	0.64	0.19	0.30
0.28	-5.95	6.04	-0.39	-2.32	0.68	1.02	2.18	0.36	-0.77	1.26	-0.26	0.45
-9.82	-4.03	2.68	0.61	-1.97	0.06	1.09	4.55	0.04	-1.77	0.62	-1.54	-0.33
-10.34	-0.45	-2.73	-1.71	-1.10	1.45	-0.08	0.15	0.70	-0.42	0.57	0.63	0.45
-8.91	0.60	-0.09	1.30	0.17	1.79	0.94	-0.39	-0.19	-0.08	-0.10	0.21	-0.18
-1.33	0.60	3.90	0.09	-3.95	-1.60	0.24	1.77	2.28	1.43	1.88	0.94	0.05
-5.74	-2.06	4.48	4.78	-0.78	-0.06	2.00	0.70	3.42	1.64	0.45	0.82	-2.61
-8.79	-4.55	5.17	3.71	0.14	2.92	-5.01	-2.85	-0.95	-0.48	0.83	-1.70	-2.90
-12.32	-5.32	3.93	2.51	2.02	7.66	0.53	-2.17	-0.79	2.03	-0.95	-4.42	-3.22
-10.75	-1.81	9.23	-0.30	-1.54	3.97	-0.69	-0.52	-1.49	2.43	-0.54	-3.03	-5.31
-9.21	-1.15	4.60	-0.94	2.20	5.69	-0.66	-2.84	0.74	1.63	3.30	-0.70	-1.43
-7.21	-1.32	-0.04	-1.34	-0.71	2.85	2.47	1.07	0.06	0.02	0.57	2.31	0.51
-4.95	1.30	-4.27	-4.77	0.04	-0.98	-1.88	-0.34	1.53	4.88	1.35	0.77	1.24
2.05	0.52	6.34	1.11	-1.38	-5.28	-5.00	-5.87	-2.50	-2.39	0.43	-3.57	-7.08
2.84	-0.59	5.97	1.65	-4.79	-3.05	-4.97	-4.99	-5.10	-0.04	0.62	-1.75	-4.55
1.59	0.33	5.55	-2.99	-6.46	-2.30	-7.35	-7.20	-7.54	2.37	1.27	-1.04	-3.59
8.74	0.31	3.13	-2.55	-6.88	-0.17	-4.50	-4.57	-3.84	-3.15	3.87	-0.57	-2.85
6.02	1.72	1.37	-8.08	-9.64	-2.27	1.90	1.82	0.74	1.56	3.25	-0.76	-2.29
9.32	-1.29	6.88	0.35	-8.23	-6.19	-2.30	-2.06	-2.25	1.58	1.00	-0.64	-3.57
-9.77	-1.66	1.53	-0.25	-1.65	0.30	-0.45	1.14	0.39	0.06	2.41	-1.13	-0.69
3.63	-2.96	9.00	-3.55	-4.75	-4.49	-3.36	-1.51	-4.55	-1.41	-0.89	0.14	0.82
-4.32	-9.83	7.65	-3.93	-8.76	-2.12	1.53	3.89	-3.27	-0.50	2.21	-1.47	0.52
-2.78	-14.29	6.54	3.28	-7.63	-4.13	3.39	5.53	-2.12	-0.73	-0.32	0.44	3.79
-0.02	-5.99	7.80	1.21	-5.57	-4.18	-0.69	2.46	-4.49	-1.63	0.12	-0.24	2.48
0.29	-3.23	6.77	-0.96	-7.63	-3.61	0.08	2.35	-3.03	-0.33	1.30	-0.16	1.92
-10.19	0.75	4.38	-1.55	-3.50	0.07	-0.75	-2.79	-1.67	2.63	0.27	-1.08	-0.16
-4.64	-5.19	-3.28	0.42	-2.96	-3.04	1.25	-0.37	-3.21	5.42	3.16	2.45	4.43
-4.97	-5.44	2.57	2.83	-0.75	-4.05	-0.92	4.10	-1.11	0.32	1.20	-1.50	-2.80
-6.84	-6.80	-2.65	-3.48	-4.55	-3.20	0.46	6.14	5.30	6.26	2.09	2.43	4.73
-4.80	-10.39	-3.00	-2.57	-9.81	-4.41	0.40	4.82	0.77	1.50	-0.23	-0.76	3.58
-6.55	-5.14	-2.15	2.04	-3.30	-1.99	-9.06	-4.24	2.68	0.03	-1.60	-0.06	0.11
-5.17	-3.21	-3.27	3.09	-4.46	-1.33	-4.24	-1.08	1.55	1.11	-0.40	-5.58	0.74
-0.08	3.88	-6.30	-1.06	-8.28	-1.73	-1.69	-1.65	0.68	-1.98	-2.66	-3.86	-3.29
-4.87	-1.58	-3.93	0.87	-8.19	-3.82	-4.14	-6.53	0.90	-2.31	-0.49	-2.89	-1.66
-1.86	-1.31	0.38	0.24	-7.63	1.74	-6.19	-2.85	1.35	4.36	1.53	-1.85	-2.63
-5.51	3.20	-2.46	0.73	-6.11	6.11	-1.28	-1.76	5.18	-0.27	-5.23	-2.94	-1.07
-12.58	0.57	3.16	2.43	-4.95	3.43	-2.30	-0.22	1.27	2.09	2.63	6.32	4.49
-10.34	1.08	5.06	5.59	-5.35	3.47	-0.35	-3.15	-0.26	0.33	-0.53	4.35	0.40
-10.42	-2.99	6.43	5.18	-10.07	1.01	-1.35	-6.86	-2.35	-2.26	-0.86	3.60	-2.78
-14.61	-3.37	6.23	7.92	-4.14	3.56	1.94	-4.33	-1.04	-2.25	-4.19	-0.56	-3.79
-8.29	-4.84	6.47	6.72	-9.44	0.26	-0.17	-7.12	-2.16	-6.61	-3.48	3.15	-0.58
-5.72	-9.72	9.66	6.90	-7.70	2.81	-3.21	-1.87	2.14	-8.82	-5.13	1.31	2.83
-7.82	-10.18	12.75	6.51	-10.22	0.16	-1.44	-7.19	-1.39	-5.72	-5.43	1.07	1.09
-15.37	-16.58	1.68	5.43	-3.36	5.93	-0.25	-5.02	-1.00	-4.62	-3.83	2.00	3.47
-0.31	-7.15	4.07	4.63	-3.37	3.31	1.78	0.29	1.38	-1.61	-4.37	0.25	-0.80
-5.50	-15.83	3.45	4.18	-4.98	4.67	2.23	-1.13	0.62	-3.85	-5.19	-1.93	-4.13
-1.09	-6.57	3.20	4.66	-3.88	-0.58	2.78	-3.41	-2.36	-1.33	4.89	5.71	0.36
-5.13	-10.02	5.31	-0.70	-8.13	0.11	0.37	-3.54	0.84	-0.33	2.11	6.20	3.56
-3.35	-10.26	4.37	5.54	-3.64	1.14	0.48	-3.34	0.00	-3.43	-0.61	6.44	-0.42
2.32	-6.67	10.01	8.45	-1.73	0.16	-3.98	-4.84	0.67	-0.26	1.84	6.22	-3.95
-1.83	-5.64	7.36	0.99	-0.87	2.77	-0.46	-3.43	-1.76	-4.04	1.29	5.46	1.61
-2.63	-10.22	9.37	2.34	-1.61	3.16	3.03	-0.76	1.12	-4.35	4.72	4.59	-1.70
-7.13	-6.79	11.13	6.16	-2.09	7.52	5.75	0.39	6.22	-3.66	-3.50	4.49	1.87
-10.30	-6.78	10.01	2.17	-2.98	2.44	-5.54	-4.86	-0.38	-1.79	1.00	-1.77	0.39
-6.85	-0.68	14.30	4.76	-1.05	2.88	0.03	0.09	0.44	-0.41	1.22	0.43	0.17
-5.27	-1.54	26.95	1.80	-2.05	4.94	1.91	10.52	8.90	-0.97	-0.22	-5.25	-1.48
-12.00	-2.84	27.12	1.01	-1.82	6.27	1.70	7.15	6.98	2.21	1.98	0.24	1.96
-8.22	-9.74	24.78	5.88	-2.01	8.66	-3.08	4.78	8.43	4.28	0.32	2.14	1.68
-19.34	-17.59	31.61	2.39	3.23	10.72	-6.32	3.96	8.43	4.56	-2.58	-0.21	1.89
-17.17	-18.62	29.88	4.37	6.58	11.71	-5.15	4.81	8.09	4.87	-3.68	0.80	1.82
-16.42	-18.28	31.83	0.00	3.00	8.91	-6.81	3.30	9.10	2.37	-1.22	2.11	4.53
-21.53	-16.41	30.96	4.72	5.31	10.86	-4.17	3.54	7.68	1.44	-3.38	4.58	4.44
-17.60	-4.70	15.80	-1.48	-3.39	6.49	-2.72	-3.78	5.60	0.71	-5.17	-0.57	0.89
-17.49	-0.95	12.10	-2.55	-0.16	9.54	-1.53	0.33	7.10	1.11	-2.28	1.21	1.22
-17.72	-25.76	35.39	8.06	0.97	11.04	-4.93	4.01	7.50	4.80	-3.30	1.75	2.13
-10.23	-27.08	36.57	10.57	1.44	12.20	-2.14	6.24	7.84	5.47	-5.29	3.15	-1.29
-6.52	-27.46	39.36	12.93	1.91	11.61	-3.11	4.91	4.04	2.46	-4.43	-0.91	-0.36
-1.04	-28.89	35.06	12.48	-1.33	9.84	-3.40	4.72	4.65	1.26	-3.38	-0.23	-3.08
0.96	-27.80	33.55	10.36	2.38	3.65	-3.74	1.81	2.58	1.31	-7.70	1.24	-5.41
6.16	-28.54	29.39	11.73	0.90	3.96	-6.62	2.84	1.00	-3.09	-4.75	-1.56	-5.46
5.25	-23.40	15.85	7.07	0.58	2.13	-5.89	3.32	4.16	-0.10	-6.12	-2.19	-5.39
10.84	-24.75	22.61	6.00	1.27	-3.29	-14.74	-5.32	-1.33	-0.17	-1.11	0.65	-8.16
14.30	-28.16	18.30	5.70	1.17	-0.72	-12.99	-3.17	-2.44	-0.88	-5.84	2.15	-6.51
17.78	-29.36	22.14	-0.79	4.37	-2.90	-11.74	-3.91	-1.54	-3.83	-4.29	2.97	-7.83
16.21	-26.99	17.83	2.01	4.26	-0.78	-10.94	-4.74	-1.96	-3.44	-3.64	3.96	-10.63
15.99	-28.83	18.70	3.37	3.28	2.79	-12.65	-3.28	-4.86	-2.59	-2.68	3.20	-8.55
16.77	-29.08	20.26	0.31	6.91	1.88	-9.64	-2.96	-3.45	-3.08	-1.15	2.04	-8.34
15.18	-25.55	18.77	2.21	7.46	7.77	-7.87	-0.94	-3.25	-1.94	-0.63	3.04	-7.81
-4.25	-1.55	6.66	1.34	2.29	3.33	-5.24	-1.34	0.04	-0.82	0.36	-0.84	-2.96
6.76	-16.20	7.48	0.57	3.80	7.14	3.01	3.20	-1.47	0.07	-0.08	0.03	-3.30
12.24	-21.89	17.03	-0.91	14.08	9.26	0.27	2.72	-3.13	2.79	0.84	5.59	-8.56
14.11	-20.12	17.09	-1.10	12.97	11.61	0.59	4.02	-2.30	-0.46	3.14	4.39	-5.27
16.41	-22.07	17.87	-3.12	14.87	8.29	1.68	4.08	-3.37	1.05	3.11	6.19	-4.84
5.85	-12.17	13.42	0.36	13.77	9.26	1.67	2.65	-0.42	-1.07	3.48	5.38	-3.75
7.53	-11.97	11.28	0.00	11.25	10.93	1.29	7.29	-0.83	-2.10	4.50	5.51	-4.69
7.54	-11.86	13.33	-4.60	10.07	11.37	2.46	6.69	-2.99	1.94	4.83	6.02	-2.22
7.58	-13.60	15.88	-5.69	13.96	12.60	4.79	7.53	-3.29	2.55	-0.81	5.94	-1.50
8.99	-15.19	20.18	-8.90	13.79	10.95	6.89	10.53	-5.86	2.90	-2.37	8.54	-0.25
9.37	-2.22	12.36	-1.41	3.18	12.64	4.49	0.66	-8.93	-11.86	-2.86	4.42	1.02
6.18	-0.77	9.81	-1.19	2.31	8.78	3.65	2.16	-3.86	-5.53	-2.65	0.51	-1.29
30.10	-13.77	23.78	-11.30	-1.50	9.92	1.69	7.14	-10.92	-6.02	-8.60	2.36	0.07
28.05	-10.49	24.35	-10.24	-4.03	8.25	2.83	5.77	-7.05	-6.11	-9.56	0.61	1.41
32.21	-11.95	27.47	-11.58	-6.53	8.94	3.07	8.71	-3.38	-5.90	-10.95	-2.06	-1.09
25.21	-3.04	20.76	-7.07	-7.44	8.01	6.84	6.45	0.08	-6.41	-10.72	-2.46	-2.89
27.64	-1.73	21.35	-7.30	-7.67	7.61	7.58	8.07	-1.91	-4.42	-8.51	-3.61	-3.65
28.05	1.22	23.77	-5.62	-6.12	4.47	6.28	7.39	-2.31	-1.62	-6.21	-2.35	-2.59
0.56	6.28	3.42	1.51	-1.05	0.85	0.82	-0.98	0.05	-0.03	-1.49	-0.67	-2.39
21.86	5.38	9.77	-4.34	-3.17	5.06	2.46	7.16	3.47	1.32	-3.28	-1.17	0.14
22.82	7.68	19.30	-7.37	-4.92	2.82	1.26	9.63	4.78	2.76	0.86	-1.16	-1.42
25.74	4.44	22.84	-11.22	-8.17	3.01	0.44	9.02	7.31	4.12	-1.13	-1.43	-0.02
24.42	1.52	15.89	-8.09	-2.79	-3.07	-2.20	14.42	6.29	4.30	-4.08	-1.32	-0.99
12.67	1.37	18.41	-10.83	-4.63	-6.16	-0.68	12.32	0.67	4.28	-2.34	0.78	3.10
14.83	-0.59	13.87	-12.17	-3.53	-5.94	-2.16	14.47	5.52	3.74	-1.45	2.77	3.80
13.54	-4.44	9.98	-13.75	-6.27	-1.92	0.11	5.48	-2.08	-0.49	-1.09	-0.41	0.22
-2.17	3.50	2.26	-0.69	-1.67	-0.75	-2.64	-1.09	0.47	-1.91	-0.79	-1.04	-1.53
0.73	-1.08	2.32	-6.40	-2.17	-1.65	2.20	2.73	-0.59	-4.99	-4.62	-5.75	-3.27
9.17	1.15	4.71	-2.50	0.00	4.59	9.82	5.66	3.58	-3.35	-3.50	0.04	-1.80
32.86	6.64	-2.80	-12.31	-9.14	0.71	-0.21	-0.90	0.78	-2.17	-0.67	2.12	2.94
17.11	14.94	6.70	0.96	-4.15	-1.15	1.82	1.19	1.87	-0.20	-3.04	-2.40	0.69
11.77	8.12	7.80	1.69	-2.93	1.63	-0.53	1.52	0.71	-5.30	-3.38	-1.85	-0.93
3.71	0.50	5.15	4.59	2.36	4.54	-2.65	-2.34	0.65	-2.84	-0.28	3.30	0.72
30.25	9.74	5.21	1.53	2.39	2.94	-5.11	-1.17	0.94	-4.94	-0.54	1.58	-1.00
-10.36	-0.01	-1.89	-0.75	-1.01	-0.17	-0.42	-0.17	-0.52	-0.31	0.15	0.34	-0.09
-10.98	-0.37	-2.29	-0.81	-0.71	-0.02	-0.26	0.16	0.04	0.25	0.70	0.63	-0.27
-1.54	-2.50	7.96	7.53	2.81	8.97	-7.43	3.86	0.47	-2.55	1.94	2.90	-1.24
-3.23	-0.46	3.01	7.94	2.55	6.02	-2.91	2.00	1.93	-0.37	-1.23	-1.79	-0.28
-7.68	0.99	3.14	6.66	-3.53	1.61	0.93	3.80	2.81	1.34	4.86	3.43	-0.29
-6.76	-0.10	0.35	4.17	-2.12	2.41	1.28	2.86	-1.01	-2.11	0.43	-0.16	-1.94
-9.54	-6.31	1.25	7.52	-0.58	3.09	-2.67	-0.19	1.34	-3.21	-0.17	-3.00	-3.53
-5.83	-9.52	3.64	9.43	0.47	0.86	-3.71	0.03	-1.48	-0.03	-0.99	-6.84	-2.91
-10.91	-1.15	-0.41	2.14	0.92	-3.11	0.86	2.16	2.19	4.03	0.55	-3.10	-1.09
-14.86	-3.94	-0.81	0.34	0.66	-0.76	-0.51	3.95	0.41	-1.50	-0.52	-0.11	2.57
-3.15	-4.23	0.17	1.68	-0.08	-1.39	-2.62	-0.17	-3.18	-4.90	0.93	-2.81	-5.22
-4.68	-8.04	-0.60	1.60	-1.25	1.64	1.46	-0.42	-1.15	1.89	6.60	-1.27	-3.48
-2.60	-9.08	-3.39	0.56	2.80	5.08	-1.46	-2.10	1.24	0.80	2.51	-1.36	-2.59
1.86	-6.24	0.55	4.16	0.56	-0.59	-5.00	-2.73	-1.46	0.93	0.54	-4.33	-3.92
-1.96	-5.90	1.75	4.85	-2.30	-1.52	-5.42	-4.79	-0.85	-0.15	-0.80	-4.99	-1.80
-0.06	-5.83	1.30	1.45	-3.25	-0.97	-2.10	-1.89	-1.85	1.20	4.01	-2.04	-4.29
-7.88	3.44	0.80	-0.15	-0.05	-1.96	-1.06	-0.88	0.06	-0.79	-0.96	-0.98	0.82
-7.70	0.12	-2.30	-0.95	-0.35	2.29	0.41	-1.15	0.05	2.16	1.04	-0.74	-2.01
-1.60	-8.97	-0.29	0.87	-0.82	0.40	0.95	-0.88	-3.76	-3.10	-1.64	-1.05	0.98
1.64	-8.34	-1.05	2.31	-0.63	0.03	-2.65	-4.65	-2.84	0.26	1.57	-2.69	-0.47
1.20	-10.21	-1.21	3.30	0.64	1.39	-2.27	-2.83	-3.38	-4.84	3.04	2.48	-3.00
-0.75	-11.18	-2.25	2.71	-0.81	-3.84	-7.67	-2.85	-3.51	-5.01	5.29	5.69	-0.40
-12.71	-6.36	-7.15	-0.30	-2.33	-3.48	-1.83	0.11	0.23	-0.60	-0.17	4.24	5.29
-4.39	-4.19	-3.19	1.52	-2.18	-6.09	-5.60	0.69	1.49	-3.60	-2.86	3.91	2.52
0.08	-8.13	4.21	2.17	-2.88	-3.29	-2.35	2.86	2.13	-3.83	-1.17	3.86	-0.67
3.65	-8.77	2.52	4.72	-2.26	-6.81	-5.75	-0.57	-1.98	-5.41	-3.69	2.80	-0.39
3.18	-9.72	0.76	7.12	-2.01	-9.29	-6.17	2.49	-1.04	-1.51	-1.35	2.29	2.13
3.17	-7.93	-1.00	1.46	-1.46	-9.67	-4.55	3.86	0.07	-3.67	1.24	5.44	-2.24
3.37	-6.88	-4.02	0.92	5.67	-2.10	1.11	6.21	-0.05	-3.45	-2.45	-0.44	-4.44
3.05	-4.91	-1.38	-3.30	-0.35	-7.90	-4.01	6.26	2.37	-1.53	-0.41	1.07	-0.14
-7.08	-0.47	-0.34	0.26	2.81	8.07	6.24	3.57	-0.69	-4.57	-3.95	-3.09	-2.57
-4.83	-2.26	-7.18	-6.00	-5.48	-1.58	-2.45	-2.46	-3.84	-4.13	-2.59	-2.31	0.78
16.35	-1.72	6.96	1.82	2.62	-2.94	-3.68	2.30	-1.88	-4.10	-0.12	-0.36	-0.49
18.16	-2.52	0.02	2.33	6.67	0.11	-1.49	5.62	3.17	-0.29	0.41	-4.13	-8.42
15.11	-6.96	-1.21	-2.99	-0.30	6.02	4.12	7.28	9.93	3.32	0.05	-0.10	-3.62
18.81	-2.35	1.00	-5.62	-0.07	3.00	2.79	1.92	2.36	-1.85	-3.84	0.38	-4.22
20.24	-3.47	4.85	-6.01	-5.57	3.66	1.15	1.40	4.93	-0.32	-1.57	-2.07	-5.13
20.65	-5.71	1.15	-7.20	-5.66	8.83	2.47	0.43	1.50	-1.52	-1.84	-3.62	-5.43
11.48	-0.56	3.46	-4.30	-10.58	5.04	3.36	-2.83	-2.50	-5.43	-2.39	2.42	-1.12
18.82	-1.98	-0.64	-7.27	-5.81	6.67	-0.37	0.10	-3.69	-5.54	2.92	-0.45	-0.90
10.84	-6.96	-2.78	-15.18	-11.02	5.23	-0.15	-6.20	-8.03	-4.84	3.42	1.17	1.57
10.99	-6.83	2.49	-14.83	-10.16	2.35	-3.28	-0.62	-8.35	-6.52	-0.49	0.17	3.11
10.17	-11.75	-1.20	-14.29	-5.99	-2.66	-4.93	2.95	-9.52	-1.51	3.39	-1.69	1.51
-11.36	-2.04	0.48	4.37	0.14	-0.55	-3.87	4.91	0.47	-3.07	1.50	4.33	4.49
-10.42	-5.36	1.83	8.10	-0.82	2.88	-1.16	2.81	6.55	-2.18	-1.67	1.65	-1.54
-4.44	-0.18	5.07	3.74	-2.67	0.15	0.09	1.02	5.74	-2.96	-2.88	3.77	3.94
-10.03	-3.48	4.03	5.66	-2.06	4.14	2.13	0.52	7.22	-1.84	-3.76	2.76	2.53
-4.22	-0.14	4.41	8.37	0.43	-3.53	0.47	0.00	4.24	-3.29	-2.48	2.28	-0.64
-8.46	0.75	2.91	3.78	-0.22	-0.57	3.26	1.08	8.46	-0.06	-4.82	-2.43	-4.09
-0.71	0.59	1.97	5.14	1.19	-2.52	-1.79	-3.39	-0.19	-1.91	-1.74	3.99	-1.15
4.60	0.64	1.20	2.87	0.55	-8.50	-5.89	6.28	7.91	5.58	-0.81	-1.47	-1.44
5.21	3.05	0.01	0.14	5.32	3.26	2.44	7.28	5.12	4.27	-0.27	-1.05	-3.79
-6.85	-1.47	1.34	0.65	-1.05	-0.81	1.44	3.98	-0.53	-4.46	-4.25	-1.12	-1.75
8.44	-2.41	-2.18	1.60	2.41	3.20	7.40	6.94	5.77	2.50	1.82	-0.91	-0.58
4.93	-2.27	-0.06	-0.09	4.66	6.83	7.20	5.99	5.05	-0.22	-4.64	1.68	2.67
5.67	0.43	2.10	-0.01	3.60	6.16	7.32	5.73	3.51	-0.26	-1.31	3.28	-0.21
11.86	4.09	-2.19	0.22	0.29	2.13	2.97	5.59	3.53	-0.62	-2.83	-1.53	-0.01
2.83	1.33	-0.35	2.18	-2.74	-5.13	-4.44	0.70	4.53	1.26	2.35	-1.15	-2.46
3.97	1.31	-2.90	2.33	-1.39	3.64	1.51	4.95	3.99	-1.11	-1.49	-3.55	-2.36
-4.04	5.15	-1.39	-2.34	-3.89	0.86	-1.93	0.94	-2.42	-4.76	-4.16	-2.57	-0.18
-6.52	7.36	1.16	1.72	1.33	0.17	-0.94	0.80	-0.35	-0.46	-0.64	-0.20	3.37
-11.08	6.26	0.20	-1.27	0.12	6.57	1.63	-3.02	-1.49	-4.93	-2.07	-0.43	-0.53
-9.08	3.12	0.70	2.46	-3.61	-2.88	-4.72	-1.87	2.43	-0.40	-3.93	-4.66	-2.65
-10.01	6.48	-6.02	-8.15	-5.58	-5.00	2.35	1.36	-1.91	-6.78	-5.59	-3.56	0.46
-2.33	6.52	0.57	-3.98	0.97	0.27	-0.22	0.77	0.33	-5.65	-2.33	-2.58	-1.69
1.04	11.69	4.45	-0.79	-0.80	-0.84	-3.62	-4.58	-1.16	-4.62	-5.61	-1.91	-1.27
-4.30	10.29	3.11	-2.44	0.65	-0.51	-1.74	0.88	3.28	-2.23	-3.44	0.21	-3.94
-5.51	5.66	8.17	3.54	1.89	2.16	0.82	4.12	2.49	-0.10	-1.15	-2.19	-1.89
2.77	-13.07	14.92	9.10	1.45	4.89	-6.26	1.29	6.22	-5.61	-4.17	-2.06	-3.22
20.96	-38.05	26.07	6.63	-1.41	8.45	-12.94	2.20	1.69	-3.83	-0.12	-1.48	0.18
27.06	-41.33	23.20	6.37	-3.41	7.56	-11.22	-1.46	2.55	-6.31	0.46	-2.14	-1.49
27.45	-40.42	21.19	6.46	-3.56	9.33	-8.82	-4.45	3.95	-8.95	1.37	-1.91	-2.42
27.58	-40.73	19.77	1.10	-4.69	10.94	-7.81	-5.55	2.87	-8.20	1.97	0.90	-2.77
25.99	-34.41	14.72	0.65	-4.14	10.51	-5.73	-5.40	3.69	-8.43	-2.72	6.68	-5.31
23.95	-26.72	16.07	-3.26	-7.38	19.29	-0.38	-0.42	7.30	-10.92	-0.53	3.10	-0.66
-5.57	-5.94	7.90	-9.88	-6.78	7.25	-2.84	-1.42	4.20	-4.52	-4.15	3.71	5.23
1.11	-0.37	5.53	-10.53	-2.70	6.88	-6.98	-0.50	5.78	-5.03	-4.37	1.28	-3.24
29.00	-17.98	15.63	-8.86	-11.25	15.90	-5.00	3.23	7.66	-11.42	-6.94	2.81	-1.01
44.08	-29.49	14.28	-14.06	-11.97	11.70	-12.72	3.20	2.41	-14.23	-8.89	5.50	4.04
36.88	-26.43	8.69	-12.37	-12.38	7.70	-10.44	-2.61	4.26	-11.65	-7.58	7.33	4.70
34.79	-23.21	4.31	-9.76	-15.55	8.39	-7.37	-4.20	7.04	-11.12	-9.28	8.11	3.61
36.77	-22.64	5.94	-9.92	-16.16	7.42	-6.23	-3.87	7.40	-9.93	-10.52	5.79	3.28
44.27	-24.22	9.09	-8.58	-17.99	7.42	-5.79	-2.17	6.62	-8.70	-11.83	3.43	2.89
30.87	-4.52	4.28	-2.21	-17.06	-1.23	-1.33	-1.45	3.79	-6.13	-8.07	0.25	-1.41
28.11	-5.11	6.41	-3.79	-14.82	-0.74	-1.66	-0.80	5.67	-5.59	-10.03	1.27	1.14
51.56	-13.25	20.37	-2.99	-15.62	1.16	-6.74	6.81	4.82	-3.65	-2.32	-1.35	-0.63
46.48	-5.71	20.47	-1.72	-14.09	-1.12	-4.41	5.18	3.92	-2.96	-1.34	-0.21	-2.51
42.45	-0.08	19.18	0.19	-14.18	-1.07	-3.38	3.79	2.76	-3.49	-0.75	0.79	-1.72
41.72	1.03	19.41	0.69	-14.88	-1.18	-4.88	3.58	1.79	-1.73	2.58	1.58	-0.14
39.91	2.68	20.16	0.79	-14.37	-3.22	-5.43	3.78	2.19	0.72	6.32	2.95	0.63
33.18	8.40	17.81	0.94	-13.82	-6.41	-3.66	3.74	3.33	3.03	7.62	2.40	-0.26
3.16	8.51	2.82	0.39	-3.63	-3.76	-3.16	-2.26	-1.76	-0.64	-0.03	0.30	1.00
18.47	13.85	9.73	3.99	-4.50	-6.48	-4.21	-0.06	-0.19	2.19	4.72	1.59	0.17
18.23	15.88	4.68	4.09	-8.18	-4.93	-1.29	0.30	6.14	-0.94	-1.69	-2.81	1.06
9.38	-8.30	7.80	0.37	-7.72	2.90	-1.63	-2.00	7.01	-1.40	-1.01	0.52	-0.62
-1.57	-8.24	2.79	1.59	-7.37	-4.59	-5.42	-4.64	0.81	1.76	5.40	1.50	-4.51
2.67	-9.03	8.80	1.84	-10.10	1.05	-3.87	-6.27	-0.02	-1.44	3.31	1.50	-6.74
2.34	-7.67	11.96	6.72	-7.48	-2.85	-4.20	-2.90	0.33	-0.71	4.01	2.75	-2.05
2.34	-11.23	4.56	8.90	0.54	0.85	-2.93	-5.43	-4.64	-1.34	0.99	0.09	-2.44
-7.93	-5.86	3.54	1.27	-4.13	2.69	1.03	-0.31	-0.55	-2.21	1.16	0.84	-5.46
-12.29	-4.33	3.30	1.88	-1.48	2.05	1.46	3.09	1.22	-0.44	0.98	0.07	-2.44
2.67	-9.34	9.52	2.48	-0.21	4.88	-5.77	-2.90	2.60	0.57	2.57	0.36	-4.39
0.17	-7.50	12.83	6.79	1.34	5.58	-0.09	4.02	2.33	-3.31	3.59	0.96	-4.34
-3.26	-8.15	5.98	3.19	1.21	7.22	3.75	4.29	-0.55	-4.13	0.88	-1.80	-4.24
0.31	-2.82	5.65	-0.74	1.57	5.46	2.78	4.35	-1.37	-3.79	1.91	-1.38	-3.87
4.51	-1.36	6.07	-0.43	-1.03	2.29	0.37	3.60	-1.84	-3.45	2.17	1.03	-1.04
7.36	-7.38	0.39	2.79	6.49	8.81	2.50	0.86	-1.91	-1.37	1.59	1.22	-1.59
4.15	-8.03	5.18	4.28	3.77	3.75	-6.49	-2.01	1.74	-0.64	-3.31	-10.72	-4.93
6.39	-7.97	-0.71	2.10	5.49	6.19	-5.40	4.40	2.58	2.76	3.14	-4.42	-3.40
5.67	-6.68	4.07	3.46	5.34	8.01	-1.07	5.56	4.40	1.66	0.47	-7.37	-6.14
0.25	-9.89	0.20	1.88	1.67	5.21	-1.50	1.47	1.34	-0.08	-0.22	-3.33	-4.09
2.66	-8.65	-1.12	-1.74	0.46	0.76	-2.56	2.70	1.05	-0.82	3.12	0.20	-3.06
2.26	-8.73	5.91	-1.60	-1.23	2.74	2.52	6.84	2.14	1.09	4.99	-1.93	-2.43
0.98	-11.10	6.78	4.97	1.15	2.29	3.34	5.36	5.09	2.64	3.83	1.21	-5.37
-1.93	-9.27	13.44	11.95	3.66	4.97	0.04	7.07	4.97	-4.90	-4.59	-1.81	-2.57
-2.41	-4.71	15.16	7.25	-4.28	-3.06	-4.28	1.36	3.48	-1.24	-0.24	2.08	0.44
-4.31	-6.14	20.21	10.65	-3.18	-2.98	0.89	8.98	3.84	-2.48	2.53	2.10	0.29
4.72	-11.09	20.54	12.33	2.58	-0.61	-4.58	7.68	2.64	-5.92	1.62	4.57	-0.50
-0.39	-15.61	24.26	5.10	-3.49	2.52	-2.05	4.39	0.79	-1.47	1.45	0.52	-0.15
3.80	-12.67	23.58	1.43	-3.53	2.47	-4.06	4.97	1.43	-3.78	3.65	5.02	0.20
-4.05	-20.79	20.69	1.53	-2.19	1.12	-2.05	9.60	1.09	-3.17	3.59	6.76	0.84
-8.79	-24.14	20.32	3.77	-3.60	0.96	-6.44	4.43	-0.43	-3.59	1.47	2.07	-2.69
-8.42	-18.11	18.56	2.16	1.53	2.66	-5.36	4.81	1.14	-0.36	4.86	0.60	-4.41
-15.30	-10.85	5.22	4.71	3.30	0.92	2.47	6.80	3.79	1.31	2.18	1.09	-2.44
-9.04	-16.26	9.20	4.36	1.80	-0.47	0.33	9.83	5.32	2.87	5.40	4.64	0.68
-9.51	-17.68	1.99	1.06	-2.13	-3.00	-9.78	1.85	1.77	-6.03	-2.80	-4.05	-8.20
-9.62	-12.89	13.18	4.79	-1.67	2.70	-1.64	5.93	2.97	-7.40	0.55	0.51	-0.37
-6.42	-8.42	9.48	2.03	-3.58	-2.37	-4.69	2.74	3.29	-1.02	2.48	2.34	1.65
-7.29	-8.73	7.66	-0.08	1.11	5.23	-0.31	4.73	0.89	-1.71	7.44	1.01	-4.86
-7.07	-12.70	9.63	5.19	1.96	5.38	-0.04	4.07	2.09	-1.76	4.99	0.74	-3.35
5.92	-6.93	6.25	3.07	1.26	2.97	0.10	6.58	3.77	-2.12	-1.12	-0.16	-1.44
-7.45	-2.07	4.79	-6.73	3.95	-3.23	1.38	3.16	1.89	0.55	-4.07	0.44	1.59
-10.51	-9.96	2.88	-1.16	7.58	-3.43	-1.51	-0.45	1.59	2.47	3.68	4.49	4.71
-13.90	-12.16	-8.53	-4.85	3.13	-2.80	0.97	3.33	-0.47	0.53	-1.60	-0.16	3.82
-11.21	-7.32	-8.24	-6.20	2.67	-4.95	3.77	4.55	6.62	3.29	-0.56	1.51	7.74
-10.62	-8.03	-7.73	-0.95	7.31	-2.78	-2.30	-1.43	0.95	-1.78	0.84	-0.58	0.85
-12.07	-9.61	-1.36	2.64	9.68	2.42	-5.53	0.63	0.37	1.39	-0.49	-2.84	0.66
-25.83	-18.96	-5.99	-2.62	10.26	1.32	2.33	5.13	3.04	5.16	-0.18	-6.13	-5.36
-20.05	-12.06	-6.57	-3.69	4.82	-6.68	-2.70	3.44	3.37	3.86	2.33	-2.13	2.11
-14.84	-13.67	-3.38	-0.30	9.79	1.33	-4.79	0.06	1.35	-1.77	-6.49	-2.62	-4.13
-16.75	-12.39	-1.51	0.80	5.86	-4.67	-2.51	4.18	1.64	1.23	-2.56	-0.27	-1.87
-13.95	-7.47	4.17	-1.59	3.55	-3.72	-5.28	-0.40	5.13	1.66	0.29	-1.70	-1.61
-11.93	-7.99	1.79	1.73	5.63	-3.28	-2.77	-0.09	-1.96	-1.15	-0.21	-6.22	-5.12
1.38	-8.04	-1.71	-4.18	4.58	-1.61	-2.31	2.45	1.89	0.97	-2.84	-0.09	-1.89
-4.24	-5.02	8.03	4.29	8.99	0.35	3.41	3.90	1.49	0.75	-2.75	-0.58	-1.71
-7.95	-0.10	5.31	10.88	5.57	0.98	2.05	4.60	-3.20	0.73	-2.69	-4.60	-2.28
5.91	-8.09	1.77	0.52	0.75	0.85	-2.91	6.99	3.82	1.43	0.99	0.10	-2.16
-4.52	0.34	-7.22	-6.20	-2.66	2.91	2.16	0.64	3.76	4.98	0.61	-3.56	-0.07
-8.88	-0.77	0.15	2.48	1.10	0.56	0.19	0.03	0.82	2.31	-0.24	-2.73	-1.08
-7.53	-7.22	5.01	8.42	4.30	1.49	5.29	5.07	3.90	7.15	1.71	-2.25	-1.81
-2.91	-2.10	11.49	10.02	7.61	5.78	0.09	1.68	-0.61	-3.89	-0.76	-3.25	-3.71
-4.15	-5.15	9.98	4.98	1.69	2.16	0.63	2.50	-1.64	-3.42	-0.98	-6.28	-5.70
-7.99	-12.65	13.06	6.63	-3.88	-0.08	2.61	4.92	0.22	-2.98	-0.92	-3.17	-3.41
-9.14	-10.76	8.31	6.52	-1.35	-2.21	-1.55	2.79	-0.74	-4.64	0.93	-0.63	-5.70
-38.99	-12.24	13.22	7.08	1.17	4.42	0.70	-0.99	4.94	-5.20	-2.69	-1.42	-2.83
-12.91	-6.97	5.82	4.02	4.11	1.61	1.25	-2.22	-2.71	-1.21	-1.36	-1.95	-0.29
-13.06	-6.87	1.31	0.53	1.79	-6.59	-3.99	-1.15	-0.58	-3.76	-1.06	2.93	-4.27
-9.95	-4.12	2.50	1.99	6.39	-1.68	-0.46	-0.54	2.39	-0.63	-6.25	-2.60	-1.29
-9.43	-3.65	1.91	8.38	7.75	-2.59	0.93	-0.70	-2.25	-5.67	-3.85	-0.00	-0.14
-11.71	-4.00	4.42	6.60	8.84	0.73	0.99	3.56	1.71	-0.23	-4.55	-3.49	-2.40
-13.07	0.84	5.33	6.71	8.87	2.67	1.11	1.80	0.63	-0.95	-6.94	-1.83	-0.19
-23.18	4.66	2.63	2.36	5.16	-4.68	5.18	3.49	-1.01	1.69	-0.96	0.62	0.90
-25.03	-1.25	3.38	4.57	5.24	0.22	3.93	2.23	-1.37	2.68	-4.55	-0.88	2.25
-27.29	3.22	3.52	9.22	7.00	2.88	4.02	1.27	0.17	-1.09	-3.27	2.16	0.53
-27.43	0.53	0.73	4.96	4.54	-5.08	-2.13	2.17	0.16	-1.71	-3.15	1.19	-2.36
-25.02	4.48	2.46	7.29	8.38	-4.39	0.26	4.37	-5.55	-4.96	-4.55	-0.85	2.48
-31.02	-1.00	1.50	2.80	3.78	-4.68	1.73	3.78	-2.02	-5.94	-7.97	-1.03	-0.24
-31.17	-2.43	-2.30	0.77	3.79	0.47	4.93	-0.24	-4.07	-0.58	-3.55	1.67	1.72
38.66	-26.78	13.40	-7.96	-18.80	3.66	0.73	-3.05	-3.86	-7.37	-3.27	3.36	2.44
41.35	-25.33	15.64	-6.32	-20.02	4.10	2.78	-2.76	-3.15	-8.42	-3.51	2.05	3.03
39.05	-23.27	17.27	-6.26	-20.50	2.43	3.74	-2.38	-3.85	-6.52	-3.94	1.73	1.69
35.12	-18.33	14.52	-4.13	-21.81	-0.17	4.80	-2.01	-2.65	-5.76	-5.81	0.74	-1.12
37.17	-16.62	14.08	-3.36	-22.98	1.46	6.34	-0.46	-0.72	-5.93	-6.22	-1.68	-1.35
27.68	-9.72	11.25	-2.57	-21.87	-0.50	7.28	-0.79	-1.98	-5.75	-7.67	-2.55	-1.02
17.28	-0.05	5.46	-5.75	-15.89	-0.08	7.37	-0.68	-3.77	-2.09	-3.33	-3.30	-3.53
6.68	0.93	-0.31	-4.28	-8.63	-0.28	2.95	-0.13	-0.57	-1.54	-3.36	-2.00	0.08
46.53	-13.44	21.11	2.22	-20.67	-1.25	8.42	1.92	4.22	-2.12	-4.63	-4.69	-5.82
44.85	-7.50	19.64	1.72	-21.89	-4.12	7.49	1.99	4.26	-0.66	-2.81	-3.17	-5.50
41.97	-1.20	17.65	1.83	-21.28	-5.59	5.80	4.19	3.87	0.62	-0.50	-3.20	-2.46
40.83	0.21	20.29	1.78	-18.94	-6.60	2.99	4.66	2.72	0.54	1.58	-2.92	-1.04
28.35	10.11	15.10	2.89	-15.37	-6.75	3.38	3.23	2.53	2.23	1.96	0.63	-0.48
31.98	4.22	19.26	4.19	-17.46	-6.19	0.53	1.95	5.87	3.36	4.28	2.60	-1.24
17.88	10.47	9.38	2.95	-8.40	-6.76	-1.17	1.26	4.03	6.05	4.54	0.30	-0.82
14.08	12.78	4.10	-3.33	-4.67	-2.69	-1.47	-1.33	1.46	4.28	3.35	1.78	2.25
20.68	8.18	8.03	0.30	-5.28	1.05	-2.66	1.35	6.41	6.93	5.94	2.99	-0.43
11.51	10.20	7.84	-3.19	-3.22	3.92	-0.25	1.63	-0.07	1.18	0.08	-2.85	0.01
11.88	7.70	7.84	4.03	-4.93	0.39	-2.86	0.26	2.55	-0.15	2.18	-0.17	-2.60
12.65	8.56	7.74	4.87	-2.61	1.23	2.62	0.81	2.97	1.93	5.46	1.91	-2.70
2.05	-0.04	1.36	1.54	-1.06	3.09	-2.42	-1.55	-2.05	-0.96	-3.15	-1.48	-1.73
3.75	7.34	3.69	-1.33	-2.37	5.91	3.08	5.90	2.86	-2.26	0.38	-1.85	-1.26
5.31	4.33	-0.25	4.60	-1.02	5.69	1.05	-2.30	-1.91	5.58	1.84	-3.88	-5.04
4.42	10.13	-1.77	-2.83	-0.00	5.44	-2.32	-0.03	-2.54	-3.07	1.95	0.09	-6.21
8.72	12.98	3.29	0.44	-3.61	3.72	1.57	1.49	0.01	0.02	-2.15	-2.54	0.25
11.89	9.77	-1.62	-7.23	-9.96	-6.18	-1.15	4.71	-2.12	-1.17	1.90	-0.98	1.43
23.91	12.40	-2.51	-9.47	-11.98	0.42	1.05	2.88	-0.06	-3.09	-3.48	2.25	4.34
18.49	7.89	-1.47	-10.12	-9.45	-3.04	7.31	1.72	-1.46	-5.76	-4.38	5.93	3.34
22.69	-1.69	-1.75	-7.74	-13.47	3.94	5.79	-0.87	-4.05	-9.49	-1.50	7.64	4.48
24.93	-0.24	1.76	-11.71	-13.36	8.39	6.13	-0.90	-4.20	-8.40	0.43	5.18	5.02
3.91	-0.91	-10.06	-8.65	-0.06	1.82	-1.79	-1.89	-6.66	-5.31	2.56	5.51	4.60
14.28	-3.47	-1.23	-9.38	-8.54	0.77	3.83	-0.56	-2.24	-6.35	3.29	5.06	4.69
3.65	-11.56	4.63	0.27	-3.00	8.82	4.65	5.07	1.20	-0.53	-0.76	4.33	0.33
1.30	-7.04	9.46	2.05	-0.99	9.75	1.87	4.35	5.14	-3.62	-5.47	-2.54	-0.77
1.43	-6.40	6.13	-0.14	0.89	6.36	1.63	1.17	5.14	-3.17	-10.95	-2.71	-0.58
-3.54	-4.99	2.06	-0.66	-1.32	7.75	3.68	6.63	6.45	-4.40	-5.10	2.63	2.12
-0.51	-0.37	1.90	0.73	-4.38	4.20	6.72	1.88	4.82	-0.24	-2.93	5.84	-0.87
-7.31	-3.24	3.23	-0.62	0.31	7.08	11.15	4.43	9.40	-0.75	-1.97	1.21	-1.01
-4.14	8.63	7.93	-1.63	-2.68	0.58	6.86	2.88	1.51	-3.90	-2.50	1.73	-0.74
-11.74	9.85	7.66	-1.92	-1.13	3.17	2.93	4.49	2.98	0.13	0.15	-0.11	-2.63
-14.91	3.54	-1.05	-6.08	-2.09	-0.50	1.19	1.44	1.61	-2.08	1.35	-0.59	-3.84
-14.58	0.71	3.83	0.07	-4.73	-3.30	4.64	5.46	8.55	1.65	3.66	3.49	-0.05
-10.44	3.26	2.93	2.19	-2.64	1.97	1.64	2.76	6.20	4.21	7.61	4.94	-1.41
-6.11	0.78	-0.50	-0.06	3.21	4.03	2.54	0.78	4.79	5.16	9.02	4.89	2.01
-5.16	5.66	-1.87	-2.81	1.83	4.12	8.01	0.26	1.74	-1.78	1.57	2.12	2.06
-2.23	3.38	-2.28	-1.03	-0.01	7.15	6.71	-1.43	2.02	-2.69	1.41	-2.00	-0.30
-3.40	1.16	-3.78	-3.10	-1.46	4.66	4.46	-2.16	3.82	-4.88	-1.53	-2.17	-4.10
-0.31	1.86	-2.35	-1.50	0.14	5.39	3.80	0.20	-1.54	-3.87	-0.81	-1.16	3.25
5.00	4.30	10.18	-3.07	-6.33	0.45	1.38	2.49	1.55	-4.89	3.01	2.51	3.00
4.18	5.13	2.00	2.33	2.97	4.93	2.44	5.93	3.29	-2.38	1.41	2.30	-0.76
1.48	-2.61	2.25	4.12	-2.99	0.75	-1.54	3.70	6.94	-0.23	-0.61	0.17	-3.34
4.78	-2.25	3.00	1.21	-1.91	3.64	5.34	6.86	9.32	-1.11	1.41	2.03	3.15
5.03	-1.75	-0.04	3.17	2.17	1.73	-0.04	-1.04	2.14	-4.23	-1.51	2.45	0.73
8.01	1.07	4.26	1.73	-0.84	4.00	3.16	6.44	2.90	-5.39	1.64	-0.22	-4.23
9.01	-3.32	-0.11	0.23	-1.72	2.36	-0.56	2.74	2.16	-5.81	-1.77	1.31	0.11
2.46	-2.48	-0.96	-4.75	-4.65	0.78	0.88	-2.45	-0.07	-6.88	-5.42	-1.39	1.35
6.64	1.68	-2.75	-0.54	-2.79	-2.71	1.72	5.40	4.58	-2.78	-3.75	-1.58	-1.64
11.11	4.47	-0.14	1.35	-2.16	3.98	4.53	4.06	3.07	-1.00	1.28	0.21	-3.64
10.58	6.60	1.56	1.60	-4.54	-1.99	5.23	5.13	6.12	-0.16	-2.16	-3.69	-4.07
-2.35	4.59	-8.35	6.88	-6.70	-1.04	2.49	2.40	5.91	-3.32	-6.19	-3.60	-4.98
-9.71	3.27	-12.88	2.47	-8.15	2.33	0.13	4.10	3.79	-0.94	-5.89	-2.42	-2.18
-20.30	-1.22	1.39	-1.89	4.65	0.34	4.51	2.74	1.21	0.26	-5.47	-6.83	-0.27
-13.95	0.98	6.09	7.72	0.77	0.60	1.91	-1.70	5.54	3.52	-3.07	-4.51	-5.28
-11.28	-7.98	-4.01	6.60	5.75	-0.40	-3.42	2.00	4.84	-0.99	-0.73	-4.60	-0.70
-4.08	-0.34	2.42	-8.75	-6.45	3.87	1.65	1.18	-1.35	-2.48	2.44	0.62	-3.85
-5.03	-0.48	-1.37	-8.43	-4.98	-1.04	-5.36	-2.45	-2.89	-4.93	0.21	3.31	0.52
24.43	-17.51	9.30	-14.97	-18.36	8.81	-7.47	-2.58	-2.52	-8.55	-2.04	3.23	5.42
24.65	-14.33	12.84	-14.06	-22.20	9.07	-9.93	-1.32	-0.08	-6.02	-0.91	1.95	3.70
22.03	-12.78	13.58	-13.97	-23.38	10.55	-10.96	1.99	-3.93	-1.41	-1.15	1.74	4.33
22.21	-10.78	12.39	-15.18	-19.97	7.72	-9.06	0.01	0.43	-3.22	-1.74	1.83	3.69
20.98	-13.05	12.17	-12.28	-23.90	11.01	-12.32	2.42	-1.15	-1.20	-2.22	2.15	5.53
20.30	-11.87	12.99	-14.93	-20.46	6.87	-8.50	0.35	-1.95	-0.65	-3.37	4.05	4.61
6.62	0.47	-5.14	-10.65	-10.75	-3.86	-1.28	-1.19	-4.01	-4.84	-2.75	-0.65	-0.47
9.14	3.47	5.05	-14.00	-14.45	3.05	-0.04	-2.40	1.31	-3.27	-1.98	0.81	0.31
16.00	-3.99	12.30	-16.72	-21.64	5.42	-3.99	3.41	-1.16	-1.50	-6.98	0.40	0.36
18.52	-4.51	8.82	-17.21	-19.38	-0.87	-2.36	2.57	0.25	-3.58	-10.07	-0.20	1.13
19.89	-5.90	10.38	-13.67	-21.32	3.42	-2.65	4.81	0.30	0.64	-10.92	2.19	0.18
21.75	-5.89	8.64	-12.76	-21.11	2.50	-1.42	4.42	0.35	-2.36	-11.38	1.46	0.48
23.55	0.63	6.19	-9.87	-18.28	0.13	-1.33	4.87	-0.12	-1.64	-10.33	-0.83	1.13
22.70	-3.51	11.45	-5.82	-20.03	4.09	-2.45	4.93	2.95	-1.04	-10.15	-1.44	-0.48
8.43	2.63	9.23	-0.94	-11.52	-2.28	1.52	5.30	8.10	3.31	-2.21	-3.51	-2.20
11.88	0.14	8.40	-1.59	-16.81	-6.90	2.24	4.92	7.12	-2.15	-3.44	-1.03	-4.08
-3.00	-3.03	10.04	5.75	-10.07	-4.98	1.43	5.67	3.29	0.59	4.93	3.09	2.64
-3.14	-9.79	-1.39	9.23	-8.18	-7.56	3.05	8.34	3.42	-0.85	2.94	1.58	0.91
-12.74	-7.23	1.69	6.57	-7.32	-6.27	3.84	5.89	3.16	1.09	0.82	-1.07	-0.39
-11.85	-2.45	-0.55	0.16	-10.16	-5.01	3.81	1.70	0.50	0.09	2.95	2.43	-1.39
-15.78	5.13	2.39	5.37	-0.27	0.64	6.48	3.12	5.61	3.27	2.33	1.48	-1.88
-17.06	5.69	1.43	6.53	2.21	0.82	2.90	7.83	6.48	2.24	2.74	1.49	0.10
-17.34	9.89	5.36	6.71	-1.45	-1.25	4.79	3.10	4.95	0.18	-0.75	2.36	3.96
-12.63	10.91	3.78	5.56	-1.74	-5.21	-0.30	1.34	1.14	2.32	3.31	3.62	-1.28
-11.48	11.49	4.97	0.31	5.62	-1.90	-1.70	-0.87	2.76	0.68	-3.04	-0.73	-3.22
-10.01	9.79	0.99	-1.71	4.54	0.15	-1.34	-1.08	1.34	2.40	3.44	-0.92	2.59
-11.32	7.53	4.07	-3.62	0.93	5.55	2.30	6.78	3.58	2.17	4.91	1.71	-3.27
-5.36	3.96	1.33	2.59	7.13	4.10	2.77	10.99	4.39	-2.13	0.81	0.64	-6.13
-8.27	2.96	3.22	2.24	2.23	-1.84	1.23	5.76	1.00	1.17	3.91	4.14	2.24
-5.61	-3.67	-7.66	-1.93	-1.46	-2.30	-0.16	7.45	1.76	1.33	6.16	3.15	3.09
-5.02	-2.92	-1.06	3.50	1.41	-2.87	4.05	6.57	0.55	2.42	1.76	-2.02	-1.05
-6.37	-2.63	-6.61	-1.58	-4.02	-2.13	1.53	5.93	-1.19	-2.35	1.34	5.27	2.47
-5.78	0.71	-2.77	5.69	-0.39	-2.11	-3.76	0.22	0.38	0.25	-0.05	5.19	1.64
-9.22	-3.92	-4.39	-0.70	-2.93	-0.43	-6.89	-0.17	3.34	1.05	2.21	2.49	-2.34
-3.01	-0.67	-6.96	-0.65	-1.07	2.71	-3.48	0.60	2.52	-3.91	2.18	3.76	4.63
-8.80	-0.30	-4.09	3.56	-0.01	5.09	-1.51	1.35	3.72	-1.39	-0.57	3.68	0.31
-3.36	-4.43	-9.31	-4.83	4.65	12.55	1.80	1.47	0.02	-0.93	3.27	5.48	-3.05
-4.58	-6.22	-9.62	0.83	0.83	7.73	1.41	1.63	2.12	-0.60	1.85	1.28	-3.49
-7.52	-5.83	-4.79	6.22	7.46	18.99	7.19	3.19	0.91	-4.12	-1.11	-2.89	-5.21
-12.04	-8.91	-2.97	6.32	4.49	11.23	-1.84	0.84	4.46	-0.34	1.17	2.40	-0.61
-15.02	-8.63	-7.46	-2.85	3.12	6.05	-0.14	1.50	-1.25	-1.62	1.30	3.14	-1.32
-9.77	-4.40	-9.93	-4.04	-1.34	5.58	-6.71	-4.90	-1.18	-1.22	-0.15	0.28	-2.51
-17.69	-10.95	-15.62	4.67	9.80	11.63	-5.33	-0.69	0.64	3.74	2.68	-1.85	-5.16
-10.14	-2.58	-11.38	2.98	7.98	10.01	1.01	-0.50	-4.32	1.94	1.91	-2.65	-4.74
-8.89	-0.93	-6.89	3.92	9.27	10.30	-4.58	-2.01	-5.77	-0.73	2.08	0.74	0.42
-10.71	-5.97	-12.81	2.19	9.36	10.78	-6.00	-4.19	-4.97	-0.93	1.46	0.79	3.18
-4.99	1.38	-12.52	1.53	5.30	5.15	-3.60	-5.96	-4.33	3.10	0.44	-2.33	-1.70
-4.90	-2.20	-10.60	2.38	6.57	7.39	-6.20	-6.71	-4.20	0.84	0.74	0.12	-0.63
-1.30	2.52	-1.58	10.31	10.89	3.60	-9.71	-7.62	0.58	1.16	-1.07	-0.09	-4.05
-8.77	-1.39	-8.20	12.51	12.31	5.56	-7.87	-7.35	-2.21	0.25	-1.19	-0.89	-0.53
-7.67	-2.69	-7.43	5.43	2.04	5.28	-4.32	-3.74	-0.76	-1.38	5.23	1.37	-5.95
-10.41	-8.91	-9.51	0.27	-3.12	1.67	-1.14	-4.33	0.91	-1.24	1.80	1.13	0.59
-12.47	-6.05	-7.40	1.51	6.37	5.37	-4.23	-3.96	-0.79	2.02	-0.26	4.58	1.84
-9.33	2.61	-3.48	10.98	6.39	1.15	-1.54	1.12	-2.91	-1.03	2.22	2.13	-0.78
-10.36	-0.82	-0.97	12.50	11.53	1.63	-8.07	-0.36	-0.40	-0.92	2.23	2.32	-2.56
-2.70	3.85	-0.17	8.60	11.96	4.34	-9.30	-4.05	-0.12	-0.10	-1.55	2.62	-4.61
-4.51	0.40	0.13	7.39	4.23	2.25	-9.03	2.20	-0.89	-3.95	-0.33	4.02	-0.70
-9.54	-1.35	-4.34	9.57	10.83	5.93	-3.13	-0.30	1.37	-3.33	-6.62	-0.55	-6.36
-16.50	-1.81	-0.35	12.61	10.08	6.89	-1.59	-0.34	2.25	-2.10	-1.65	2.45	-4.28
2.44	-1.11	4.53	6.99	-0.10	5.30	-2.50	3.87	-0.24	5.31	0.92	-2.36	2.52
4.07	4.81	5.65	10.96	10.01	3.26	-3.21	5.82	1.14	5.21	3.89	1.97	-0.62
4.77	2.56	8.71	10.38	10.53	-0.19	-5.38	4.75	0.10	3.65	3.05	-3.04	-4.68
3.78	4.89	8.75	5.40	8.97	2.46	-6.41	-0.35	-2.33	0.84	8.75	-1.45	0.00
11.47	6.43	2.99	-0.50	5.05	5.20	-9.64	-2.43	0.71	2.26	4.55	-1.22	-2.77
15.66	4.62	2.50	0.04	1.10	0.54	-6.50	1.36	-0.33	3.16	2.32	-4.62	-1.18
10.16	4.25	0.87	0.64	-1.16	0.09	-7.47	-3.84	-2.05	1.11	1.76	-2.40	-0.45
9.68	7.95	-1.88	4.09	0.48	1.50	-5.15	-4.51	-2.37	1.24	0.84	-0.93	-0.51
8.37	5.58	-4.56	0.08	-0.58	2.54	-7.53	-8.32	-5.39	-1.39	4.70	-3.21	-3.34
6.46	4.67	-1.12	-1.17	0.81	2.32	-1.55	-2.89	-0.98	0.16	1.28	-0.93	-0.94
12.31	7.81	-7.08	-0.81	2.30	2.76	-6.79	-3.63	0.99	1.41	3.14	2.14	-0.56
11.74	9.95	-0.44	-0.11	-0.61	2.28	-2.50	-4.93	-0.23	-0.33	3.25	-0.33	-1.55
11.72	9.09	-1.19	1.49	-0.00	-0.79	-5.36	-1.87	-0.07	-3.05	0.05	1.31	-3.74
9.27	6.76	-2.38	8.39	0.38	1.78	-0.76	3.50	2.36	0.14	-1.60	-2.30	-0.81
1.58	-2.24	-6.01	8.73	4.34	6.14	-2.00	2.04	-0.48	0.21	-0.67	-2.62	-3.05
1.86	-1.92	-1.81	9.79	4.80	0.88	-8.59	3.57	5.14	5.19	-0.27	-2.55	0.07
6.19	4.69	3.86	4.80	7.48	3.50	-2.67	-0.52	6.48	5.44	2.82	-3.20	-3.13
4.39	7.87	-1.20	3.47	3.49	2.32	-0.58	3.56	4.83	2.47	1.21	0.04	-0.59
6.75	4.61	3.16	5.69	5.60	1.09	-4.74	7.06	3.04	1.20	6.93	-0.46	-1.71
-1.07	3.91	0.81	2.89	8.10	5.44	-2.81	10.34	3.07	1.36	5.99	0.89	0.67
2.01	4.70	2.85	6.05	7.04	6.69	-2.31	2.16	-2.64	2.66	8.05	-1.43	-2.51
-1.98	11.16	2.57	7.54	8.40	1.80	1.17	6.71	0.14	6.41	4.16	0.73	0.55
-8.28	3.37	3.78	12.04	11.69	0.01	-2.96	-1.31	3.60	10.59	7.75	1.38	-0.76
-12.42	4.00	3.86	7.41	5.66	4.03	-4.57	2.18	2.64	4.45	5.06	2.08	-2.74
-8.34	3.67	0.40	8.17	9.75	2.65	-2.40	-0.54	-2.50	3.49	3.18	-0.30	-3.19
-7.34	1.95	-2.64	2.71	8.41	-0.81	-4.50	1.13	0.13	6.46	7.82	-4.45	-6.23
-8.28	6.31	4.25	11.47	7.92	2.86	-2.72	1.09	0.81	-0.02	3.62	-3.21	-7.70
-3.82	4.51	-0.07	5.56	6.54	4.37	-3.46	0.68	0.81	1.43	2.79	0.06	-0.72
-3.28	2.13	4.40	10.08	13.25	5.97	-0.27	7.84	1.38	3.45	3.83	-3.25	-7.93
-8.25	1.18	0.64	2.90	7.68	1.86	-6.56	5.62	2.51	4.81	7.65	-0.99	-2.64
-5.30	5.13	-1.19	4.16	9.59	5.40	-3.92	7.07	1.55	-0.34	2.92	0.49	-6.11
-8.77	6.00	3.76	7.92	4.55	4.90	-5.57	-1.59	-2.70	0.27	1.99	2.54	-1.28
-8.46	-1.82	2.85	1.92	6.21	2.29	-7.27	1.90	-1.84	1.51	-1.11	-1.02	1.37
-7.74	3.56	4.88	3.62	3.12	5.00	-5.69	1.98	-2.52	2.10	1.17	-3.69	-7.42
-4.87	4.52	5.03	3.03	8.86	5.05	-6.99	5.00	1.67	4.70	5.93	2.44	-0.24
-11.36	5.25	3.68	7.68	9.80	3.39	-1.20	10.04	4.21	2.32	2.85	1.33	-3.38
-9.00	-0.64	-2.27	3.24	4.34	0.95	-2.02	1.60	-2.26	-0.88	-0.20	-1.53	-4.05
-12.52	-2.34	1.24	4.05	4.57	2.68	-0.53	3.88	3.07	-0.41	-0.89	-4.09	-4.11
-5.19	-0.60	-8.91	-1.66	1.83	3.30	-9.14	0.21	0.50	-0.81	-1.17	-5.94	-5.02
-3.91	3.24	-2.05	6.90	1.28	7.26	-6.82	3.34	5.95	8.65	0.58	-2.48	-1.93
-5.61	-0.94	-4.30	4.04	6.75	5.75	-7.59	0.03	0.46	7.07	1.89	2.20	-0.26
-9.75	-4.96	-5.33	5.08	7.70	4.84	-7.92	-2.46	3.10	5.18	0.85	0.25	-3.50
-9.01	-2.74	-5.72	1.54	3.40	-1.44	-8.69	-2.60	3.95	7.25	3.49	0.42	-3.09
-10.30	0.36	-6.51	-0.43	7.33	2.36	-4.46	-1.94	3.23	1.98	-0.43	-1.31	-2.87
-4.79	6.80	2.00	4.58	3.87	-0.80	-3.99	-3.84	1.66	5.60	4.63	0.45	-0.86
-8.71	3.29	0.96	-1.07	2.21	1.18	-3.20	-2.56	1.79	3.28	2.80	-1.33	-1.28
2.84	3.80	-0.50	7.91	9.11	2.05	1.37	2.68	3.72	7.75	7.42	1.31	-4.26
7.21	4.92	-0.66	2.49	11.50	0.60	-1.11	3.65	5.76	8.76	7.90	0.92	0.29
4.94	5.17	3.08	1.57	12.28	7.91	-0.88	-0.01	2.91	6.17	1.57	1.95	0.04
6.64	4.64	1.78	-2.89	8.63	2.60	1.55	0.42	6.39	6.78	4.73	-3.37	-2.25
0.59	-0.53	2.41	-2.25	6.33	-0.52	-0.59	0.39	-3.55	2.21	3.37	-1.89	2.98
2.11	2.93	7.26	-0.46	6.89	0.95	-4.49	-0.76	-0.88	6.11	5.15	0.35	0.46
0.48	3.76	1.62	2.42	7.21	4.16	0.88	-6.06	1.57	2.22	5.09	-1.02	-1.98
-6.25	-0.17	-0.74	4.14	8.97	1.70	-0.83	-5.54	-2.21	4.72	2.90	-1.03	-2.25
-12.51	9.43	-2.20	5.10	3.98	3.91	-1.90	0.18	2.79	2.26	4.44	-5.92	-3.83
-6.27	13.38	-4.87	0.46	0.63	1.11	-2.02	-2.11	-0.05	0.37	0.22	-2.39	-2.72
-19.74	11.86	-3.44	6.98	4.50	-2.20	2.72	-3.92	5.53	1.63	0.56	-0.06	-1.86
-14.90	11.54	-6.39	3.59	6.81	-8.44	-1.02	-6.05	0.99	3.21	1.71	2.69	-2.94
-11.95	12.35	-1.35	6.04	7.89	-5.83	5.59	-7.15	1.38	-0.62	-1.36	2.86	-6.41
-9.24	10.95	-1.94	2.12	3.21	1.82	-2.23	-7.85	0.49	-4.62	-5.25	0.47	-1.67
-4.19	12.09	0.41	4.31	4.97	-2.49	-0.85	-6.00	0.20	-1.00	-2.47	-1.23	-4.88
-3.81	9.61	-2.80	4.28	5.95	-1.91	-2.35	-2.89	-0.01	0.01	1.59	0.24	-5.37
-2.11	7.72	0.60	4.35	5.37	-4.89	-5.33	-0.79	0.95	-2.13	2.22	-1.32	-4.65
-10.44	3.22	0.40	0.76	2.63	1.76	3.12	5.45	5.21	-0.80	-0.96	-0.57	-1.65
-3.94	5.40	-1.73	5.45	5.78	-0.59	-0.53	-0.91	8.44	1.84	1.41	0.12	-1.60
-6.24	3.70	2.41	6.99	8.44	0.74	3.11	-2.89	-0.76	0.71	0.56	0.48	-0.30
-3.82	6.58	5.99	7.03	4.80	-7.05	-4.13	-0.45	-0.08	-3.32	0.53	1.23	-1.09
-4.84	1.81	2.89	-0.40	2.63	-1.29	-2.54	-3.68	2.42	-2.49	-0.58	1.41	-0.54
-7.03	5.39	0.76	5.40	8.01	1.27	2.17	-2.31	-2.63	-1.37	-0.12	3.92	-2.10
-6.61	3.31	6.09	3.80	4.44	-1.29	-2.51	-0.71	2.45	-1.63	0.96	0.54	-2.71
-4.22	0.70	6.87	6.98	4.48	-2.47	1.40	1.78	0.08	-1.53	0.38	-3.21	-5.06
-7.36	0.50	2.52	6.79	0.18	-2.19	4.42	-1.46	1.55	0.42	-0.87	-0.61	-1.71
-19.69	4.13	-0.77	-3.11	-2.77	-1.42	0.52	0.56	4.45	3.04	-0.82	-1.18	-0.44
-17.36	1.18	1.46	4.15	5.50	5.15	3.94	-0.29	-0.88	-3.17	0.76	5.46	0.00
-20.57	-4.60	-3.82	-2.02	1.31	6.99	2.75	-0.64	1.73	0.06	-0.89	0.47	1.11
-18.82	-2.50	2.30	-0.92	3.32	7.62	4.79	4.35	1.72	2.64	-4.74	-3.61	-2.65
-17.22	-2.75	0.42	2.18	7.51	3.04	-2.08	-3.15	1.66	-0.99	0.12	-1.96	-0.92
-17.20	-4.66	-1.48	-4.25	-2.75	-0.22	4.48	2.02	2.62	1.49	4.41	1.39	-2.54
-12.01	1.44	2.95	-3.38	-0.62	2.20	0.53	0.11	2.32	1.41	1.63	-1.02	-1.89
-13.57	-5.62	-5.12	-3.34	2.14	5.94	1.90	0.48	-0.46	-0.23	-1.76	2.44	-2.92
-25.21	-1.56	-4.12	0.44	-0.33	0.48	-0.62	3.57	-1.85	1.23	-2.97	1.54	-0.91
-25.82	3.17	-3.04	1.68	-1.46	-2.15	3.51	-5.15	0.07	-1.73	-2.99	3.27	-1.47
-26.13	1.96	0.58	2.42	2.59	-0.47	0.41	-1.80	0.78	-1.06	-1.06	2.12	-3.65
-25.11	-5.62	4.87	2.56	-0.21	3.54	2.70	4.71	-0.43	0.34	-4.56	-2.14	-7.40
-18.25	-1.90	0.05	1.13	2.24	5.13	-0.41	-2.82	2.40	0.80	-3.99	-0.94	-3.61
-12.48	1.15	-1.60	7.77	2.12	0.76	1.87	-3.26	-0.72	2.96	1.31	-5.83	-2.21
-8.37	0.79	14.11	12.42	-2.20	3.74	4.36	-0.25	-1.82	-3.58	5.02	4.47	-5.60
-5.26	-2.97	12.70	18.66	-7.54	-3.37	8.93	2.73	0.69	-4.09	0.56	0.83	-0.73
1.27	-6.27	9.76	28.59	-2.03	-0.15	5.38	-0.71	-1.11	0.13	1.06	1.37	-4.50
3.42	-1.44	11.43	31.17	0.29	-0.08	2.51	-0.48	-0.31	2.49	5.15	-0.49	-7.28
-1.83	-3.94	16.59	31.19	-1.57	1.21	5.44	0.15	3.06	2.41	0.22	1.16	-7.68
2.02	-6.81	13.85	28.43	-1.88	8.28	2.76	0.34	1.75	-0.94	2.14	2.74	-4.76
-3.20	-2.30	15.82	30.91	-1.94	5.33	3.59	0.07	-0.04	-1.94	1.62	1.50	-3.45
-3.64	-1.44	12.77	29.95	0.16	6.20	2.25	0.20	1.32	-0.88	4.77	2.32	-4.69
-1.43	3.41	1.71	4.43	2.15	7.75	0.39	-1.20	-0.84	4.72	2.65	-3.95	-5.55
-6.02	1.46	0.93	5.33	5.92	1.39	1.91	-1.07	1.30	1.51	1.12	-3.13	-4.61
-13.32	1.09	-2.67	1.02	4.20	2.93	-2.65	-2.05	-3.33	-2.88	-1.34	-4.27	-5.76
-9.03	-2.63	-2.16	3.89	9.17	3.88	-0.09	-1.89	0.28	-1.08	-1.14	-2.74	-3.78
-6.14	6.18	-0.68	3.34	13.58	0.17	-1.67	-1.66	-3.70	-2.92	2.01	4.34	-4.38
-6.94	5.92	-1.59	1.05	7.82	-5.00	-6.96	-4.33	-5.68	-4.90	3.45	3.18	-4.24
-3.95	3.66	-6.24	-4.01	6.85	-4.83	-4.49	-2.91	-1.37	-0.58	0.18	4.87	-0.28
-0.74	4.06	-2.81	-3.28	3.16	-7.24	-5.35	-1.37	1.35	-2.15	2.49	0.96	-7.51
2.24	-0.75	0.39	4.51	-4.39	-7.95	-7.83	0.66	1.76	-0.13	4.64	6.37	-1.38
2.06	-5.79	-2.48	0.91	-3.56	-3.20	-3.08	0.61	0.37	-3.56	-1.41	3.69	0.95
12.56	-12.36	0.92	13.20	-8.46	-1.68	-2.89	1.51	7.86	-4.07	0.37	7.99	1.18
8.03	4.90	-3.18	17.16	-4.50	8.20	-2.15	3.77	6.23	-3.16	1.96	2.80	-1.85
7.64	-2.94	0.65	16.95	-3.57	1.81	-0.33	3.30	9.22	-1.86	0.46	5.21	1.18
6.27	2.88	1.97	13.59	-3.94	1.97	0.24	5.65	6.77	-2.38	1.07	3.26	-0.81
2.78	-5.32	-0.12	13.86	0.51	3.42	-2.07	7.15	12.40	-2.26	-0.52	2.28	-0.52
-0.64	-7.68	1.71	10.70	-0.49	8.31	-5.63	5.19	12.90	-3.66	-3.60	-0.50	-2.15
-7.15	-6.51	-2.54	8.93	0.79	6.11	3.43	5.83	5.40	-3.32	-3.66	0.91	1.67
-7.76	-9.51	1.73	12.34	-0.28	0.58	0.50	4.94	7.97	-3.76	-6.31	-1.08	0.40
-12.33	-4.22	5.36	16.97	-0.03	4.14	-7.34	3.04	9.02	-0.56	-1.72	1.94	2.74
-4.71	-4.47	3.03	13.08	-1.77	-0.28	-8.29	-2.32	11.31	-0.45	-0.64	3.15	1.59
-4.13	-3.80	-0.93	15.46	2.29	-0.37	-10.29	-1.54	9.54	1.02	-2.94	3.27	-0.91
-6.39	-4.75	-0.20	11.90	-0.26	5.49	-7.97	1.72	11.98	0.53	0.95	5.19	0.40
-10.83	-7.18	5.93	17.13	-3.64	3.52	-11.30	-1.97	9.62	-4.50	-5.34	3.21	5.37
-12.31	-1.00	2.97	14.34	1.88	4.28	-10.05	-2.69	11.53	0.60	-6.75	4.52	3.41
-5.72	0.38	3.64	5.63	1.92	0.07	-5.34	0.51	8.25	-1.03	-4.51	1.34	-1.20
-7.66	-7.98	3.56	10.50	2.39	3.54	-8.83	-0.25	8.45	-2.07	-5.13	-0.07	-1.71
-2.13	-2.75	1.27	13.17	3.18	3.23	-12.52	-3.99	12.40	2.77	-3.17	3.19	-0.04
-9.99	0.51	7.05	17.27	2.25	7.20	-5.41	-0.41	10.91	-0.79	-2.65	4.23	-1.38
-9.12	-2.84	5.77	10.63	-0.40	1.78	-7.86	-1.19	13.22	6.19	2.74	2.51	-1.86
-5.40	-4.34	5.29	16.70	1.49	2.97	-8.71	1.30	9.75	2.04	-5.63	1.72	1.31
-9.81	-2.80	1.78	6.96	-0.82	2.99	-6.80	-2.54	7.01	3.18	-3.81	5.01	-1.37
-2.61	1.25	-7.58	0.37	6.50	-6.46	-4.89	-2.87	-4.05	-2.34	-2.75	-1.73	0.79
8.84	-1.27	-9.97	6.87	10.53	-0.24	-4.20	-7.38	-1.23	-0.89	0.66	-0.72	-3.00
-3.19	2.50	-7.58	1.97	2.60	0.53	-5.07	-7.01	-3.20	-0.67	-3.25	0.06	1.31
-1.98	-0.32	-5.25	2.94	2.81	-5.45	-6.25	-4.84	-3.73	-2.33	-1.64	-0.56	-2.26
-1.83	-2.68	-9.41	7.67	2.72	-3.20	-2.67	-3.21	1.05	1.94	0.31	0.64	-1.36
5.18	-2.76	-2.20	4.63	2.97	-5.12	-12.16	-7.83	-3.57	0.87	0.38	1.03	-0.33
4.15	-6.76	-1.26	4.35	-2.51	-8.64	-10.53	-6.14	-3.76	-2.86	0.40	-1.97	-0.42
3.65	-3.83	-1.93	5.24	0.25	-5.10	-6.26	-0.12	1.93	-0.69	-0.33	1.27	0.13
6.17	-5.45	-0.06	1.51	-2.50	-6.89	-5.24	-0.59	-0.17	-5.64	-3.50	1.25	-2.43
-1.36	-6.39	-1.87	6.80	4.19	-4.51	-5.84	-1.44	-3.34	-5.77	-2.28	-2.21	-3.38
5.76	-5.18	1.86	4.68	-1.64	-6.00	-10.92	-6.93	3.25	-2.60	-5.91	-0.63	-3.31
1.76	-7.63	2.90	2.37	-0.83	-4.90	-9.74	0.39	0.32	-4.28	-2.42	-1.51	-4.73
-0.38	-2.80	1.51	7.53	5.18	-4.67	-9.08	-11.68	-2.89	-3.80	-2.10	-1.91	-1.11
-4.01	-0.31	-8.10	8.46	5.15	-6.64	-1.05	-2.70	-0.84	-5.06	-3.21	-0.70	-4.66
-1.92	-2.07	-4.20	4.11	3.54	-0.85	-0.28	-0.05	3.82	1.62	0.77	0.07	0.41
-0.25	-3.19	-10.65	-0.87	-0.72	-0.05	-0.30	0.23	-0.97	-3.47	-1.18	-0.13	-0.50
-0.55	5.96	-3.07	-2.08	-2.89	0.72	1.07	-0.98	-1.61	1.76	0.17	-1.73	-0.87
-8.27	-2.69	-2.35	2.01	-0.34	0.45	0.65	0.25	-3.23	-4.16	-1.09	4.01	4.31
4.22	-7.30	-4.34	0.22	-4.06	-0.17	2.72	0.82	1.11	-3.11	-1.65	0.68	-2.48
0.71	-6.80	-9.66	-4.82	-2.26	-0.48	-1.37	-0.33	4.59	0.99	0.25	5.57	1.63
3.81	2.02	-6.74	-4.38	-4.36	2.46	-4.23	-1.52	0.35	-0.61	0.13	2.41	-3.99
8.32	6.68	-7.58	-7.17	-7.98	-0.97	1.15	-1.74	0.29	0.20	3.63	4.53	-2.86
8.31	2.90	-5.81	-7.88	-9.34	-0.95	-3.20	-8.16	2.41	-3.91	-3.25	1.09	-6.01
9.36	2.01	-7.69	-11.85	-7.46	3.41	-3.69	0.33	1.74	-4.32	0.62	3.22	1.56
7.61	-0.42	-6.51	-11.17	-7.01	3.57	-1.95	-2.31	2.94	-4.18	0.34	2.32	0.04
6.01	0.40	-5.10	-8.60	-6.80	-4.02	-2.02	2.83	7.69	1.59	-3.05	2.76	3.78
2.78	3.00	-4.49	-1.81	-0.98	-1.59	-1.06	-0.04	-2.51	-0.93	3.92	4.13	-0.27
8.17	-1.41	-8.92	0.21	0.04	4.54	2.90	1.63	0.29	-2.56	-2.81	0.98	-1.85
10.96	4.94	-6.51	-6.27	0.02	4.81	0.24	-4.40	-5.55	-2.70	-2.05	1.74	-2.34
9.91	2.89	-7.47	0.16	0.02	2.34	1.04	-0.58	2.21	0.75	-0.98	-1.54	-3.19
17.88	3.90	-3.62	1.82	1.80	4.49	-2.00	-4.39	2.88	-0.51	-5.02	-0.24	-3.02
22.22	2.57	-8.37	-4.67	-3.96	1.86	-2.77	-3.97	-2.38	0.68	-3.04	4.17	4.26
15.75	-3.87	-8.29	-3.60	-5.63	-1.07	-2.23	-1.46	3.31	-1.73	-0.91	7.50	6.95
19.65	-0.89	-8.45	-7.26	-1.11	3.73	-4.73	-3.60	4.21	-3.31	-4.90	6.45	5.90
13.68	-2.06	-11.54	-6.82	-0.32	9.63	5.31	-2.68	-0.98	-0.26	-2.43	0.08	3.80
17.25	-4.69	-13.75	-10.65	-7.80	5.19	7.48	-3.60	-3.38	-3.77	-2.23	4.11	3.91
20.26	3.05	-10.27	-7.10	-3.18	4.22	5.29	-1.99	-3.40	-5.48	-4.74	0.96	4.99
24.45	1.61	-12.19	-7.22	-0.67	2.68	5.22	2.04	1.57	-7.10	-1.08	0.99	4.24
24.74	-2.88	-14.15	-5.22	-3.06	1.30	1.91	-0.69	-3.69	-7.07	1.98	3.70	4.20
23.19	1.90	-10.92	-5.11	-4.13	-2.29	0.22	-3.84	-5.28	-4.52	-5.62	4.76	6.25
17.86	2.03	-7.91	-5.05	-2.92	-2.32	-0.67	-2.73	-3.58	-6.36	-6.27	3.21	5.43
22.88	2.16	-7.82	-4.00	-4.32	1.26	-3.00	-4.24	-0.57	-3.26	-3.90	4.23	3.65
15.44	6.44	-6.44	-7.07	-4.35	0.20	-1.55	-1.61	-2.84	-5.41	-7.24	2.67	0.72
19.79	7.15	-8.49	-8.94	-2.43	-0.97	1.05	1.76	-1.98	-3.78	-4.86	-0.73	-0.50
17.41	6.54	-9.89	-6.12	-0.06	5.42	5.09	-0.25	-2.22	-4.10	-3.33	1.39	0.54
13.04	-1.06	-7.19	-7.84	1.47	6.90	5.52	1.56	-0.33	-3.76	-4.14	-1.19	-0.95
13.15	3.00	-9.21	-2.83	0.40	4.28	-0.50	0.10	-1.82	-4.23	-0.79	-2.74	1.61
11.18	0.54	-5.88	-5.62	-3.85	4.37	3.00	-1.60	0.02	-4.38	-0.62	4.43	0.39
3.12	-0.07	-4.79	-5.09	-2.55	8.57	2.06	-3.94	-1.27	-3.56	-1.21	0.08	1.34
7.21	-0.19	-7.03	-2.12	2.61	7.89	4.45	-0.52	0.69	4.46	-1.11	-0.47	-0.50
8.25	-3.13	-2.93	-1.26	-1.48	2.85	-3.13	-2.95	4.27	-1.72	-0.14	3.72	-2.32
-0.58	-0.21	0.46	-0.41	4.38	2.90	-4.75	-1.43	1.28	-4.18	-3.30	-0.79	-2.27
4.94	-8.86	4.74	-0.16	3.22	5.13	-5.83	0.24	4.48	1.36	-3.60	-0.11	2.33
2.15	-14.69	0.82	0.43	2.59	7.30	-1.60	-1.37	8.18	-1.42	-1.05	0.28	0.38
1.00	-7.24	5.22	4.03	2.22	5.81	-6.80	-1.93	3.88	-1.88	-0.17	3.02	-0.20
5.10	-9.94	5.71	1.52	-2.12	0.65	-10.60	-2.23	3.30	-2.31	-3.12	4.22	2.05
3.34	-11.78	-0.89	-1.71	-0.08	-1.01	-7.43	-6.79	-0.12	-5.38	-4.44	0.07	-0.79
-2.93	-16.00	2.67	3.53	-0.31	1.28	-11.21	-5.74	1.57	0.44	-3.24	2.01	2.94
-9.62	0.97	0.47	3.28	0.20	-0.10	-1.15	-4.91	4.86	0.16	2.95	0.76	-1.80
-13.12	-3.73	-2.28	-1.15	-2.56	-0.59	-5.45	-1.95	6.70	-0.51	-3.07	-3.45	-2.07
-18.68	2.28	-7.12	5.68	-2.27	-1.65	-5.87	-4.92	2.41	-1.32	-1.07	0.49	-1.67
-20.50	0.57	-9.97	6.26	-0.93	0.41	-1.31	-6.68	2.29	-0.76	1.01	2.79	-1.76
-23.97	8.19	-2.61	11.41	-0.94	-0.70	-1.06	-4.33	3.12	1.74	0.06	3.28	4.27
-21.71	8.20	-10.44	9.36	-0.43	0.22	-4.29	-1.87	4.38	0.42	4.29	4.69	1.85
-22.96	6.73	-6.19	7.00	-0.07	4.93	0.92	-5.35	-0.97	-2.43	-2.73	2.86	1.08
-21.91	12.52	-7.66	6.34	2.05	2.53	-1.75	-0.96	-0.88	-5.14	-1.93	-0.76	-6.54
-10.59	13.51	-2.21	12.25	4.57	7.24	4.38	-2.85	-1.13	-4.25	-2.26	0.25	-1.36
-1.37	15.14	2.08	7.69	1.85	3.22	1.76	-2.91	-1.05	-2.01	1.53	0.74	-2.34
4.77	14.29	-2.66	10.32	6.09	7.20	-1.66	-3.47	-6.37	-5.74	-1.97	-2.15	-7.12
7.86	13.89	-1.35	5.76	7.81	2.45	-4.34	-6.03	-4.89	-3.85	-3.13	2.19	-4.59
7.64	15.75	-1.15	6.75	6.10	4.02	-1.78	-10.15	-1.70	-0.67	-4.62	-3.98	-2.47
6.42	10.68	-0.16	11.71	7.12	3.86	-2.12	-10.76	-4.11	-0.36	-0.24	-4.24	-7.69
8.07	7.24	-0.75	12.12	13.08	4.97	-5.85	-9.32	-5.80	0.28	-2.45	-4.25	-3.93
7.09	8.13	0.59	13.15	7.29	1.30	-6.64	-9.67	3.63	-0.47	-5.60	-5.27	-2.47
-0.06	3.63	4.96	11.82	7.95	1.85	-6.10	-3.68	2.60	0.69	-3.06	-5.06	-5.76
-4.18	5.71	2.44	4.96	7.80	3.88	-1.17	-1.28	1.13	0.71	-2.38	-6.03	-2.84
2.86	9.65	1.38	9.71	7.99	6.30	-4.75	-7.28	-0.25	-1.23	-2.96	-3.70	-4.10
-3.53	-1.73	0.50	3.50	8.52	4.68	-1.00	-1.00	2.23	0.27	-3.05	-2.71	-4.40
0.46	0.95	-1.85	7.58	8.80	3.15	-1.01	1.62	3.47	5.23	-0.67	0.49	-2.10
-1.88	-4.88	-5.31	5.28	6.67	1.39	-5.44	-2.81	1.60	3.05	-1.70	-3.32	-3.34
11.50	2.75	-4.28	6.80	1.30	1.95	-1.10	-3.00	1.65	-0.71	-3.13	-2.04	-2.27
13.31	-0.54	-2.30	5.67	2.38	9.43	-3.02	-2.65	-1.03	-3.74	-4.56	-0.88	-1.30
-4.42	-1.04	-4.24	-4.61	-3.15	1.77	0.95	0.86	0.63	0.45	-0.45	0.77	-0.67
-1.06	-0.81	-8.43	-3.73	-1.68	1.68	4.04	2.56	0.73	0.66	0.35	-0.74	-3.95
10.13	5.48	-1.41	9.12	4.25	5.84	2.00	3.19	-1.07	-1.36	1.67	-2.45	-3.72
8.75	1.44	0.10	7.21	9.14	4.37	3.30	0.61	-1.45	-0.55	-0.12	-3.67	-3.78
5.66	-3.62	3.56	12.37	6.76	10.44	4.32	1.24	-0.54	1.07	-1.68	-2.27	-6.02
2.07	3.92	0.22	7.43	4.45	-0.89	-2.55	-4.61	-1.73	-2.75	0.17	-2.20	-6.12
1.56	0.13	-0.42	8.30	6.48	2.12	0.31	2.81	-0.72	-0.29	-2.18	0.80	-5.26
-0.02	0.59	-6.28	12.88	2.33	-5.41	-0.15	2.09	-0.19	-2.05	3.48	-0.48	-2.12
-5.06	-2.01	-2.73	11.00	5.28	-2.43	-2.46	-4.50	4.24	1.42	1.05	-2.76	-4.46
-2.31	7.24	-6.28	5.09	0.52	-1.90	0.98	-3.25	5.78	3.62	7.42	-1.77	-2.38
-6.63	7.03	-0.20	2.20	4.10	3.16	-1.96	-1.95	3.42	1.03	2.54	-3.29	-2.74
-6.65	8.39	1.32	2.10	-3.17	-1.66	-0.11	-3.18	0.85	-1.33	4.63	1.79	-2.89
-4.79	5.22	-7.82	-2.22	-1.71	3.42	-3.04	-3.63	1.46	-0.94	7.86	4.14	-5.67
-0.53	4.69	-5.33	-3.38	-4.16	3.75	-2.19	-4.75	3.93	5.00	5.61	-0.74	-3.96
1.96	3.99	-4.18	-4.39	-7.05	2.18	-3.35	-1.57	3.18	1.11	7.70	2.44	-1.33
3.91	7.37	-3.78	-6.23	-5.00	1.75	-2.05	-0.29	6.24	0.85	5.94	-1.57	-4.13
11.25	9.05	-4.26	-3.18	-4.37	1.49	-0.32	1.54	6.77	0.79	4.08	-0.07	-3.24
10.78	8.89	-4.14	-7.65	-8.82	-1.92	-1.50	3.01	8.76	-0.46	5.80	2.54	-1.71
3.02	6.67	0.60	-0.22	-5.92	-5.57	-3.36	0.85	3.90	2.02	-0.66	-1.80	-1.16
-0.85	6.22	0.37	1.40	-0.32	-2.75	1.93	-0.88	5.58	-4.37	-4.18	-5.06	-6.87
0.15	4.81	0.67	-0.11	-1.55	-2.43	1.80	-7.07	2.65	0.41	-3.92	-1.59	-6.24
7.91	3.51	-1.66	-2.70	-2.57	3.04	-1.41	-9.65	1.49	3.55	-5.22	-0.61	-4.92
12.15	4.13	1.06	1.03	-1.92	-3.16	-1.61	-2.06	2.83	1.26	-2.29	-1.82	-1.95
12.95	6.51	-0.24	-0.42	0.52	2.32	-5.76	-1.21	2.47	3.65	-2.38	-7.20	-8.38
15.22	6.75	0.49	1.40	1.63	2.54	-4.65	-1.84	0.85	1.56	1.09	-1.28	-5.08
17.17	5.95	2.30	1.26	2.10	0.62	-5.56	-5.60	2.70	2.27	1.40	2.12	-4.61
16.25	0.80	-1.12	1.59	-1.12	1.60	-9.14	-6.38	2.12	1.68	-2.58	-2.28	-5.20
12.94	-2.39	-0.42	-0.75	-4.32	-0.18	-4.93	-5.52	-0.15	-0.30	4.01	0.71	-1.89
5.11	-13.65	-7.62	-2.29	-10.60	-0.78	-12.16	-8.57	-4.20	-3.73	3.22	-0.53	-7.07
0.99	-3.34	-4.72	-4.89	-0.38	-5.52	-3.39	-1.96	0.04	-1.40	3.60	0.01	-2.24
7.45	-12.78	-2.80	-9.16	-5.03	0.75	-8.56	-5.75	-1.70	0.44	9.02	4.93	-2.00
12.45	-13.15	-6.49	-0.69	-2.91	0.22	-5.87	-6.74	-2.35	1.51	4.48	7.96	-0.93
3.29	-17.43	-7.88	-5.90	-2.86	3.06	-2.23	-5.35	-2.45	1.94	5.78	5.94	-1.00
2.35	-12.90	-2.28	-4.64	-3.66	5.09	-2.14	-4.12	-3.68	1.26	5.82	5.44	-5.81
7.26	-10.20	-10.67	-6.75	-4.61	4.12	-1.21	-4.01	0.36	2.73	2.84	5.83	-6.48
3.38	-11.05	-11.72	-4.07	-7.27	1.82	-0.99	-6.76	-0.35	1.44	1.09	5.20	-1.51
9.82	-5.78	-3.55	-0.81	-5.37	1.21	-3.87	-1.63	0.33	1.63	3.15	6.18	1.13
5.03	-10.54	-5.23	-0.06	-5.58	0.67	-5.99	1.99	1.72	1.05	3.45	7.17	2.71
11.87	0.68	-4.43	1.33	-4.89	1.83	-3.50	-1.51	0.17	2.34	2.65	0.98	-0.98
14.42	-0.18	-3.83	3.04	-6.69	-0.46	-3.40	-2.53	1.89	1.07	1.31	3.21	-4.15
14.65	-1.98	-7.44	3.66	-2.44	6.13	-4.19	-3.73	0.60	7.63	3.60	5.75	0.45
13.17	4.50	-1.12	1.50	-2.27	0.52	-3.38	-2.11	1.99	0.43	-0.02	4.74	0.07
13.37	0.91	-2.62	3.92	-0.54	4.18	-5.22	-4.40	-0.38	3.22	-2.61	5.48	1.92
24.49	-1.02	-3.31	-3.02	-3.28	1.58	-4.63	1.20	6.18	-0.20	1.55	-4.81	-0.75
29.54	-4.75	-0.40	-4.57	-6.85	6.20	-4.42	1.01	-0.44	-6.21	-0.37	-1.35	-1.89
30.45	-10.99	-0.60	-2.35	-6.93	8.26	-6.00	-1.74	-1.77	-7.55	-0.33	2.08	-4.14
29.86	-14.55	-4.85	2.98	1.53	10.52	-6.20	-1.81	0.20	-4.90	-3.62	4.82	-1.77
20.03	-14.56	-4.13	4.83	3.53	10.14	-1.28	-1.97	0.79	-1.96	2.39	5.66	-2.49
20.09	-8.39	2.69	5.47	3.27	4.23	-4.64	-1.91	-0.54	-4.63	3.47	5.04	-5.05
17.81	-9.21	8.18	2.06	1.91	5.75	-2.79	2.32	3.71	-3.12	-0.41	4.59	-2.71
12.06	-8.76	6.05	8.47	1.48	-2.07	-4.78	-1.79	4.20	-1.03	3.34	2.22	-5.37
1.02	-1.07	8.45	4.33	4.36	3.23	-8.25	-1.44	1.63	-2.74	-0.19	2.87	-2.40
9.55	0.45	11.74	4.24	2.65	1.43	-7.73	2.58	2.81	-4.72	0.91	4.76	-2.06
1.70	1.94	13.39	1.32	-0.25	4.35	-2.90	-0.67	9.11	-4.97	-1.07	0.05	-7.20
6.14	-2.08	7.94	3.42	0.47	2.85	-7.25	0.68	6.64	-5.12	0.79	3.25	-0.89
7.58	-6.62	5.93	6.91	2.33	1.74	-2.29	-0.01	1.67	-1.55	0.46	3.09	-2.27
7.91	-0.75	9.01	4.46	4.34	0.63	-3.81	2.04	3.40	0.13	0.43	-0.61	-6.50
11.77	-0.80	9.48	2.43	2.78	2.33	-5.57	2.44	1.75	-1.47	2.36	4.45	-2.80
6.58	-3.62	4.42	2.46	3.24	0.32	-0.91	4.19	9.51	-0.53	-2.20	5.12	-1.86
7.85	-3.26	3.72	1.38	0.62	2.61	-3.49	3.38	4.75	1.47	4.95	6.23	-2.07
7.78	-1.46	6.57	5.81	6.18	1.46	-3.81	5.33	4.74	1.33	-6.25	1.53	-5.07
4.36	2.36	-4.10	0.68	7.26	5.48	1.14	4.56	4.50	-0.66	-1.20	-0.06	0.21
4.20	1.94	-1.12	2.74	0.84	1.85	0.79	6.30	4.40	2.02	2.42	4.08	3.27
11.72	3.91	1.96	1.40	1.98	4.80	0.79	6.01	-0.95	-1.64	-1.68	1.35	-3.60
9.39	4.34	-0.60	4.51	1.26	2.86	2.09	2.95	3.55	-0.03	-5.96	0.45	0.72
10.25	3.71	-4.05	-0.09	7.34	3.52	0.74	3.85	3.08	-2.13	-2.21	3.12	0.36
19.28	5.85	-3.81	-2.21	0.46	4.03	-0.43	-0.45	-0.35	-2.24	-2.08	4.10	1.53
20.50	3.46	-7.49	-2.61	-1.29	5.58	-5.15	-6.66	1.50	-3.55	3.43	2.11	-3.20
16.49	1.32	-4.26	-2.34	-5.32	0.14	-6.92	-9.99	-1.19	-2.58	5.32	3.12	-1.47
15.94	-5.64	-5.08	-3.59	-9.62	-1.35	-10.70	-10.83	0.75	-2.76	4.76	2.89	-4.26
22.23	-9.24	0.13	-0.89	-8.46	-1.73	-10.77	-8.50	0.55	-0.69	3.05	1.66	-7.09
12.60	-4.05	0.54	0.80	-4.24	1.67	-8.37	-7.29	1.95	-0.29	0.17	0.90	-8.15
4.81	-5.44	-0.64	-3.64	-3.78	-3.47	-11.96	-8.62	-1.05	2.11	0.39	-0.08	-3.75
14.10	-16.46	-3.89	-2.00	-6.05	-4.44	-10.37	-4.70	0.21	2.21	4.28	4.52	-0.62
16.84	-13.71	-0.15	-3.15	-4.58	-5.50	-10.70	-7.41	-0.58	2.48	3.07	-0.95	-2.30
18.43	-13.69	5.46	-0.53	-3.59	-3.84	-10.66	-6.73	0.89	-1.14	1.95	0.34	-0.16
15.61	-14.69	-0.16	-1.15	-3.29	-7.64	-10.10	-6.92	-2.15	-0.56	5.49	0.57	-0.64
14.10	-13.09	2.90	-2.17	-4.02	-9.56	-10.47	-8.06	-3.47	-3.36	-0.10	-0.91	-0.40
12.09	-15.60	-1.20	2.44	-6.61	-8.20	-11.19	-5.87	0.11	-1.75	0.68	-3.18	0.08
4.90	-12.18	1.35	2.16	-2.57	-2.07	-6.07	-7.53	-2.46	-3.29	2.18	-1.97	-7.11
4.51	-4.72	-5.74	-0.29	0.46	4.80	-1.10	-4.54	3.23	0.68	-1.90	1.06	-0.58
3.29	-8.19	-1.55	-4.65	-2.59	2.39	-7.91	-3.31	1.65	-4.10	-1.26	4.00	1.00
5.36	-13.67	0.38	-1.26	-4.56	-0.15	-7.87	-0.72	1.40	-3.45	-0.05	-0.86	-1.70
0.19	-12.69	-1.00	-3.94	-1.44	0.96	-1.45	-2.28	2.93	0.20	0.70	0.11	-0.63
-0.37	-12.68	-3.48	0.91	-1.06	4.65	-3.16	-0.79	3.55	1.76	1.99	0.30	2.66
-0.12	-6.64	-1.97	6.56	1.89	-1.58	-5.42	-3.68	2.24	-1.14	-1.68	0.94	3.57
1.57	-6.92	-6.00	-0.04	-3.58	0.29	-7.26	-7.67	5.77	-1.09	-0.18	1.44	-0.33
-10.05	-6.47	-3.84	4.69	2.40	-0.89	-1.94	0.02	4.22	1.83	2.04	-1.19	-0.39
-13.25	-8.80	-12.77	-8.02	-1.41	-1.80	-5.17	-1.63	4.14	4.34	0.96	-3.66	-0.84
-3.51	-8.13	-1.76	1.73	-0.22	2.19	-3.23	-8.05	1.99	3.28	-1.61	-2.79	-1.61
3.87	-8.71	-7.25	3.58	5.02	2.99	-0.62	0.27	0.37	-0.26	3.28	-1.28	-6.32
9.56	-10.84	-3.56	13.13	3.88	-0.35	-2.67	4.85	0.64	-4.74	0.48	-1.27	-3.60
10.64	-15.67	1.69	17.78	10.47	-1.40	-0.23	-2.43	-1.35	-3.94	-1.43	-1.23	-4.66
12.82	-14.26	-1.85	15.86	4.38	-4.51	-1.88	-0.51	2.09	-4.57	-3.60	-2.42	-0.83
12.28	-12.68	-1.87	15.00	1.65	-2.18	-1.26	1.00	5.43	-2.64	-5.60	-1.17	-0.90
6.41	-9.16	-1.36	0.74	2.60	-2.74	-2.56	-3.51	1.42	2.87	-1.12	-2.91	-4.37
15.86	-4.35	0.46	5.58	3.19	0.18	-6.28	-3.70	-0.48	-0.29	-7.24	-1.42	-4.69
28.86	3.20	-1.63	2.47	8.12	4.37	-0.02	0.05	1.30	0.01	-4.81	-4.81	-6.00
28.93	-1.95	-10.80	-5.23	7.34	1.52	-6.37	-4.26	-4.76	-0.13	-1.48	-6.70	-4.67
31.03	1.88	-8.36	0.36	6.45	2.74	-7.60	-7.26	-1.18	3.37	0.28	-1.57	-1.50
27.04	0.20	-1.44	4.14	11.79	4.32	-2.79	-10.29	-2.71	3.23	-3.75	-4.72	-3.54
28.68	-3.37	-3.97	6.24	12.48	5.70	-2.00	-2.73	2.10	1.44	-3.30	-4.30	-5.70
17.75	-6.72	-9.32	2.35	10.62	2.99	0.20	-6.68	1.64	6.94	-4.32	-2.69	0.23
8.88	5.92	-3.19	4.32	10.48	5.15	-4.68	-6.61	2.53	1.47	-0.96	-2.35	0.37
-0.82	3.13	-0.68	2.39	5.07	6.10	-0.47	-3.37	-1.11	0.28	1.20	-1.14	-0.46
-2.46	9.78	-4.36	-1.38	13.45	7.45	-5.24	1.26	-2.12	-0.56	2.15	-6.24	-2.07
-10.07	4.77	-6.83	-1.85	11.44	1.89	-8.10	-5.41	-2.53	-0.38	-1.23	-9.06	-4.99
-9.98	4.45	-1.10	-1.56	10.23	4.96	-3.28	-3.97	-2.40	2.66	-1.31	-6.03	-0.66
-6.96	2.04	-2.69	1.56	10.21	7.39	-3.05	-3.07	0.43	7.46	-1.50	-6.52	1.88
-2.99	5.89	-2.78	5.62	9.08	3.85	1.37	0.13	-3.21	-0.19	-2.45	-1.63	-1.25
-7.27	8.26	-4.83	1.94	10.26	-1.78	-1.25	-2.47	-4.76	6.46	3.57	-5.98	-6.55
-9.64	-2.03	-4.06	-3.38	2.63	1.30	-2.13	-3.99	-1.57	-1.26	-3.24	-2.98	-2.08
-8.71	0.35	-3.10	-0.19	7.98	-1.78	-1.85	-4.52	-0.01	6.46	2.64	-1.86	-0.46
4.38	-1.96	-4.29	-0.89	11.85	4.10	-0.85	-1.47	0.65	6.95	-0.14	-4.44	-1.41
13.47	-0.90	-4.94	-0.67	7.98	-1.79	-5.81	-4.09	-7.25	5.39	-1.13	-3.78	-1.57
17.68	5.57	-2.73	1.68	10.68	-0.92	-4.01	-4.94	-4.76	4.13	0.84	0.36	-1.39
14.10	-4.80	-7.57	2.70	4.04	-3.54	-7.65	-4.14	-1.81	6.83	5.50	-1.43	-5.94
11.00	-5.82	-7.69	2.05	1.21	3.72	-5.11	-1.52	-2.40	0.79	-0.55	-1.79	-0.75
21.12	-0.60	-3.65	2.50	0.34	3.45	-3.30	0.63	-0.55	0.24	-0.05	1.09	-1.88
4.89	-6.44	-0.20	0.44	-0.00	0.44	-5.36	1.25	5.70	0.08	-3.94	-2.51	0.53
15.94	-4.94	4.73	0.31	-6.55	-1.33	-3.26	4.03	3.45	-2.15	-1.63	-2.92	1.79
4.80	-9.90	-2.96	-3.37	0.49	3.94	-3.14	0.82	4.46	4.35	-3.25	-1.68	-5.17
10.73	-13.79	0.92	-0.40	-3.22	-2.93	-2.05	-0.27	4.69	1.08	-0.39	-3.21	-0.81
9.02	-8.74	-1.26	-1.49	-2.92	4.73	2.57	1.11	3.74	-1.66	-1.28	-0.03	-2.04
4.32	-6.42	-1.24	-0.58	-7.13	3.75	-2.43	-0.75	-3.60	-3.63	-0.83	2.55	2.66
2.76	-7.50	-2.99	5.20	1.30	3.06	-7.30	-5.99	-3.37	-4.76	-3.61	-0.72	0.81
4.47	-10.38	-6.21	-3.12	0.10	4.53	-2.03	-4.07	-3.71	-3.27	-0.92	-2.99	-1.40
5.29	-6.03	-6.24	-2.06	-2.09	5.51	-6.26	-5.41	3.53	-1.95	-3.89	-2.46	-0.52
6.34	-4.89	-9.01	1.40	1.30	1.70	-6.72	-3.15	0.71	2.14	4.68	-1.33	0.51
11.26	2.37	-11.82	0.57	-2.50	-1.93	-4.29	2.52	1.34	1.45	-2.14	-0.60	-0.99
11.39	0.20	-7.65	0.41	1.96	3.98	-6.09	2.48	3.11	-3.00	-4.55	2.85	0.18
15.65	-1.87	-5.99	4.34	2.76	4.10	-6.11	-0.75	2.85	3.27	-2.21	-0.04	-1.14
20.05	-0.17	-1.13	7.53	6.21	9.00	-3.20	-0.59	1.65	-3.99	-3.61	-2.32	-0.33
26.60	3.12	-0.70	4.90	6.31	7.19	-3.43	0.55	4.53	0.89	-8.13	-1.33	-5.29
22.28	0.37	-1.80	6.85	8.01	7.95	-3.24	-1.75	1.96	-1.35	-9.87	-7.89	-3.24
16.43	9.84	0.22	2.58	3.71	2.26	-4.44	-4.79	3.00	5.89	-0.98	-3.70	0.20
0.36	7.80	-0.62	-1.92	-0.80	1.15	-0.17	-1.89	-1.38	-0.26	-0.27	-2.13	-4.05
27.43	0.88	1.79	2.98	1.49	-4.17	-7.56	0.81	3.88	3.68	-1.60	-7.83	-0.22
29.92	2.89	0.76	0.38	1.34	-3.60	-4.75	3.28	0.51	3.13	-2.56	-5.70	-1.79
23.34	-3.10	4.77	1.65	4.45	6.46	-4.53	-0.97	-5.16	0.65	-2.64	-5.91	1.63
28.31	0.11	-1.57	6.11	6.98	1.92	-6.03	-1.00	-1.67	4.13	0.74	-4.67	-2.24
25.98	1.90	0.55	4.88	1.25	-2.85	-2.04	-2.04	0.03	4.19	-0.34	-6.69	-1.89
27.31	0.65	5.36	7.16	2.49	-4.61	-5.09	-3.44	-0.08	1.96	1.94	-5.43	-1.80
14.87	0.91	1.22	8.64	4.18	1.68	-5.03	0.65	-0.00	4.80	3.18	-3.65	-5.38
2.59	5.95	5.80	8.59	5.14	0.77	-2.12	-1.40	-3.67	-2.02	-0.47	-0.77	-2.66
13.26	-2.88	12.25	10.48	-2.28	-3.14	-5.41	-6.98	-4.13	2.51	2.85	-4.96	-3.36
13.06	1.58	9.19	11.41	3.69	3.19	1.10	3.56	0.24	1.15	0.85	-3.85	-2.54
11.08	-3.76	4.72	7.68	0.76	-0.81	2.41	6.19	3.82	2.42	2.29	-3.50	-3.16
9.94	-3.42	2.07	6.48	1.18	1.74	2.63	4.20	-2.02	4.34	4.00	-3.65	-2.96
13.70	3.76	6.88	2.13	-2.60	0.14	-1.30	2.60	-1.25	2.02	4.26	-2.37	-3.12
8.54	3.28	9.76	7.14	-3.25	-4.17	-6.74	-2.22	1.54	2.72	-0.06	-8.06	-8.67
9.73	4.83	5.98	0.45	-5.04	-0.86	-0.32	1.54	1.02	1.68	-0.54	2.07	-1.80
10.55	2.15	10.14	7.79	0.08	1.41	-1.81	2.31	1.18	0.78	-0.87	-2.81	-1.17
0.59	1.80	10.72	16.20	2.28	1.95	5.02	6.07	3.27	2.93	2.96	-3.05	-2.77
4.11	7.47	10.11	12.81	-4.48	-0.27	-4.26	-5.59	-6.58	-2.00	2.48	-2.24	-3.72
9.39	9.27	14.75	12.78	-2.53	-0.95	-3.70	-8.63	-8.81	-3.21	0.47	-1.44	0.05
11.10	8.51	14.41	10.30	-9.42	-8.18	-9.82	-5.62	-4.41	-2.92	-4.41	1.56	0.44
24.91	1.42	0.81	7.93	-5.29	2.59	-4.41	-3.59	-5.43	-3.60	-3.87	-0.81	1.46
31.35	-4.57	-6.35	0.41	-4.18	1.76	-3.28	-2.45	-4.87	-2.99	-3.77	-1.05	-1.74
18.51	5.84	5.82	1.30	-8.94	0.73	-0.15	-1.61	-7.59	-3.04	1.01	-0.50	1.49
-3.71	4.45	-0.30	-3.68	-4.99	-4.85	-6.26	-6.76	-5.34	-5.48	-3.45	0.28	2.51
10.85	3.05	12.73	8.98	-5.80	2.94	-0.51	3.58	-0.44	-0.78	-3.82	1.76	4.14
13.28	2.71	14.60	10.30	-1.52	-1.69	-7.47	-2.74	-1.92	-0.59	-6.82	-0.04	1.92
14.42	0.78	10.36	12.14	-6.91	3.34	-8.10	-4.96	-6.21	2.80	-0.72	-4.24	2.42
16.64	-2.91	7.28	12.25	-3.27	-3.26	-3.64	-0.86	-4.64	-2.19	-2.42	-2.97	2.61
10.50	-0.83	8.77	13.44	-0.27	-4.56	-1.78	1.99	-2.62	0.95	0.23	-5.09	1.47
11.13	-1.08	8.63	4.98	-2.32	-2.31	-3.69	0.27	-4.48	-4.97	-5.04	-3.40	3.33
-2.57	4.36	4.93	2.27	-1.34	-2.12	-5.21	-2.41	0.61	2.80	-1.37	-1.30	1.98



2... 1... GO!
7.53	-0.68	-2.62	-7.87	-5.22	-1.50	-1.33	2.57	1.45	-0.91	6.12	3.17	-1.98
6.53	1.33	-4.18	-7.68	-4.01	2.89	4.35	3.33	1.44	-0.47	1.03	-1.51	-7.28
11.42	2.97	3.15	-4.90	-0.92	0.09	2.63	4.17	0.17	0.32	4.05	-0.32	-5.57
-2.91	4.97	-6.69	-4.92	-7.87	-0.33	0.13	2.24	0.57	-2.25	5.60	0.74	-6.40
1.15	3.91	-5.19	-7.23	-8.74	-1.89	0.07	0.08	-2.19	-2.80	2.42	-1.82	-3.65
5.27	6.76	-3.64	-8.75	-8.14	4.87	0.68	-3.67	3.23	-2.01	5.44	-0.13	-0.36
1.51	3.96	-2.85	-2.58	-0.82	1.10	1.96	-1.05	-0.02	1.77	2.25	3.18	-3.80
10.18	6.40	-3.12	-5.11	-3.43	-0.21	-0.50	1.23	1.91	-0.95	5.53	2.46	-9.76
3.71	-0.12	-5.76	3.86	-3.98	1.75	-5.40	-1.33	0.19	2.88	3.52	2.92	1.49
7.66	-10.80	-5.24	-4.43	-5.26	-3.91	-2.59	-2.84	2.01	2.83	1.57	-1.02	3.54
7.57	-12.68	-2.82	0.74	-1.11	-1.84	-2.97	-0.12	4.16	3.71	5.43	3.57	0.54
6.76	-19.26	-1.71	5.97	-2.21	-1.60	-1.58	1.03	4.20	4.48	1.84	4.30	1.08
9.08	-14.41	4.74	3.27	2.38	0.35	-2.53	5.16	-1.61	-3.05	2.44	5.00	-3.48
3.85	-9.09	0.06	1.98	1.19	0.83	1.20	0.38	1.18	-1.39	1.00	3.21	-2.84
9.98	-7.58	3.41	0.30	-4.09	-1.97	1.42	1.34	-1.14	-3.24	-1.43	0.95	-6.27
16.58	-6.14	0.98	-3.20	-3.25	1.42	2.76	3.08	1.37	-3.12	-0.80	-0.26	-1.53
9.34	1.77	-4.44	-7.85	-7.70	-5.95	-2.55	-2.05	0.55	1.72	1.17	1.99	1.97
1.30	-2.68	-6.58	-4.57	-4.09	-1.87	-1.57	-3.27	-2.60	0.64	-0.92	1.42	-0.65
17.58	-6.24	-5.78	-15.60	-13.94	-3.84	-4.02	-6.00	-3.35	2.79	-0.31	-2.00	-0.96
18.55	-1.50	-3.26	-14.05	-12.58	-2.78	-1.07	-1.77	-2.88	0.04	5.92	2.75	1.22
6.80	0.11	-4.41	-12.40	-10.95	-4.62	-4.09	-6.78	1.20	-0.52	4.15	1.75	1.13
15.30	-3.88	-3.84	-9.17	-8.65	-2.67	0.85	-3.87	0.54	-0.61	2.30	3.41	3.57
15.17	-3.63	-3.55	-13.73	-8.57	1.05	4.07	-3.80	-2.09	-1.86	0.57	1.43	0.81
13.80	-2.29	-5.47	-9.93	-8.83	3.88	7.41	-0.42	-7.82	-0.66	-0.02	-5.69	-1.33
5.22	-4.48	-9.39	-8.85	-9.45	-1.14	0.41	-4.52	-7.32	-1.20	2.53	3.48	3.35
11.66	-2.59	-2.83	-6.81	-7.15	3.15	3.89	-1.14	-2.97	2.39	2.63	-2.15	-4.70
13.63	-3.85	-4.02	-10.73	-9.08	2.98	7.39	0.87	-2.39	-1.45	0.55	1.03	-1.64
6.57	-5.15	3.60	-11.92	-6.31	5.98	4.00	1.32	-1.30	-3.85	0.89	-4.15	-0.35
6.43	1.43	1.49	-16.72	-16.38	-1.62	3.83	2.45	-0.01	-2.21	3.34	-0.54	-0.54
10.93	0.77	1.99	-16.66	-14.70	3.33	5.04	4.09	4.10	-1.72	6.85	3.06	2.51
8.44	2.47	7.07	-10.53	-12.98	-4.82	-2.60	0.28	2.47	-2.34	1.61	2.34	2.68
9.70	5.89	7.97	-14.64	-6.17	-0.45	-3.17	-4.22	1.12	2.76	2.47	-5.86	-3.52
10.95	4.71	7.08	-14.86	-12.10	1.38	0.15	-3.19	1.00	-6.21	0.03	-0.71	-6.30
2.39	-0.45	3.50	-13.15	-5.21	7.19	-0.60	-2.58	1.10	0.02	0.01	-6.26	-4.93
7.04	6.13	5.81	-16.37	-10.09	3.82	2.46	1.35	2.38	-2.26	4.01	-3.13	-1.76
6.95	6.69	6.20	-13.53	-6.30	4.05	2.96	0.63	-1.58	-1.45	3.34	-4.47	-5.96
4.65	-2.42	6.29	-8.78	-8.55	4.23	6.46	-0.30	1.01	-1.57	-2.96	-5.49	-1.96
1.05	8.43	0.75	-9.43	-8.59	4.53	2.09	4.22	-2.47	-1.68	1.74	-0.91	-5.41
3.33	3.34	3.67	-10.17	-4.92	1.97	-3.68	0.40	-1.99	0.12	2.19	2.72	-0.85
-6.13	1.59	4.34	-3.07	1.08	3.68	6.54	1.59	-1.57	0.56	-0.02	-0.67	-1.41
-7.82	-4.34	-10.48	-5.28	-4.03	1.64	6.98	3.83	-0.64	-2.14	0.16	-2.44	-4.26
-2.72	1.92	-1.01	-2.75	-2.81	1.57	4.29	4.56	1.10	0.78	0.18	-0.67	1.82
-7.82	-3.52	-3.80	-1.58	-4.16	0.95	1.18	3.42	-3.83	-1.23	-0.83	-2.94	-7.60
-2.13	5.00	5.79	4.59	-2.76	4.61	-1.04	9.28	4.25	-0.04	-0.82	-1.48	-3.78
-6.18	-5.64	25.46	-1.80	-5.93	6.70	-2.53	7.71	6.43	0.04	-0.45	0.42	3.43
-9.56	-4.67	15.87	0.00	-3.17	4.67	0.64	8.64	7.44	-1.02	-4.64	-1.84	3.63
-13.22	-11.15	33.74	2.31	-9.28	8.05	0.80	9.52	6.98	-4.90	-4.28	-0.52	3.69
-12.20	-17.82	35.20	-3.91	-4.18	10.64	-4.58	8.89	9.09	-0.00	-0.26	0.40	3.99
-13.72	-12.64	11.08	2.49	-0.48	1.34	-2.61	4.45	4.97	2.15	0.09	5.09	3.41
-2.85	-25.65	34.13	-1.00	-5.29	9.81	-8.00	5.85	5.95	-4.74	-0.79	0.87	3.27
-10.11	-32.48	41.30	0.82	1.87	12.59	-7.43	10.33	5.30	1.86	-2.25	1.69	-3.54
-1.79	-32.36	40.66	2.02	1.97	6.89	-8.43	4.83	3.23	1.57	-4.90	2.96	-4.89
-1.24	-31.21	38.40	2.26	5.11	4.75	-7.51	2.33	2.84	-0.75	-6.17	0.85	-8.51
1.34	-30.51	34.12	2.90	1.56	1.67	-12.35	-0.65	2.85	-4.71	-5.28	-1.61	-7.72
2.25	-27.89	29.74	-1.80	3.89	-4.09	-13.35	-6.64	0.86	-5.68	-5.93	-1.45	-9.09
10.17	-30.05	28.41	-6.43	3.75	-7.23	-14.14	-9.22	1.29	-6.41	-2.26	-0.18	-10.11
-5.02	-14.37	0.11	1.22	-4.17	-5.09	-10.17	-6.96	-4.32	-3.43	2.83	1.33	-6.11
7.00	-25.55	17.17	-8.16	1.38	0.62	-9.71	-4.43	-0.75	-5.80	1.10	-0.90	-4.95
17.38	-31.22	27.27	-12.40	2.08	4.12	-14.21	-4.47	-9.79	-0.82	2.95	3.51	-6.28
23.33	-29.21	29.20	-13.83	-0.53	5.38	-11.84	-2.79	-10.67	-3.99	4.75	1.59	-7.44
17.93	-26.23	31.55	-14.47	2.71	10.09	-6.41	-0.84	-10.87	-8.51	4.41	-0.01	-9.41
4.02	-23.00	30.62	-16.62	6.70	18.94	2.04	6.39	-0.43	-5.44	3.39	2.99	-8.11
7.56	-21.63	35.06	-18.32	6.11	24.13	-0.66	5.02	-2.19	-6.93	4.42	4.39	-5.31
4.02	-16.81	32.84	-14.91	3.15	23.53	0.18	5.49	-1.52	-8.08	7.02	2.39	-5.76
-28.75	-4.18	20.07	-5.15	7.87	21.06	3.74	1.63	-0.50	-5.30	3.51	4.31	0.11
-7.62	-4.30	17.46	-6.38	-3.72	13.64	-3.56	0.66	2.97	-6.15	1.92	2.23	-1.68
5.21	-18.01	36.19	-17.61	-0.62	26.73	2.01	6.67	-2.95	-8.74	3.04	3.48	-2.69
1.77	-21.68	33.83	-15.25	-0.87	23.72	3.21	9.04	0.72	-8.61	1.75	5.18	0.32
8.89	-22.53	36.57	-20.46	-2.16	26.23	0.46	8.00	-0.07	-6.96	-2.45	3.11	-0.78
7.02	-22.76	33.25	-15.45	-6.90	21.06	4.30	8.41	3.09	-9.66	-0.26	3.98	-1.13
16.55	-26.28	23.00	-6.88	-9.93	17.52	-3.38	6.76	-1.77	-9.64	-0.03	5.10	-5.14
28.07	-29.18	29.44	-13.59	-7.33	15.38	-5.54	5.80	-5.73	-11.51	3.12	0.11	-2.03
7.73	-8.23	6.11	-2.18	0.89	6.07	-1.09	-0.43	-1.43	-6.59	-2.05	-0.63	-4.20
13.78	-2.72	18.93	-13.12	-8.76	5.94	2.76	7.44	-4.92	-12.12	-3.47	-2.22	-3.24
30.10	-9.44	25.95	-10.21	-9.84	3.55	2.39	10.40	-0.75	-2.92	-3.40	-5.07	-4.72
34.95	-9.91	33.86	-11.74	-10.63	2.82	2.36	12.01	-1.94	-2.25	-2.21	-6.24	-4.49
33.94	-8.26	37.65	-13.48	-11.27	0.54	3.50	14.46	0.15	0.38	-1.43	-6.67	-5.76
27.58	-1.40	31.21	-9.14	-14.23	-0.11	1.78	12.24	2.38	2.20	1.40	-2.30	-5.20
27.36	1.59	29.89	-7.27	-15.38	-0.64	-0.50	10.08	4.92	2.38	2.38	-2.00	-3.20
18.32	7.38	23.89	-4.16	-11.60	-0.21	-0.76	6.89	4.31	2.68	3.42	-1.21	-3.17
-3.33	4.86	3.08	1.32	-0.12	1.29	0.79	1.89	1.62	1.27	1.74	0.46	0.16
7.57	8.64	8.25	-0.69	-3.78	0.15	-0.26	2.46	3.27	2.85	1.89	1.24	-1.71
15.93	14.10	13.07	-5.56	-5.38	-3.23	-3.11	4.70	2.04	4.89	2.89	1.14	-0.10
41.75	-11.31	-4.57	1.84	-8.08	0.05	-2.07	2.15	2.08	0.70	-0.46	4.20	7.31
32.92	-0.19	-3.22	6.05	-0.07	3.14	1.79	0.93	-1.33	-4.21	-2.59	-3.43	1.02
44.58	14.34	-2.03	-3.25	-4.80	-0.52	-1.87	1.65	-0.05	-5.69	-2.43	-1.49	0.72
21.12	4.18	5.46	3.30	5.43	2.86	-4.32	6.18	5.77	1.39	3.45	-0.76	1.02
17.29	10.79	3.27	3.38	3.14	1.95	0.64	1.35	-0.19	3.30	4.71	0.86	-0.57
18.11	8.71	7.77	7.21	2.55	-1.83	-6.39	5.68	2.80	-1.92	0.81	0.93	2.43
12.36	8.37	7.48	10.10	2.72	-2.86	-2.43	5.07	1.46	-3.05	-4.81	-2.99	0.78
-12.24	0.37	1.05	2.77	0.88	1.48	1.09	2.44	-0.54	-0.44	-0.31	1.25	-0.94
-13.78	1.04	6.65	6.42	3.93	2.19	-1.03	2.63	0.52	-4.36	1.60	-2.35	-5.46
-9.53	0.46	1.92	5.17	1.04	1.72	-1.05	4.20	-0.49	-0.07	-2.09	-0.56	-0.65
-10.39	0.10	7.48	10.16	-0.09	-0.95	0.18	3.24	5.18	1.65	1.79	1.09	-2.15
-14.75	-2.77	2.65	4.47	-2.20	-0.91	1.26	-1.10	1.85	3.29	0.32	1.75	-0.94
-8.96	0.20	2.82	4.14	-1.43	-0.79	-2.53	0.64	-0.38	-2.02	-3.37	-0.77	1.16
-11.32	-3.22	0.08	2.45	-1.54	1.56	0.61	2.37	2.09	1.03	0.84	1.18	-2.18
-8.21	2.15	3.20	1.53	0.77	3.04	-1.09	0.42	-0.00	-3.37	-3.74	-2.19	-1.91
-11.23	-1.20	-0.42	2.79	1.32	0.69	2.08	3.88	1.30	1.53	3.61	2.35	0.33
-12.89	-3.28	-1.90	-0.79	-1.38	1.16	0.51	1.45	2.87	1.80	1.03	-0.63	0.45
-9.47	-2.49	-0.94	-0.93	0.14	2.78	1.33	2.13	1.44	-0.03	2.79	3.36	1.12
-9.75	-2.23	0.16	-0.48	0.64	3.10	2.83	1.61	-0.11	1.11	-0.20	0.89	0.14
-10.38	-5.14	-1.36	1.26	0.16	3.53	2.25	-0.34	-0.44	-0.97	-0.44	1.38	-1.34
-10.68	-2.86	-2.43	1.89	-0.10	1.13	-0.30	-1.14	0.61	-1.27	1.14	-0.86	-2.08
-6.73	0.30	-1.54	-0.18	0.72	1.58	-1.38	-0.79	-1.18	-0.30	-0.05	-1.80	-1.23
-10.54	-1.62	-2.49	0.62	0.66	1.93	0.61	0.92	-0.68	0.09	0.96	0.48	1.00
-1.71	1.81	0.29	-0.94	3.01	2.93	-0.38	-2.32	-2.46	-3.62	-2.24	-1.57	-2.68
-2.95	7.11	3.45	3.14	0.67	0.50	-1.13	-0.85	-1.08	-3.56	-3.66	-4.85	-1.70
0.51	5.22	7.27	4.09	0.94	0.76	-0.90	-1.07	-1.01	-5.94	-4.63	-2.65	-1.83
3.96	5.20	2.35	-2.32	-2.57	-1.27	0.00	3.37	1.31	-3.34	-5.29	-3.65	-0.12
-0.08	2.54	0.37	-5.12	-4.98	-1.44	-1.21	2.00	2.77	0.97	-1.56	-0.66	2.95
7.63	6.32	3.26	-0.83	-4.39	-4.30	-1.80	3.03	1.71	-0.81	0.10	-0.07	-1.35
9.96	10.43	1.91	-2.38	-7.85	-5.24	-2.96	-1.09	0.20	-3.02	-2.21	0.27	2.98
11.89	9.66	4.56	-0.80	-5.17	-3.40	-4.74	-5.82	-3.16	-3.67	-4.17	0.15	4.28
-7.65	-0.89	-5.45	-5.81	-6.28	-4.72	-4.00	-3.01	-3.03	-3.37	-4.58	-4.50	-2.96
-2.66	0.75	-4.59	-5.52	-6.00	-4.53	-4.00	-2.94	-3.43	-3.35	-1.76	0.50	0.54
16.11	10.27	1.56	-9.03	-9.73	-5.27	-4.26	-2.83	-4.57	-9.56	-8.46	-5.49	-6.21
16.66	15.38	2.86	-6.78	-5.74	-5.04	-1.78	-0.29	-2.62	-4.88	-3.59	-4.98	-4.89
18.84	10.07	4.78	1.79	-3.70	-2.23	-5.55	-0.89	-2.09	-3.61	-1.71	-0.56	-0.79
17.66	8.82	1.94	2.13	-3.05	-4.21	-2.95	-2.08	-2.56	-2.30	-1.88	1.03	-2.83
12.82	5.98	-5.57	-9.49	-4.44	0.94	3.61	6.76	2.07	-1.50	-1.48	-2.16	-4.58
12.44	8.36	-2.64	-1.75	-2.49	-0.88	1.15	3.48	-3.72	-3.25	-7.28	-2.24	-2.48
-4.28	5.19	-2.42	-5.66	-6.52	-0.06	3.10	0.27	-3.96	-2.73	-1.57	-0.59	0.49
-7.21	-3.45	-0.94	-3.23	-6.34	-3.66	0.23	0.15	-1.36	0.60	0.81	0.07	0.14
0.10	-5.43	10.56	10.28	-2.82	-3.19	3.56	-2.69	-0.04	-1.62	-1.01	1.71	2.79
=== END OF SAMPLE ===
Next sample in: 3... 2... 1... GO!
3.92	4.47	-4.49	-11.76	-3.65	-1.48	-6.38	-9.33	-0.64	5.60	7.59	0.09	-1.46
-1.95	-0.49	-5.70	-0.12	4.23	-0.66	-7.93	-8.41	-3.95	4.65	7.79	-0.59	-3.42
-5.08	1.74	-7.61	-6.57	7.15	3.71	-8.41	-5.22	-3.15	0.69	6.67	0.46	-3.19
2.54	-0.44	-0.53	-2.24	4.81	0.96	-8.27	-6.37	-1.97	2.15	6.51	-3.24	-7.34
0.61	-2.49	-2.03	-2.32	4.93	4.07	-2.28	3.14	7.50	5.28	7.76	-2.02	-3.66
-3.49	-3.01	4.23	4.64	7.68	6.64	0.07	1.96	-5.28	2.95	4.25	0.21	1.70
1.57	3.27	5.77	-3.37	3.68	4.07	-7.29	-4.91	0.80	3.68	-0.44	-3.14	-1.35
5.60	0.78	4.05	0.15	-2.25	3.07	-7.18	-2.74	2.73	3.37	1.00	-4.24	-2.30
-6.49	-2.23	1.00	3.47	2.41	-3.88	-5.53	-2.24	0.74	2.26	0.23	-2.33	-2.49
0.16	-2.75	4.82	1.61	1.95	-0.25	-3.79	-2.98	-0.79	0.66	7.77	5.62	-0.32
3.92	-3.59	4.53	2.43	-1.01	-2.57	-1.92	2.00	5.89	4.69	2.77	-2.96	-4.52
-1.21	-0.88	4.37	-0.92	-0.26	-1.27	-4.93	0.27	1.59	-0.00	1.16	-5.79	-5.49
-4.19	-0.92	2.15	-0.93	-4.44	-3.37	-2.38	-2.99	-4.29	-2.44	3.01	-4.54	-2.05
-2.17	4.99	2.66	-1.51	-5.05	1.62	-1.19	-4.34	-3.24	-3.35	5.11	-5.56	-0.33
-3.40	3.60	5.37	-4.14	-3.91	0.53	-3.67	-4.54	1.44	-1.50	6.23	-1.33	-4.92
-5.60	0.71	1.34	-5.35	-3.97	3.17	-5.31	-4.93	-2.25	-2.14	4.33	-4.10	-2.85
-12.15	-1.55	3.01	2.08	-4.32	-1.07	-2.36	-3.08	3.55	1.75	4.37	4.10	1.74
-5.02	-1.80	-2.95	0.23	-2.35	1.53	0.64	-2.03	-0.44	-0.01	-0.88	0.23	-1.52
-6.55	0.47	1.27	-1.58	-4.41	4.91	-0.42	-4.88	-3.60	-3.69	-0.19	-1.24	1.30
-10.82	-3.32	-1.27	-0.78	-1.11	3.83	0.71	-1.83	-0.22	-1.95	-4.42	-0.49	1.83
-10.09	3.14	5.08	2.55	-1.14	4.52	3.13	0.11	-0.06	-4.37	2.46	-0.29	4.43
-10.53	0.55	5.70	2.01	-2.91	6.08	1.68	-1.09	-2.24	-2.95	6.43	2.09	2.23
-10.73	3.61	-1.79	1.01	-4.12	6.64	1.85	0.60	-1.05	-3.83	2.99	4.40	5.88
-13.92	3.42	0.73	-1.40	-5.44	2.51	-0.41	-2.57	-0.02	3.28	4.96	0.38	2.42
-10.19	-4.59	1.53	-3.73	-4.03	0.97	-0.81	-5.17	-3.17	-5.68	0.38	-2.06	-0.77
-13.24	7.39	4.88	-0.61	-6.98	0.58	2.00	-3.03	-6.37	-4.38	3.26	-0.01	-2.10
-17.14	-5.70	-0.31	0.40	0.33	8.99	8.20	5.95	-3.83	-5.64	0.79	2.15	-5.41
-9.03	2.68	8.18	6.31	-2.41	-0.78	3.21	-0.35	-5.63	-3.79	2.00	3.90	-0.33
-2.16	-1.34	1.63	1.68	-3.30	1.00	1.24	2.17	0.33	-0.95	1.61	3.17	-0.79
-1.80	-4.01	0.55	-1.40	-2.98	5.30	-0.55	1.73	-2.07	-7.82	-3.24	-0.01	-2.37
-2.98	1.76	4.89	7.21	-4.22	-1.78	-1.17	3.41	2.10	0.29	0.66	-2.79	-2.91
-4.68	-3.64	7.90	3.00	-2.42	-2.42	-1.94	6.61	3.60	-3.89	0.66	-5.55	-4.71
-3.53	-0.02	4.13	2.13	0.04	-0.59	-1.42	-0.15	-1.09	-2.80	-0.05	0.18	-2.50
-3.01	0.34	5.30	7.21	-0.89	0.11	1.25	-1.33	-0.71	-3.55	0.65	-1.57	-1.02
1.86	-0.55	-1.93	5.56	4.88	7.11	5.70	2.78	-0.16	-5.90	-4.78	-2.32	-4.62
0.60	2.68	2.82	3.21	2.83	6.35	3.69	-3.69	-1.19	-0.37	1.17	-2.32	-3.12
1.16	-2.85	2.20	0.86	3.00	3.98	1.97	1.75	0.01	2.41	3.31	-0.03	-3.05
-4.58	2.36	5.40	3.13	1.16	1.12	0.57	0.56	-0.72	0.53	3.69	-0.05	-0.15
-4.62	-3.07	-0.78	5.08	-0.24	3.12	6.64	3.10	1.28	3.03	0.45	0.12	3.67
-17.63	-9.69	7.99	3.80	-1.03	2.17	-2.63	7.02	-0.36	-7.70	0.47	-3.12	-1.47
-5.23	-7.73	5.80	6.31	-1.04	-1.74	-4.62	2.09	-2.56	-6.50	5.40	1.16	-1.41
0.98	-5.63	5.48	8.88	-0.49	-2.28	-2.71	-0.55	-2.44	-2.05	0.89	2.99	-4.00
-21.23	-10.42	25.26	2.56	-0.52	7.01	0.88	9.29	5.11	-0.37	2.37	1.59	3.14
-15.39	-13.90	22.41	7.15	-0.69	5.91	-1.57	4.70	1.77	-3.28	3.30	2.21	1.39
-10.79	-19.52	35.93	7.62	-3.61	7.77	-5.74	14.39	1.99	-0.96	2.43	2.11	3.87
-13.13	-18.18	37.56	5.31	-4.34	9.59	-8.57	14.31	1.78	-0.46	3.37	0.80	5.32
-6.37	-21.09	38.08	4.20	-1.53	8.36	-7.12	12.06	1.82	-2.53	1.73	-1.04	2.95
-3.60	-20.46	35.72	2.90	3.22	5.38	-7.78	6.18	0.75	-1.39	-1.03	-3.33	-1.46
-3.90	-23.70	30.28	4.74	3.37	6.27	-15.60	5.72	0.69	-2.31	-5.07	-5.39	-4.74
0.77	-23.06	25.71	2.90	3.76	-0.48	-17.27	0.60	0.29	-5.78	-1.16	-2.09	-7.27
-8.87	-18.58	18.12	1.87	-2.57	-3.66	-17.51	-4.19	-2.09	-5.13	2.64	-2.46	-6.18
-1.36	-12.00	12.36	-3.33	-6.36	0.30	-11.93	-5.77	-2.52	-3.53	6.15	1.09	-4.71
11.79	-27.99	23.27	-14.01	-2.33	-2.38	-13.57	-7.18	-8.25	-3.45	5.87	4.30	-8.93
12.58	-29.25	24.70	-15.12	-1.23	-1.74	-15.92	-7.16	-11.62	-1.90	6.23	4.85	-9.88
13.07	-29.38	26.80	-15.15	-0.20	-1.30	-15.63	-7.05	-12.13	-2.93	6.88	2.40	-9.72
13.14	-28.16	28.43	-12.74	0.46	1.54	-11.80	-5.41	-10.42	-3.99	7.79	-0.87	-10.39
9.54	-25.83	31.15	-11.44	5.11	7.60	-4.80	0.57	-7.90	-3.62	8.01	-2.90	-11.07
-1.63	-18.28	31.61	-12.43	9.33	14.75	-2.29	5.63	-7.37	-4.69	10.41	1.69	-8.32
-12.36	-7.43	21.89	-13.29	-1.79	18.74	-1.23	5.00	-3.63	-6.04	12.66	2.22	-4.23
-9.70	-8.18	25.16	-6.33	4.47	18.47	-0.63	2.49	-4.45	-4.22	9.64	-1.97	-7.39
-6.14	-17.74	33.90	-12.01	8.03	21.03	-0.23	3.04	-5.38	-5.18	13.26	2.05	-8.69
-3.94	-20.34	36.48	-15.52	8.25	22.73	-3.25	4.14	-5.99	-4.73	11.26	3.59	-5.46
-3.49	-20.05	32.48	-14.01	4.66	22.87	-4.27	5.26	-4.19	-3.68	11.15	2.45	-4.98
-8.96	-16.69	29.85	-12.50	3.81	24.53	-4.42	2.60	-4.65	-5.74	9.64	1.77	-2.92
0.43	-20.06	32.12	-17.37	2.61	23.54	-5.82	5.66	-6.07	-4.74	6.64	2.08	-5.04
3.74	-21.20	32.12	-16.10	2.13	24.05	-5.51	5.87	-6.23	-5.08	6.54	3.14	-3.36
-9.50	-15.63	4.45	-8.18	-4.28	1.26	-5.77	0.50	2.28	-1.08	2.21	-1.05	-1.21
-17.38	-7.72	19.71	-0.95	6.70	14.58	-2.30	-1.25	-5.30	-9.63	3.19	2.63	-2.27
17.91	-19.69	23.07	-5.50	-7.54	14.77	-3.40	1.38	-7.87	-8.64	3.71	-0.94	-4.76
22.74	-14.27	23.93	-9.96	-6.17	11.51	-3.52	2.71	-11.47	-6.78	0.20	-0.79	-2.28
17.79	-9.06	23.60	-10.47	-6.38	11.82	0.47	4.31	-13.74	-10.57	-2.12	-2.74	-0.13
15.69	-11.63	27.19	-11.44	-12.21	13.99	-0.36	10.14	-10.03	-9.22	-5.60	-4.24	-3.57
16.57	-8.87	28.96	-12.24	-10.55	8.63	-0.19	8.83	-5.22	-6.24	-3.24	-3.01	-4.59
22.71	-8.86	29.50	-13.09	-11.09	5.82	0.72	10.03	-3.02	-4.54	-2.42	-5.11	-4.20
-4.84	1.38	2.95	-0.47	-2.40	-0.40	-1.06	1.61	0.39	-1.53	0.07	-1.98	-5.84
10.47	-0.61	16.06	-5.82	-8.86	6.41	3.08	6.37	3.55	0.55	3.31	-0.72	-3.93
18.12	2.12	31.32	-8.99	-13.29	0.38	-4.73	6.54	0.53	4.18	9.03	1.22	-1.89
15.65	4.27	36.94	-6.79	-13.53	0.55	-3.58	8.15	2.56	6.94	12.47	2.80	-3.09
24.40	0.83	40.24	-7.71	-12.34	4.80	-6.02	6.50	0.77	5.74	8.59	0.66	-2.57
25.57	6.32	36.13	-8.20	-12.06	1.91	-4.39	3.19	0.58	2.27	8.66	2.23	1.86
22.26	18.00	22.70	-5.32	-6.25	4.84	-4.91	-1.30	1.23	4.29	9.94	2.89	-0.24
23.61	19.72	23.59	-3.70	-4.97	5.54	-7.81	-0.30	1.06	2.46	10.47	4.06	1.54
22.03	22.22	19.57	1.82	-3.40	3.95	-4.03	0.79	-3.20	0.71	10.83	5.03	1.06
22.27	22.26	11.80	6.06	-2.95	-1.16	-0.68	-2.78	-1.62	0.81	6.57	2.83	-0.70
2.75	10.83	6.59	3.86	-1.17	-1.09	-2.92	-1.77	-0.93	0.43	2.13	2.24	1.69
11.08	13.19	3.35	3.52	-4.00	-2.11	-3.84	0.80	-0.97	-1.17	4.59	3.02	-1.04
8.11	10.91	3.53	5.41	1.46	-0.75	1.05	-2.88	1.31	-0.65	1.62	1.29	2.88
-0.20	5.59	-0.32	5.68	-2.57	-2.62	0.52	1.24	2.78	-2.46	3.52	2.76	2.87
5.22	3.69	-1.20	7.45	-0.84	-2.60	3.79	0.55	-2.53	-4.75	1.31	3.25	2.64
15.41	15.80	10.60	9.10	3.72	2.92	6.34	2.06	-0.40	-0.17	-0.15	-1.04	-0.36
16.49	15.28	4.44	1.74	-1.23	-0.74	1.86	1.79	1.33	-0.96	-1.19	-0.08	0.07
25.42	16.88	6.59	4.07	0.79	0.98	2.43	0.36	0.43	-0.34	-2.30	-1.33	-1.48
12.45	8.65	3.27	2.16	-1.67	-3.39	-1.00	-0.49	0.40	0.21	0.67	0.87	1.37
23.32	14.13	4.46	3.26	2.79	0.30	3.21	5.26	5.50	-1.40	-1.31	-2.85	-4.01
8.80	5.98	-1.47	-0.94	-1.16	-2.05	2.08	1.76	-0.44	0.36	-0.23	0.08	-1.19
-11.36	-1.29	-0.72	1.12	2.63	3.62	2.88	2.10	1.46	0.71	-0.17	-0.92	-0.91
1.35	1.27	-7.93	-1.69	-4.69	0.15	0.01	2.69	0.60	0.09	3.31	-2.66	-6.52
4.52	2.15	-6.02	-3.38	-1.03	2.48	4.51	1.84	0.13	2.44	-0.48	-3.94	-5.52
3.48	4.49	-3.49	-1.00	-0.43	3.06	2.42	0.21	-3.73	-1.67	1.00	-3.21	-4.97
3.26	6.90	-0.47	0.08	-1.26	-1.33	-2.60	-4.17	-3.44	-2.91	-0.64	-2.39	-3.65
4.51	4.33	-1.30	0.58	-0.43	1.70	-2.08	-6.42	-4.06	-1.54	-2.26	-4.09	-6.42
6.99	6.81	-2.43	-3.06	-4.07	-1.24	-1.01	-4.87	-5.18	-2.41	1.42	-0.55	-3.10
-6.46	0.38	-0.83	-1.43	-0.88	1.51	1.71	2.20	1.19	1.40	0.75	-0.22	-1.15
-4.53	-1.64	-5.21	-4.64	-2.77	2.32	2.79	1.72	3.09	4.93	2.88	-1.32	-6.06
2.74	-0.92	-6.47	-5.02	0.01	0.28	-3.68	-3.66	-1.29	3.08	7.89	3.47	-1.62
2.31	-3.63	-13.84	-9.06	-1.43	1.76	0.82	-3.29	-5.21	-0.35	4.81	3.47	-1.59
3.19	3.90	-6.20	-6.09	-4.69	-3.81	-4.55	-4.41	-2.52	1.52	2.84	-0.21	-1.88
2.33	-0.47	-8.67	-2.52	1.91	2.60	-1.09	-2.52	-3.04	-4.56	-1.00	-0.09	-1.73
3.03	-3.20	-7.72	-5.51	-1.97	-1.02	-4.29	-3.60	0.92	-0.10	4.79	5.04	-1.15
-0.01	-2.44	-6.40	-7.68	-5.21	-0.13	1.58	3.57	1.44	2.12	9.23	5.19	-1.99
-8.09	0.06	-1.02	1.73	-0.29	-1.24	-3.05	-1.16	2.72	2.81	4.45	0.09	-3.84
-6.46	-1.12	-1.77	-1.00	-2.54	-0.85	0.42	-1.27	-1.06	-2.14	-0.03	1.38	-0.62
0.96	-6.52	-9.96	-5.16	-0.95	3.00	-0.41	-2.94	-3.07	1.87	4.83	3.94	-3.17
2.04	-3.59	-7.09	-4.96	-3.11	-5.86	-1.73	-0.38	2.80	1.09	4.64	4.41	-0.66
0.47	-7.26	-10.96	-8.28	-5.79	-1.81	-0.06	-1.85	4.42	0.16	6.86	8.32	5.71
-1.02	-5.00	-3.83	-3.61	-1.96	1.78	-0.47	-2.24	0.36	-1.35	1.14	1.15	0.43
1.75	-4.83	-4.58	-3.03	-1.70	3.01	2.66	0.30	-1.82	-0.45	3.50	4.97	-2.06
-3.38	-3.82	-5.87	-6.01	-0.22	3.47	2.05	0.24	0.35	3.14	4.97	3.67	-0.00
-11.13	1.92	-3.17	-1.15	0.01	0.15	1.20	0.45	-0.78	-2.95	0.50	-0.79	-0.73
-13.41	-4.10	-4.41	1.32	-3.38	-3.21	0.33	-1.09	3.04	1.06	2.09	2.92	0.64
-4.52	9.96	-1.18	2.08	1.92	-3.49	0.21	-4.62	0.11	-1.27	-4.05	-0.96	-3.07
-11.89	6.42	-0.32	-3.84	2.97	0.82	4.46	-4.55	-4.72	-3.69	-6.77	-0.03	-2.13
-8.51	7.26	-2.50	-0.10	4.38	1.51	3.46	-3.34	-1.28	-5.15	-6.94	-1.79	-0.90
-7.34	5.89	6.13	-0.86	-1.23	2.25	0.68	-2.75	2.90	-1.46	-4.26	1.71	1.42
-12.11	-5.40	4.12	1.67	-1.17	-1.09	-2.81	-1.76	-0.00	0.84	-0.54	1.17	0.48
=== END OF SAMPLE ===
Next sample in: 3... 2... 1... GO!
-3.69	5.99	7.69	0.95	-3.72	-2.28	-1.97	2.44	6.10	0.07	4.33	0.84	-0.21
-0.75	5.12	7.87	4.76	2.73	2.82	3.66	2.78	-1.60	-2.51	-1.39	-1.03	-2.59
-9.60	-1.47	6.93	6.05	4.13	4.69	4.28	8.29	7.51	3.79	2.54	3.14	-0.67
-2.04	3.20	8.51	5.07	3.74	4.33	3.90	6.53	9.30	5.23	2.50	2.14	-4.34
-0.52	-2.06	3.24	11.25	2.58	0.71	3.89	3.37	5.99	1.46	4.10	1.89	1.13
5.02	1.99	4.59	11.66	0.41	-2.51	7.04	8.42	6.48	1.27	1.74	3.52	-3.57
3.31	-2.47	2.61	8.68	-2.72	-3.54	-0.74	1.25	2.63	-0.36	3.70	4.23	-4.47
-1.66	-4.11	2.00	8.20	-3.53	0.53	6.50	2.08	2.92	0.22	2.79	3.67	-1.61
-1.95	-4.77	3.05	8.92	1.64	1.98	3.59	1.35	3.46	2.52	5.14	4.16	-0.42
-0.55	-1.87	2.56	2.19	4.25	3.62	2.49	4.23	6.09	5.41	2.94	0.21	0.89
-1.52	-7.47	-3.18	-1.49	1.64	1.69	2.11	2.00	-2.17	0.94	1.37	0.45	-1.07
-2.62	-8.79	-4.51	4.62	4.93	4.35	4.05	4.67	5.53	1.26	2.62	3.94	-1.51
6.05	-8.53	-5.46	2.56	-1.41	0.97	0.72	0.44	3.70	0.44	6.26	-1.20	-3.39
10.26	-7.89	-4.43	0.08	1.45	1.75	-4.83	-3.54	2.08	-0.30	-0.52	0.26	-1.10
3.55	-7.66	-7.88	-0.85	1.69	0.97	-2.14	-1.23	5.81	2.95	7.04	4.29	0.39
6.54	-6.63	-3.82	0.52	-0.38	0.66	0.11	-2.26	2.40	0.53	3.41	2.00	-1.86
8.35	-9.71	-7.38	-2.66	-0.81	3.70	-1.08	-3.13	-0.21	1.31	3.00	4.04	-2.56
9.56	-8.25	-4.30	-1.49	1.02	7.25	0.07	-1.99	1.99	3.84	6.91	3.44	-0.82
1.77	-8.47	-3.06	1.96	3.09	8.37	2.28	-4.43	-0.36	4.89	7.60	4.38	-2.60
6.61	-8.08	-5.10	-0.03	-1.94	3.92	2.54	-4.76	-5.09	0.91	5.23	3.15	-4.33
2.52	-1.64	-4.38	1.60	6.10	5.01	1.11	-2.95	1.18	3.56	2.59	-0.02	-2.83
-2.82	-7.80	-6.99	-6.36	-2.81	0.42	-4.37	-9.42	-6.08	0.62	4.82	3.92	-1.96
5.27	-9.52	-11.05	-8.47	-0.57	4.20	-3.42	-6.35	-1.49	5.02	4.98	0.92	-4.24
9.61	-10.56	-11.16	-6.13	-5.70	0.97	-2.53	-3.43	-2.66	3.20	6.15	0.31	-2.54
11.18	-10.18	-8.99	1.46	-4.91	1.77	0.77	-1.74	-2.60	3.37	6.51	0.86	-3.30
11.21	-8.00	-7.23	-3.42	-1.85	0.64	-2.04	-3.28	-2.65	-0.38	4.85	-1.31	-2.98
3.74	-5.70	-12.61	-4.31	-5.05	2.23	2.64	-1.25	-1.80	0.84	7.76	2.49	-0.41
12.62	-3.78	-2.56	-4.34	-3.35	5.19	-1.25	-3.04	-1.28	1.31	5.55	-4.08	-3.31
-1.49	-3.12	-5.89	-3.41	-3.60	1.41	-2.73	-0.24	1.27	-1.87	-0.96	-0.83	-2.83
-4.62	-9.82	-0.64	-7.70	-6.96	3.53	0.02	-0.09	2.77	3.39	-3.61	-4.66	-2.74
-0.83	-7.24	-1.14	-6.54	-4.29	10.01	-0.21	-7.04	-1.14	-1.38	0.57	1.23	-3.38
-7.79	1.77	-7.10	-3.21	5.04	9.04	1.51	-0.80	3.54	4.34	4.42	3.38	-4.14
-19.29	-0.93	-14.23	-9.05	-3.94	4.45	0.28	1.08	5.02	1.76	5.99	6.05	4.84
-18.82	3.95	-3.37	-3.81	0.17	8.26	0.68	-2.55	1.49	-3.27	1.01	0.85	1.38
-8.04	-3.45	16.75	0.50	-0.80	10.29	-0.77	-0.21	2.14	-0.62	3.53	6.53	1.01
-8.63	-11.18	27.54	4.36	-2.78	13.10	0.20	5.03	9.85	-5.43	2.68	4.80	2.19
-10.55	-21.36	38.56	1.38	-1.46	10.87	-7.19	9.60	6.08	-0.45	1.03	3.48	0.43
-17.45	-26.42	44.04	-1.46	-2.67	9.98	-8.26	12.70	8.21	0.75	2.24	5.50	2.63
-1.65	-18.79	26.69	-1.34	3.58	9.37	-1.26	6.10	2.14	-1.29	-0.08	-0.76	-2.07
-24.60	-13.45	30.57	11.70	2.46	3.65	-9.77	-3.94	-1.50	-5.23	-0.25	-1.08	-3.56
3.71	-30.88	35.32	-0.71	2.16	4.11	-12.82	1.28	-0.64	-1.55	-4.47	-1.71	-7.61
0.05	-28.66	30.88	-4.02	7.68	-1.93	-12.28	-3.58	0.06	-0.74	-5.87	0.11	-9.32
5.67	-32.37	28.19	-6.15	5.53	-2.32	-16.03	-4.07	-1.40	-2.01	-5.34	-0.69	-10.26
5.57	-29.49	27.12	-7.04	4.23	-7.47	-17.22	-8.88	-3.01	-3.45	-2.60	0.53	-11.72
4.34	-30.25	25.06	-6.58	2.79	-5.70	-14.76	-6.18	-4.79	-2.23	-0.21	0.70	-9.63
8.45	-32.68	26.58	-6.97	1.32	-5.76	-13.52	-7.54	-5.10	-1.14	1.43	3.46	-7.28
-1.74	-12.44	13.29	-3.11	-4.34	0.13	-9.49	-6.36	-1.97	-1.13	4.56	2.15	-6.13
-5.13	-10.33	6.83	-4.30	-6.61	1.97	-6.02	-2.48	0.26	-1.74	5.04	2.87	-3.80
16.48	-30.87	28.59	-5.04	-1.74	3.99	-15.08	-4.14	-7.97	-2.55	4.09	-1.02	-8.10
6.44	-26.36	26.34	-0.98	-0.32	7.73	-11.29	-4.92	-6.66	-5.32	6.36	-2.98	-12.39
-3.11	-16.99	22.80	2.28	1.97	11.77	-4.10	-3.32	-1.77	-6.60	9.46	-0.17	-8.53
-7.97	-14.27	20.40	-2.69	0.25	16.81	-0.14	-1.17	-2.31	-3.45	11.06	2.38	-5.47
-9.90	-16.42	29.19	-7.32	-1.49	21.66	0.42	0.42	-2.28	-3.09	13.78	0.47	-7.12
-10.69	-17.13	29.14	-4.88	0.28	21.00	-1.16	1.08	-2.72	-3.28	10.09	3.95	-7.81
-15.15	-10.53	23.52	-0.97	4.06	22.67	-3.62	-3.48	-0.07	-4.10	11.74	6.50	-5.80
-11.59	-9.41	21.71	-5.13	5.49	19.55	0.98	1.49	-2.43	-2.19	8.57	2.51	-8.28
-3.37	-23.03	30.63	-7.88	1.23	25.35	2.09	1.25	-4.78	-6.40	13.54	4.56	-5.71
-3.87	-24.99	29.15	-5.60	-2.16	23.69	1.94	2.57	-4.86	-7.01	11.42	5.64	-5.39
-4.25	-23.57	27.84	-5.44	-4.15	20.77	4.43	-0.22	-1.95	-10.24	13.30	3.56	-5.30
-4.22	-22.94	29.74	-7.27	-6.12	20.68	6.39	1.07	-7.55	-7.66	11.10	5.00	-8.50
-1.75	-23.79	29.96	-5.99	-8.45	18.10	7.67	1.55	-6.41	-9.32	11.54	4.32	-7.13
-0.45	-25.75	32.97	-2.28	-9.30	20.55	7.30	7.58	-7.77	-9.48	8.64	6.23	-4.69
9.76	-8.78	16.95	-4.55	-4.85	6.77	0.36	-3.08	-10.39	-13.78	2.62	3.25	-2.13
-7.23	-7.40	13.44	-1.27	-3.95	10.64	2.04	-1.16	-5.09	-10.75	-2.61	-0.96	-4.06
26.28	-13.61	24.14	-12.26	-8.30	10.10	-2.99	5.07	-10.75	-9.51	-0.98	-1.38	-1.52
20.98	-6.87	23.81	-13.30	-9.67	10.27	1.82	5.41	-7.43	-13.62	-5.91	-3.53	-3.58
21.59	-5.96	23.52	-10.56	-10.86	7.90	0.88	6.55	-4.02	-10.61	-6.07	-2.17	-4.44
24.25	-0.75	19.37	-11.16	-10.72	4.00	2.20	8.43	-1.51	-7.53	-5.97	-2.21	-4.82
20.41	3.93	19.83	-9.76	-11.33	3.80	1.57	5.58	0.25	-5.90	-2.80	-2.56	-4.56
24.86	2.28	26.40	-10.38	-10.55	2.66	1.33	8.25	0.18	-2.98	-2.99	-3.94	-7.08
-5.24	1.93	-3.29	-1.62	1.88	2.29	2.98	5.13	2.02	-1.24	-2.28	-3.14	-3.75
0.78	5.63	3.81	1.14	-3.24	-1.21	-0.59	-1.96	-1.72	-0.45	-0.24	-0.35	-0.40
17.69	13.27	25.32	-1.86	-11.27	-0.85	-1.94	8.89	4.68	4.80	8.24	3.45	-5.27
23.22	12.98	32.22	-3.50	-13.99	0.79	-5.91	9.82	1.38	5.17	4.93	2.15	-3.08
26.74	17.02	33.26	-4.71	-13.74	-1.35	-3.84	4.69	4.93	3.07	8.37	-0.35	-0.73
17.58	19.45	15.50	3.84	-3.76	-3.81	-1.94	0.89	3.91	4.15	4.58	3.77	1.16
19.16	16.86	17.72	8.80	-2.08	-5.15	-1.05	-0.16	4.61	4.79	3.38	2.61	3.70
13.90	17.40	18.35	7.36	0.82	-1.92	-4.69	1.89	3.70	2.36	3.26	3.44	5.00
13.15	16.33	27.14	7.05	-0.32	-5.75	-3.14	1.99	0.91	3.29	3.25	2.55	3.32
14.27	18.43	23.20	3.82	0.59	-5.81	-6.20	-2.20	2.39	2.46	2.80	4.78	4.28
25.67	-2.98	-3.54	2.63	4.20	1.48	-1.69	-2.60	-1.83	-0.11	-2.16	-1.71	0.28
45.32	-11.52	2.26	2.37	-3.07	1.61	2.96	0.83	-0.84	-5.30	-3.56	3.35	0.59
40.78	-14.58	1.53	0.13	0.39	-5.83	1.28	-1.86	-2.29	0.42	-0.71	1.27	-1.56
35.19	-14.84	1.38	2.97	1.00	-12.77	2.42	-3.61	-1.99	2.53	-1.15	0.81	-1.44
24.13	11.76	-0.30	1.74	1.76	1.57	2.25	2.23	1.24	0.20	0.05	-0.70	-1.22
35.70	4.96	-0.60	3.77	-3.64	-2.46	2.01	0.21	-0.94	0.53	1.09	-2.35	-4.55
34.84	-0.10	-3.79	-1.56	-2.62	1.42	3.80	-0.83	-0.28	2.21	-0.46	-3.63	-3.64
23.74	-12.76	2.04	1.19	3.84	0.14	5.45	-6.25	-4.56	2.41	-1.29	-2.44	-2.06
38.26	1.05	-4.74	4.37	-3.70	3.39	0.03	-6.77	-4.11	-2.51	-2.05	-5.67	-6.17
36.64	11.92	-2.80	5.83	0.28	3.69	6.87	-0.26	-0.93	-1.05	-3.79	-2.00	-0.73
-9.37	1.23	-0.54	0.95	0.54	1.22	1.02	1.29	0.58	0.09	0.13	0.02	-0.19
-10.48	-0.11	-1.86	-0.06	-0.23	0.22	-0.32	-0.61	-0.47	-0.31	-0.39	-0.45	-0.60
-11.11	-1.02	-0.71	1.28	-0.86	-0.76	-0.08	0.59	-0.88	-0.87	-0.59	-0.92	-0.91
-9.75	-1.32	-2.35	-0.19	-1.20	-0.20	0.58	-0.21	-0.94	-0.27	0.49	-0.02	-1.84
-10.49	-1.09	-1.98	-0.20	-0.56	-0.17	0.15	0.22	0.36	-0.39	-0.96	-0.45	-1.03
-9.78	0.08	-0.15	1.11	-0.99	-0.57	0.26	-0.05	-0.18	0.03	0.55	0.25	-1.28
-10.65	-0.91	-1.84	1.03	0.61	-0.73	0.26	0.55	1.41	1.34	1.26	1.20	-0.17
-10.34	0.05	-1.39	0.77	-0.30	-0.35	1.00	0.84	0.39	-1.24	-0.24	-0.72	-1.80
-11.51	-0.53	-1.32	0.49	-0.75	-0.59	-0.64	0.31	1.19	2.18	1.15	0.01	0.48
-12.08	0.39	-0.13	-0.11	-2.82	-1.49	0.02	0.30	1.05	-0.72	-2.08	-0.24	-1.89
-15.96	-3.55	-1.23	0.45	2.02	-2.73	-2.78	0.61	1.44	0.19	-1.37	-0.29	-0.05
-17.64	1.60	-5.73	-3.33	3.51	-4.30	1.19	-4.28	1.34	1.01	1.86	-0.33	-0.41
-10.30	0.29	-1.42	0.52	0.88	-0.20	-1.28	-2.56	0.83	0.36	0.74	-0.16	-0.25
-9.87	-3.53	-3.92	1.73	2.21	-0.17	-0.34	-1.40	0.23	1.88	-0.86	-1.97	-2.84
-12.24	-6.24	-2.55	1.70	1.44	-1.81	-1.84	0.57	1.69	1.36	0.54	-2.16	-1.47
-11.59	-3.57	-1.99	-0.58	-0.58	1.42	-1.75	-2.32	2.31	1.07	0.48	1.54	0.41
-10.60	-0.71	-2.29	0.40	-0.40	-0.55	0.38	1.46	0.55	0.92	0.46	-0.74	-0.75
-11.02	-1.94	-1.79	0.18	1.82	1.84	-1.42	-1.18	0.75	-0.06	-0.33	-0.59	-1.14
-10.14	0.61	-5.52	-1.81	0.90	1.09	-1.42	-3.78	-0.91	-0.79	3.34	1.44	-1.81
-8.15	-5.14	-10.82	0.15	2.52	1.63	-1.75	-0.98	1.81	0.97	1.15	1.11	0.89
-10.49	-4.73	-7.49	0.68	-3.92	0.10	-4.36	0.52	2.24	-1.76	0.45	1.63	0.75
-10.33	-4.70	-8.02	2.58	-2.90	4.48	-1.17	0.12	0.47	2.85	3.50	1.33	0.93
-17.72	-4.30	-10.60	-1.82	-3.21	2.02	-1.93	-2.77	3.02	3.72	2.85	3.73	3.14
-16.40	-1.02	-6.03	6.13	-0.52	0.18	-3.92	-2.09	-2.41	2.45	0.97	-2.15	-4.77
-19.47	-0.82	-3.21	-0.56	3.11	-1.19	-5.24	1.32	-1.61	-1.76	-0.90	-3.07	-3.06
-11.84	2.68	-2.03	1.34	3.07	0.26	-0.71	-1.84	1.82	-0.32	-0.26	-2.00	-1.24
-18.89	6.72	-2.92	-1.01	0.02	-0.69	1.86	1.13	3.23	2.25	-1.94	-2.31	-3.66
-14.26	2.32	-2.60	-3.70	-0.66	-0.52	4.13	6.40	4.30	2.82	-0.28	-3.93	-3.74
-10.67	2.39	-5.63	-2.66	1.05	-2.59	2.43	1.38	4.57	3.75	0.11	-2.10	-0.51
-6.83	1.12	-3.18	1.22	0.99	-2.44	-0.92	4.01	6.53	3.94	0.42	-2.86	0.57
-7.62	-1.04	-4.29	0.73	0.88	-4.18	-1.52	1.78	4.24	3.84	1.12	-1.88	-0.80
-1.73	3.16	0.19	1.77	0.88	-2.15	0.02	0.80	1.63	1.85	0.58	-0.48	-0.41
1.02	3.20	-3.16	0.02	0.37	-2.20	-4.93	-5.32	-3.35	-2.50	-1.12	-0.74	1.14
-1.57	1.20	-2.53	1.25	2.05	0.07	-1.60	0.03	0.42	-0.09	-0.28	-2.62	-2.67
-3.68	2.50	0.37	2.10	2.67	1.90	0.72	-1.05	-0.75	0.18	0.10	-1.32	-0.91
=== END OF SAMPLE ===
Next sample in: 3... 2... 1... GO!
4.33	2.54	-6.32	2.54	-3.45	1.98	-4.79	-4.23	3.18	-1.09	-2.35	-2.38	-0.99
3.09	7.14	-1.83	2.95	-7.35	-6.44	-3.33	-4.80	-4.21	4.33	-2.64	-4.20	-4.01
4.12	2.34	-1.35	5.59	-1.31	-1.83	2.78	-2.46	-0.53	0.76	-0.62	-1.29	-2.85
2.78	0.28	-2.50	4.75	-2.57	-1.04	-0.41	-3.74	2.27	4.56	-0.04	-0.59	-2.57
4.21	2.92	2.38	5.74	-5.69	-1.76	0.10	-4.36	-1.75	-4.99	-2.35	-3.51	-3.01
4.55	2.31	-1.04	5.43	0.36	-3.01	-0.16	-5.47	-0.45	-2.79	-4.24	-2.46	-5.76
-9.52	9.41	1.51	0.34	0.63	1.16	-2.69	-4.24	0.24	3.95	-3.67	-1.81	-1.62
0.09	5.38	-1.53	4.33	-0.99	-3.82	1.31	-3.43	-0.07	-0.57	0.43	-1.51	-1.42
1.22	1.61	-1.75	7.05	-6.03	-4.55	-0.50	-3.69	-1.64	-1.76	-4.05	-4.33	-1.54
-2.57	-1.94	-5.58	8.60	-1.37	-4.35	-1.86	-0.93	2.54	2.61	-1.40	-4.71	-5.81
-0.52	2.43	-6.48	5.73	-0.98	-4.17	-3.48	-3.55	-1.00	-2.23	-1.02	-2.56	-4.79
0.29	4.23	-1.46	5.07	0.05	-1.44	0.21	-2.69	-0.90	-3.93	0.79	-1.90	-3.53
-0.55	3.80	-6.16	5.41	-1.65	-3.50	3.29	-1.29	2.49	2.74	1.87	-2.94	-4.07
1.00	2.23	-9.23	4.51	0.18	0.05	0.16	-3.14	1.73	0.37	1.93	-5.22	-5.88
2.29	9.01	-5.34	1.65	-1.42	0.80	1.95	0.26	2.18	-1.38	-1.62	-3.64	-2.92
-0.24	6.66	-6.41	3.54	0.97	2.85	0.09	-1.79	1.87	-0.68	3.92	2.09	-1.34
-2.26	2.30	-9.27	2.93	-3.48	-1.68	1.61	-1.59	2.11	-1.53	1.54	-3.91	-5.48
6.06	3.97	-10.32	-1.74	-0.77	2.78	2.07	-2.78	-5.32	-2.41	1.46	-1.24	-2.10
-0.08	0.65	-13.41	-3.11	-0.05	-1.05	-3.41	-8.54	-2.28	0.96	-0.27	-2.09	-1.32
2.80	0.75	-9.06	-5.21	1.31	4.47	5.15	-1.04	0.96	2.37	1.00	-1.44	-1.81
0.62	0.85	-7.96	-4.91	1.82	-1.79	-5.24	-5.81	1.08	3.06	1.20	-4.45	-3.92
1.70	-5.13	-12.43	-0.83	0.14	2.79	-1.15	-0.06	0.09	-0.49	2.81	-0.20	2.30
-0.85	-1.92	-4.01	4.96	-1.84	-0.94	1.08	-2.60	0.92	2.51	2.06	0.24	-2.06
-1.47	-0.09	-1.09	5.53	3.74	0.06	-0.03	-4.46	-1.26	-1.10	-1.57	-2.05	-4.50
5.28	-2.18	-7.81	-1.35	0.78	-2.60	-6.49	-4.33	-3.68	-0.12	2.58	-4.20	-3.25
12.01	0.12	-14.29	-2.60	4.37	-0.99	-7.46	-7.24	-1.28	4.68	2.64	-2.22	-4.30
8.57	-5.51	-9.19	-1.68	-2.06	-1.92	-6.49	-7.65	2.10	6.60	-1.23	-4.32	-6.10
9.70	-9.62	-9.42	-3.60	-2.88	-3.58	-3.96	1.64	2.58	3.55	4.27	0.56	-4.00
-8.63	-22.93	15.90	-14.06	-10.30	1.80	-6.63	2.80	1.33	0.29	1.82	-0.17	0.84
-0.27	-19.53	18.77	-6.75	-5.47	10.01	-1.07	8.81	7.29	1.10	2.02	-2.62	-1.64
-13.28	-3.52	14.83	-3.81	5.03	10.00	-4.92	5.94	6.89	-2.93	0.94	-1.43	-3.44
-8.03	-5.88	13.54	1.96	-2.09	5.51	-1.62	0.65	2.65	-0.45	1.48	0.91	0.16
-14.70	-31.18	40.07	0.03	-0.63	10.68	-6.81	11.50	11.00	-2.14	-0.92	1.31	2.20
-10.38	-32.18	42.63	4.49	-0.01	11.31	-9.50	11.34	6.16	-0.77	-1.46	2.89	3.85
-8.31	-25.80	38.23	8.00	-1.32	7.80	-8.02	8.29	8.86	-2.71	0.83	0.03	1.78
1.47	-33.46	40.03	4.79	1.48	7.67	-11.80	7.17	2.16	-2.48	-1.34	-1.93	-0.08
5.05	-33.62	37.76	1.25	2.55	3.76	-10.21	2.80	3.01	-5.75	-4.63	-2.19	-5.51
5.82	-30.82	31.37	-1.34	1.06	0.51	-13.33	-0.63	1.78	-6.23	-2.73	-2.68	-4.36
4.64	-25.39	19.37	-7.06	2.86	-0.47	-9.82	-1.75	4.17	-2.45	5.19	1.91	-4.91
-12.35	-13.30	13.77	1.79	-0.65	-1.41	-18.02	-11.03	-3.08	-6.20	-0.47	-1.01	-6.42
11.54	-35.46	21.50	-10.24	1.21	-4.49	-14.07	-7.95	-2.14	-2.93	3.98	5.33	-6.56
11.01	-33.52	18.29	-11.15	0.13	-3.18	-11.38	-6.76	-0.52	-3.02	4.62	4.75	-7.83
13.23	-34.18	20.92	-11.76	-0.81	-1.95	-12.92	-3.38	-2.88	-1.29	3.92	4.13	-6.59
17.48	-33.31	22.43	-12.13	0.19	-2.88	-11.74	-6.48	-2.59	-3.02	3.94	5.23	-8.66
16.09	-31.61	24.66	-10.92	0.09	-2.15	-15.06	-6.91	-7.17	-2.76	4.23	3.92	-7.97
13.40	-28.96	24.07	-9.04	-1.81	-1.38	-17.84	-7.78	-9.89	-4.50	5.38	0.91	-9.62
-5.43	-6.99	11.80	3.61	1.68	0.53	-6.12	-8.35	-8.89	-5.16	3.56	2.59	-3.83
-4.45	-11.92	15.62	-5.82	-0.68	10.07	-6.55	-3.82	-3.77	-4.51	7.48	0.57	-6.80
0.47	-19.64	31.73	-15.11	4.68	21.54	-5.25	1.17	-2.70	-5.14	5.40	3.28	-3.58
4.28	-21.04	32.21	-16.71	3.00	23.38	-3.63	0.33	-3.07	-5.55	7.01	1.11	-3.80
2.74	-21.76	33.38	-16.42	5.27	23.09	-0.72	1.78	-3.48	-3.61	6.25	2.62	-4.59
2.88	-23.26	33.86	-14.47	3.32	27.68	0.30	3.91	-5.24	-4.07	8.82	3.38	-4.67
4.25	-25.15	35.16	-14.99	2.59	28.19	2.24	3.69	-5.53	-3.93	9.45	5.14	-3.57
-4.17	-20.77	31.31	-12.31	-0.47	26.68	1.40	1.96	-3.51	-6.09	8.92	4.23	-2.98
-20.32	-10.84	19.05	-4.03	3.84	13.37	0.92	3.38	1.13	-5.97	3.38	4.36	-2.27
-11.41	-13.03	16.00	1.26	-5.03	12.45	4.15	2.79	0.03	-4.57	4.87	1.59	-4.81
8.78	-31.78	36.17	-8.53	-9.10	22.34	8.30	11.65	-6.79	-7.87	6.42	6.85	-2.91
8.93	-28.46	28.47	-5.30	-10.46	22.61	5.22	10.10	-5.48	-5.50	1.89	2.76	-2.38
20.73	-26.84	22.86	-3.74	-7.15	21.10	-0.54	2.68	-5.56	-12.31	0.91	0.16	-2.98
17.81	-22.67	26.13	-7.37	-9.40	18.54	-2.71	1.87	-2.17	-13.56	3.81	-0.81	-4.13
24.98	-17.93	28.30	-10.71	-10.97	15.27	-2.76	7.01	-4.89	-12.93	2.90	-4.02	-3.15
20.99	-8.05	27.97	-13.58	-8.58	13.83	0.91	7.29	-5.92	-12.56	-2.76	-5.12	-4.29
5.92	11.27	14.57	-7.00	-9.85	0.11	-0.52	6.44	4.39	-4.54	-5.19	-4.34	-3.94
-3.19	2.46	2.02	-5.72	-4.61	2.74	0.82	-1.10	0.91	-0.23	-1.29	-1.94	-4.75
25.13	-6.06	36.56	-16.78	-10.83	5.64	1.56	16.79	1.45	-5.43	-1.33	-3.93	-9.53
16.95	4.72	26.44	-9.04	-15.86	7.30	-2.36	13.39	3.65	-4.49	3.01	-4.97	-6.80
13.58	5.63	22.90	-4.40	-16.39	4.55	-4.70	10.49	3.72	-3.05	3.56	-4.93	-2.52
24.93	0.09	33.18	-11.80	-13.10	0.65	-3.35	14.33	1.90	-0.04	3.20	-3.03	-4.46
18.72	5.46	35.00	-9.99	-12.13	2.41	-1.84	14.81	5.35	1.00	6.49	-1.01	-7.29
26.37	2.52	37.73	-14.80	-11.77	0.79	-6.78	15.29	4.00	3.57	5.62	0.38	-4.05
1.68	7.14	4.50	0.12	-2.39	-1.60	0.15	2.49	1.15	3.20	3.05	-1.11	0.61
15.74	16.26	29.26	-3.48	-4.85	0.73	-6.43	9.53	3.30	3.53	11.69	-0.97	-2.96
14.98	17.25	20.71	-2.28	-0.90	0.43	-6.03	5.97	1.32	2.52	9.34	-0.66	-0.23
18.80	11.05	9.78	-8.56	-2.65	1.00	-4.36	2.19	-1.12	-0.19	4.85	2.48	1.86
26.80	-11.14	6.35	-1.36	3.26	-0.72	-2.71	-7.79	-2.49	0.75	5.91	3.12	2.08
39.39	-19.77	9.01	-9.20	-3.59	-5.88	3.37	-1.10	-0.43	-0.73	-0.58	-4.68	0.03
19.99	-12.90	0.16	-6.69	8.15	0.34	2.07	-1.13	2.14	-1.26	-1.19	-4.97	-3.92
18.50	-19.43	-0.77	-2.50	-1.05	-1.57	0.43	3.86	1.72	-1.75	0.48	-1.69	-4.05
-2.85	4.19	0.19	0.27	-0.76	-1.02	-1.51	-0.78	-0.56	-0.20	0.50	0.57	-0.32
-9.83	0.70	-0.39	1.62	1.74	2.78	2.91	3.57	3.85	3.65	2.65	1.71	0.88
23.44	12.17	-1.06	-1.02	-0.28	1.56	1.10	0.28	0.03	0.44	0.34	-1.56	-3.64
42.64	-6.79	-4.33	2.74	-1.71	-3.04	-0.76	0.97	2.59	-0.86	-0.00	1.35	-2.57
18.01	13.85	0.30	-2.08	-2.90	-1.56	0.55	-0.09	-0.84	-0.53	-0.53	0.60	0.24
8.54	11.11	5.26	6.66	1.31	-0.48	2.28	1.51	0.75	1.30	1.72	-0.05	-1.27
-6.99	1.57	-0.09	1.26	0.19	2.54	2.65	0.31	1.07	0.97	-0.20	1.47	0.73
-9.51	0.31	-1.44	0.12	0.24	0.57	0.51	0.24	0.13	-0.13	-1.28	-1.88	-2.15
-8.48	1.50	0.10	1.62	0.80	0.45	0.09	0.18	0.18	-0.19	-0.06	-0.22	-0.59
-10.47	-0.47	-1.64	0.32	0.36	0.52	-0.02	0.55	0.22	0.03	0.44	0.25	0.02
-11.12	0.51	-1.34	-0.75	-0.16	1.61	1.24	1.13	-0.31	0.52	0.93	0.49	-0.16
-10.30	0.90	-1.56	-0.33	-0.80	0.15	-0.92	-0.44	-0.66	0.12	0.08	-0.27	-0.51
-10.20	-0.17	-0.73	1.44	0.70	0.81	1.02	0.93	1.11	1.05	0.33	-0.43	-0.47
-10.41	-0.95	-1.64	1.29	0.98	0.93	0.65	0.83	1.24	1.27	1.18	0.57	0.32
-9.77	-1.19	-2.54	0.36	0.51	0.74	0.45	0.99	0.98	0.88	0.16	-0.25	-0.57
-10.74	-0.41	-1.84	0.02	-0.49	-0.36	-0.29	-0.19	-0.48	-0.55	-0.58	-0.62	-1.19
-10.67	-0.89	-1.93	0.52	0.08	-0.55	-0.95	-0.12	0.71	0.66	0.13	0.21	0.17
-10.03	0.11	-0.48	1.45	0.44	0.09	-0.14	0.50	0.13	-0.15	-0.17	-0.20	-0.87
-11.58	0.16	-1.28	-0.34	-0.12	0.15	0.09	0.87	0.84	1.70	1.05	0.98	1.06
-11.87	-2.06	-3.10	-0.28	0.25	0.90	-0.17	-0.47	-0.23	-0.01	0.18	0.46	-0.22
-8.32	0.68	-0.74	0.66	0.69	1.57	1.90	2.30	1.79	0.78	0.60	0.77	0.62
-9.67	0.25	-1.05	1.08	-0.20	-1.04	-0.69	-0.19	-0.50	-1.45	-1.17	-0.71	-1.19
-7.97	0.74	0.41	2.41	0.78	0.85	0.66	0.71	1.26	1.20	0.66	0.01	0.30
-9.34	-1.37	-1.79	0.49	1.22	0.13	-1.21	-0.32	0.05	0.84	1.98	1.59	2.02
-9.66	-2.05	-1.66	0.96	-0.57	-1.58	-0.47	0.59	0.01	0.02	0.63	0.03	0.79
-6.14	0.49	0.31	1.61	-0.50	-0.52	-1.15	-1.85	-0.96	0.12	-0.68	-1.30	-1.26
-10.96	-1.27	-3.42	-0.74	0.49	0.99	0.10	2.54	2.77	2.73	2.25	2.89	1.07
-13.14	-1.48	-3.41	0.02	0.34	-0.82	0.37	-0.21	-1.23	-2.58	0.47	-0.96	-1.59
-6.67	1.10	0.74	7.07	6.00	0.65	2.28	-4.24	-1.51	-2.17	-1.53	0.19	2.48
-6.46	-2.85	-2.04	-0.88	2.57	-0.65	4.63	-0.34	-0.54	0.48	-0.81	-0.59	-3.84
-7.23	-0.95	-0.25	-0.41	-2.61	-4.49	-4.38	-4.85	0.05	-2.28	-4.44	-1.94	-2.59
-2.81	-1.93	-1.80	1.94	0.63	-1.27	-5.55	-4.52	-1.59	-0.13	-1.04	-0.60	-2.88
-3.22	0.73	-1.08	0.28	1.02	-2.90	-1.76	-4.00	2.00	2.36	0.39	1.17	-5.36
-6.76	-0.84	-2.18	0.40	-3.00	-2.24	2.74	2.37	1.97	1.10	1.32	0.04	-3.08
-12.15	1.17	-0.85	1.26	1.17	2.11	-2.57	-0.77	1.49	-0.08	-1.68	-0.76	0.66
-12.71	-4.74	5.63	0.74	-4.01	-2.68	-1.90	0.01	-1.30	-0.76	-1.81	-0.73	-1.57
-11.99	-3.54	-1.58	2.65	0.61	-0.26	-4.08	-0.21	0.42	0.05	-2.04	-2.77	-1.23
-16.53	-6.68	0.42	4.59	-0.08	-3.10	-3.13	1.74	1.90	-2.76	-1.83	-1.89	-2.15
-16.29	-1.69	-2.68	3.04	-1.26	-1.83	-1.29	1.50	3.14	0.19	1.96	-0.54	2.10
-5.97	-1.00	-0.69	3.50	0.22	-2.68	-4.90	-0.28	2.00	0.86	-0.78	2.46	1.94
-10.06	-3.66	-2.61	2.99	-0.49	-1.92	-0.39	2.25	1.43	-0.35	0.51	0.12	1.46
-10.18	-0.11	0.96	3.71	1.22	-1.11	1.84	3.11	2.15	1.69	0.87	-0.87	-0.72
-7.92	2.08	0.67	2.54	1.44	1.66	1.67	0.38	1.41	-0.55	-0.72	-0.88	-2.69
-11.90	-1.45	-2.68	-1.58	-2.89	-2.16	-2.67	-0.64	-0.44	-0.55	0.53	-0.47	-0.62
-9.97	-1.91	-1.67	0.31	-1.33	-1.14	-0.79	0.25	0.16	-1.16	-2.22	-0.91	-0.62
-11.14	-1.53	-0.85	1.51	-1.62	-2.17	-0.71	-1.28	-1.67	-0.60	-1.48	-2.16	-2.62
-10.90	-1.15	1.03	1.17	-1.69	-2.42	0.13	-2.39	-3.54	-0.67	-1.13	-3.51	-2.49
=== END OF SAMPLE ===
Next sample in: 3... 2... 1... GO!
-6.52	-6.71	7.23	-0.45	2.91	-2.57	-2.34	4.80	1.11	3.15	5.67	-0.47	2.71
-7.84	-6.07	8.92	5.27	-0.30	-3.85	-0.53	1.69	-2.32	2.17	2.70	-1.71	-2.72
1.75	-1.94	1.29	2.96	-0.66	-3.14	-0.56	-1.21	-3.20	0.74	6.30	0.48	-0.72
5.71	-1.58	2.56	-0.25	-3.43	-2.57	-4.11	-7.63	-0.88	7.59	4.74	-3.15	-4.65
12.84	-2.46	0.52	3.78	0.50	-7.77	-9.11	-3.10	1.25	0.96	2.10	-0.37	1.58
16.98	-5.81	3.68	1.67	-4.38	-4.62	-7.58	-7.63	0.04	6.43	2.37	-0.75	2.47
15.95	-4.14	-2.79	1.91	-7.74	-11.07	-10.60	-6.92	1.33	6.95	2.63	-5.00	-0.80
9.21	-10.84	-0.42	4.18	-4.30	-5.00	-8.22	-2.59	2.59	6.18	3.36	-1.48	1.69
-5.48	3.16	6.75	5.99	-0.97	-2.93	-3.43	-0.49	0.91	0.45	-2.65	-2.62	0.19
-9.73	-4.48	-1.57	0.20	-4.19	-4.53	-1.13	3.00	2.88	1.92	1.32	0.86	1.25
-0.26	-5.40	0.87	2.28	1.25	-3.89	-6.55	-3.58	-0.54	1.81	0.67	0.36	-0.69
-7.58	-1.42	6.26	5.78	-3.13	-6.14	-5.62	-4.04	-1.53	4.16	1.66	-0.46	2.32
-6.37	5.33	6.18	4.35	-0.50	-1.54	-5.86	-3.40	0.26	1.49	3.96	-2.15	-3.20
-19.90	5.92	8.02	10.60	4.57	-1.10	1.86	-2.24	-0.04	-2.39	3.78	2.31	0.01
-24.45	6.55	3.27	3.09	-2.55	-4.65	-4.28	-1.10	3.99	1.70	6.32	0.60	4.34
-23.91	6.18	2.62	2.08	-5.01	-4.05	-4.67	-5.72	2.87	-1.42	8.30	2.28	3.81
-26.81	0.83	-1.00	3.11	-0.11	3.87	8.23	1.71	1.92	-1.06	1.69	-1.87	-1.96
-19.88	8.51	7.88	2.77	-4.39	0.74	2.72	-0.80	2.07	-0.77	5.08	-2.83	-1.84
-10.76	-1.97	29.36	2.71	-3.18	4.77	-2.31	7.75	7.58	-4.31	5.08	0.37	2.49
-12.80	2.02	17.17	8.05	3.14	4.58	0.10	8.37	5.15	-2.12	2.85	0.79	0.60
-3.15	-14.11	21.14	8.33	0.89	-1.05	-3.88	4.58	4.73	-4.69	1.18	-0.24	1.67
-6.20	-16.41	25.67	9.21	3.52	-2.03	-2.21	8.21	6.73	-0.94	-0.07	4.99	3.80
-10.74	-1.45	11.41	15.50	8.39	-7.93	2.91	3.63	5.51	1.56	-2.87	3.07	2.91
-0.17	-15.18	18.17	11.85	5.57	-3.53	-4.62	1.16	6.27	-4.19	-4.10	1.04	-1.95
0.76	-13.50	9.85	7.05	-4.42	-3.34	-7.11	-2.38	3.12	-2.85	-0.47	-1.91	-3.86
2.72	-28.56	10.12	3.71	-4.13	-5.57	-5.83	-7.90	2.10	-3.10	-0.19	0.97	-5.97
9.98	-37.53	15.65	-0.53	-4.30	-7.42	-11.45	-11.28	1.33	-5.48	3.28	0.37	-6.17
12.87	-39.17	13.94	-2.63	-6.75	-6.86	-12.42	-9.90	-0.69	-2.70	5.21	3.58	-6.76
17.72	-42.39	10.49	-5.25	-5.35	-5.60	-7.01	-10.60	1.75	-3.29	5.94	2.95	-8.81
20.26	-37.98	8.14	-7.38	-4.49	-6.26	-3.96	-11.43	2.41	-3.23	7.80	2.44	-7.61
14.31	-32.14	4.67	-4.90	-4.51	-7.58	-1.85	-12.23	4.97	-4.79	8.26	2.04	-8.63
20.27	-34.02	8.11	-4.59	-3.84	-6.66	-1.75	-13.33	3.59	-5.07	6.95	1.98	-9.09
14.04	-23.44	8.29	0.30	-3.45	2.86	-5.96	-7.45	-1.80	-4.98	6.63	-2.88	-6.16
0.85	-11.07	3.50	4.57	-2.22	-2.61	-10.07	-14.79	-9.79	-2.16	5.60	0.26	-6.98
14.46	-26.44	22.62	-4.50	6.91	13.58	3.39	-6.45	-2.36	-2.46	13.32	3.12	-10.76
11.56	-22.50	22.32	-8.23	6.71	15.51	-2.57	-4.12	0.35	-4.98	10.47	3.24	-7.84
9.76	-21.96	20.75	-7.79	4.36	15.61	-2.21	-3.54	0.20	-4.97	10.26	0.92	-7.76
9.61	-20.94	22.11	-10.45	4.78	14.23	0.02	-5.58	2.00	-7.26	9.54	1.42	-7.60
9.33	-19.69	19.04	-8.09	4.33	14.36	1.17	-5.98	1.81	-6.03	8.27	1.43	-7.01
10.36	-19.46	20.40	-11.15	7.57	13.11	3.95	-6.04	1.22	-5.40	9.05	1.73	-7.52
-7.31	-7.11	8.89	-1.11	1.08	12.01	3.59	-3.12	-2.65	-0.82	4.24	0.44	-2.15
-1.77	-17.87	10.68	-0.27	1.57	18.67	3.37	0.65	0.65	-2.70	9.00	3.87	-1.52
5.44	-21.36	19.26	-3.26	-6.94	15.88	9.85	-0.48	-6.58	-2.18	8.74	6.68	-6.13
7.28	-20.59	16.64	-2.05	-6.19	8.75	14.79	0.96	-8.41	-3.17	9.34	5.55	-6.81
14.08	-25.67	18.69	-0.93	-12.90	12.04	16.22	1.28	-8.44	-3.02	7.60	7.12	-7.14
11.74	-20.24	12.65	4.55	-14.53	13.75	13.28	4.55	-8.85	-5.03	9.27	7.09	-3.25
26.37	-16.17	4.50	12.79	-15.12	15.75	4.52	0.76	-6.05	-8.18	4.39	1.09	-4.29
32.98	-23.64	12.68	6.76	-10.28	15.31	6.51	-0.75	-9.28	-10.22	1.07	2.55	-8.46
1.07	4.34	6.75	0.49	-9.32	-2.59	6.61	2.51	-5.82	-6.59	-3.27	-2.95	-1.75
10.41	0.88	-2.04	-2.82	-3.22	0.75	0.92	1.27	-2.01	-3.03	-0.35	-1.19	-3.33
29.44	-9.56	20.50	-4.18	-12.51	4.95	5.15	10.39	-3.20	-9.82	-2.68	-4.62	-5.87
28.04	-7.75	20.97	-4.54	-13.37	2.55	5.29	10.79	-2.76	-8.54	-0.89	-3.92	-7.57
32.89	-8.59	22.03	-6.47	-13.57	-2.21	5.29	12.52	-1.47	-4.28	1.11	-3.42	-8.80
40.35	-12.37	25.11	-6.41	-14.26	-1.54	1.59	13.42	-4.69	-1.28	2.84	-2.59	-6.00
16.80	3.24	8.78	-1.22	-11.57	-5.53	-0.03	6.01	2.36	0.15	3.62	-2.46	-6.85
15.53	-0.30	7.51	-0.01	-9.00	-0.50	0.53	7.71	6.09	1.05	4.66	-1.49	-9.32
36.27	-3.94	22.97	-6.25	-13.98	-1.36	-3.20	9.80	2.73	2.40	7.77	1.10	-4.77
28.10	2.95	22.01	-4.66	-13.15	-1.15	-1.33	7.73	2.10	2.05	9.65	2.96	-4.01
30.41	3.65	25.44	-5.90	-8.48	-0.96	-2.23	6.58	2.58	1.63	12.51	4.62	-6.41
31.84	11.34	17.26	-5.64	-8.91	1.89	-2.36	3.74	1.35	2.80	13.03	3.16	-1.68
32.31	17.12	7.70	-3.79	-5.04	-1.19	-0.93	-1.69	-0.56	6.17	10.89	5.05	0.37
25.26	16.54	10.14	-1.66	-3.64	-3.19	-4.92	-2.24	0.43	5.89	9.88	4.10	0.88
0.12	8.13	1.70	-0.89	-5.13	-3.06	0.96	3.35	2.22	2.63	2.91	1.25	0.80
17.95	13.57	3.75	-3.55	-2.75	-3.12	-2.58	-1.65	-2.07	1.70	7.64	0.18	-2.00
12.41	5.03	-1.57	-5.12	-2.50	-6.99	-0.37	1.34	-0.91	-0.52	5.14	2.14	-3.92
6.56	7.53	-1.19	-2.67	1.22	-6.26	-4.55	-5.30	-0.18	4.64	3.59	-0.46	-1.78
2.21	-0.06	-2.59	-1.48	-1.08	-11.04	-2.66	-1.45	-2.16	3.28	4.79	1.17	-0.48
-4.21	1.31	-4.71	-1.10	-5.12	-7.25	-0.43	0.51	-3.73	4.57	4.63	3.51	5.43
-12.75	-1.50	-4.52	-1.42	0.19	-5.30	-0.28	-1.65	-3.37	3.21	5.34	-0.25	-0.72
-15.71	2.07	-4.33	-0.48	6.09	0.69	0.78	-1.90	-5.86	2.19	3.63	-2.38	-1.82
-7.92	2.87	0.87	0.94	0.13	-0.64	-0.78	-0.50	-0.63	-0.18	0.41	-0.05	0.21
-8.19	1.90	-0.23	-0.18	0.96	-0.77	-0.21	0.26	-0.20	-1.25	0.70	-0.12	-0.66
-26.63	-2.22	-3.10	0.05	6.70	-3.41	-1.58	2.72	-1.19	2.53	-0.74	3.56	-1.62
-25.11	-1.07	-2.16	-2.40	3.45	1.90	-1.84	6.19	0.18	2.67	0.84	-2.97	-3.91
-28.67	-4.43	-0.91	-1.59	2.76	3.88	-1.92	7.10	-1.17	7.93	6.57	3.39	-1.65
-19.13	-0.33	3.43	-0.51	2.59	-1.74	-7.07	3.80	-3.57	4.50	4.06	4.16	1.32
-17.85	2.92	-3.52	-4.83	3.10	2.78	-6.56	0.87	-2.74	2.61	2.38	-0.14	-1.35
-14.50	1.48	-2.04	-1.50	2.57	-0.26	-6.64	3.25	-1.15	5.07	3.22	-1.53	-0.83
-17.30	-3.35	5.18	8.28	3.89	0.68	-1.47	1.52	-3.05	-0.61	3.11	2.09	3.54
-26.94	-6.03	0.73	2.12	-1.65	1.45	-0.18	3.23	0.69	3.01	5.20	1.81	2.60
-21.60	0.35	-0.71	2.84	0.88	-1.26	-3.70	-2.40	-1.32	-0.11	-1.12	-0.13	0.68
-22.96	-5.22	0.13	3.09	1.70	0.20	-2.93	2.84	0.06	0.73	2.07	1.25	0.18
-20.54	-2.94	5.70	5.23	4.90	0.83	3.38	1.88	-3.03	3.50	-1.11	-2.40	-4.17
-20.33	-3.12	-0.41	0.46	-0.84	-3.34	-1.03	2.98	0.12	-0.04	2.15	-1.49	-0.14
-21.74	-4.46	1.07	2.93	0.16	-4.27	-3.40	1.74	2.73	0.03	-1.48	-1.34	0.20
-19.53	-3.15	0.35	1.95	2.69	-2.59	-2.42	2.32	3.09	2.20	-0.30	1.25	2.09
-21.47	-3.59	2.31	3.58	-1.68	-3.38	0.43	2.92	-1.33	3.42	0.81	0.98	4.76
-16.12	1.70	2.25	1.89	-0.24	0.70	0.35	-0.43	-1.60	0.45	-1.52	-2.08	0.13
-19.42	-0.73	1.97	1.93	0.32	-3.83	-3.24	4.29	-1.36	0.90	1.46	-0.69	5.42
-16.91	0.20	-0.47	2.94	-2.85	-4.79	-1.38	5.60	-1.80	-2.13	4.68	1.55	3.40
-22.16	0.69	0.37	-0.65	-1.10	-1.11	-0.14	1.58	-2.32	-3.42	-2.28	-6.22	-1.85
-14.32	3.29	-1.72	-1.03	0.38	-1.09	-0.76	1.96	-6.65	-2.46	-1.55	1.71	4.36
-21.65	-3.30	-2.89	-2.08	0.03	-3.35	-1.26	6.84	0.91	3.21	0.42	0.91	1.69
-13.85	0.68	0.50	-4.35	-1.57	-5.96	-3.59	2.74	-1.83	-1.38	-2.34	-0.15	-2.69
-16.73	-1.32	-1.39	-1.23	3.14	-0.55	0.36	3.17	-1.59	-1.77	2.39	0.36	3.00
-13.07	-0.31	-4.08	-2.16	2.85	-4.17	3.83	2.15	-1.26	1.07	0.36	1.25	1.33
-16.05	2.39	-2.56	-0.95	0.91	-0.46	1.06	2.88	-1.83	-5.18	-2.45	-3.35	-1.52
-16.39	-0.49	-2.32	-0.38	1.34	-4.55	-2.07	4.62	-4.20	-1.99	-1.23	-2.25	3.09
-20.25	-6.51	0.32	1.04	-0.27	-4.13	-0.27	3.59	0.30	0.47	-2.06	-4.37	0.51
-22.30	-2.41	7.39	3.64	6.07	-1.93	-1.73	4.70	-0.14	-0.94	-2.51	-3.53	1.48
-20.58	-0.13	2.45	1.99	3.48	1.33	-3.53	1.37	0.86	-2.42	-1.94	1.89	0.35
-20.19	-5.53	-3.85	2.60	2.73	-5.04	-5.78	-1.96	-3.78	-0.48	1.07	-1.51	0.89
-15.41	-4.01	-1.42	-1.49	4.61	0.29	-1.60	-1.14	0.63	3.48	0.74	-0.88	-1.64
-14.37	-1.19	4.90	0.48	4.54	-2.41	-2.81	7.44	1.53	-2.31	-3.46	-3.05	2.92
-10.11	-4.23	-4.36	-1.98	1.18	6.95	4.16	7.08	1.49	-0.95	-2.98	1.18	4.61
1.47	-2.28	-3.14	-5.43	0.64	7.20	5.42	7.10	-1.16	-0.48	-1.85	1.57	3.68
1.74	-1.39	0.15	-4.37	2.21	7.63	7.74	6.65	-3.31	3.26	2.48	-1.15	0.21
6.89	2.09	5.51	1.84	5.39	1.24	2.60	4.57	-5.12	1.40	1.64	-1.26	5.98
5.94	2.65	1.33	-2.05	-1.07	2.28	3.46	4.11	-2.07	2.02	2.74	2.12	5.15
-3.76	0.82	3.74	-3.65	-4.84	0.17	5.05	4.92	-0.69	1.69	0.01	0.61	4.77
-6.10	0.79	2.25	-5.37	-5.38	0.84	1.99	3.76	-0.97	1.42	0.83	-2.06	3.81
-12.90	0.63	8.61	0.83	-5.84	-3.92	0.06	3.95	2.59	3.99	3.29	2.63	0.29
-11.41	-3.41	6.69	6.55	-3.49	-1.47	-3.51	3.97	2.51	3.53	2.70	-2.61	3.56
-16.36	-1.25	3.13	7.38	3.38	0.23	1.27	3.62	1.03	-2.28	-4.79	-5.93	-2.88
-11.78	-2.23	7.98	10.42	6.27	5.13	2.80	3.59	-3.22	-5.20	-2.04	-1.65	3.95
-2.41	-0.39	6.29	7.18	4.08	3.23	-0.17	-0.11	0.68	-0.75	4.59	1.26	4.80
-11.36	-4.59	4.56	10.59	2.82	0.83	-4.56	-1.15	-4.75	1.30	3.44	1.41	7.64
-6.30	-1.11	6.41	13.37	8.49	5.41	-3.90	2.25	1.68	4.19	4.21	4.69	2.61
-7.93	4.26	8.62	9.15	0.94	-2.59	1.16	3.46	2.94	1.75	4.22	2.32	0.05
4.50	3.50	-1.06	-0.10	-4.41	-3.69	-3.90	-2.26	6.42	0.59	4.36	3.44	0.66
12.99	2.41	4.71	4.62	1.79	2.64	-3.67	-2.65	-3.51	-1.12	6.44	3.76	0.08
-1.22	0.97	-0.02	-0.29	-1.28	2.27	0.03	-1.12	-1.29	0.02	4.35	4.64	2.79
17.02	-4.27	-0.19	-4.26	-7.39	5.46	0.12	-4.14	-1.48	-2.75	2.77	4.26	3.29
11.72	-3.79	2.73	3.07	-2.84	3.23	-4.48	-4.94	-0.79	-0.08	3.81	6.47	4.62
10.13	-5.43	-0.61	-6.26	0.51	3.71	-2.76	-6.82	-4.26	-3.03	1.36	5.11	0.31
=== END OF SAMPLE ===
Next sample in: 3... 2... 1... GO!
5.90	-8.05	-1.81	0.33	-4.95	2.16	-4.49	0.18	4.83	-0.74	0.81	3.99	4.37
12.80	-3.63	-2.24	-0.48	-8.77	4.59	-0.18	2.40	-2.59	-5.99	0.43	0.83	-0.25
10.44	-1.81	-2.30	1.02	-11.00	-0.35	0.74	-3.24	-2.71	-0.82	3.12	0.95	-1.68
9.10	-3.45	-2.89	3.55	-6.93	2.08	2.98	1.77	-2.31	-0.58	6.36	1.44	-0.39
10.76	-3.99	-4.04	2.30	-11.15	-3.92	-0.33	-1.54	-3.93	-4.00	-0.82	-1.02	-2.02
4.94	-1.98	-1.30	1.85	-2.31	1.08	3.79	2.37	-2.07	-4.78	3.53	2.85	0.16
5.50	0.64	7.23	4.33	-3.26	1.57	4.09	1.58	-0.15	-2.10	3.71	3.11	-2.59
2.74	-2.99	4.33	8.58	-2.74	-3.68	-1.44	-3.59	-0.04	-2.80	-0.02	-1.18	-3.85
-2.66	4.29	0.38	3.29	-0.59	0.63	2.22	0.17	-4.69	-3.68	2.31	0.75	-2.74
2.11	-1.11	8.69	3.31	-4.41	-1.05	-1.55	0.73	-3.87	-4.80	0.72	-0.69	-3.31
-2.66	-3.89	-0.97	1.29	-4.18	-2.33	-1.83	3.35	1.61	-1.77	3.08	2.54	1.93
-1.56	1.01	1.61	2.39	-2.93	1.42	0.24	3.20	2.90	0.72	2.18	3.27	1.66
-1.90	5.00	4.94	-0.15	0.97	0.18	0.02	1.89	-4.34	0.19	3.83	-1.52	-6.72
-0.98	3.65	1.89	0.29	3.51	2.14	2.83	4.04	-0.25	0.67	5.24	0.09	-4.92
-4.73	-1.18	1.46	1.03	3.14	7.66	7.61	12.23	1.54	-2.89	2.56	1.48	-0.81
2.27	-2.78	1.80	3.79	-0.13	6.31	6.77	7.91	-2.54	-1.41	1.73	2.11	1.20
-0.33	6.61	1.48	-1.46	1.88	6.18	1.04	4.17	4.45	-3.45	1.61	4.54	1.33
3.54	-0.35	0.76	-0.53	1.65	5.52	3.50	4.55	0.81	1.38	1.45	-2.06	-1.98
1.69	-5.45	1.11	2.67	-2.05	2.25	2.12	3.15	5.46	4.78	-1.17	-0.79	5.62
7.97	-5.40	2.50	7.90	-0.16	1.43	3.29	1.66	1.83	0.12	-2.20	1.42	4.19
5.93	-8.17	6.07	8.22	-2.71	-2.57	3.78	3.68	3.02	0.29	-1.27	0.34	2.73
3.50	-3.90	6.92	9.86	-1.88	-2.69	-1.70	0.88	3.29	1.40	-0.15	-0.02	4.45
2.16	-8.28	6.56	9.28	-2.55	-0.85	1.50	9.38	5.40	-0.65	-2.94	-1.65	2.82
-2.38	-3.52	5.26	8.69	4.43	-3.55	-2.37	0.35	-0.52	-0.45	-2.07	-1.03	3.22
-6.13	-1.19	-1.03	1.84	0.04	0.40	-3.77	0.74	1.26	3.12	-1.85	-2.52	-0.17
-3.47	-0.43	-0.42	2.89	-2.56	-0.78	2.13	3.26	2.92	3.59	-1.65	-1.72	2.54
-1.36	-1.45	2.03	3.53	-1.49	3.92	0.29	-1.73	0.75	-1.05	-6.56	-2.54	3.22
-8.63	-1.24	4.82	4.94	-3.44	0.91	1.37	3.52	3.43	7.56	3.28	5.67	6.47
-7.32	1.35	5.78	8.97	-1.66	-0.79	3.08	7.02	3.16	7.99	0.11	2.15	0.82
-9.70	-1.44	6.72	6.03	0.25	4.44	4.20	3.07	0.85	-0.58	-1.21	-0.36	0.91
-5.14	1.42	6.31	8.71	-0.37	1.55	2.95	3.18	3.09	4.25	-3.58	-1.15	1.46
-7.18	-3.66	0.47	2.69	-2.75	2.15	0.32	1.17	2.01	5.63	3.74	0.54	0.76
-3.31	2.74	11.46	9.33	2.91	1.93	-1.91	-1.57	-0.42	0.93	1.17	-0.31	-2.76
1.69	3.92	4.68	9.34	1.09	3.25	1.94	-0.10	0.57	1.23	-2.00	-0.32	-1.62
10.01	0.35	0.16	3.51	-0.52	-1.76	3.22	0.11	-3.74	-0.00	-0.40	0.15	-1.53
-3.71	-0.40	-2.38	-1.74	-1.19	-1.20	-3.80	0.15	2.61	1.05	-0.80	-0.15	-1.14
-1.95	-0.36	-0.93	-3.43	-4.73	1.71	1.70	-1.29	-2.12	1.92	6.10	4.92	3.75
-1.32	2.23	1.48	-1.31	-6.76	4.37	-1.41	-8.76	-3.17	-3.88	1.30	1.20	0.19
-4.08	3.24	-0.95	-6.67	-7.30	2.37	3.30	-0.34	3.57	-0.20	-0.33	-1.59	1.75
-8.32	-3.98	-2.32	-5.69	-8.98	4.23	1.71	1.04	-0.12	2.82	-1.02	1.94	5.88
-11.31	3.54	6.76	-2.33	-10.75	1.55	-0.77	1.38	3.00	-2.97	-4.02	0.33	0.12
-3.98	4.85	3.19	-4.16	-4.63	2.73	-0.37	4.06	4.32	1.21	-3.93	0.32	-2.66
-8.20	-0.31	2.87	1.18	-3.85	-0.49	1.62	-2.86	-1.47	2.72	0.26	-1.88	-1.06
-11.14	-0.13	0.47	1.17	-0.50	4.51	4.09	2.55	3.03	-3.87	-4.13	-2.19	-2.59
-4.27	2.90	0.20	-5.35	-10.60	0.80	-1.44	1.36	6.37	-2.49	-2.86	2.16	1.12
-5.28	2.07	1.28	-5.72	-7.14	3.61	3.55	6.75	4.00	-2.53	-3.43	1.55	-1.47
1.53	1.96	-1.82	-5.74	-5.80	0.49	1.47	3.11	1.03	-0.00	-1.84	-1.33	-1.57
1.62	0.16	3.48	-0.37	0.99	4.07	3.56	2.25	2.36	0.21	1.21	-2.46	-4.19
-4.77	-0.05	6.08	3.03	3.28	2.47	1.03	5.49	3.36	6.27	-0.28	0.70	-7.25
4.94	1.49	2.64	7.25	0.86	2.88	7.71	2.54	-0.79	0.57	-0.79	-0.23	-3.86
-7.05	-4.64	-3.00	-0.84	1.77	5.28	4.86	4.73	-1.57	0.30	3.20	2.52	-1.49
3.28	0.75	-0.85	2.72	-0.27	6.85	5.44	8.39	2.38	-1.82	-4.23	-0.62	-1.88
-4.51	-4.26	9.54	-1.75	2.37	1.86	3.64	8.84	2.40	1.30	-5.24	-3.62	-3.15
-3.62	-2.32	7.33	-6.27	4.40	8.11	2.01	5.85	0.11	0.03	-3.32	-1.45	-4.91
-3.42	0.21	8.16	-4.30	0.41	7.84	0.73	2.81	-0.99	-2.10	-5.64	0.41	-2.04
-1.50	-10.41	23.06	1.17	-0.42	11.26	7.17	4.15	-1.54	-1.59	-0.32	3.18	-0.60
-4.80	-20.83	35.93	0.05	-6.59	7.21	1.48	7.80	0.02	1.04	2.96	6.80	2.54
-7.53	-23.06	35.83	-1.43	-2.95	9.14	1.01	7.58	2.28	1.47	2.08	4.62	0.51
-3.99	-24.55	36.08	7.32	-6.19	6.95	-3.59	6.72	4.52	-3.83	-0.43	2.98	5.84
-8.80	-18.84	25.04	7.44	-5.64	4.10	-1.84	4.21	3.59	-1.79	-0.25	1.99	3.82
10.78	-32.91	37.76	8.47	-3.35	7.06	-6.34	9.03	2.99	-2.79	-4.30	-0.73	1.18
15.94	-32.61	33.50	3.85	-2.72	7.84	-12.19	5.92	2.78	-2.47	-6.53	-4.18	-1.90
20.18	-36.42	29.22	0.33	-1.31	1.65	-12.49	1.76	4.07	-3.34	-4.39	-4.35	-1.33
28.68	-35.26	22.67	1.30	-6.18	2.90	-15.49	0.65	1.38	-3.64	-2.80	-3.41	-1.71
9.40	-20.94	5.76	1.75	-2.67	0.42	-11.43	-6.31	-1.68	-5.74	-0.43	0.84	-3.43
18.57	-17.57	0.54	1.68	-5.83	-2.67	-7.98	-5.19	0.87	-1.94	5.43	4.90	1.81
29.12	-28.00	7.95	-10.03	-2.02	-8.33	-8.85	-8.30	-2.53	-1.97	3.46	2.56	-2.41
22.75	-23.65	4.26	-7.67	-6.00	-4.88	-11.54	-6.64	-3.95	-1.75	4.54	1.11	-2.02
32.31	-28.12	7.62	-7.20	-5.37	-3.26	-11.73	-4.73	-5.53	-0.49	4.48	1.48	-1.82
30.30	-24.06	6.44	-4.94	-7.88	0.34	-11.55	-5.53	-4.41	-0.88	3.22	1.34	-2.06
30.44	-24.97	13.53	-5.40	-7.31	1.88	-8.90	-6.20	-3.25	-0.97	3.69	-0.59	-1.64
27.72	-25.23	13.57	-4.79	-6.76	6.77	-5.31	-4.09	-3.07	-0.95	2.27	-2.53	-1.39
1.20	-9.43	12.70	-4.44	-2.60	8.90	7.65	0.16	-7.59	2.19	9.62	1.52	-0.03
-9.40	-4.18	0.90	0.21	0.05	3.62	0.63	0.64	-0.06	-0.27	4.66	4.03	0.17
11.18	-19.98	18.43	-4.50	0.01	16.14	4.95	6.98	-1.88	-0.40	10.33	1.45	-1.00
17.35	-23.85	20.98	-6.16	0.51	16.55	2.09	10.06	-4.85	-0.36	10.27	2.93	1.79
14.08	-22.74	21.12	-6.13	3.40	16.66	2.45	12.30	-1.82	-2.08	7.61	3.08	1.62
13.35	-21.09	20.15	-8.05	1.81	15.50	0.93	9.77	-0.96	-4.18	3.34	4.55	2.84
11.24	-19.32	16.06	-7.25	0.63	15.22	-0.56	9.41	3.52	-5.33	3.20	3.60	2.59
11.35	-16.62	14.13	-6.44	1.54	13.58	1.02	10.86	4.86	-7.00	2.34	4.29	2.42
19.45	-20.25	13.72	-7.51	1.34	13.12	-2.70	10.36	3.67	-7.29	2.79	3.67	4.88
10.92	-16.50	12.52	-4.26	0.96	12.71	3.23	11.91	2.91	-6.61	2.72	5.35	3.28
-4.76	-2.30	-4.64	-3.63	-4.73	-2.42	-0.81	-0.36	-0.66	-0.97	0.17	1.44	0.53
-9.42	-2.14	0.59	-3.71	2.34	9.35	3.77	0.65	-2.63	-3.32	-1.08	-1.88	0.17
22.36	-5.38	15.12	-11.52	-11.95	9.20	1.77	9.10	1.10	-7.46	-0.15	-3.83	-2.64
26.01	-2.97	13.32	-9.44	-16.42	12.38	1.82	10.74	3.02	-7.47	1.04	-5.46	-2.92
20.91	2.35	13.00	-9.23	-15.98	11.31	2.62	12.00	4.16	-8.94	-0.58	-5.13	-4.67
23.85	1.12	16.37	-12.98	-18.55	9.84	2.29	14.80	7.48	-7.37	-0.22	-7.19	-7.05
24.38	0.17	18.23	-12.78	-15.82	9.51	0.31	12.10	6.53	-3.23	1.77	-5.43	-6.97
24.20	2.39	20.19	-12.13	-16.95	5.07	0.96	9.97	10.93	-4.86	6.45	-5.82	-4.62
6.75	8.03	7.44	-6.37	-7.55	1.39	-2.30	3.69	7.26	3.16	2.27	-3.89	-7.31
4.63	4.96	-0.73	-4.81	-3.93	1.24	1.64	5.04	6.09	2.30	1.50	-0.42	-4.05
24.16	11.71	22.36	-8.83	-15.34	3.48	-2.68	7.27	8.53	1.42	7.54	0.68	-1.16
26.95	10.41	18.90	-8.49	-11.48	4.47	-6.28	7.48	6.41	2.06	8.73	1.22	-3.64
22.67	14.51	15.88	-6.92	-9.29	3.57	-5.43	3.88	7.44	6.51	7.60	-1.82	-4.46
24.24	14.61	15.24	-5.09	-8.64	4.00	-5.67	3.31	5.10	8.63	11.89	0.18	-5.89
20.36	14.96	16.98	-7.25	-4.58	6.55	-8.15	-0.42	8.65	7.78	6.73	0.33	-2.07
13.66	12.62	15.01	-5.13	-3.16	1.40	-1.36	1.45	4.84	6.55	7.48	2.74	-1.61
9.66	11.04	15.34	-3.15	-9.71	-0.59	-1.05	4.63	5.90	6.25	11.20	2.14	-1.21
8.29	4.57	3.65	-8.01	-7.59	2.55	0.92	2.83	3.70	7.62	6.08	1.02	2.17
-11.89	-0.06	-1.22	0.89	-1.08	-0.50	1.48	-1.05	-1.78	-0.59	-4.47	-3.40	-0.31
3.64	1.38	-0.89	-2.80	-6.30	-0.58	-4.14	1.59	-0.73	0.72	-1.98	0.43	5.06
-0.36	-6.41	0.15	-1.50	-3.55	-0.74	1.17	2.47	1.55	2.66	-0.89	-0.76	0.30
-2.81	-4.18	6.49	2.65	-1.00	4.15	0.59	-2.31	-0.30	1.84	1.26	-1.15	-1.96
-1.95	-5.11	1.07	3.31	0.39	5.70	-0.67	0.04	3.93	2.06	0.75	-3.32	-3.92
-1.99	-6.52	-0.04	4.02	3.96	9.55	3.01	5.44	3.79	1.94	-0.69	-2.77	-1.53
2.34	-9.75	1.87	-2.89	-2.98	2.37	-1.84	-5.13	2.17	-0.80	0.94	-3.87	3.58
-1.88	-11.63	4.85	-8.60	-6.16	-0.12	-3.95	-5.68	-3.64	-4.02	-1.64	-4.37	4.44
-3.58	1.54	3.44	0.93	1.99	0.84	-0.52	5.26	0.11	4.42	3.17	-5.72	-2.59
-5.43	2.53	-0.84	-1.93	-0.44	2.56	-2.32	0.01	1.30	0.48	0.14	-1.40	1.72
-0.18	0.99	7.58	8.93	1.69	2.32	-3.48	-1.01	-5.49	-2.22	1.56	-0.84	2.56
-2.93	-2.36	3.39	4.02	0.04	-0.39	-4.73	2.98	3.14	4.56	2.31	-3.70	0.21
1.35	3.02	9.60	6.96	-0.92	-5.38	-4.60	3.07	1.80	1.38	2.75	-1.23	-2.04
-1.68	0.35	10.26	8.93	-2.12	-0.13	-0.81	-1.25	-3.14	-0.04	5.18	-1.49	0.73
-11.40	-7.22	1.46	10.51	0.28	-2.37	-4.62	-1.00	0.66	2.90	0.35	-5.25	-0.69
-9.26	-3.95	8.03	12.23	-0.94	-0.78	-2.08	6.42	1.12	0.35	-0.16	-4.22	-0.84
-4.80	2.24	7.88	6.89	3.86	-1.57	-2.96	1.16	3.08	6.06	-0.31	-4.10	-3.72
-0.33	-3.26	1.41	4.85	-1.61	4.01	1.03	-1.53	4.31	2.86	2.42	3.07	1.33
1.06	-0.99	7.39	12.58	8.91	4.50	0.49	2.09	3.68	0.52	0.08	-3.29	-2.46
3.36	-0.98	3.94	9.80	4.12	6.60	-0.18	0.38	-0.52	-2.02	-1.22	-1.78	4.51
7.34	0.97	4.57	6.73	1.26	4.02	1.12	3.61	-1.42	-5.61	-0.81	1.14	0.90
7.77	3.76	2.40	1.17	-1.71	2.22	0.70	1.18	2.33	5.35	3.12	-0.91	-0.58
7.91	-2.61	0.48	-1.19	-2.59	-3.66	-2.37	3.36	-0.12	2.10	-0.07	0.30	-0.65
8.82	-5.29	-6.28	-2.09	-6.44	-6.56	-0.97	0.39	1.91	-0.16	-0.23	2.03	1.27
11.20	0.07	-4.08	-9.75	-10.67	-3.00	3.14	4.42	-0.10	-1.92	0.75	4.42	5.87
=== END OF SAMPLE ===
Next sample in: 3... 2... 1... GO!
-27.45	-3.66	0.39	1.16	4.49	0.50	5.17	1.63	1.85	0.50	0.56	3.42	2.68
-19.75	-1.16	1.28	2.89	3.39	-1.04	-0.59	0.01	-1.26	0.38	-0.75	-0.17	-5.39
-18.10	-1.97	3.97	4.65	4.87	0.07	4.08	1.08	2.27	2.87	-1.54	-3.88	-4.40
-19.67	-1.34	5.90	0.15	3.16	2.22	2.00	-0.97	0.10	-1.14	-0.39	0.15	-1.61
-15.98	0.22	5.21	0.18	-0.80	-1.21	2.04	-2.06	-3.01	-2.13	-1.68	-0.70	-5.27
-10.67	0.56	7.63	6.55	8.04	2.90	3.35	-1.33	-3.25	-0.79	-0.14	-5.11	-3.32
-5.23	0.80	5.86	11.44	9.20	1.54	5.33	3.59	-2.05	-7.27	-2.39	-0.02	-2.32
-8.81	0.30	9.05	8.61	4.91	0.65	1.28	3.97	-2.43	-1.26	2.33	1.10	-3.91
-12.91	-5.32	2.45	4.16	4.85	6.16	3.37	0.32	4.01	2.44	1.08	0.56	-1.02
-13.08	-10.19	8.25	1.92	2.35	11.64	4.78	0.39	0.44	-2.28	-3.58	-5.43	-1.42
-3.94	-3.04	3.95	-0.71	-0.16	3.23	3.64	0.06	-0.16	0.49	-0.04	-5.81	-9.01
-1.76	-8.53	1.75	2.20	0.93	4.81	4.44	3.75	2.84	4.10	0.91	-4.22	-5.99
-2.38	-7.50	5.13	9.07	5.83	4.19	-0.27	4.25	0.81	-0.22	-0.12	-2.73	-1.29
-7.90	-4.70	5.85	4.43	3.91	5.86	-0.90	-0.33	-1.82	-5.35	-0.18	-0.84	-2.49
-4.62	-5.95	2.07	10.09	4.63	1.55	5.29	-1.20	-4.23	-2.81	4.74	0.15	-5.65
2.16	-5.71	2.03	5.57	5.61	5.85	0.63	-0.60	-3.63	-4.83	-1.66	1.14	-2.91
-6.36	3.48	1.55	4.47	1.82	5.61	5.18	-0.53	-4.25	-3.01	-0.44	1.32	1.96
-8.65	0.73	-0.15	-0.99	-2.61	-1.13	-1.16	-1.16	-0.77	0.87	2.00	2.58	0.76
-8.89	-7.75	-5.69	9.32	7.75	9.08	7.04	-0.46	-2.68	-0.58	4.00	-0.18	1.33
-2.22	-1.85	-8.58	8.74	-0.30	7.23	0.77	-3.26	-7.55	-6.32	0.35	-1.43	-0.90
-0.78	0.63	-5.47	7.57	-0.85	4.32	4.27	-3.79	-4.42	-3.86	1.91	-0.55	-0.53
-4.18	5.68	-11.30	3.39	-0.74	5.05	3.07	-0.89	-1.93	-4.82	0.55	-0.62	-0.81
-6.89	0.81	-6.78	13.57	0.54	1.77	1.05	0.21	-0.84	-2.42	-1.12	-2.62	-2.75
-8.86	-1.48	-7.96	10.30	-2.86	5.24	-2.62	-0.72	-1.17	-4.90	1.00	-1.08	-3.67
-0.52	0.74	-6.65	7.95	-2.14	3.19	-1.29	-2.48	-0.53	-2.07	1.22	-3.35	-5.76
-7.48	-5.33	1.74	5.76	-2.72	5.59	-0.58	-0.82	1.88	2.55	5.00	-0.13	-0.31
-4.67	-9.28	-2.30	10.06	-2.77	-0.58	-8.58	-4.33	2.77	-0.99	0.88	-2.63	-4.03
-10.64	-9.62	0.16	13.28	-2.25	5.06	-3.03	-0.57	1.02	-0.27	4.43	-2.57	-1.43
-10.80	-8.05	1.50	5.70	-2.42	-0.48	-5.28	-2.45	-0.32	0.67	3.67	-0.81	0.04
-6.46	-10.50	6.63	3.31	-6.13	2.46	-3.82	-2.12	-1.41	-1.31	-0.54	-3.59	-2.12
-9.19	-13.34	4.27	9.70	-5.06	-0.80	-5.20	-4.33	-0.28	-1.90	2.18	-2.05	-4.13
-13.24	-12.09	0.59	5.57	-3.72	-1.67	-8.26	-5.74	-1.02	-3.08	1.19	-4.66	-1.09
-7.52	-7.40	3.23	2.53	0.57	-1.04	-4.50	2.23	1.23	2.47	0.80	-1.57	-0.29
-9.93	-7.55	0.08	-0.35	-7.03	-5.40	-6.24	-3.10	4.79	2.97	1.92	0.67	-0.53
-2.44	-4.96	7.14	8.41	-5.92	-5.44	-2.26	-1.93	-1.16	0.13	0.68	-1.83	1.98
-5.14	-8.64	5.87	6.58	-5.45	-2.30	-3.49	-2.71	-0.37	-1.50	-2.71	-4.24	0.54
1.53	-10.65	2.00	4.51	-6.62	-2.98	0.74	-1.00	1.11	-2.29	-0.68	-2.70	0.01
1.55	-9.15	-3.78	-1.70	-8.79	-0.30	0.53	-0.38	-0.41	-5.63	0.25	-0.83	1.10
3.78	-1.62	-3.93	-1.57	-1.99	3.77	6.55	3.87	-0.35	-3.87	2.87	0.97	0.90
6.11	-2.28	1.89	2.59	-1.99	2.53	1.13	0.33	-3.05	-7.52	-4.51	-0.89	2.06
4.69	2.42	-1.88	5.58	-3.30	1.62	-0.60	-8.26	-3.81	-6.16	-2.60	-1.06	1.99
-1.65	6.73	-5.89	-1.34	-4.31	-4.21	0.95	-5.89	1.93	-4.02	-1.72	0.42	1.24
0.81	12.64	-3.75	-0.22	-3.70	-3.91	3.43	-5.95	3.83	-1.00	0.83	0.16	0.85
3.54	1.79	-1.42	1.28	5.97	3.78	4.47	-4.75	3.01	-3.99	-3.29	-3.02	0.35
2.96	7.16	3.33	0.74	1.82	1.18	3.65	-9.03	3.52	-1.92	2.37	0.20	-1.43
3.11	2.35	-4.73	-3.97	1.46	6.58	8.02	-2.36	-0.27	0.28	4.22	0.09	2.54
6.99	5.86	3.26	-1.20	-1.35	-2.81	3.75	-0.55	1.57	-0.09	5.82	2.83	0.31
3.31	-1.66	-9.49	-8.08	-1.64	1.44	8.07	2.77	7.08	1.69	6.25	6.38	2.80
7.85	3.26	-4.16	1.00	1.06	3.14	8.24	-1.81	-1.54	-0.74	5.62	1.81	0.57
2.86	4.11	-0.40	-0.09	-0.20	0.87	-0.65	1.42	0.80	-1.78	0.79	-0.07	2.71
-7.37	0.74	6.47	2.88	0.24	5.12	2.58	5.83	8.92	0.06	-2.66	-0.69	-3.06
-9.99	-4.46	10.03	-3.82	3.17	8.67	-0.73	0.04	2.14	-0.01	0.22	1.65	2.69
-7.41	-9.23	14.84	-4.60	3.17	12.51	-5.60	1.62	4.49	-6.99	-5.29	-2.04	3.65
-17.80	-13.99	20.39	-2.86	3.24	10.46	1.43	3.89	5.02	1.81	1.38	4.85	0.63
-22.13	-19.80	21.69	-5.84	-2.10	16.66	-2.29	4.16	9.63	-0.60	-0.34	3.01	1.00
-9.62	-14.31	14.48	1.76	-1.78	6.01	-4.50	4.88	6.27	-1.32	-4.71	3.77	4.02
-3.38	-13.24	20.62	-3.20	-6.94	13.51	-5.44	-0.29	11.15	-3.50	-1.42	5.20	3.01
-4.25	-11.31	16.52	-0.80	-6.01	10.77	-9.97	0.83	12.49	2.21	-0.78	6.44	3.52
-9.85	-1.78	3.51	-3.01	-3.13	5.22	-2.11	2.05	3.35	1.22	-0.13	0.69	1.78
-10.36	-6.44	10.03	-0.97	-1.34	7.93	3.07	3.65	8.64	5.79	-1.68	2.55	1.39
-16.17	-6.09	20.25	8.52	-3.39	8.19	-9.38	-2.19	6.87	3.81	-1.39	5.10	11.11
-12.11	-7.40	23.43	5.63	0.35	10.91	-6.57	1.34	11.64	2.20	-3.47	0.89	8.59
-16.76	-11.90	21.07	12.96	0.60	12.74	-1.82	7.71	13.68	2.86	1.49	-3.66	2.86
-21.97	-3.56	22.75	16.79	-5.01	11.98	-4.65	6.51	12.90	-1.61	-0.49	-6.14	5.28
-8.58	-3.41	16.48	14.56	-6.25	10.97	-9.94	4.76	8.09	-0.40	-0.59	-3.63	3.52
-10.30	-11.76	23.57	14.03	-1.13	10.35	-9.63	3.44	4.31	-0.40	-3.87	-4.90	2.08
3.80	-16.75	24.31	14.91	2.43	3.69	-10.05	-1.77	3.06	-0.70	-7.07	-7.34	0.28
-6.56	-5.49	7.15	9.41	3.50	2.01	-2.94	1.14	4.13	-1.16	-5.50	-1.76	-1.17
8.00	-16.78	21.23	8.81	1.38	-3.08	-16.25	0.58	3.18	0.44	-1.00	-5.86	-0.98
10.92	-15.59	20.71	5.85	0.96	-2.40	-18.31	0.10	2.88	-1.92	0.58	-3.48	-3.41
10.32	-16.48	21.66	2.87	-0.51	-2.11	-16.63	-7.49	3.32	-2.21	-1.26	-3.19	-2.45
9.56	-16.37	18.34	1.04	-0.09	-3.36	-12.74	-8.44	4.38	-1.40	-1.39	-3.08	-4.50
11.23	-21.72	17.15	-1.21	0.51	-1.80	-11.15	-6.94	0.70	-1.08	-1.82	-4.69	-6.63
8.38	-19.32	12.29	1.98	2.20	-3.73	-7.05	-8.65	2.55	-5.47	1.66	-7.07	-8.79
6.37	-11.87	9.66	9.24	1.82	1.76	-8.31	-7.14	-1.15	0.54	3.27	-0.64	-4.28
3.58	-12.41	7.92	5.98	0.75	0.20	-11.21	-2.77	0.20	-5.03	4.34	-2.71	-6.99
14.16	-22.19	15.58	7.85	10.47	4.39	-3.65	-5.78	-3.66	-2.10	7.48	-1.46	-8.98
8.88	-19.86	15.66	3.52	8.52	8.16	-7.11	-4.79	0.86	-3.11	10.21	0.96	-9.96
-2.90	-23.93	17.25	1.04	15.47	15.53	0.60	3.45	5.60	-3.67	9.13	-0.25	-14.81
-4.42	-17.66	15.43	1.09	9.33	15.59	-3.86	4.32	1.93	-2.97	6.79	2.72	-8.65
-3.46	-20.46	18.45	-0.96	8.41	16.53	-3.94	2.73	2.65	-2.18	8.53	5.68	-7.27
3.01	-24.55	22.45	-3.20	8.23	15.45	-6.03	0.84	0.25	-0.92	4.95	8.23	-6.74
-17.00	-1.45	15.70	-5.47	-0.30	12.35	-1.53	-2.99	-0.65	-1.45	6.45	5.87	-3.26
-10.02	-4.36	6.76	-0.74	-1.88	7.43	-0.49	-0.17	2.53	-1.22	1.12	3.17	-1.78
-11.56	-21.52	18.70	-1.50	1.81	16.91	3.70	1.65	-0.04	0.16	6.14	10.41	-0.11
-6.69	-19.52	18.40	-0.11	-1.57	17.06	2.63	-1.02	-3.48	-1.42	7.08	9.57	1.52
-7.74	-20.46	17.44	-1.51	0.24	16.77	7.99	0.91	-3.18	0.74	6.99	8.37	1.47
-2.27	-22.40	11.59	2.00	-5.35	17.20	7.10	-0.33	-1.18	0.21	6.40	10.52	2.77
1.93	-24.29	20.28	1.42	-0.69	20.05	12.68	2.77	-4.72	-0.71	-0.81	6.38	-1.71
8.82	-23.52	19.30	1.55	-2.45	20.01	7.95	-3.03	-6.74	-6.29	-1.35	2.99	-4.50
1.27	-9.67	6.12	0.73	-7.02	11.64	7.74	-4.23	-11.06	-7.30	-1.48	-2.18	-5.82
-6.99	-3.38	0.71	3.10	-0.34	7.05	9.28	2.30	0.88	-0.73	-2.29	-1.62	-3.45
17.21	-7.68	16.71	-5.12	-12.30	7.80	10.75	9.09	-4.37	-3.88	-8.31	-5.76	-0.63
14.91	-3.22	17.97	-9.01	-12.84	10.27	7.39	13.56	-1.35	-2.77	-8.06	-8.88	-3.67
13.64	3.22	15.59	-10.49	-13.17	12.25	4.93	9.38	5.83	-2.80	-9.91	-6.85	-4.82
16.11	6.01	20.45	-6.76	-11.90	14.37	6.91	8.23	8.48	-0.30	-7.64	-3.37	-5.65
19.10	2.99	20.86	-7.04	-11.27	12.03	4.95	11.35	7.10	5.71	-3.27	1.67	-8.72
9.21	9.61	12.05	-4.23	-8.08	8.34	2.96	5.90	11.08	5.96	0.08	0.23	-5.58
-4.95	5.32	2.03	1.27	0.54	2.47	1.69	1.85	4.12	2.76	1.40	2.12	1.06
-6.87	9.27	0.64	2.40	-2.36	0.81	1.08	-2.14	5.17	-0.65	0.73	-4.33	-0.86
11.96	7.23	10.48	3.60	-2.59	1.38	-2.31	3.98	8.44	9.27	4.85	2.91	-0.11
16.82	6.47	5.32	3.38	-0.91	-1.73	1.09	-2.31	3.21	8.87	4.29	0.00	2.82
12.35	1.98	-2.10	2.32	-3.16	-2.77	-1.35	-1.03	-1.01	4.40	2.61	1.35	2.71
-9.49	5.71	-1.54	-1.83	-0.05	1.04	3.04	9.30	3.28	-3.65	7.33	1.09	2.63
-2.64	0.47	-0.48	-1.79	-2.56	-5.73	-1.99	1.00	2.09	6.63	3.94	-2.60	2.50
-7.89	-3.79	3.84	2.99	-1.34	-0.83	3.83	0.22	4.65	2.13	-3.75	-1.67	-3.94
-4.61	-4.90	3.83	3.82	-2.09	-1.80	0.62	-8.60	-3.98	4.20	1.11	0.73	1.82
-14.84	-2.25	4.32	-1.87	-0.81	-4.73	3.17	-0.50	-3.59	0.12	3.53	2.55	1.86
-11.24	1.21	5.96	-1.04	-3.54	-2.95	1.66	-1.39	2.76	4.45	1.13	0.39	-0.33
-18.31	-3.37	1.18	0.11	0.63	3.01	0.86	-1.91	3.16	-0.22	-0.50	1.90	4.30
-12.72	-4.45	1.12	-1.66	-0.17	1.48	-2.82	-0.29	1.52	5.22	3.53	-2.05	0.86
-15.93	-3.05	0.93	4.06	-0.73	-3.09	-3.42	-2.16	2.48	-0.01	5.86	2.99	-5.71
-12.80	-2.38	0.91	4.04	0.14	3.20	1.44	1.86	5.52	3.08	3.78	1.28	-0.95
-17.49	-6.36	-1.54	2.45	-1.85	-0.79	0.18	-2.36	7.49	6.01	6.70	3.94	-1.41
-13.38	-0.28	2.05	0.57	-4.12	-5.18	1.05	0.35	4.08	1.05	1.95	1.18	2.10
-13.99	-0.03	4.38	1.90	-6.23	-1.20	2.54	-0.99	2.60	-2.36	0.83	-2.00	-1.97
-11.20	0.47	-1.68	1.74	-1.44	0.19	0.65	-3.11	-4.23	-1.46	-1.89	-2.37	-0.43
-8.86	-4.68	-2.40	4.36	-4.92	-0.14	-2.66	-2.99	-4.02	-1.95	2.45	-0.84	-1.01
1.42	-2.76	-5.23	0.65	-5.55	-2.04	-0.24	-6.27	-1.09	2.94	-0.19	-2.91	-1.81
-0.69	0.82	5.57	1.73	0.28	1.41	2.11	-1.25	2.14	4.67	1.56	-2.81	-3.36
-2.85	-2.60	2.57	-0.36	-5.73	-1.33	-0.02	-3.88	2.77	3.29	3.24	-0.14	-2.39
-3.89	-5.91	-0.06	3.47	-3.91	0.25	3.08	-3.92	1.06	4.34	2.56	-5.90	-4.60
-5.51	-0.86	-3.31	-3.75	-3.52	-2.64	-1.27	-2.26	2.06	4.36	1.39	-4.35	-0.51
-0.92	-4.19	-1.02	0.73	-3.69	-3.15	-3.76	-3.78	1.43	1.05	2.31	-1.15	-1.28
-3.48	-5.31	-1.58	2.89	-7.48	-6.18	-4.81	-2.89	0.10	5.55	7.08	-0.69	-1.45
=== END OF SAMPLE ===
Next sample in: 3... 2... 1... GO!
-5.14	-4.13	0.57	1.33	1.27	0.77	-0.81	-2.37	4.34	7.04	5.94	-0.74	-4.54
-4.07	-2.86	0.39	-0.88	-3.04	-3.08	-0.92	1.56	2.78	1.39	0.14	1.75	1.71
-9.72	-3.23	2.92	1.27	0.07	-0.80	-5.99	-1.67	-0.12	0.48	2.57	1.99	4.23
-0.73	0.60	2.14	4.39	3.97	3.02	-3.60	0.10	2.99	2.79	-0.57	-1.87	1.10
-6.14	-6.55	-2.07	0.18	-0.59	2.15	-1.55	-6.56	-0.65	-0.90	-1.76	0.95	0.39
-12.33	-2.51	6.71	2.05	1.15	4.55	-0.71	-4.75	-0.45	6.15	2.43	2.77	-2.59
-3.56	-1.05	-2.72	-0.94	-1.90	1.17	-1.69	-1.32	7.41	0.93	-0.05	2.55	0.56
-4.58	1.90	5.10	3.85	0.46	0.76	-4.56	-4.94	3.65	-1.14	-4.73	-0.91	1.61
-5.91	10.36	2.91	5.88	3.49	-2.85	-4.06	0.40	-2.60	-3.04	-4.34	-0.69	-2.15
-7.03	10.10	7.93	4.35	2.04	2.84	-2.40	-2.09	5.69	0.37	-1.55	-3.35	-5.69
-3.12	5.71	5.89	9.49	1.10	0.78	-4.26	-2.32	-0.62	-0.59	-0.08	-1.32	-4.50
-1.27	6.95	11.51	10.71	-1.90	0.51	0.96	-0.96	1.42	1.04	3.58	3.56	-0.24
-1.53	11.81	9.73	12.15	2.50	-4.00	-3.89	-7.50	5.28	2.43	3.93	4.16	1.58
2.53	10.50	4.33	8.92	0.32	-4.15	-1.02	-6.56	0.71	1.68	1.47	0.96	3.01
-0.20	11.05	4.11	6.02	-1.34	-5.45	-3.46	-0.69	5.58	0.82	1.74	3.42	0.86
-4.78	7.07	0.64	-3.01	-3.29	-2.92	-0.84	-1.96	-0.48	-1.25	1.34	3.10	2.43
-4.83	3.28	-0.77	-0.41	-4.87	-4.62	-1.41	0.07	6.57	2.78	4.78	3.48	1.29
-8.39	2.55	6.05	0.65	-3.32	0.39	0.39	2.96	5.81	0.77	3.11	3.35	1.27
-1.06	3.43	4.87	7.81	2.55	-3.70	-2.80	-1.75	5.38	4.49	1.19	3.11	-1.53
-6.96	7.16	3.00	1.72	-1.84	-4.78	-3.81	-1.75	6.99	5.78	8.20	-2.78	-2.42
1.23	7.47	1.50	4.57	-2.24	-0.66	1.21	-2.12	3.17	3.78	5.63	-0.19	-1.27
0.02	6.26	-0.11	2.65	-6.26	1.30	2.14	-2.89	2.26	1.75	0.56	2.65	2.10
-2.03	2.21	-2.73	4.65	-1.46	-0.46	-0.59	-2.09	0.80	1.04	1.88	0.28	2.08
-5.16	4.62	3.13	5.45	-4.09	1.02	0.72	-1.41	1.30	0.58	1.72	-4.57	-6.80
-5.52	6.39	-1.46	3.77	-1.65	-3.25	-3.63	-3.73	-4.86	-4.85	1.02	-2.64	0.50
-5.13	6.40	-0.54	2.46	4.45	0.52	1.47	1.23	-0.72	-3.52	0.19	-1.92	-1.92
-5.32	9.02	-3.69	3.05	-1.27	-0.35	3.05	-5.54	-0.87	-4.90	0.20	-6.66	-6.24
-11.40	8.73	-2.40	8.91	-0.66	0.65	1.43	2.30	2.60	0.01	-0.50	-9.04	-8.46
-12.01	9.97	1.14	2.81	-0.45	-0.20	0.33	3.09	2.99	-4.74	-2.35	-7.68	-8.11
-14.45	13.18	3.77	0.37	-1.39	2.87	4.41	1.87	1.58	-4.07	-4.36	-7.10	-6.21
-10.11	10.23	2.45	4.54	-0.60	-0.04	-0.49	-1.36	2.84	-5.99	-1.05	-0.61	-4.15
-9.42	5.07	0.92	5.03	1.51	5.11	-0.11	2.69	1.36	-3.46	-1.41	-0.99	-4.34
-12.06	4.12	-7.67	7.53	3.67	-5.47	2.84	0.82	3.69	1.71	2.81	3.74	-2.83
-19.75	7.20	-0.03	2.02	1.42	1.87	-1.06	0.52	-1.09	1.28	-0.33	-2.51	-3.11
-23.47	1.26	-4.73	-0.49	1.56	5.37	2.70	1.25	2.54	-1.40	0.09	-3.50	-0.24
-21.72	-4.27	-2.52	1.59	2.07	2.67	0.60	-1.59	2.97	-0.32	-1.36	-4.92	-5.39
-11.72	0.25	4.75	2.53	-3.43	-4.09	-0.23	0.37	-1.49	0.15	1.29	1.26	2.06
-1.01	2.15	-0.87	-2.71	-4.16	4.79	2.24	-0.62	1.89	-0.10	0.71	-1.76	-0.26
-7.48	-3.28	-5.29	1.00	1.90	7.11	8.09	2.32	-1.57	-1.70	-3.27	-5.03	-5.75
-3.93	-4.50	-4.66	-0.08	-6.37	-3.80	-2.33	-6.27	-1.33	0.95	1.87	0.09	-2.55
-6.23	-0.99	-1.28	-3.09	-4.32	-2.22	0.17	1.75	2.41	4.52	0.33	-2.42	0.27
3.60	6.65	2.90	3.52	1.55	-4.88	-1.00	-1.67	-1.59	-0.16	-1.54	-4.45	-4.39
5.19	2.21	-0.20	-0.98	-3.03	-3.58	-3.94	-1.92	0.23	3.44	3.53	-0.43	3.09
4.37	-0.63	-0.27	2.00	-2.45	-4.03	-2.54	0.65	-4.35	-2.19	2.45	1.50	-2.56
-6.92	8.11	4.58	4.38	-2.76	-6.96	-1.45	1.20	-0.71	-5.55	-2.34	-8.71	-4.38
-5.89	6.89	3.05	5.07	2.25	-1.95	-1.50	0.17	1.45	0.20	-0.27	-5.45	-5.87
-1.44	2.93	1.55	3.11	3.36	0.67	-1.18	-0.89	-1.80	-0.81	0.29	-2.40	-1.22
-9.43	-0.54	-4.00	1.98	1.74	0.21	1.46	2.68	1.83	-2.02	0.43	0.81	2.72
-12.44	-1.44	4.33	4.72	3.04	6.11	-0.95	-2.07	2.05	0.07	4.08	1.03	-0.93
-7.47	-0.61	8.25	4.63	0.47	8.57	-0.08	2.81	9.34	1.18	2.02	1.29	1.10
-8.38	2.96	10.76	-2.78	-0.48	6.24	-1.02	-0.50	9.42	4.43	2.83	-0.09	0.73
-13.67	5.47	14.05	-1.49	-2.94	5.45	1.17	7.46	9.06	-1.29	1.57	0.77	3.59
-16.52	3.88	11.95	-0.14	1.59	9.91	1.09	7.94	8.51	-4.97	-1.83	-1.14	3.98
-20.13	-0.53	14.35	-0.04	0.63	8.99	2.77	6.72	13.78	0.24	2.65	-2.47	2.50
-23.29	1.52	17.04	2.14	-1.28	9.62	3.64	4.39	10.04	-2.07	1.72	4.41	4.99
-21.68	0.69	22.80	5.45	-0.61	9.20	-1.17	7.27	10.84	-2.14	-0.40	-0.51	4.08
-8.12	-9.67	23.25	15.22	-3.60	3.15	-3.41	3.94	5.47	-0.77	1.28	-0.91	4.71
-11.29	-11.49	13.85	9.71	-3.99	6.07	1.42	2.03	5.45	2.57	3.85	2.46	2.86
-1.77	-17.14	21.88	20.82	-5.79	7.31	-4.23	1.69	6.30	-6.17	2.18	-4.16	-4.29
-0.71	-16.13	22.48	21.51	-3.88	3.31	-6.70	1.95	4.83	-5.71	0.39	-4.01	-3.78
4.95	-14.99	19.59	19.22	-2.51	-0.79	-7.79	0.38	2.27	-5.79	-1.72	-1.81	-3.50
4.34	-15.18	14.71	17.23	-5.83	-0.02	-8.44	-0.83	0.90	-3.78	-4.18	-1.97	-1.93
10.87	-16.35	14.91	13.80	-3.87	-0.88	-10.82	0.11	0.24	-5.69	-4.27	-2.12	-3.60
7.04	-16.28	17.37	10.88	-8.05	0.40	-10.59	-0.91	0.22	-4.44	-2.71	-4.97	-4.07
8.29	-16.27	13.82	10.21	-1.67	-0.47	-11.54	-1.48	2.11	-0.11	4.44	-0.06	-1.39
-3.20	-6.60	5.02	9.14	0.63	-4.95	-6.74	-3.74	-2.22	0.30	0.82	-5.33	-2.92
15.63	-22.25	13.58	11.21	0.61	0.51	-11.93	-6.83	-0.13	-4.39	3.55	-4.50	-10.56
9.83	-20.32	13.32	10.49	1.64	1.59	-10.41	-6.06	-1.37	-3.95	5.07	-4.13	-11.27
14.79	-19.06	14.06	8.70	4.11	4.46	-4.85	-5.47	-2.85	-3.16	8.43	-2.08	-14.27
13.75	-19.42	13.71	7.57	6.40	5.42	-4.52	-5.34	-3.40	-1.38	5.61	-1.29	-14.05
11.24	-18.23	11.78	6.33	6.98	5.95	-1.64	-5.39	-1.86	-4.00	7.33	-2.27	-13.79
12.11	-19.01	14.12	5.64	7.91	8.85	-1.24	-7.37	-2.12	-5.41	7.14	-0.72	-13.95
6.42	-9.03	2.68	3.17	1.27	6.02	-0.32	-4.57	-3.32	-0.02	4.84	1.46	-4.76
4.52	-3.57	0.70	1.00	0.25	4.48	1.63	-3.92	-5.95	-3.04	3.81	-0.26	-6.24
10.51	-17.76	10.81	-0.22	6.75	13.06	3.16	1.88	-7.67	3.43	5.73	4.20	-6.96
6.25	-14.61	9.38	-0.50	8.95	12.78	5.39	5.68	-8.00	5.05	-1.12	6.06	-11.18
9.61	-11.66	8.89	3.95	4.52	12.28	1.50	1.23	-7.20	3.39	1.40	7.06	-6.99
4.65	-17.94	10.23	-1.67	6.62	9.03	4.95	4.46	-5.20	5.86	5.34	9.73	-2.89
9.99	-15.59	12.54	0.12	5.05	11.68	4.23	2.93	-8.04	2.23	3.73	4.89	-1.91
7.04	-16.73	9.14	0.95	5.31	15.45	8.04	3.91	-4.61	1.63	4.15	7.42	-3.37
-3.44	-2.50	1.91	3.24	2.49	7.96	6.81	-0.13	-2.95	-0.05	1.64	4.35	-1.19
-3.26	4.70	1.32	-0.50	1.23	3.71	3.20	1.27	-1.25	-1.36	0.04	1.94	0.75
15.10	-8.09	12.32	-4.88	4.81	14.65	7.66	3.20	-8.68	-3.41	0.88	3.02	-2.41
15.00	-7.21	14.82	-7.46	2.08	15.78	2.89	-2.23	-7.07	-5.73	-1.30	5.43	-2.39
13.37	-1.47	14.01	-10.60	-0.82	13.71	5.01	-2.89	-8.89	-1.96	-0.45	5.07	-1.01
11.87	-1.90	17.38	-9.97	-3.86	8.72	6.75	1.68	-10.58	0.94	-5.35	1.98	2.98
13.74	3.35	19.39	-14.31	-7.77	10.89	9.45	-0.12	-8.60	-0.27	-5.04	-1.20	1.41
12.49	3.74	20.05	-14.07	-7.71	13.83	10.96	0.03	-7.95	-2.50	-6.83	-0.69	2.36
-2.67	7.28	8.88	-7.76	-7.47	2.25	0.97	2.02	5.45	1.56	-0.55	1.70	2.64
13.65	2.71	18.68	-7.04	-6.65	8.98	8.06	4.65	5.12	-2.36	-2.76	-0.57	1.50
15.71	10.81	14.98	-7.57	-4.81	5.63	9.26	4.79	0.16	0.97	2.97	-0.41	-2.51
14.35	9.10	8.32	-4.66	-3.89	10.14	3.91	-2.97	0.96	2.79	1.44	1.55	-1.64
13.96	6.88	9.52	-6.80	-3.44	8.39	4.06	0.89	3.93	0.45	4.08	4.07	-1.55
11.93	7.05	8.39	-8.32	-1.85	7.45	5.95	-0.76	0.19	2.26	10.43	7.97	-1.45
15.40	7.64	9.42	-8.11	0.60	6.11	2.35	0.16	6.15	2.86	13.53	9.27	-3.88
16.22	11.24	6.37	-4.25	-2.32	6.08	0.87	1.39	3.42	5.38	11.39	8.13	-0.18
10.62	13.81	12.98	-4.20	-5.52	1.43	-2.06	1.45	4.46	7.62	10.03	4.19	-1.01
8.94	9.52	4.40	-7.56	0.78	1.56	-2.28	1.15	0.06	1.79	9.71	3.98	-1.02
-10.96	1.02	-1.54	3.43	1.01	-0.99	-1.12	-1.91	-2.19	-1.07	0.83	-0.05	-0.36
-8.22	3.38	0.09	-0.38	1.10	-2.43	-1.78	3.19	2.87	1.95	1.06	-2.66	-3.23
5.08	4.72	-1.02	-1.12	0.09	2.38	5.60	-1.97	1.11	2.13	7.53	2.41	0.41
3.57	3.09	-4.18	-3.61	6.25	4.76	3.27	-1.64	-3.68	0.68	4.19	2.01	3.20
3.26	2.89	2.34	-0.16	3.96	-0.12	-2.62	-4.97	-3.12	0.80	0.60	-1.27	-0.25
9.20	5.89	6.47	-2.03	2.78	-1.74	-2.09	-0.53	-3.98	-2.84	2.50	-2.29	-2.62
-7.51	-0.64	3.26	-17.47	4.71	4.37	1.03	-1.44	-5.42	-3.97	5.61	2.36	4.47
12.86	7.43	-2.44	-13.34	1.20	5.75	-1.60	-5.46	-9.45	-6.28	8.00	2.01	1.48
1.82	-2.30	-6.00	-8.12	0.09	-0.03	-1.03	-4.30	-1.98	3.53	5.87	5.34	1.62
9.85	2.84	1.27	-7.15	1.18	0.75	1.28	-4.19	-3.37	-3.00	-0.64	-1.29	0.11
5.61	4.47	5.22	-1.20	0.55	1.69	-2.03	-4.76	-1.35	-0.36	5.84	3.90	2.21
7.23	1.30	-0.44	-3.19	1.92	4.98	3.30	-2.19	-3.20	-3.00	1.20	2.67	0.33
5.45	2.65	5.07	-0.44	0.43	5.06	3.78	2.16	-1.34	-3.90	-2.48	-3.41	-2.61
1.08	2.44	3.79	-0.73	3.97	8.08	4.47	1.70	-1.80	-4.80	1.15	-1.79	0.26
-0.85	5.80	-0.73	-2.30	2.11	4.17	0.48	-2.83	-1.76	-0.62	5.19	3.60	-0.61
3.21	9.86	3.65	0.93	5.99	8.18	0.15	-3.70	-1.84	2.62	6.89	-1.71	-5.08
-2.59	-1.67	-2.07	3.94	-2.90	-0.56	0.73	-1.57	2.31	1.91	3.13	3.81	0.41
6.14	0.59	-4.62	-8.00	-4.56	1.54	2.44	3.47	1.27	2.51	7.29	2.96	2.38
11.28	6.53	-6.22	-4.87	-2.25	0.97	0.16	-0.88	2.09	-2.98	2.68	3.40	0.54
11.54	4.07	-2.90	-5.42	-6.05	2.52	4.16	-0.60	0.81	3.84	5.70	5.07	1.99
10.87	0.45	-1.87	2.21	-4.00	1.25	3.16	6.09	2.01	-2.95	-2.59	-3.29	-1.17
8.36	8.57	3.88	-1.99	-1.89	0.34	-1.92	1.13	2.21	1.58	-0.52	0.08	-1.87
10.00	9.91	1.19	-0.97	0.57	1.34	-0.64	0.51	0.78	-0.88	-0.97	-5.16	0.65
8.12	6.04	-1.10	0.35	1.31	5.80	4.30	-0.49	3.24	1.15	0.74	-1.86	-1.56
10.16	1.47	-1.40	-2.27	-4.89	-0.71	2.91	2.85	5.58	-0.76	-0.34	-0.94	-4.98
7.58	7.54	-0.03	0.02	0.72	1.33	4.50	-0.43	2.29	1.62	1.20	-0.98	-0.53
6.33	11.10	3.70	1.75	-2.42	1.61	5.43	1.62	-0.93	-2.24	1.14	0.78	0.42
=== END OF SAMPLE ===
Next sample in: 3... 2... 1... GO!
14.81	-0.23	-2.34	-4.60	-4.63	0.94	-0.62	2.38	5.63	4.16	-3.61	-3.11	-6.24
8.05	-0.02	-7.03	-5.30	-4.78	0.27	-0.48	-1.41	6.68	6.34	0.58	-0.14	1.54
18.21	8.33	0.41	0.23	-5.51	-0.29	3.94	-3.46	-0.57	-0.70	-1.16	0.62	-2.26
11.57	5.21	3.79	4.04	-2.37	5.62	-1.92	-0.50	-0.45	-1.15	0.88	-0.94	1.06
4.98	0.92	-1.50	-4.11	-1.71	2.93	1.63	1.23	3.11	2.31	0.34	2.16	-3.55
3.62	-3.72	-1.75	-0.19	-0.21	5.04	1.91	2.88	3.11	4.63	1.57	0.02	-0.89
1.51	-2.13	0.22	0.43	5.44	10.42	6.50	1.96	3.97	1.49	-1.44	-4.28	-1.57
-1.10	1.33	-4.80	0.68	-1.24	-2.62	-2.76	-0.76	1.50	2.73	4.03	-1.51	-2.99
2.22	8.35	5.15	5.13	-3.37	-3.31	1.15	5.34	2.28	3.05	2.07	-0.36	0.44
-4.44	2.44	0.98	1.97	-3.35	-1.57	0.83	-1.32	-0.18	-1.10	3.25	5.61	0.71
-3.69	6.67	5.60	11.04	4.15	-0.94	-1.02	5.84	3.72	-0.58	4.83	0.98	1.88
-7.36	5.22	5.14	11.42	7.97	4.48	-0.71	1.55	3.42	-0.47	-0.90	0.79	0.45
-0.23	2.72	3.71	9.61	-1.92	5.14	0.94	2.95	3.68	0.44	2.99	2.39	2.32
2.01	4.39	0.55	8.46	-0.56	-0.44	-5.13	-0.80	3.93	4.20	5.87	3.59	2.23
4.26	4.02	-2.14	7.43	4.80	2.91	-2.36	1.67	2.74	4.72	3.59	0.68	2.88
2.84	4.00	-6.85	-0.56	0.91	-3.35	-0.87	-0.43	0.87	0.30	10.72	8.62	5.88
2.43	1.00	-4.12	-2.04	2.27	-0.63	-0.76	-0.09	3.70	0.22	7.37	4.50	5.54
-3.59	-3.79	-1.42	-0.17	-0.74	3.98	3.75	3.51	4.65	2.77	6.30	2.95	4.22
8.00	-1.78	-6.00	-4.44	-4.58	-3.99	1.17	-0.23	-3.12	-3.49	1.99	-3.97	2.88
9.12	-0.95	-9.50	-1.99	-3.26	-4.23	5.41	0.03	-4.63	-2.42	4.41	-4.18	-4.58
15.14	1.14	-6.35	-0.94	-5.86	-5.62	0.02	-4.80	-2.21	2.40	5.75	-4.11	-2.41
14.46	-3.78	-3.74	1.24	-5.70	-4.93	-2.25	-3.33	0.42	0.77	4.85	0.72	-0.24
5.83	-4.78	-7.55	1.88	-2.68	1.20	2.72	-1.97	3.03	4.89	5.58	-1.45	-2.32
5.09	-1.80	-4.07	3.55	2.54	2.03	4.71	-4.94	-1.12	-4.35	0.02	-5.34	0.97
8.72	-1.64	-5.47	-0.13	-4.22	-0.39	-0.79	0.13	-5.05	-4.56	3.21	-0.17	3.74
10.29	5.27	-0.53	1.84	-8.70	-1.76	6.67	-5.02	-4.23	1.00	3.31	0.40	3.91
5.17	-0.37	-7.44	-3.28	-3.39	-4.02	-1.97	-5.84	-2.44	3.60	4.77	-1.00	-2.59
5.80	1.41	-6.89	-1.12	-1.84	-1.89	-1.40	-2.41	-0.69	5.79	2.64	-2.56	1.58
1.90	-0.33	-7.04	-4.68	-7.68	-5.35	-4.71	-5.89	-6.73	-0.81	0.65	-0.17	1.57
5.32	-0.38	-6.44	-5.11	-3.45	-0.21	-0.87	-1.34	-6.51	0.60	2.48	-4.07	-0.70
6.03	-1.48	-6.72	-5.69	-7.83	0.30	0.88	-1.52	-3.15	1.78	4.87	-2.40	1.74
-0.22	-4.34	-5.48	1.01	-0.36	-1.38	-3.16	-6.65	-2.84	-2.85	1.64	0.41	1.30
7.07	-0.42	-1.43	2.84	-1.20	-0.85	-3.40	-2.53	-3.87	0.78	-0.34	-0.28	3.83
9.21	0.57	-2.08	0.58	-2.11	-4.98	-5.27	-5.47	-4.33	2.89	0.32	-4.25	-0.62
-3.07	-2.28	-1.37	4.27	-0.25	-5.78	-2.02	-2.32	-3.40	0.13	1.41	-3.61	-3.17
5.31	-0.46	-2.61	0.65	-1.08	1.01	-3.07	-3.75	-2.82	4.19	7.60	3.51	1.00
-2.65	4.62	-3.97	5.52	-2.21	1.69	-1.07	-5.84	-3.88	0.15	2.30	-0.12	2.00
-2.11	5.81	-3.06	-0.27	-5.15	-1.85	-5.02	-8.09	-4.20	3.51	3.78	-2.91	-0.01
-5.97	9.22	-3.64	-0.65	-3.78	-0.60	-1.45	-7.53	-5.24	-2.60	2.62	-0.79	-1.95
-10.10	3.93	-4.17	-1.92	-2.38	-0.04	-4.02	-4.81	1.09	-0.07	1.68	-1.46	-4.65
-13.50	6.78	-8.70	-0.93	-1.91	-1.61	-1.80	-5.72	1.50	0.05	2.75	2.20	-1.74
-5.84	6.34	-2.36	5.49	1.71	2.05	3.90	1.46	2.94	1.99	4.39	-0.01	-1.70
-15.25	12.49	1.63	-1.12	-0.58	5.71	2.39	-0.08	4.12	1.74	7.32	-2.17	-2.47
-18.40	16.88	-2.42	5.55	4.06	5.62	2.43	-3.87	0.23	-2.40	3.93	-3.91	0.18
0.51	5.27	-1.16	-3.64	-0.04	6.34	1.78	-3.34	0.74	6.08	3.09	-2.97	-4.79
-1.33	6.63	1.12	-3.65	-1.74	-0.21	-1.21	-1.69	1.35	6.51	6.49	3.56	-1.86
-3.54	3.47	1.56	-4.09	0.92	0.32	-5.71	-5.42	-1.35	5.32	4.35	1.29	-3.92
-15.93	-0.26	0.89	-5.67	-1.61	6.35	0.79	1.76	4.59	9.79	6.21	0.65	-4.00
-8.96	2.41	9.81	-5.41	-3.37	1.30	-3.52	-1.56	-4.71	-0.77	1.63	-1.15	0.98
-16.31	0.23	2.25	-6.77	-3.23	6.73	5.80	2.56	2.14	2.11	-0.08	-1.81	-1.78
-18.02	-5.35	2.24	-5.36	-6.31	5.17	2.87	-1.17	-3.26	3.29	-2.59	-0.24	1.17
-22.49	1.65	14.70	4.83	5.86	4.97	11.77	-0.76	2.60	0.72	-6.00	1.82	1.87
-13.51	-3.80	22.56	3.78	-0.27	9.26	1.49	1.99	4.41	4.30	-0.75	3.49	-1.17
-17.08	-12.77	27.62	8.47	-5.31	0.69	-2.27	1.56	9.69	3.93	2.39	6.32	-0.91
-32.30	-19.92	32.99	2.35	-2.14	3.85	4.47	3.05	7.94	-1.89	-2.56	4.50	1.41
-32.78	-21.02	34.60	8.42	-1.38	6.52	3.66	2.58	10.12	-3.50	-2.27	6.43	-0.45
-15.42	-2.13	11.65	-1.68	-3.82	4.65	1.96	-3.54	1.33	0.91	-2.29	0.58	0.73
-8.72	-8.64	17.23	3.45	-6.17	5.62	1.79	-1.54	6.21	-2.18	-2.08	5.65	-0.38
-33.21	-9.31	26.73	4.21	-1.97	2.76	3.11	-0.42	8.27	-2.67	-0.14	7.65	1.60
-32.91	-7.46	22.80	-1.44	-1.80	2.77	5.21	-1.94	11.17	-2.16	0.68	4.08	-1.01
-21.68	-1.57	24.08	-0.82	-1.05	4.75	0.02	-1.39	8.01	-2.10	3.57	6.01	0.82
-25.08	1.58	20.25	0.65	-0.15	-5.10	0.32	-0.28	8.48	-5.71	0.10	7.01	5.54
-17.42	-7.30	21.83	-2.80	1.39	3.74	1.64	1.73	10.65	-5.41	-1.04	2.43	-0.37
-13.51	-6.29	23.01	-7.39	-2.38	-0.48	-1.15	5.30	9.57	0.32	-2.53	4.58	3.35
-6.47	-12.67	21.22	14.03	-1.59	4.55	0.91	3.84	8.91	-1.45	-4.55	-0.43	2.76
-2.29	-10.18	17.73	12.67	-2.57	2.71	-0.45	0.94	5.39	-0.23	-1.00	0.89	0.16
11.42	-16.91	19.40	18.85	-0.32	1.53	1.19	-0.21	3.76	-1.42	-5.29	-3.12	3.43
16.75	-18.90	17.18	14.35	1.07	-0.89	-3.66	-0.34	0.79	-1.88	-4.42	-3.65	0.84
21.05	-20.59	19.45	9.65	0.17	-3.33	-8.22	-2.09	-0.74	-4.01	-6.66	-0.93	-2.11
21.15	-21.60	15.34	5.64	-0.74	-5.16	-11.25	-1.89	-0.83	-5.91	-4.95	1.21	-1.43
22.00	-22.52	14.11	2.05	0.46	-9.47	-11.94	-2.02	-2.80	-3.32	-3.28	1.38	0.72
24.83	-20.23	15.97	-3.50	-0.43	-9.75	-14.77	-5.25	-1.23	-1.13	-3.53	2.96	-0.38
22.55	-19.15	5.97	1.07	-1.36	-10.80	-13.05	-4.14	-0.98	-2.22	2.05	0.94	-0.17
20.96	-17.87	7.66	-0.05	-4.93	-7.21	-14.88	-5.88	1.22	-1.22	0.55	1.52	1.45
21.66	-16.51	5.99	-1.62	-0.56	-9.23	-15.61	-5.60	1.87	-2.63	1.50	2.08	-0.61
22.91	-18.58	6.66	0.08	1.16	-11.53	-13.67	-6.01	0.97	-2.92	1.17	2.29	-1.50
24.10	-21.19	7.98	2.15	-0.26	-10.49	-13.84	-5.90	-3.26	-1.34	1.17	-0.90	-0.85
24.19	-14.87	5.97	1.60	4.17	-10.51	-16.51	-2.07	-5.61	-3.33	2.47	-2.81	-2.02
24.28	-16.10	9.29	3.82	6.46	-8.97	-11.95	-4.45	-5.33	-4.28	0.82	-5.10	-5.48
17.28	-13.11	8.64	5.33	9.74	-6.24	-9.63	0.27	-6.10	-4.19	1.68	-6.38	-5.97
6.07	0.87	-3.05	1.82	6.19	0.28	-3.60	1.47	-1.35	-1.68	4.10	0.53	-2.70
-2.19	-2.48	-0.34	3.97	4.31	-1.72	-6.07	-1.49	-0.41	1.33	2.16	-1.61	-1.42
14.27	-10.18	10.82	4.47	16.83	2.80	-6.19	5.19	-6.03	0.92	5.43	-2.60	-8.30
15.54	-11.39	9.14	3.75	14.69	8.83	-10.54	5.55	-4.23	0.86	7.79	-1.33	-6.27
4.11	-5.47	4.19	4.80	16.46	3.82	0.29	-2.57	1.51	0.93	9.59	-0.47	-6.19
7.57	-12.84	12.92	1.05	17.79	9.13	-8.75	5.36	-2.58	0.94	12.46	0.06	-7.40
12.69	-13.19	5.22	8.53	13.90	9.22	-5.13	4.73	-5.29	5.33	9.98	-0.79	-4.05
10.16	-11.05	3.07	8.87	11.33	8.80	-0.02	1.75	-1.28	4.74	8.27	2.12	-5.34
9.71	-10.09	5.68	10.19	14.53	9.79	-4.39	-3.22	-2.07	2.64	10.66	-1.17	-1.12
13.92	-8.07	0.09	6.61	8.13	8.09	-1.77	-0.11	0.95	2.40	6.05	-0.05	-2.04
18.09	-21.83	10.69	4.77	9.59	12.71	-1.71	1.06	-0.14	5.84	7.53	2.43	-0.43
17.11	-17.78	10.16	5.93	11.31	14.35	-1.32	1.70	0.25	2.11	8.96	2.72	-1.52
19.50	-17.07	10.02	6.36	11.43	15.83	0.74	2.06	-1.54	2.04	7.78	2.20	-1.88
23.34	-17.92	10.28	5.07	10.83	14.38	2.52	-0.92	-1.47	-0.62	5.57	3.97	-0.16
24.72	-13.11	5.49	11.12	8.87	8.10	3.60	-0.12	-3.88	-4.92	2.22	1.11	-1.74
35.96	-14.01	6.18	11.74	-2.95	9.06	-0.47	-4.36	-7.91	-7.46	0.61	0.33	-3.10
-7.02	0.21	-4.10	-3.25	-0.46	0.10	-3.59	-5.98	-7.20	-5.54	-4.49	-3.37	-1.93
-3.58	4.04	1.34	0.66	-0.09	1.86	-0.49	-2.66	-2.78	-2.67	-2.58	-0.38	0.90
26.33	3.60	10.37	-4.41	-13.36	7.71	5.46	-1.42	-1.88	-5.98	-11.42	-2.83	-0.79
34.77	-0.93	14.42	-7.66	-16.91	10.91	2.83	4.62	-2.82	-6.82	-10.43	-6.64	-3.43
23.34	5.50	16.03	-7.64	-15.95	6.20	3.96	2.29	0.06	-6.36	-7.05	-6.50	-5.69
40.36	4.48	20.80	-9.04	-18.86	8.43	1.70	4.25	6.41	-4.13	-2.37	-7.79	-5.22
26.00	14.64	18.71	-4.41	-13.34	5.12	1.52	0.29	6.23	0.43	-3.37	-2.22	-3.15
37.09	15.91	29.58	-6.29	-24.13	8.91	-3.14	8.11	6.78	-1.42	3.01	-3.24	-3.40
-3.18	5.25	0.64	-0.12	-1.32	-1.73	-1.46	0.13	-0.22	-0.40	-0.19	-1.24	-2.11
-0.73	7.20	2.03	0.23	-1.60	-0.93	-0.11	2.40	4.67	5.02	3.56	1.60	-0.26
29.41	-0.30	1.47	7.57	-1.09	-5.83	-7.46	-3.21	2.58	4.97	3.32	0.28	-1.28
29.30	13.15	6.40	3.80	-5.55	-7.91	-1.32	5.31	2.20	-0.27	1.53	1.54	-0.30
25.74	5.14	-8.63	5.36	-0.18	-1.44	4.23	-2.33	-0.20	1.13	4.54	-0.78	-0.28
34.31	1.64	-5.55	3.02	1.94	-1.07	-1.01	3.79	-1.24	-2.16	0.11	-0.14	0.76
41.23	-18.32	-4.88	2.27	-2.49	3.12	2.88	2.54	0.39	2.12	1.55	-0.27	3.33
27.12	-1.42	-1.10	2.58	-2.39	-3.90	2.50	1.15	-0.56	0.49	-2.11	-0.20	0.88
0.96	3.22	0.33	0.91	-1.17	-0.82	-1.08	-3.72	-3.37	2.79	2.26	-2.43	-1.80
25.47	-9.19	2.05	3.87	-2.73	0.67	-2.16	-5.92	-2.83	-1.13	1.37	-0.94	-1.23
33.29	-7.65	6.83	2.16	-4.99	-5.58	1.43	1.20	-1.13	3.96	2.86	-1.12	-0.48
32.55	-1.17	-2.39	-1.70	-5.67	-2.35	0.12	-0.40	0.15	1.63	2.73	-0.87	-0.24
-4.60	6.08	4.67	5.80	3.49	1.90	2.67	1.48	1.32	-0.01	-1.15	-3.70	-3.78
-8.07	1.93	1.20	3.01	2.21	2.22	1.79	1.78	1.84	1.23	0.17	-0.31	-0.31
-7.65	2.28	1.87	3.02	2.44	2.93	1.93	2.19	2.45	1.28	0.39	0.12	-0.47
-10.73	-0.38	-1.47	0.06	-0.36	0.28	-0.25	-0.40	-0.58	-0.86	-1.50	-1.88	-2.53
-9.19	0.67	-0.49	1.73	0.85	0.75	0.18	0.15	0.32	0.39	-0.07	0.14	0.33
-9.36	1.40	-0.37	0.83	0.15	0.90	0.63	0.50	-0.54	-0.81	-0.74	-1.48	-1.38
-10.92	-0.34	-1.35	0.00	-0.43	0.48	0.48	0.72	0.80	0.85	0.38	0.03	-0.43
-9.87	0.42	-0.81	0.48	-0.25	0.18	0.05	0.50	0.25	-0.18	-0.43	-0.26	-0.46
-8.34	1.56	-0.43	-0.12	-1.11	-0.53	-0.86	-0.18	-0.00	-0.25	-0.57	-0.74	-1.02
=== END OF SAMPLE ===
Next sample in: 3... 2... 1... GO!
4.37	-4.44	7.03	-0.73	-3.01	-0.94	4.82	2.53	4.85	-0.02	-2.90	-0.41	-1.46
4.32	-10.81	-1.43	-3.98	-5.30	-2.01	-0.82	3.15	7.11	4.71	-0.89	-2.00	0.44
4.66	-6.29	1.33	-6.20	-6.62	4.94	2.20	5.18	-1.34	-4.76	3.27	-1.94	-1.59
5.84	-0.73	-0.03	-8.20	-5.48	4.34	1.37	2.30	2.05	-3.88	0.32	-2.50	-3.26
9.66	-3.78	2.98	-3.62	-8.11	1.39	-4.05	2.26	3.46	-0.51	1.43	-1.19	-1.04
8.77	-3.32	-2.44	-8.05	-3.46	2.47	-0.68	5.92	3.42	-1.68	1.73	2.40	1.36
-2.27	4.91	0.70	-5.27	0.06	6.19	3.01	0.16	1.15	1.43	-2.84	-2.89	-0.00
2.61	-5.49	-8.73	-2.06	2.25	5.22	-0.10	-1.09	0.33	2.95	0.67	-0.76	-1.28
11.74	-4.50	-6.45	-10.27	0.34	8.06	0.66	2.40	-0.74	0.90	8.77	6.76	-0.86
10.97	-8.73	-6.07	-16.89	-5.14	0.33	-0.39	-3.05	-4.16	-1.11	10.58	8.11	-1.44
15.74	0.29	-5.65	-13.61	-1.48	6.17	-0.68	-4.35	-1.76	0.39	4.47	3.51	-1.39
13.46	-2.73	-4.23	-11.27	-5.65	3.34	4.20	-1.43	-3.21	-4.46	4.30	6.94	-0.65
16.61	-5.84	-4.17	-6.65	-3.08	-2.62	-0.98	-3.40	-7.01	-2.15	9.67	2.89	-1.39
7.60	-7.54	-8.52	-9.06	-1.22	2.55	2.21	-0.59	-6.43	1.88	5.84	-1.77	-3.42
-6.24	-1.82	-4.40	-6.02	-4.66	-2.15	-0.17	4.11	4.74	2.62	0.57	1.90	-1.83
0.56	-2.60	-1.67	-4.56	-7.40	-4.97	-1.93	-1.89	-3.25	1.70	5.86	-2.05	2.16
11.07	-2.73	3.52	2.02	-7.46	-3.87	-0.44	-0.52	-3.53	0.00	5.41	3.59	-3.01
-8.50	-0.32	-5.20	2.93	-6.87	5.57	4.32	-3.22	-1.27	-3.98	5.69	-0.49	-1.00
-6.55	1.58	-6.08	0.55	-6.84	2.61	0.64	-6.14	0.71	2.21	9.34	3.72	-0.03
-1.12	-4.64	1.03	1.45	-3.21	3.82	2.81	3.22	0.19	-2.31	2.31	-2.53	-5.87
-0.11	-5.95	-2.60	-1.81	-3.72	-0.69	0.78	1.79	0.40	-0.16	5.50	0.07	-4.31
2.05	-4.28	-2.95	-0.62	-0.17	1.72	0.86	-1.71	-0.89	-0.56	4.13	1.35	-2.45
-2.34	-0.40	1.07	1.87	-0.27	3.47	-0.85	-2.12	-2.41	3.64	4.75	-1.17	-3.46
-3.91	-0.85	4.06	0.40	0.20	0.05	0.41	-0.90	-0.60	2.10	2.21	1.95	0.10
-11.21	-4.03	7.71	1.03	1.89	2.47	0.83	-0.32	-0.23	-2.78	-1.00	-1.47	-6.30
-10.41	0.99	8.40	0.23	-0.88	0.55	-2.54	-5.60	-2.79	1.14	3.20	2.12	-2.95
-19.08	1.82	14.77	1.08	1.06	7.91	0.68	-2.50	2.20	-0.50	-3.29	-2.93	-4.01
-16.23	2.07	14.46	2.30	3.34	0.65	-3.61	-1.91	0.90	1.95	-1.70	-5.72	-1.70
-17.69	0.53	14.23	2.16	6.28	4.99	-0.13	4.85	4.47	1.98	-1.36	-1.90	-0.40
-20.33	3.55	17.97	-3.10	2.54	-0.84	-4.14	0.57	1.61	1.47	0.07	-1.72	-2.40
-23.97	3.39	12.38	-6.27	-3.04	1.62	-0.52	4.11	-0.12	0.88	6.66	-0.79	-3.78
-22.64	1.67	15.99	-4.07	-9.07	-2.51	-3.65	1.20	6.13	5.84	5.42	-1.55	-0.76
-8.55	-1.76	0.07	2.50	-2.16	-3.47	-2.81	0.09	4.67	-0.00	2.56	2.54	1.50
-10.82	-3.58	1.21	4.97	1.95	4.21	1.36	3.76	1.36	-1.04	-0.46	0.97	-0.79
-13.39	-3.17	16.30	7.92	-0.81	-3.25	-1.97	2.83	4.64	0.90	6.52	4.63	0.49
-9.37	-0.30	15.96	7.27	-2.95	-3.54	-3.14	1.16	3.64	-1.09	4.90	-2.67	-3.52
-6.68	2.52	5.29	4.49	-1.36	-4.82	-2.80	5.89	5.69	-0.59	3.83	-1.95	1.04
-6.21	1.53	8.77	5.53	4.61	0.15	2.51	4.68	7.28	1.07	5.18	3.81	0.89
-12.87	0.86	14.93	5.47	-1.41	4.54	4.21	5.54	10.30	1.95	3.42	-1.69	0.06
-12.61	-3.82	13.49	5.95	3.54	4.94	-0.90	4.90	4.38	-2.87	-1.67	-1.72	0.55
-13.26	0.54	20.08	7.43	-3.60	4.11	-1.09	1.23	3.76	1.79	-0.66	2.05	1.91
-19.80	-3.15	20.42	6.45	-0.08	10.08	-0.55	-1.73	5.28	-4.80	-2.84	0.51	3.78
-6.85	-4.27	10.83	-3.68	4.55	5.78	-1.91	3.55	4.71	-2.87	-0.58	3.57	-2.25
-9.73	-1.64	9.49	5.02	2.49	4.73	1.16	2.03	1.46	3.43	1.40	1.22	1.67
-13.11	-8.74	12.19	8.72	3.97	5.56	1.72	3.49	10.61	5.36	4.51	3.20	-0.53
-11.96	-10.65	19.25	6.24	1.45	9.87	0.64	0.66	11.49	3.25	2.36	-0.08	2.22
-11.69	-9.73	23.26	10.42	-1.52	9.83	-0.22	-1.74	7.67	3.39	1.21	-0.17	-0.56
-8.44	-14.98	20.78	16.95	-2.79	6.46	-1.01	-0.38	2.93	1.47	-0.53	-0.65	-3.45
-0.92	-18.34	20.38	18.49	-6.20	8.64	-3.37	1.59	5.02	-3.46	-2.30	-5.52	-3.69
-0.77	-15.01	21.69	15.62	-1.05	2.00	-1.97	-1.77	6.20	-4.63	-3.03	-3.56	-6.81
4.78	-16.85	15.70	9.50	-1.77	-0.85	-8.68	-4.94	1.89	-2.96	-1.10	-2.37	-1.98
9.95	-17.03	13.54	9.34	-2.33	-0.69	-8.09	-4.03	0.03	-4.35	-2.51	-1.93	-5.27
9.86	-22.14	14.96	6.78	-2.18	-4.83	-10.81	-4.77	3.93	-3.73	2.71	0.18	-1.38
12.83	-21.95	13.45	6.29	-2.43	-3.35	-11.66	-5.35	4.31	-4.69	3.44	-0.05	-1.43
11.83	-22.30	14.74	4.43	-1.81	-4.46	-10.33	-7.48	3.67	-3.09	1.66	1.03	-3.81
12.30	-21.72	14.67	3.01	-0.70	-3.02	-11.02	-6.75	3.29	-2.29	3.50	-0.77	-1.37
12.65	-22.97	17.01	0.86	1.25	-1.34	-11.81	-7.28	3.63	-3.95	5.33	-1.71	-1.82
13.87	-21.32	13.55	4.89	1.10	-0.78	-9.37	-9.08	3.44	-2.99	2.63	-0.81	-6.92
-2.78	-8.00	6.23	3.35	2.08	5.59	-2.64	-1.23	0.85	1.25	5.18	-2.44	-5.68
-6.37	-6.12	6.00	4.83	1.13	8.06	0.45	-5.71	-1.28	0.92	6.33	0.61	-9.39
8.89	-19.03	19.03	-1.85	8.61	8.63	-2.09	-2.55	4.97	-2.36	9.90	5.19	-10.92
4.77	-21.86	24.89	-2.11	7.85	10.92	-0.56	-3.17	3.82	-2.59	7.97	8.13	-11.46
7.59	-15.51	18.30	-0.73	9.07	14.19	-2.02	-0.78	2.92	0.12	5.73	7.96	-9.11
5.34	-17.34	13.89	3.73	7.30	13.67	-0.36	0.07	2.56	-1.75	7.32	6.57	-5.68
8.35	-24.54	21.04	3.23	6.19	16.79	-0.54	-0.75	4.85	-2.52	5.94	8.79	-10.15
12.26	-17.22	12.41	3.80	6.34	15.49	-0.44	0.39	3.07	-1.20	9.37	5.62	-4.75
-2.22	3.39	1.37	5.72	6.05	-0.75	-3.39	0.43	-3.38	-3.17	3.04	2.11	-2.77
-9.89	-4.17	2.71	4.83	2.29	-0.75	-5.66	0.51	2.82	-2.23	-1.06	0.65	-5.46
13.13	-24.09	7.90	8.09	-2.34	12.06	7.70	0.85	0.78	-0.01	6.03	13.97	-1.35
13.21	-19.18	3.00	7.39	-0.75	6.84	8.21	1.27	-2.19	-4.23	6.83	13.88	-0.96
19.31	-21.12	3.55	10.18	-0.64	9.16	9.21	3.74	-2.84	-4.18	3.66	14.00	-1.51
18.16	-19.50	1.88	15.57	-2.35	7.90	8.35	4.45	-3.64	-5.75	6.05	7.78	-0.84
18.69	-12.78	9.11	8.94	-2.26	5.91	9.70	4.30	-11.43	-5.20	4.19	1.73	-1.62
21.12	-2.95	8.35	1.82	-5.14	9.85	5.44	2.75	-10.94	-6.79	-3.11	0.76	-1.09
-1.66	6.00	6.16	-1.09	-4.10	6.04	8.63	2.54	0.05	-2.40	-5.58	-3.95	-0.86
3.19	2.47	0.44	-5.30	-3.43	4.46	3.82	2.29	1.91	0.76	-0.37	1.37	2.69
19.40	3.98	16.15	-6.85	-7.56	3.60	1.75	10.97	3.39	0.72	-4.98	-5.35	2.18
16.11	0.95	18.97	1.29	-8.13	0.51	-1.38	9.23	7.99	3.23	-5.09	-1.52	3.61
18.24	-0.19	17.72	9.45	-4.34	-5.81	-1.52	8.05	8.35	5.13	0.35	-0.62	-2.00
16.99	-3.95	18.10	8.34	-4.36	-3.39	-6.03	6.41	11.78	4.10	0.86	1.87	4.20
16.34	-3.63	16.18	14.39	-0.25	-4.11	-2.05	7.49	9.02	0.61	-2.63	-1.65	4.02
17.65	-5.06	14.31	17.95	-3.43	-4.60	-3.23	5.07	7.24	-1.09	-0.66	2.58	2.89
-0.06	3.11	5.13	5.03	-4.57	-8.51	-1.60	6.60	2.87	-0.92	4.46	8.16	4.90
-1.17	0.66	-1.92	7.65	4.65	-1.50	1.23	2.19	1.39	1.28	2.76	3.34	5.16
10.79	-8.59	-0.63	3.58	-6.93	-7.42	-3.01	4.33	9.14	2.89	3.61	2.21	5.61
17.15	-8.28	-3.95	1.34	-7.02	-3.15	-0.62	5.54	5.35	7.77	4.14	2.23	1.62
15.54	-7.09	-4.25	-4.85	-8.28	-0.70	2.75	2.07	1.39	6.34	3.29	3.02	1.71
14.48	-9.89	-1.28	0.24	-3.01	-0.89	1.66	5.07	1.63	2.88	5.72	3.27	4.55
10.01	-14.19	-2.52	-5.77	0.67	-8.35	-2.17	1.39	1.67	1.69	0.83	-2.51	4.74
15.62	-14.42	-8.69	2.68	-3.03	2.25	0.56	2.41	3.11	-4.87	-0.99	-0.83	3.23
11.69	-9.46	-10.54	-3.06	-1.80	3.94	3.11	-0.80	3.00	-6.06	-4.19	-4.78	-0.93
14.87	-16.55	-6.87	-4.87	-0.51	3.91	-2.53	-0.07	1.20	-0.08	0.18	-1.47	0.35
9.07	-13.35	-5.52	-8.32	-3.25	3.18	-0.54	0.75	3.76	0.36	-1.38	2.22	-0.56
14.13	-8.71	-3.34	-8.55	-5.76	8.77	4.12	2.33	3.12	-2.14	5.46	3.90	-1.99
10.77	-8.99	-7.10	-11.38	-0.31	8.63	1.70	-0.36	0.55	-2.54	2.21	2.42	1.11
11.05	-12.00	-11.16	-14.47	-3.65	8.61	1.28	-1.05	1.31	-4.91	-2.36	-2.38	-1.78
3.37	-14.21	-7.17	-9.87	-4.94	10.37	2.63	3.65	5.08	1.88	1.21	-2.59	1.51
8.65	-7.86	-6.39	-12.77	-6.46	5.96	3.16	-3.07	3.57	-4.55	-3.16	1.70	1.35
-0.42	-9.44	-13.06	-15.61	-1.64	7.88	-1.43	-2.86	1.58	-3.53	-3.17	-1.38	-2.58
-0.47	-5.00	-5.82	-6.66	1.44	6.48	-3.91	-2.71	3.04	0.23	3.25	5.44	-2.61
1.73	-2.76	-2.95	-9.44	-3.74	5.39	2.72	-2.04	-0.09	-2.86	-1.72	2.64	3.20
2.70	-6.33	-9.95	-13.30	-6.71	3.59	0.33	2.22	-0.04	-0.22	2.21	0.24	2.62
1.07	-3.01	-5.91	-12.18	-8.40	3.57	-2.81	-3.59	1.42	-0.31	3.21	-0.50	0.50
0.58	1.77	-7.67	-6.14	-5.53	8.87	-2.42	-3.98	-0.10	-1.96	3.06	-0.82	-0.12
2.66	0.15	-7.76	-9.45	-8.13	2.20	-2.47	-4.00	0.02	0.64	-1.85	-1.40	-1.73
-4.40	-0.64	-3.39	-1.79	-3.29	1.30	-4.08	-3.65	3.88	0.42	0.93	1.23	-1.66
-5.60	3.89	-0.53	-1.30	2.94	4.13	1.40	1.61	2.91	-1.08	-3.15	1.13	0.39
-15.09	-5.21	-4.14	-5.75	-2.86	4.32	3.06	-0.04	2.37	-0.99	3.51	4.04	-0.56
-7.83	-4.09	-2.32	-2.58	-4.21	5.87	-0.06	-0.91	5.14	-0.38	1.99	1.41	-0.83
-4.82	-1.30	-0.02	-3.93	-0.87	3.94	-4.09	-1.35	2.54	2.23	1.09	-1.36	4.16
-5.41	-0.44	-1.42	2.48	-3.44	-0.94	-2.74	3.40	1.05	1.25	6.10	1.35	-1.48
-4.97	-4.14	0.02	5.78	-1.61	5.00	1.58	3.59	-0.86	-4.40	0.48	-4.66	-5.20
-6.41	1.65	-0.35	5.69	1.04	3.95	-0.66	4.12	0.19	-3.25	0.60	-1.83	-4.84
-5.30	0.20	2.52	4.57	2.63	5.18	1.40	3.21	0.00	-0.83	-0.98	-0.03	-2.12
1.16	-0.33	4.02	0.10	-1.83	-0.03	-0.48	-1.22	2.08	1.72	1.37	1.01	-1.66
-10.12	-1.39	-1.07	4.27	4.27	2.86	1.34	4.34	3.04	1.04	1.11	-1.67	-3.09
2.33	3.22	4.92	6.48	-3.15	0.20	-1.25	-0.76	0.07	0.93	-1.07	-1.39	-1.54
-1.03	0.60	-0.78	1.25	-1.79	-1.42	-6.23	-4.25	0.73	4.17	1.46	-4.13	-3.20
3.08	2.41	1.68	2.34	-0.67	-2.94	-2.97	-1.97	4.91	0.44	-0.10	-5.40	-2.42
1.14	-3.38	-2.17	0.21	-2.85	-8.35	-3.14	-1.14	4.79	1.99	-0.92	-6.70	-4.15
2.92	-6.20	0.03	0.58	-5.56	-7.98	-5.12	-6.61	1.69	4.15	1.04	-1.94	-2.67
-1.08	2.52	6.19	4.94	0.28	-5.30	-8.43	-4.11	2.92	-0.12	-3.03	-3.14	0.40
-1.54	3.57	3.66	7.03	-0.14	-7.72	-3.67	-4.27	-0.16	-3.78	-1.95	-0.88	1.70
0.24	2.14	-0.68	-1.06	-2.26	-7.24	-5.15	-1.01	-1.66	0.08	-3.12	-1.72	-2.39
-0.67	-2.79	2.98	4.26	-3.07	-10.50	-7.27	-9.02	-2.93	-3.62	-2.06	1.09	-1.25
=== END OF SAMPLE ===
Next sample in: 3... 2... 1... GO!
-0.19	1.17	-2.92	1.18	-5.78	-5.04	-1.08	1.44	-1.14	-0.44	1.71	-0.54	1.17
6.19	5.16	2.39	2.46	-1.54	-0.60	2.07	5.35	-2.33	-1.52	-1.76	-0.06	-3.78
-1.92	5.76	1.58	-1.52	-5.75	-4.98	-1.17	4.94	5.89	0.78	-0.38	1.46	2.04
-2.03	5.12	-0.35	-3.08	-3.99	0.44	1.13	4.17	5.46	4.41	1.97	-2.52	1.63
-4.51	2.68	6.14	-4.52	-10.69	-0.22	4.87	1.13	1.48	2.06	1.58	3.24	3.39
-6.99	4.71	5.21	0.47	-2.95	2.39	-2.13	0.98	0.81	1.69	0.84	1.06	3.83
-0.52	7.04	9.79	-0.42	-5.07	-0.66	3.50	4.36	0.48	3.18	1.47	1.82	1.03
-9.50	3.03	-1.20	-5.43	-0.82	8.13	2.56	3.76	3.56	0.48	-3.29	-3.02	4.53
-8.09	3.84	3.98	-1.52	-0.23	-4.33	0.85	0.83	1.17	-6.08	-3.39	0.44	-1.12
-4.38	1.58	0.92	1.18	-3.74	-4.00	-1.68	2.65	3.01	0.10	0.28	2.30	0.91
-4.54	-3.59	2.54	-2.34	-5.40	-4.65	-0.89	1.03	2.06	0.43	2.92	-0.35	6.67
-5.85	0.73	4.46	1.30	-7.56	-6.79	-1.32	3.09	3.59	3.00	3.96	2.70	2.92
-8.71	3.71	5.16	4.80	-1.40	-2.34	4.98	4.53	4.26	2.28	4.43	3.87	-1.60
-12.66	3.60	6.41	3.44	1.89	1.52	-0.59	2.95	2.71	5.37	-1.20	-0.48	0.10
-10.60	6.60	5.65	5.67	0.92	-3.48	-2.53	1.25	3.41	4.17	4.25	-1.65	-0.50
-4.13	8.83	7.85	2.48	-2.88	-1.63	-2.62	1.84	4.95	3.49	0.18	4.37	3.14
-10.11	9.36	6.81	6.66	4.21	0.34	-2.53	-0.18	2.79	0.78	2.09	2.29	-1.20
-9.44	4.70	1.48	1.11	3.57	-0.07	-0.97	-2.09	1.83	2.54	-0.95	0.51	4.30
-8.22	2.88	3.98	5.39	-0.23	0.21	-0.50	1.07	5.97	5.27	-1.02	-2.46	-1.15
-11.26	4.18	-1.29	3.82	-0.79	-1.70	-0.72	-1.35	3.07	4.99	-0.61	-0.09	3.50
-14.79	4.83	9.65	0.69	-1.58	1.75	6.42	8.33	4.32	2.74	0.65	0.98	1.89
-15.84	-3.88	5.18	4.15	-6.66	0.96	5.66	4.96	7.93	6.93	-0.19	2.05	2.69
-6.71	5.22	6.77	3.63	-4.78	2.03	2.84	-0.91	1.59	3.17	-1.80	1.56	2.17
-7.46	-0.71	7.08	0.66	-4.18	0.55	3.15	-0.58	-1.69	-3.60	1.01	0.99	1.10
-15.63	-16.87	3.84	-9.43	0.07	1.35	-6.08	-1.49	-1.68	0.46	6.18	0.16	-5.55
-21.05	-14.24	-0.04	-7.36	5.07	6.12	-2.44	0.68	4.50	-1.42	10.65	4.19	-0.43
-20.66	-5.89	0.71	-0.77	0.83	1.81	-3.74	2.45	2.93	-0.40	-0.74	0.62	0.56
-18.44	-4.83	6.92	3.38	0.45	2.67	-1.36	3.07	6.55	2.71	0.98	-3.09	-2.55
-11.23	-6.72	5.58	1.21	0.83	1.99	-1.73	-2.26	1.67	-0.04	4.60	-0.85	1.99
-11.90	-3.12	1.60	0.78	-0.37	-1.11	-1.13	0.27	3.27	2.94	0.74	0.48	1.04
-15.53	-0.08	4.28	3.52	0.59	3.69	-2.10	2.62	2.17	0.18	0.23	5.25	-2.46
-15.92	-3.19	4.68	2.98	1.03	7.48	2.04	4.54	3.43	2.37	1.56	-0.37	0.74
-10.05	1.81	6.91	5.24	3.41	2.63	-2.58	3.68	6.51	4.31	0.87	-3.02	-3.23
-12.22	1.85	8.52	1.78	-0.99	3.39	-2.03	1.34	3.88	-1.67	4.07	3.32	0.71
-11.45	-1.20	4.07	2.16	3.15	3.68	-5.00	-3.09	4.98	0.77	2.25	2.15	-2.04
-9.35	2.73	10.75	1.25	-0.87	3.88	4.83	2.44	4.26	-0.49	-0.43	0.73	-0.66
-6.94	1.35	4.34	1.10	3.07	3.03	0.51	-1.78	5.63	0.91	0.39	1.11	3.19
-10.70	1.67	2.43	3.13	-1.09	5.78	0.08	1.89	1.60	2.03	-0.09	1.89	1.70
-19.33	-5.14	16.60	7.14	-1.49	12.59	-2.35	4.16	9.94	6.12	-3.33	1.90	-0.57
-16.40	-5.78	16.82	4.79	3.45	14.49	-2.78	-4.58	9.65	4.70	-2.19	3.02	0.48
-18.03	-0.96	18.29	4.97	-2.76	17.24	0.65	2.32	11.33	6.27	1.52	1.77	1.36
-18.13	-7.77	22.44	6.15	2.09	16.08	-1.16	-1.91	12.13	3.73	0.76	-0.34	3.75
-16.97	-8.66	24.24	4.38	-3.37	19.23	-0.79	1.77	10.87	2.12	-0.61	4.56	3.67
-16.63	-10.07	26.78	10.58	-2.96	13.93	-1.68	0.22	11.08	2.84	1.57	3.52	4.12
-4.18	-12.66	21.59	5.52	-2.60	1.55	-2.10	-2.02	-0.91	0.32	3.47	3.61	-1.17
-15.38	-9.82	27.32	16.83	6.43	5.51	-2.14	-1.48	6.62	0.49	-3.31	-0.38	-0.62
3.35	-22.02	25.40	16.48	3.76	3.75	-5.91	-1.15	3.65	-4.19	-1.66	0.89	-8.98
8.29	-21.35	24.03	15.13	3.07	1.44	-7.50	-0.14	0.72	-2.81	-2.50	-0.43	-9.51
5.21	-20.85	24.18	15.41	4.72	-0.52	-9.03	-1.61	1.29	-5.09	-1.73	-3.02	-9.44
10.38	-21.07	24.76	11.45	5.09	-5.18	-8.72	-4.67	3.85	-3.53	-5.27	-0.41	-11.26
9.18	-15.75	17.29	10.83	2.92	-8.35	-10.70	-3.85	2.37	-3.39	-2.73	-2.09	-9.45
8.10	-17.15	18.68	9.07	-2.53	-4.55	-13.59	-3.74	2.97	-1.91	-0.07	-0.57	-8.50
13.90	-17.50	12.63	7.08	2.11	-5.77	-8.78	-10.82	0.73	-5.55	4.45	2.80	-6.23
8.07	-13.60	10.10	1.32	-3.59	0.60	-3.00	-5.04	1.08	-1.85	1.00	0.87	-3.80
14.78	-17.12	13.00	-0.31	-0.51	-5.72	-7.21	-12.00	0.98	-4.49	2.57	0.60	-9.09
12.32	-17.03	13.19	0.72	-2.06	-1.60	-8.96	-9.89	-0.04	-5.27	5.18	-0.91	-11.10
10.42	-14.27	9.78	2.94	-1.45	3.43	-8.77	-9.35	-0.33	-4.44	7.00	-1.03	-12.73
9.39	-14.17	13.74	1.25	-0.59	6.51	-4.61	-7.13	-4.19	-2.43	8.93	0.25	-13.81
6.30	-7.99	11.59	4.28	-0.47	8.35	-4.40	-8.07	-1.82	-4.95	6.88	-0.77	-12.74
5.52	-9.79	9.69	4.08	6.77	5.00	-3.15	-7.91	-3.88	-3.56	5.77	1.24	-13.10
4.22	-2.40	3.17	1.62	0.13	3.11	-1.25	2.09	4.30	-1.53	2.67	2.47	-4.90
1.58	-0.98	-0.83	1.98	4.95	2.29	-5.29	-3.22	-2.61	-3.02	0.35	0.02	-2.55
16.88	-13.21	8.29	4.64	7.28	7.72	5.66	-0.89	-4.63	-0.00	2.27	1.54	-5.52
10.58	-5.28	8.73	-4.22	9.49	10.23	3.26	2.70	-6.92	-0.47	6.46	0.46	-4.32
8.63	-5.78	7.95	-2.22	6.73	10.25	1.01	4.33	-5.96	-3.75	9.71	3.00	-4.03
7.75	-3.38	12.55	-6.38	5.45	10.75	5.63	-0.12	-8.52	-0.45	4.73	6.48	-3.30
5.13	-3.82	12.76	-8.65	3.82	14.07	5.67	1.77	-4.80	-1.10	8.37	5.84	-1.35
4.06	-4.55	11.66	-5.93	4.13	14.87	4.38	4.12	-5.59	-0.98	8.40	3.49	-1.36
-3.96	1.10	7.40	-0.17	0.33	11.42	3.78	-0.50	1.47	-1.33	0.68	1.55	0.83
-6.38	1.77	7.61	3.60	5.61	9.14	0.28	-2.58	-2.58	-2.96	2.27	3.04	-0.48
10.74	-2.98	21.35	-4.23	-9.21	15.98	7.20	0.17	-4.13	-6.49	1.08	2.99	-0.60
15.60	-1.80	21.94	-8.81	-6.27	13.81	6.60	-0.23	-6.23	-3.10	-1.03	0.92	-0.69
16.41	0.10	19.09	-11.53	-5.58	12.41	5.13	-0.15	-2.66	-0.72	-3.82	0.49	1.62
16.58	-0.62	19.61	-7.13	-8.12	9.30	6.79	5.86	-3.32	-1.71	-4.17	-1.03	0.45
17.58	3.73	21.11	-5.99	-13.71	5.97	9.88	4.48	2.60	-2.37	-6.23	-4.97	-3.00
15.57	-0.01	21.13	-1.57	-11.44	4.59	9.39	6.23	-0.04	-2.65	-4.89	-2.81	-2.16
12.69	5.74	14.64	-5.22	-11.17	2.33	0.79	4.16	0.43	0.13	-4.13	-5.21	-5.32
6.02	9.49	6.26	0.47	-3.56	-1.60	-1.19	1.66	3.61	-0.10	-1.61	0.01	-0.29
7.73	9.39	14.16	1.41	-1.75	7.69	-1.56	5.91	13.02	0.95	-1.13	1.71	3.13
9.51	8.89	12.22	4.76	-3.77	6.65	4.42	6.86	8.53	1.33	-1.15	3.90	3.74
8.76	11.59	13.10	4.50	0.49	3.29	6.44	7.75	2.89	-1.39	2.44	4.58	1.98
6.81	5.66	11.24	4.62	0.34	0.94	3.43	6.45	4.37	-1.70	2.88	4.82	1.42
3.17	5.63	8.88	3.84	-3.81	-1.16	-3.03	9.01	7.01	0.55	3.26	5.03	2.33
-5.01	8.09	12.90	5.42	-0.70	-3.50	3.77	6.33	2.36	0.70	5.42	-2.54	1.14
3.23	3.40	8.38	-1.60	-4.68	-4.35	1.29	10.80	2.68	1.21	-2.30	-1.99	0.35
-0.62	5.63	14.34	1.58	-0.99	-5.02	-0.51	6.97	0.57	3.66	4.63	3.64	2.01
-0.07	0.49	5.65	5.88	5.14	1.92	-4.50	2.11	-4.12	-0.43	1.07	-2.46	-1.61
-3.68	1.91	6.96	6.81	6.59	4.89	4.97	4.02	-1.58	0.56	4.26	-0.20	-2.21
-4.30	3.12	4.66	7.38	6.25	3.82	0.69	4.48	5.26	4.91	4.54	-4.38	-2.98
-5.75	2.52	5.32	6.85	6.46	4.72	0.92	5.72	0.16	3.95	3.13	-3.43	0.67
-6.19	2.45	7.33	9.25	5.54	7.27	0.19	-0.04	3.47	7.39	6.08	-0.54	0.07
-3.46	3.22	-1.63	5.68	4.43	6.61	2.55	2.16	1.37	7.18	3.27	-0.49	-0.03
-0.55	3.29	3.86	7.31	2.06	7.04	0.52	4.40	1.98	6.52	4.50	-0.46	-0.95
-0.36	-3.36	5.93	9.43	6.27	2.91	1.90	3.39	-2.47	4.72	3.83	-5.70	-3.05
-0.76	-0.51	5.83	8.89	7.23	4.71	-1.95	3.40	3.39	7.02	8.48	-3.11	-0.73
0.33	-2.55	8.65	9.95	4.42	3.27	-1.85	6.50	2.29	5.25	9.28	-0.77	1.52
-9.99	0.32	-0.41	1.51	1.38	2.78	2.57	1.68	1.16	2.62	1.96	1.07	1.46
-13.04	-0.09	-0.83	-0.69	-0.28	1.31	1.19	1.12	0.66	2.01	1.57	1.76	2.87
-8.56	-5.74	10.80	10.44	9.14	6.83	4.50	4.31	1.44	4.03	2.67	-1.08	1.28
-3.24	-4.81	8.37	9.17	1.94	1.39	2.31	7.09	2.66	7.54	3.54	-4.68	-0.27
-0.14	-3.74	11.32	10.64	6.89	4.03	-0.26	2.88	2.40	8.55	6.17	-0.54	2.77
-3.46	-4.45	8.82	8.17	6.75	3.39	3.17	5.36	1.54	3.15	4.53	-4.07	-2.62
-2.51	-1.17	10.12	8.17	2.61	2.03	1.91	7.03	2.13	4.41	3.36	-2.43	0.39
-4.36	-1.71	8.11	7.03	2.71	2.83	3.33	5.47	1.92	3.19	1.69	-3.63	0.75
-5.85	1.31	9.64	5.61	4.23	5.80	2.73	2.49	1.25	4.53	2.53	-3.66	0.04
-6.18	1.58	5.32	4.96	4.35	5.52	5.43	6.03	3.22	6.61	5.39	1.64	2.25
-6.35	2.39	3.01	4.12	2.86	2.69	2.10	1.24	0.79	3.62	1.11	0.17	-0.50
-1.31	4.39	4.93	4.30	2.63	3.79	2.40	2.06	1.64	1.53	2.49	-1.11	-3.58
-4.84	4.26	7.07	5.52	4.50	2.83	1.55	3.87	1.57	3.09	3.69	0.11	2.01
-5.00	4.84	5.70	5.73	4.17	1.83	0.46	3.77	3.52	3.21	2.97	1.49	3.32
-3.87	3.27	10.01	6.16	4.75	2.25	0.15	3.83	3.46	1.62	1.23	-0.08	3.11
-2.23	4.57	8.22	4.17	2.67	2.01	-1.31	2.87	3.11	3.54	3.89	2.78	3.05
-3.56	1.93	8.08	5.49	2.90	3.57	1.11	3.49	0.80	2.35	2.72	-0.04	2.50
-4.68	1.87	7.66	6.32	1.88	1.45	-1.91	2.44	1.54	2.65	2.64	2.18	4.24
-5.29	0.59	8.89	5.55	0.32	1.50	1.56	3.43	2.65	4.47	6.12	5.01	3.90
-2.23	3.69	6.89	8.47	2.79	3.04	3.25	1.07	0.52	3.42	4.69	1.42	-1.56
-3.09	0.44	7.07	9.12	2.82	-1.59	1.85	2.45	1.20	3.54	3.95	-0.18	-2.31
-2.64	0.79	9.83	9.57	2.48	0.15	2.29	2.12	-0.60	1.32	4.18	1.70	-1.33
2.79	0.24	4.55	4.47	-2.93	0.92	-0.08	0.95	2.23	3.92	5.31	0.61	-0.04
-0.58	-0.82	7.57	6.30	3.61	2.70	1.71	3.60	-0.68	-2.12	3.46	-0.94	-0.47
3.83	-0.05	7.17	3.83	4.28	6.55	0.44	1.45	-0.09	-0.77	3.52	5.14	0.96
0.53	1.67	7.46	5.79	1.66	5.64	1.47	1.21	1.94	0.06	2.68	1.33	-0.05
-1.49	-1.97	8.85	9.29	1.39	2.85	0.12	2.78	3.16	0.98	2.49	2.53	2.47
-0.21	-1.28	9.81	5.67	5.34	5.34	-2.19	0.98	-1.69	-1.29	2.02	2.29	-0.04
3.96	1.31	9.46	5.13	3.28	3.52	-1.11	0.62	-1.49	0.31	2.89	0.95	0.01
=== END OF SAMPLE ===
Next sample in: 3... 2... 1... GO!
8.50	-2.24	1.33	-6.45	0.94	-0.56	-10.74	-4.57	-0.75	-5.59	-2.13	-2.92	-2.49
9.76	0.00	3.01	-2.87	0.37	2.31	-6.06	-3.28	-3.27	-7.02	1.10	-2.18	-4.97
10.31	-3.25	2.83	-5.01	4.00	4.26	-6.66	-7.56	-4.68	-5.35	4.63	-2.13	-8.53
13.69	-11.22	1.97	-0.44	9.19	4.18	-4.89	0.24	0.81	-4.73	1.51	-2.09	-9.75
14.14	-6.98	3.97	-2.73	0.71	2.71	-4.01	-6.40	-4.54	-6.12	3.38	-2.38	-12.51
17.27	-9.62	3.64	-0.18	3.18	0.82	-5.79	-6.55	-4.08	-7.61	5.95	0.66	-6.95
14.71	-11.12	2.55	-4.24	0.98	4.55	-5.11	-5.41	-2.09	-6.09	4.43	1.53	-7.64
20.48	-13.27	0.34	-3.09	-3.80	1.34	0.68	-5.82	-1.48	-2.61	6.12	1.67	-5.23
-2.27	-2.08	0.43	0.08	-3.41	-7.32	-6.61	-2.17	0.31	-1.20	1.28	1.78	-4.94
14.62	-12.00	0.63	-8.07	-3.24	-1.54	-10.26	-3.47	0.56	-1.00	5.16	2.50	-1.93
9.48	-11.10	2.42	-6.65	-10.95	-4.82	-10.65	-9.43	2.16	-5.78	2.01	2.99	-4.14
11.20	-13.25	5.03	-3.78	-8.22	-0.29	-4.87	-6.94	1.88	-1.95	3.63	2.37	-2.37
12.88	-8.44	1.91	-2.75	-13.17	-3.59	-7.51	-8.52	-6.00	-5.69	4.18	-2.23	-4.43
11.18	-10.32	3.36	1.09	-3.34	-4.28	-5.01	-3.76	-2.78	-5.88	4.61	3.78	-1.88
4.20	-9.51	4.00	1.02	-0.99	-2.83	-6.00	-3.13	0.48	-1.69	-0.00	0.25	-2.70
10.28	-9.60	6.53	0.61	-0.56	-2.99	-9.43	-6.83	1.38	-4.41	-1.45	1.53	-0.20
0.36	-4.27	4.36	0.76	-2.61	-0.57	-1.98	-2.40	1.80	-1.27	-2.11	2.86	1.42
-2.69	-10.47	6.71	3.37	-1.32	-2.15	0.27	4.46	3.00	-1.92	0.01	0.52	-0.90
-1.02	-16.60	4.92	0.56	-0.66	-3.37	0.27	2.42	-0.10	-4.63	-3.48	-4.16	-1.63
-1.18	-9.47	12.32	2.48	-0.03	-3.19	-0.21	4.47	0.41	-1.65	0.09	1.92	3.15
-12.08	-4.87	16.06	1.22	2.15	-1.88	-3.01	1.12	5.65	3.74	-3.46	-1.57	-0.28
-6.38	-6.09	27.06	6.64	-0.23	1.18	-1.79	-1.37	5.45	2.19	-4.14	-4.31	4.06
-11.66	-11.51	19.73	6.10	-1.20	4.41	2.16	2.30	2.29	-2.06	-5.47	-5.80	3.81
-13.67	-11.34	24.15	10.38	2.86	6.39	2.99	3.97	3.95	-1.88	-2.64	-2.41	7.33
-14.06	-13.76	23.33	10.62	1.97	7.52	0.18	0.66	2.11	0.58	-5.14	-0.29	4.80
-13.85	-13.77	27.15	7.93	0.43	13.32	0.27	2.65	3.66	-2.46	-4.36	-0.36	1.56
-11.07	-4.63	7.02	5.00	1.59	4.53	0.64	4.02	4.09	-0.47	-0.67	2.87	2.84
-16.39	-15.45	12.00	6.23	0.67	3.85	3.33	-1.14	10.02	3.85	-2.30	1.25	4.39
-11.23	-16.34	22.32	18.21	11.36	7.30	7.53	1.41	4.99	-5.04	-10.07	-4.09	0.20
-5.28	-19.59	22.69	19.02	7.01	7.63	0.36	5.06	7.50	-1.99	-9.52	-3.18	0.08
-1.38	-17.22	25.20	18.80	5.93	2.21	1.96	4.19	7.54	-1.75	-8.77	-3.88	-0.03
3.22	-16.20	24.96	16.34	8.55	0.20	-1.95	-0.79	5.58	-2.78	-10.29	-3.41	-2.47
3.55	-21.12	19.27	20.21	4.47	-1.63	-5.56	-0.35	8.55	-3.15	-6.18	-3.85	-1.47
1.94	-18.65	17.74	15.28	8.01	-7.16	-5.98	-3.29	8.49	-3.51	-3.65	-1.54	-3.73
4.71	-21.87	18.01	13.63	7.83	-9.29	-6.81	-4.65	5.65	-1.34	-6.11	-0.61	-4.50
6.97	-20.39	12.82	11.95	6.96	-7.73	-6.94	-6.05	5.69	-4.01	-3.21	-2.35	-3.80
-4.30	-16.82	1.27	2.99	-2.56	-5.74	-9.58	-4.97	-0.14	0.59	0.56	-0.46	0.46
8.29	-24.08	10.27	1.77	-3.34	-1.70	-4.31	0.25	2.60	0.58	-3.04	-0.27	1.24
12.06	-26.80	14.28	0.43	1.72	-0.02	-10.68	-7.50	0.25	0.65	2.79	1.05	-5.84
14.27	-23.89	13.16	1.43	2.08	1.00	-8.92	-8.78	-0.05	-1.77	4.39	0.12	-5.77
16.82	-25.56	12.84	-0.75	2.21	0.11	-5.04	-8.31	0.23	-1.47	2.86	1.56	-6.96
17.45	-23.69	14.46	-1.67	6.73	2.93	-6.08	-5.63	-4.67	-0.21	1.68	2.30	-8.60
18.26	-20.50	10.49	1.65	2.32	3.44	-4.01	-3.96	-3.20	-1.92	3.16	1.69	-9.68
18.71	-19.70	10.95	1.56	3.33	4.06	-3.48	-4.45	-4.49	-2.14	1.87	2.97	-9.23
20.13	-18.22	8.49	5.87	4.70	2.44	-0.42	-5.91	-3.95	-3.87	1.79	0.28	-8.42
19.31	-19.83	9.66	2.86	2.67	6.70	-2.10	-2.53	-4.65	-0.64	0.45	3.07	-7.17
7.90	-8.04	5.19	2.97	3.47	6.86	-0.42	-2.25	-2.03	-3.12	1.08	2.40	-4.22
14.48	-13.67	10.06	2.02	5.09	8.23	0.28	-4.24	-5.55	-2.17	0.23	3.70	-6.54
18.64	-10.56	8.31	-1.26	5.69	9.83	3.84	-1.71	-6.50	-0.77	0.63	2.52	-3.66
20.20	-9.84	6.62	-0.75	4.03	11.41	1.84	1.76	-7.80	0.69	4.83	3.48	-2.04
18.73	-7.30	10.34	-4.87	4.22	14.49	2.79	1.66	-2.48	-1.34	3.61	5.21	-2.42
17.48	-8.52	8.38	-5.23	4.47	14.00	1.43	4.44	-5.00	-3.74	7.50	5.24	-0.35
14.93	-7.04	6.24	-3.12	5.87	7.85	1.05	0.90	-8.80	-1.72	3.15	7.81	1.81
10.93	-11.76	2.99	-11.25	3.21	17.06	5.41	5.31	2.41	1.73	6.54	7.68	2.51
10.70	-9.14	8.53	-8.93	3.41	11.10	1.35	8.57	-3.89	-2.95	5.80	2.38	3.16
13.43	-6.76	10.28	-11.92	1.93	13.18	2.54	6.84	-2.19	-3.22	2.38	6.13	1.68
-2.28	-1.03	3.40	-3.53	-0.47	6.74	3.14	1.69	-1.61	-3.54	-0.01	4.82	3.50
-7.22	0.67	0.15	-1.22	5.13	4.62	-2.89	-3.73	-3.52	-1.91	1.25	3.00	2.67
11.84	-8.36	15.29	-10.97	-5.45	14.05	6.15	6.96	-1.39	-2.99	-4.83	2.31	0.31
15.43	-3.13	13.04	-10.80	-6.53	11.59	8.30	6.78	-2.29	-1.70	-5.35	-1.63	0.50
19.56	-1.27	17.50	-9.65	-11.82	6.49	7.13	7.86	-2.94	-2.67	-0.64	-0.42	0.56
18.82	-2.70	14.61	-5.85	-2.59	6.84	4.86	9.70	1.08	0.07	-2.19	-3.48	-1.73
5.26	8.15	4.97	0.60	-0.89	-0.11	1.20	4.19	4.39	2.70	3.16	2.66	-0.02
13.88	2.44	9.19	0.66	-1.37	4.39	4.47	4.22	0.68	-0.44	-1.53	-1.55	-0.12
15.93	11.93	13.98	3.71	-5.23	2.58	-3.97	7.55	7.43	5.20	5.96	0.81	-8.05
16.70	4.96	7.07	1.14	1.21	3.31	-2.84	6.71	13.73	7.67	5.76	-0.01	-3.37
10.28	10.00	9.72	-3.33	-4.75	4.78	-3.68	0.52	12.30	4.88	3.63	6.99	2.37
9.70	1.53	6.39	-1.31	0.44	2.61	-0.10	3.03	8.19	6.67	4.21	2.14	1.08
7.87	9.89	2.94	-5.15	-7.78	-6.02	-2.47	4.30	5.02	5.62	2.42	1.56	1.85
11.74	8.07	2.30	-4.39	-3.52	-0.10	1.34	5.29	4.14	1.15	2.07	0.57	0.58
15.49	3.92	-1.49	-8.36	-6.45	-3.54	-3.95	1.79	1.76	1.10	2.75	-1.15	-3.25
5.36	1.38	-3.08	-4.86	0.93	-2.75	-1.33	5.73	-0.74	0.04	-0.89	0.31	4.59
-9.19	-6.70	3.35	-5.15	-4.12	1.98	-2.14	-5.63	-3.44	-0.03	-1.00	-3.88	-2.62
-2.97	-5.06	4.63	-3.17	-5.21	1.47	-2.68	0.10	5.33	3.81	3.13	2.97	2.97
3.86	-6.26	-5.63	-8.15	-3.43	3.31	-0.92	-0.81	-0.06	-1.88	4.14	6.08	2.11
2.17	-6.48	1.65	0.53	1.37	5.61	0.85	-0.39	-1.53	4.68	6.86	1.82	-0.82
2.96	-1.88	1.55	-1.33	3.03	10.91	0.58	1.43	0.47	2.21	4.83	0.71	-1.34
0.45	-1.48	0.85	0.86	3.07	3.00	-0.72	-1.33	-0.80	0.32	2.83	0.48	-3.08
0.16	-5.10	-1.50	-4.62	1.67	2.30	6.03	6.42	2.76	-1.90	-0.76	-1.48	-3.78
9.28	-2.80	-0.38	1.41	-1.46	4.79	0.86	-0.85	-0.89	-0.76	0.95	0.48	1.35
8.43	-1.33	1.67	1.90	1.70	2.52	-1.49	-2.13	-0.80	0.06	2.22	0.32	-2.57
4.01	-4.96	-5.18	-1.90	3.24	1.66	-3.44	-0.59	-1.77	0.04	0.72	0.08	0.47
-5.42	3.80	-3.67	-0.75	-0.22	0.63	0.61	-2.97	-2.98	-1.63	-1.17	-3.06	-2.03
-2.35	1.47	-0.34	-5.07	0.50	3.84	4.02	3.31	0.42	3.54	-0.28	-2.58	-5.32
-1.14	4.02	5.09	2.70	2.34	-2.02	-0.01	-1.30	-5.01	-2.43	-3.80	-4.88	-8.48
-2.56	3.39	11.16	0.82	3.92	1.93	5.11	-0.45	-0.10	-3.42	-2.75	-4.22	-6.26
-4.26	2.88	3.53	-0.00	-1.82	1.33	4.83	-3.03	-2.86	-4.95	1.37	-5.10	-3.10
-4.44	2.41	8.45	4.12	-0.44	0.29	6.70	-1.08	-4.13	-3.12	-1.36	-7.13	-3.71
-3.27	4.35	11.36	9.25	1.12	1.53	0.14	-1.03	-0.32	-4.82	0.05	-2.39	-7.11
-0.98	3.31	4.97	10.90	3.56	-1.42	2.87	-0.27	-2.73	-0.78	0.51	-5.42	-3.66
-6.12	4.71	12.27	12.50	6.53	0.52	0.39	-1.59	-7.38	-2.89	0.71	-7.42	-3.67
-1.92	7.33	13.66	6.81	3.58	0.23	1.74	-4.91	-6.65	-2.01	3.61	-3.95	-1.42
-6.21	2.71	3.87	5.63	1.77	-0.85	1.05	0.21	-1.30	0.96	0.65	-0.46	-2.50
-4.75	5.34	0.10	7.11	3.41	-2.37	-2.28	1.71	-2.33	-4.65	-1.23	-3.68	-1.57
-16.10	-7.35	5.22	4.06	0.62	4.95	5.48	-1.56	-3.99	-4.72	-2.34	-7.22	-2.75
-14.74	-11.35	3.21	9.86	7.35	2.68	0.20	-0.58	-1.66	1.50	2.35	-2.10	-3.85
-6.99	3.21	8.44	6.53	5.46	-4.64	0.22	6.67	-1.35	-3.51	1.67	-6.40	-4.58
-9.35	-1.68	4.40	7.09	7.37	2.15	1.99	0.86	-0.55	-1.10	0.90	-0.41	-3.02
-6.72	5.34	5.76	3.11	1.03	4.35	7.26	-3.33	-5.72	-3.84	-0.44	-3.05	1.63
-6.07	2.58	7.18	5.37	5.84	2.80	5.85	2.10	-2.64	-1.26	-0.48	-2.68	0.86
-13.47	6.09	3.75	4.47	6.89	4.40	5.12	-0.88	0.69	5.25	5.70	3.79	-1.96
-16.36	1.97	3.05	4.56	7.57	6.67	10.94	3.57	2.70	-3.60	1.90	1.31	-3.08
-10.09	4.59	2.58	3.67	4.34	2.93	6.75	1.41	3.84	-2.79	-3.50	1.25	-3.50
-13.79	0.88	-0.03	0.75	4.07	1.82	8.82	5.70	3.87	6.82	0.89	-0.79	-0.91
-15.22	-6.06	-3.58	2.28	5.10	0.65	3.58	1.82	3.07	5.72	2.09	-1.46	-2.20
-7.25	3.76	0.36	1.50	3.93	2.85	3.24	1.74	4.05	-0.29	-0.67	2.42	-1.33
-7.71	2.02	0.67	6.78	4.82	-0.18	0.96	3.53	-1.45	1.34	2.77	-0.80	0.13
-10.62	0.62	5.44	8.82	6.28	4.56	4.50	4.49	-0.96	2.78	2.48	-0.10	0.46
-7.85	3.07	6.69	6.19	-0.04	-4.45	1.94	4.05	-3.67	0.92	3.69	4.15	-3.58
-6.71	-0.14	7.31	6.56	-1.14	0.39	-1.62	-0.65	-1.81	0.80	-1.98	-3.86	1.21
-5.64	5.19	4.30	3.91	-2.14	-1.09	3.38	1.64	-0.11	0.87	-1.52	0.92	-1.20
-7.63	1.66	1.32	2.79	-3.09	0.39	0.27	-0.02	-1.56	-0.70	-1.25	2.34	4.77
-20.74	-4.39	-2.92	11.20	2.04	-3.77	-0.61	-4.02	-1.64	-0.95	-1.11	-4.38	-3.23
-14.22	1.00	-2.66	7.62	2.17	-1.07	-4.16	-1.24	-0.49	-0.05	-0.67	-5.54	-1.48
-10.22	2.88	0.16	8.22	6.63	-2.26	0.65	-0.36	-4.90	-1.08	5.35	-0.33	-3.85
-10.80	1.43	3.92	7.30	0.88	-3.73	-1.72	-3.49	-2.21	3.35	5.23	0.55	2.22
-11.01	-1.65	2.33	2.45	-3.80	-2.27	-1.94	-3.90	-4.96	1.86	2.05	3.48	3.30
-10.39	4.22	2.95	5.54	2.25	-0.55	-1.42	-5.57	-4.14	0.33	4.54	2.10	-0.45
-8.21	1.34	-1.02	-2.19	-5.26	-5.33	-3.86	-5.25	-0.89	1.34	2.68	2.77	4.18
-3.74	1.21	0.44	2.65	-1.10	-0.32	-3.73	0.26	1.73	0.25	6.60	1.87	1.46
-8.31	4.10	5.27	5.99	2.33	-3.47	-0.78	-3.41	-4.78	-0.14	4.53	3.43	-0.23
-13.61	-0.30	1.90	6.93	0.96	-5.27	-1.01	-5.07	-0.18	-1.18	-1.68	-0.33	0.20
-10.71	4.70	4.76	4.76	-0.30	-3.46	-1.78	-0.29	1.15	4.88	1.63	-0.78	-1.08
-13.92	1.99	5.34	5.46	-1.19	-4.86	-1.82	-1.39	-0.37	-0.60	3.33	1.70	1.06
-14.28	4.53	2.36	4.81	-2.42	-6.07	-4.52	-0.78	0.87	5.06	2.10	-0.80	1.50
=== END OF SAMPLE ===
Next sample in: 3... 2... 1... GO!
3.77	-1.49	0.05	-0.30	-2.30	-0.11	-1.03	-1.84	-2.71	-1.98	5.81	0.30	-0.48
-5.85	-12.43	-4.23	0.70	4.69	2.70	3.39	-3.05	-7.14	1.82	2.35	0.86	-2.95
1.17	-4.29	2.00	2.14	-1.09	4.86	4.57	-1.65	0.22	-0.86	0.50	-2.00	-7.04
-0.98	-3.95	6.07	2.31	-0.88	7.08	2.50	1.02	-0.44	1.54	2.81	1.56	-2.59
7.42	-5.01	5.90	2.90	-3.15	0.54	-1.02	0.52	-1.22	1.50	5.69	2.27	3.00
5.64	-2.40	6.03	2.22	-1.47	1.85	-1.03	-0.17	-3.17	-0.17	5.10	3.11	1.07
-1.65	-6.71	4.06	1.34	-0.18	-0.78	-8.15	0.37	0.97	-0.44	2.83	-0.63	1.01
-11.80	-16.86	22.86	-4.26	-0.74	7.49	-10.16	-2.31	8.71	1.35	1.73	-0.66	6.30
-9.63	-8.04	15.42	-0.08	1.08	11.29	-0.87	4.69	6.80	-1.31	-0.19	1.21	0.99
-9.96	-8.23	22.42	0.88	-3.72	4.54	-4.99	0.98	8.98	-1.58	-0.45	2.47	5.30
-10.76	-2.95	15.77	-2.13	2.68	7.33	3.78	3.75	2.95	-0.43	-1.68	1.72	5.86
-20.27	-5.43	23.62	-2.37	4.93	12.22	4.35	7.08	3.70	2.73	6.20	1.89	7.60
-12.83	-4.91	27.75	0.80	3.44	11.35	-1.04	3.28	2.70	-3.94	-1.18	2.97	10.71
-12.96	-7.46	26.94	-6.74	1.91	5.69	-0.00	9.78	6.78	-0.25	2.04	2.90	6.28
-14.25	-10.99	24.89	-2.63	-0.86	11.76	0.77	10.08	8.81	-1.23	5.20	2.40	7.65
-18.89	-10.89	27.02	-1.66	-6.93	7.74	-0.54	12.45	14.81	4.80	8.51	6.25	8.33
-9.90	-7.84	16.79	8.06	-3.12	2.76	-0.71	4.13	5.56	-1.82	-1.02	-1.13	0.55
2.46	-20.42	29.25	10.93	5.72	7.04	-3.67	3.80	2.57	-1.61	-1.60	-5.57	-0.82
2.12	-24.53	30.74	8.73	3.02	2.74	-6.73	0.96	2.87	-4.63	-2.73	-4.71	-2.15
5.79	-23.89	27.40	5.10	0.37	1.17	-8.86	-0.46	3.13	-7.24	0.00	-3.94	0.64
5.93	-22.54	22.12	6.05	0.22	1.56	-5.84	-2.54	4.19	-6.45	-2.90	-6.00	-0.86
11.27	-21.70	19.50	1.71	2.37	-1.65	-9.45	-1.87	3.12	-4.47	-2.51	-7.25	-2.42
13.50	-19.91	16.65	-1.97	0.76	0.48	-10.99	-4.34	3.63	-0.85	-0.02	-5.18	-1.64
14.53	-20.99	13.10	-1.47	2.21	-2.49	-12.02	-4.49	0.50	1.67	-1.09	-1.53	-1.75
-8.42	-5.69	2.45	6.58	-2.78	-3.99	-4.77	-4.51	1.66	-0.15	-3.93	-1.19	0.99
2.36	-15.81	-3.98	-4.04	-5.51	5.30	-2.08	-3.92	0.32	1.22	2.06	0.48	-2.08
10.12	-11.72	8.85	-6.31	12.98	4.35	-8.67	0.40	-1.09	-1.14	2.77	0.26	-7.43
8.36	-14.60	13.83	-6.64	7.93	8.28	-5.92	0.88	0.75	-1.91	7.66	1.90	-8.71
7.41	-13.29	13.88	-8.89	10.16	3.71	-4.83	-1.19	-0.89	-1.55	3.04	4.39	-11.96
5.10	-14.12	15.30	-7.99	9.13	5.77	-2.51	0.35	-4.94	1.71	1.89	1.26	-9.44
3.29	-12.63	14.32	-7.40	10.37	8.87	-1.99	-0.66	-3.44	-0.65	5.00	0.71	-9.36
4.52	-12.32	17.10	-10.56	12.21	10.92	-0.64	0.89	-4.28	1.14	6.82	1.96	-8.95
-0.12	-3.85	15.26	-3.55	7.69	9.34	0.98	-6.63	-7.14	0.06	2.88	3.10	-4.42
-0.95	-2.81	8.82	-2.78	2.65	11.81	1.37	-2.73	1.68	2.14	1.98	3.57	-1.76
4.92	-11.52	14.02	-8.29	6.10	16.06	-0.55	3.71	-2.45	0.00	2.50	4.46	-5.21
6.57	-8.66	16.02	-10.76	9.08	16.08	0.52	1.42	-4.64	-1.43	1.28	7.40	-2.04
2.68	-6.49	12.86	-8.04	8.46	19.94	3.44	1.67	-3.28	-0.64	3.77	8.64	-3.66
3.49	-10.38	13.54	-9.93	7.85	22.76	2.48	5.38	-1.29	-2.86	6.55	8.20	-2.55
-0.52	-11.66	18.36	-10.95	3.86	25.44	5.80	4.29	4.53	2.81	-0.15	7.33	-0.90
1.32	-6.57	16.66	-15.47	4.54	18.01	1.37	5.60	1.12	-0.35	-2.62	9.92	0.89
-1.94	-1.97	3.90	-2.30	-4.29	6.65	2.87	-1.08	0.87	-2.51	-3.69	2.40	2.55
-5.18	-2.07	2.03	-0.54	-0.39	4.20	1.94	0.06	-1.44	-1.45	0.45	1.83	0.75
10.46	0.01	9.79	-14.63	-2.86	12.64	8.03	-1.20	-9.85	-1.81	-7.70	1.29	0.83
11.68	3.73	13.94	-14.91	-6.18	7.96	12.10	2.42	-8.97	-0.81	-7.08	0.18	-0.14
14.81	3.82	11.74	-9.91	-9.28	7.20	10.97	6.92	-5.55	-1.69	-7.94	0.16	-3.61
16.05	5.94	18.55	-13.01	-9.67	4.33	11.20	5.72	-1.50	2.01	-6.28	0.02	-1.24
10.95	8.56	21.48	-13.35	-10.53	2.24	9.29	8.30	-1.22	4.27	-7.44	2.04	-3.91
12.96	10.44	17.46	-7.73	-12.90	-0.07	8.07	8.84	0.81	5.58	-4.08	0.53	-4.38
5.89	11.89	11.86	-1.27	-3.80	0.23	1.70	2.37	3.58	4.98	1.09	-1.60	-3.41
7.11	6.70	2.83	-0.84	-0.48	2.67	7.84	10.00	8.24	4.88	-0.15	0.94	-0.79
11.75	18.60	13.04	-2.18	-2.32	-0.05	0.35	2.23	3.23	3.19	4.54	-0.25	0.31
11.41	18.49	11.53	-5.87	-4.89	1.39	2.38	3.55	2.17	0.84	-0.38	-0.65	0.17
8.47	17.60	6.18	-7.36	-1.13	-4.41	2.92	3.95	2.27	-2.50	-0.49	0.65	1.55
10.23	12.46	2.49	-14.59	-2.35	-3.56	1.14	2.06	-2.54	-2.42	0.74	3.20	0.01
5.88	4.08	6.82	-17.23	-3.67	-5.80	-1.73	7.40	-2.52	0.52	3.95	4.49	5.32
3.79	1.59	-3.96	-13.71	-0.00	2.02	7.78	11.84	-2.45	2.03	0.38	0.54	1.76
3.13	-6.89	2.32	-8.94	-5.63	-6.64	0.72	4.58	-1.88	-0.60	-2.07	-2.39	3.49
5.10	-4.03	0.12	-2.82	-3.83	-5.70	2.64	6.45	-2.05	-1.03	1.70	-0.83	0.79
10.71	-13.29	5.91	2.75	-5.28	0.33	-2.65	-6.76	-4.89	-4.28	3.09	-3.49	-3.88
8.26	-16.05	1.71	-3.01	-4.56	0.46	0.12	2.22	-2.59	-7.81	0.26	1.09	-1.43
12.81	-11.52	3.95	3.21	-5.60	-5.09	-5.26	-1.48	1.77	-4.68	-1.85	-4.27	-2.42
12.32	-12.91	2.97	3.64	-4.63	-2.93	-6.99	-5.96	0.65	0.12	-2.93	-2.65	0.17
15.70	-12.38	3.40	7.02	-2.09	0.34	-4.35	-1.78	0.68	-5.41	-2.75	-5.54	-0.55
9.14	-12.37	7.46	7.49	-1.32	-2.49	-7.88	-2.32	1.14	0.93	0.54	-1.26	-1.75
3.35	-11.40	10.41	6.81	-6.83	-1.97	-1.99	-1.15	2.08	0.06	0.04	0.33	-1.75
2.61	-13.43	1.36	2.18	-5.17	-3.56	-2.97	-1.91	2.20	3.78	4.77	2.70	0.91
2.59	-8.81	2.98	1.84	-4.55	-4.82	1.35	1.67	3.07	2.40	-0.91	-0.28	2.02
-3.57	-16.30	3.05	6.39	1.18	-2.57	-1.89	1.89	5.89	1.98	2.18	2.52	-0.26
-5.27	-13.11	5.02	5.50	-1.52	-5.14	-8.04	-2.96	4.47	1.77	-3.58	0.39	0.56
-2.55	-16.11	8.45	9.82	-5.93	-3.16	-5.85	-3.66	-2.17	-6.62	-3.94	-1.37	-0.55
-0.07	-14.67	8.33	9.55	-6.38	-1.94	-0.83	-1.48	2.79	-1.51	0.26	1.09	-0.34
-1.93	-14.29	6.08	4.92	-12.12	-6.53	-3.00	-5.76	-2.58	-10.73	-7.29	-1.52	-3.27
-5.45	-12.74	5.55	4.00	-3.78	-2.23	0.37	0.80	0.50	-0.79	-2.07	-2.46	-4.87
-8.65	-8.01	0.37	4.26	-6.49	-3.29	5.17	1.57	-2.80	-1.42	-3.64	0.43	1.37
0.21	-16.74	7.48	9.31	-3.43	-3.29	-1.59	-1.73	0.22	-2.18	-4.84	-3.17	0.38
0.18	-14.12	5.51	9.66	-8.32	-4.95	-2.65	-2.46	1.20	-0.27	-4.42	-4.16	-1.54
-4.38	-12.80	4.04	6.36	-5.64	-0.43	-0.79	-2.01	-1.84	-4.80	-4.19	-1.35	-0.63
-0.89	-7.38	3.86	5.96	-2.03	-1.73	-3.27	-3.35	2.36	-2.62	-2.57	-3.30	-0.34
0.70	-8.34	0.34	6.65	-0.68	-6.17	-4.57	-0.68	2.75	0.53	0.38	-1.28	0.01
1.15	-5.08	10.07	6.91	-0.37	1.80	3.27	-0.84	-3.63	2.08	0.33	-1.80	-1.58
-9.54	0.73	-1.65	0.22	-0.04	-0.17	3.57	2.64	0.71	0.27	3.50	3.90	-0.07
-12.71	-3.98	6.34	5.49	0.92	-1.64	1.53	0.54	-0.32	1.59	2.06	0.95	2.10
-4.24	-4.14	12.36	1.79	-3.29	-2.93	0.42	0.69	-1.29	2.26	4.71	5.40	2.80
-4.18	-6.61	11.56	8.58	-2.48	-1.65	-0.49	-2.42	-0.09	-1.43	1.82	5.88	3.52
1.05	-5.54	11.75	9.77	3.17	2.53	-3.35	-3.10	-3.88	-0.26	-0.64	-1.26	1.65
-5.58	-6.28	12.98	7.35	-1.63	-1.23	2.15	1.70	-2.42	-0.68	-0.90	-1.39	2.78
-10.76	-8.29	9.89	7.80	-0.26	5.59	1.15	-0.34	-2.31	0.97	4.03	-0.36	3.43
-6.68	-6.04	6.41	3.09	-1.82	-2.34	1.43	-1.73	-2.26	6.82	4.63	4.44	1.31
0.28	-2.50	0.20	1.07	-0.68	-4.62	1.70	5.35	-0.41	2.35	2.09	3.04	1.89
-3.12	-8.79	-1.24	-3.22	-1.20	-4.45	-1.61	-0.64	0.97	2.38	3.69	4.67	3.05
-0.50	-1.93	8.26	1.48	-8.18	-6.48	1.65	0.50	-1.90	-0.95	3.45	2.04	1.76
-0.24	-7.95	4.98	-2.95	-6.94	-4.16	-0.81	3.97	4.35	5.77	3.67	3.34	0.79
4.18	0.67	6.60	-3.09	-3.98	-3.31	0.08	-1.67	-3.74	-2.31	-0.07	-0.40	3.34
-3.93	-1.88	8.67	2.36	-4.30	0.15	2.20	0.88	0.06	-4.11	4.18	1.38	1.56
-1.25	3.36	6.17	4.55	-2.85	-2.22	1.14	1.96	-1.73	2.36	1.95	-0.64	-1.79
-9.25	0.26	1.78	4.74	-2.06	-1.43	3.90	0.74	-1.45	-2.86	1.36	1.48	-4.41
-14.99	-3.32	-0.74	0.32	-2.95	-0.67	3.96	-0.22	-4.02	-2.38	-5.42	-2.46	-0.01
-11.29	-1.93	0.31	0.72	-1.69	-0.80	-1.42	-3.13	-0.75	-1.48	-1.25	-1.23	0.04
-12.95	-2.22	5.43	3.21	3.09	-1.10	-1.62	1.98	-0.40	-1.49	0.17	0.53	-4.14
-5.34	-2.87	1.75	4.21	-2.79	-2.44	-0.81	0.24	1.57	1.25	0.16	-1.49	-2.29
-3.62	-1.80	3.29	-1.85	-4.83	-3.27	-0.20	0.32	0.18	0.94	2.93	-0.53	1.55
-4.22	-5.10	3.56	1.29	-5.43	-3.67	-3.02	-0.45	-3.73	2.90	6.13	2.03	4.37
-11.77	-3.19	5.80	-0.44	-5.77	-9.19	-5.71	-2.77	-2.04	1.24	5.28	-2.30	2.58
-11.91	0.42	7.33	4.76	1.89	-2.68	-4.54	-4.55	-1.30	5.14	3.42	3.50	5.68
-15.02	1.76	4.50	3.88	-2.76	-2.96	0.66	3.20	-1.21	0.19	0.47	-1.98	2.47
-10.90	-3.61	0.40	4.34	1.17	0.15	1.64	2.17	-1.06	1.79	6.79	0.85	-0.69
-18.58	-0.48	8.74	9.25	2.53	-1.14	-0.66	-0.26	-2.19	2.62	3.76	0.72	-0.54
-19.79	-5.33	4.72	5.04	1.24	-1.75	-1.12	1.33	-0.26	4.26	4.90	-2.89	-2.23
-22.75	-3.45	1.71	3.30	1.25	1.23	0.45	2.67	0.80	0.76	3.86	0.02	2.27
-24.44	0.94	7.10	3.80	0.10	0.47	-0.58	3.65	-0.16	3.13	3.34	1.67	5.46
-19.33	4.45	4.92	7.65	3.63	-1.32	-5.14	1.65	2.76	1.11	2.66	2.96	2.19
-19.17	0.41	4.57	2.21	3.48	-0.59	0.56	-1.39	2.39	-0.07	-1.82	-2.08	-2.72
-23.02	4.41	5.47	5.03	2.51	2.25	1.02	-2.65	3.09	0.59	0.30	-3.88	-0.50
-17.27	2.94	5.84	3.59	0.77	0.72	0.12	2.12	1.20	-1.15	-0.73	-2.56	-0.75
-12.20	0.12	-0.06	2.09	1.95	1.58	3.25	0.95	-2.88	-0.17	0.85	2.11	-0.40
-8.96	0.59	3.74	7.45	0.52	4.89	-3.91	-4.15	-0.74	-4.23	0.73	1.23	1.24
-11.68	0.40	8.98	-2.29	-5.82	6.27	1.43	-6.79	2.77	-0.76	-4.36	1.50	0.53
-7.96	2.49	6.08	4.45	-2.40	-0.61	-4.69	-4.90	-2.25	1.01	3.46	-2.20	-0.67
-6.93	-3.52	3.23	2.44	3.86	0.79	0.52	-1.84	0.38	2.38	2.18	-1.65	4.82
-3.32	1.06	6.05	4.19	3.03	-3.11	-3.89	-2.30	-4.02	-0.12	-0.46	-1.28	1.08
-2.98	-1.02	4.76	3.87	4.42	2.71	-0.43	-4.77	-1.08	-3.83	2.55	-1.24	-0.34
0.86	-2.18	3.92	-2.26	-2.89	2.52	-0.39	-0.83	0.82	0.42	-1.49	-4.35	-0.81
6.08	-7.89	-4.19	-1.28	-3.73	2.33	4.89	5.36	2.00	0.74	1.06	-1.24	-4.84
-1.39	-0.55	-3.07	-3.47	-3.23	1.42	2.22	-2.15	-5.09	-2.80	0.30	-3.66	-2.10
3.21	-12.81	-8.50	-8.62	-7.12	3.21	7.38	5.90	-1.99	-5.00	0.70	0.39	-3.10
=== END OF SAMPLE ===
Next sample in: 3... 2... 1... GO!
-36.09	3.90	0.81	-4.78	-6.10	4.91	-8.20	-11.97	1.41	5.36	-3.20	0.95	0.56
-40.53	2.38	9.13	4.70	-9.11	11.51	-9.10	-5.47	-0.53	4.09	1.57	4.12	0.44
-39.55	-1.99	7.51	-9.44	-11.72	8.45	-11.94	-8.94	3.69	1.35	-6.96	1.96	0.27
-31.63	3.75	3.54	-7.33	-10.01	10.09	-5.32	-6.37	1.77	4.48	-0.83	1.73	3.42
-40.35	-3.09	0.57	-1.13	-8.82	7.23	-2.96	-3.53	-0.38	2.01	-5.21	-1.98	2.57
-39.92	-8.67	-1.66	2.54	-8.39	2.96	2.65	1.97	-0.94	4.39	0.57	-0.97	-3.11
-23.04	-4.06	-3.50	4.08	-6.23	1.52	0.84	-0.62	-1.39	3.19	6.05	0.53	-5.38
-14.03	-5.61	-12.21	2.97	-2.32	6.14	-2.57	-1.65	3.11	4.75	-1.73	1.47	2.66
13.82	0.47	0.16	-4.17	-6.53	-2.06	-6.63	0.03	-4.39	-5.40	-3.84	-5.59	-2.97
16.76	8.40	2.33	-0.64	-2.57	1.79	-3.87	-2.91	-1.36	-1.57	-2.03	-2.34	0.87
21.63	3.62	5.61	-6.45	-8.70	-1.17	-7.67	0.05	-6.90	-4.59	-5.99	-6.75	-0.61
26.38	6.23	6.98	-5.48	-12.47	-0.39	-4.71	-1.74	-6.42	-6.35	-2.19	-5.86	-0.79
28.94	4.20	2.20	-7.34	-9.14	-1.38	-7.19	-5.30	-4.02	-4.19	-4.65	-6.81	0.53
28.87	1.93	6.24	-7.93	-10.33	1.58	-7.05	-5.81	-3.17	-3.21	-3.84	-5.14	1.65
26.99	1.88	7.82	-4.91	-11.85	2.73	-5.05	-5.20	-2.80	-1.52	-4.28	-2.47	3.07
28.45	-2.11	9.64	-5.98	-9.67	5.57	-6.24	-6.78	-1.72	0.51	-4.58	-1.78	-0.41
3.86	7.10	3.22	0.67	-1.53	1.04	-0.72	-4.28	-7.76	-5.04	0.57	0.54	0.27
11.00	4.78	6.52	-2.09	-5.16	1.31	-2.96	-2.22	-1.43	-3.43	-1.58	-3.92	-3.27
25.78	-2.74	9.30	-7.66	-7.29	8.47	-2.25	-2.63	-1.72	-0.48	-0.03	-1.30	0.87
26.64	-5.44	10.71	-8.11	-10.43	10.78	-1.13	-6.53	-2.76	2.12	-2.37	-1.21	1.83
24.39	-5.62	13.56	-7.89	-13.77	11.34	-2.21	-8.25	0.31	4.85	-1.40	-1.70	2.94
19.16	-1.03	14.85	-9.66	-16.14	7.07	1.58	-7.04	-1.12	3.41	-0.23	0.58	4.87
3.98	8.20	11.05	-0.31	-16.68	5.57	-1.56	-2.87	-3.76	1.23	2.78	0.45	3.49
12.57	2.76	12.54	-4.37	-15.53	3.14	-0.22	-2.78	-2.33	5.00	-3.07	-1.84	3.29
-6.82	0.25	1.61	-3.12	-6.72	-1.91	-1.82	-3.17	2.53	4.43	0.90	0.68	1.26
7.88	0.23	3.77	-1.18	-7.88	0.40	0.55	-3.68	1.43	3.45	-0.43	-0.87	1.53
22.29	-5.52	9.08	-2.73	-14.25	0.43	1.58	-9.28	-0.45	0.58	-2.39	1.64	3.86
23.02	0.47	5.97	-2.47	-14.58	-1.03	1.39	-4.60	-2.60	5.13	-1.97	2.93	2.65
19.25	4.64	3.58	0.30	-11.59	-1.32	-2.64	-0.37	-1.46	4.42	-0.89	-0.01	2.46
14.91	3.75	2.11	0.61	-12.03	-0.79	-2.22	-3.90	0.49	3.41	1.13	3.60	2.15
12.50	-1.09	1.41	-0.39	-13.62	-3.82	-3.30	-1.82	-0.67	3.93	1.04	0.44	5.22
13.81	1.52	1.87	0.25	-9.44	-1.78	-0.58	1.07	-1.34	3.94	5.40	5.16	5.60
5.54	6.57	1.70	-1.01	-7.18	-1.88	2.07	1.53	2.67	0.85	0.02	4.38	7.10
5.57	7.45	0.52	1.50	-0.16	-3.67	-7.45	-5.56	-0.35	1.29	1.05	0.56	-1.43
19.91	-0.92	-5.52	-3.32	-8.33	-5.60	-6.72	-1.33	-0.50	3.11	2.08	4.46	5.30
17.14	-5.10	-1.38	-7.05	-9.07	0.02	-2.95	-4.59	-1.24	3.35	1.52	5.43	6.78
20.61	-6.19	-2.30	-7.46	-5.62	1.89	-0.90	-4.44	-2.42	-0.49	1.63	6.90	8.34
21.37	-3.62	-1.81	-7.02	-3.60	4.99	-0.00	-9.31	-3.33	-2.65	-0.95	6.53	6.01
23.01	-9.09	-0.12	-9.32	-4.52	5.50	-2.84	-5.50	-1.95	-2.03	-5.77	2.66	9.44
22.55	-9.01	0.52	-6.46	-1.44	7.38	-1.66	-7.15	-1.41	0.82	-3.19	6.60	7.66
7.43	-6.63	-6.60	1.13	-3.62	-0.87	-4.30	-8.58	-4.09	4.65	-1.08	-0.31	1.22
26.11	-8.68	-5.26	-9.47	-4.86	6.70	-1.24	-7.43	-3.82	-0.73	1.15	4.49	1.32
18.00	-2.22	3.55	-3.70	5.24	10.04	3.93	-7.27	-0.94	0.89	2.75	5.41	2.05
11.48	0.39	5.28	4.27	5.53	5.09	-2.40	-7.53	-1.80	-0.45	5.83	8.30	3.54
10.80	-1.36	4.87	2.45	-0.84	4.73	4.01	-7.13	-0.48	2.75	1.50	7.31	5.70
2.45	1.92	6.04	4.60	2.02	2.26	2.76	-4.55	-6.19	0.40	3.31	0.78	-1.62
-6.79	-5.85	8.73	6.58	-2.21	-5.79	0.90	-0.69	2.43	6.52	4.43	0.08	4.30
-10.03	-6.47	1.76	2.79	-2.28	-7.67	2.90	1.28	-5.57	3.52	3.18	4.20	5.48
-16.77	-2.77	9.69	9.81	0.13	-2.16	6.81	2.67	-8.12	2.42	3.74	2.38	1.48
-20.59	-4.58	4.00	13.73	4.58	2.08	6.32	-1.61	-6.18	2.88	-3.45	-6.41	-0.07
-20.92	0.05	2.61	4.39	-8.33	-5.56	3.99	-0.38	-5.77	-2.54	-0.80	-0.92	-2.42
-22.15	-8.15	5.71	12.08	1.80	-0.80	6.95	3.82	-4.06	1.33	0.22	1.07	-0.27
-12.28	-4.42	10.25	9.32	3.22	7.19	7.66	-0.95	-3.33	-3.02	-0.38	2.55	-1.88
-16.07	-4.18	11.64	10.48	6.69	7.65	8.02	1.66	-8.82	-2.33	-1.01	1.20	-4.14
-16.31	-5.41	7.21	6.49	-1.66	-2.27	3.94	0.76	-1.25	4.91	2.52	-2.55	-3.56
-15.81	-1.98	8.61	9.89	-3.66	-1.57	1.77	-2.49	-2.02	1.83	-0.58	2.65	1.13
-13.75	-4.76	15.19	8.25	-0.31	8.97	6.17	-2.52	0.43	0.77	-3.09	7.20	0.05
-5.43	-9.25	16.66	6.35	-1.39	6.19	3.41	3.90	0.55	-4.80	-4.36	6.33	0.77
1.09	-6.85	13.62	9.36	0.03	2.70	-2.75	-0.25	3.41	-2.20	-3.36	3.84	-1.51
-1.52	-10.72	16.62	10.57	-7.70	-0.58	1.21	0.87	7.79	-1.58	-3.18	1.76	-1.26
8.34	-19.62	20.27	11.62	-8.58	3.34	-4.23	0.96	5.41	-2.36	0.63	3.57	-2.84
6.64	-16.29	18.96	9.68	-8.39	1.31	-2.71	1.70	5.53	-2.83	3.83	2.36	-1.73
3.09	-15.59	23.22	4.92	-7.19	2.54	-3.48	6.75	3.55	-2.18	5.18	3.92	1.16
5.58	-13.18	22.79	3.63	-6.54	6.34	-4.73	3.72	5.04	-0.66	4.06	-0.53	-1.79
12.77	0.71	18.72	-2.59	-1.24	0.75	-3.33	-0.97	-0.31	-3.30	-0.39	1.81	-1.34
14.20	0.56	16.78	6.07	-2.55	-1.15	-5.28	-5.28	-4.57	-4.25	-0.70	-3.15	-3.68
1.51	7.53	9.05	5.32	-3.57	-5.25	-4.00	-6.51	-5.35	-2.06	0.33	-0.36	-2.16
8.69	0.06	1.80	2.38	-4.78	-8.94	-8.10	-5.28	-4.76	-3.46	0.50	0.94	-1.06
13.76	0.25	10.74	10.02	-3.15	-5.12	-3.69	-3.80	-6.53	-3.24	-1.65	-0.08	-2.87
12.40	5.65	14.05	4.01	-5.26	-7.01	-1.33	-4.75	-7.34	-2.60	-2.50	-2.38	-3.08
5.88	5.53	7.78	6.09	-3.10	-2.05	-8.01	-10.12	-4.33	-3.41	1.83	-0.57	0.77
0.99	3.95	9.76	2.59	-5.29	-2.31	-2.93	-4.22	-0.26	-1.10	0.59	-2.06	-3.05
5.90	5.37	3.59	-0.79	-2.33	0.96	-2.31	-3.08	-3.41	-2.58	-0.05	-0.49	-1.24
1.52	8.94	7.54	3.55	-4.69	1.00	-3.02	-5.47	-0.58	-1.82	-3.31	-4.16	1.23
-12.37	-1.61	2.20	5.42	4.74	5.85	5.20	4.62	1.20	-5.66	-2.76	-2.07	-2.49
-11.74	0.67	4.05	6.39	0.98	2.97	5.32	-0.73	0.96	4.75	2.05	-0.04	2.62
-19.92	-3.77	1.34	4.62	-2.35	2.77	7.21	3.63	1.08	-1.35	0.68	4.42	6.12
-20.46	-3.28	1.18	5.52	0.39	4.47	6.58	-0.65	-3.07	-4.47	-6.06	0.21	2.92
-23.97	-2.53	1.17	6.35	2.94	9.27	7.75	1.07	0.21	3.14	-2.79	3.75	0.70
-14.57	1.11	4.35	6.68	-2.96	3.06	2.30	0.45	0.13	-0.23	-0.17	2.16	0.02
-13.88	1.28	1.21	2.70	0.38	3.00	5.31	4.58	2.49	2.73	2.00	3.95	0.46
-14.70	-2.80	-1.83	2.53	-1.52	1.47	0.90	1.70	2.01	2.80	-0.20	0.66	1.11
-2.47	8.65	0.99	-0.05	-1.95	4.49	-0.93	-4.48	0.94	-1.12	1.65	4.22	0.87
-4.52	3.31	1.25	-3.58	-4.87	-2.99	-1.88	-1.40	-0.90	1.70	0.43	-0.24	-3.29
-8.33	1.87	-2.08	-2.14	-2.72	-1.48	0.37	1.51	0.41	-0.95	-1.68	-0.39	0.56
-12.40	-0.34	0.77	0.43	0.16	0.86	0.21	-1.38	0.05	1.57	2.65	1.54	0.93
1.85	-6.00	8.14	-3.61	-3.99	-4.54	0.77	-0.61	-3.63	-4.44	-0.56	2.80	-4.47
0.36	0.10	6.52	-1.23	0.69	0.34	-1.08	0.70	-5.94	-3.69	-0.50	-1.34	-3.21
2.36	-2.11	5.70	-3.27	-2.42	4.86	-2.82	-2.88	-5.01	-1.97	3.07	0.98	-5.57
-4.13	-1.01	3.78	0.13	-0.91	0.82	0.25	3.04	-1.97	1.91	6.85	1.95	-3.10
-3.26	2.20	6.80	0.70	3.39	3.77	3.87	0.82	-0.88	1.18	1.38	-2.69	-0.21
-10.62	-1.56	5.24	2.98	1.89	1.72	5.64	0.67	-6.04	-1.00	-3.73	-1.79	-3.59
-9.89	-1.84	-3.14	-7.30	-6.63	3.96	3.68	2.71	3.52	0.73	0.36	-0.78	1.90
-20.87	-16.20	-3.50	5.68	1.95	6.84	2.06	-2.20	3.25	-0.83	-2.80	1.64	1.83
-7.58	0.44	2.36	-0.18	-1.14	-2.40	1.75	1.27	-1.32	0.80	-1.83	-1.69	-4.97
-7.34	-2.60	6.70	2.57	4.20	1.02	-0.60	0.42	-2.09	-0.17	-1.13	-2.44	-1.29
-11.80	-4.53	-0.52	0.40	3.25	1.45	6.83	2.82	-0.16	-2.44	-2.90	-0.06	-1.29
-5.97	-3.92	0.43	0.83	5.53	1.60	2.15	-1.38	-6.51	-4.81	-2.28	3.19	-1.11
-8.65	-1.10	1.75	-3.02	-2.40	0.13	0.60	-2.71	-2.28	-2.48	-0.59	0.55	-0.96
-3.23	3.34	4.39	0.64	0.29	1.21	7.38	1.88	-8.89	-0.62	-2.87	1.46	1.46
-11.33	2.66	2.82	-2.18	-1.25	-0.02	1.16	0.54	-1.51	1.26	0.67	-1.84	-0.51
-10.16	0.08	2.04	1.91	0.52	-1.59	1.19	2.08	0.11	5.15	1.62	3.31	-0.94
-10.32	-0.23	6.41	4.19	2.91	7.11	10.62	8.51	1.25	2.23	-0.10	-0.27	-1.87
-7.36	3.66	6.87	3.32	2.47	4.31	2.98	5.14	1.29	2.89	-0.23	1.55	-3.00
-3.90	3.29	7.39	6.90	4.48	6.43	4.23	-2.51	-2.97	0.86	0.78	-0.01	-3.19
-4.76	9.26	5.01	2.73	3.34	2.40	6.96	2.62	-2.34	1.53	0.68	-0.14	-0.48
-3.41	6.17	3.74	2.71	-1.63	3.33	5.67	5.57	-1.66	2.55	2.46	0.23	1.47
-2.59	4.67	8.41	1.92	1.69	3.17	5.74	5.70	0.13	1.56	-0.75	0.98	-0.79
-0.82	4.55	3.14	0.27	-2.23	2.91	7.04	3.13	-0.07	2.51	1.43	1.22	-0.10
-2.81	2.94	2.92	2.05	2.25	0.66	0.86	4.43	2.72	3.05	-2.24	0.62	1.70
-13.21	0.44	3.63	0.71	-4.21	-2.61	0.90	-0.94	-0.50	-1.58	-1.68	1.52	-1.20
-14.67	-5.22	-3.42	0.06	0.02	1.18	2.82	2.14	-0.97	-4.77	-2.75	-1.00	-0.59
4.22	0.99	0.37	-4.31	-0.75	-2.37	2.42	4.87	0.41	4.09	-1.46	3.13	5.08
7.38	-1.64	-7.64	-6.40	5.70	1.07	2.62	2.43	-3.46	3.95	1.02	4.24	6.74
4.77	-7.56	-5.72	-3.62	-2.79	1.91	-0.33	1.30	-4.52	-5.65	-1.35	1.87	0.44
10.93	-7.28	1.00	-0.43	-5.92	0.56	0.34	-0.61	-2.03	-2.08	-0.53	2.12	4.17
12.34	-2.85	1.37	-2.95	-3.62	-0.06	-4.80	-2.21	-4.82	-0.99	-0.68	0.73	3.07
8.88	-1.42	3.27	0.50	-1.05	-0.66	-4.48	-1.82	-5.82	-3.21	2.97	0.14	-1.13
13.97	-6.76	-4.41	-2.94	-5.19	-3.01	-0.97	-1.37	-0.97	1.63	2.66	-2.56	-3.23
6.10	8.31	-1.31	-6.87	-2.48	2.97	0.42	2.28	1.71	3.34	2.19	0.34	-0.65
13.90	-2.35	-7.99	-6.67	-5.77	-1.36	-6.29	-1.40	-1.68	5.38	2.40	0.28	-3.04
12.12	-5.21	-8.22	-9.38	-6.64	-4.50	-8.93	-6.57	-3.65	1.01	0.26	-4.26	-4.82
2.45	-9.58	-3.11	-7.75	-6.16	1.70	-7.59	-5.25	-1.35	2.45	2.23	-1.33	-1.09
0.65	-4.89	-0.18	-2.40	-2.75	10.96	3.80	-2.40	-0.91	3.78	-0.99	-0.56	-1.08
1.80	-8.42	1.49	-10.17	-5.39	1.50	-6.97	-6.84	2.32	4.98	-0.02	2.47	-3.70


